date,facility_id,operation,shift,hour_of_day,day_of_week,is_weekend,is_holiday,is_peak_period,inbound_volume,outbound_volume,inventory_volume,processed_volume,backlog_volume,available_workers,scheduled_workers,actual_workers,worker_capacity_per_hour,shift_hours,avg_cycle_time_minutes,equipment_availability,downtime_minutes,overtime_hours,absenteeism_rate,operational_cost,weather_impact,special_event,throughput_packages_per_hour,error_misroute_packages,traffic_hour_factor,weekly_pattern_factor,seasonal_pattern_factor
2026-09-01,ATL-HUB,Inbound,Morning,6,Tuesday,0,0,0,1359,1199,426,877,457,24,23,22,43,8,46.6,0.927,8,2.2,0.044,540.19,Clear,0,877,1,0.96,1.0,1.065
2026-09-01,ATL-HUB,Inbound,Morning,7,Tuesday,0,0,0,1714,1512,497,1390,294,30,30,29,50,8,28.4,0.959,8,1.1,0.039,655.79,Heavy Rain,0,1390,3,1.2,1.0,1.065
2026-09-01,ATL-HUB,Inbound,Morning,8,Tuesday,0,0,1,2092,1845,659,1743,311,38,37,36,49,8,26.3,0.988,1,1.1,0.029,772.92,Clear,0,1743,0,1.2,1.0,1.065
2026-09-01,ATL-HUB,Inbound,Morning,9,Tuesday,0,0,1,1751,1545,514,1436,288,34,32,31,48,8,30.3,0.965,2,1.0,0.027,669.81,Clear,0,1436,0,1.2,1.0,1.065
2026-09-01,ATL-HUB,Inbound,Morning,10,Tuesday,0,0,0,1477,1304,268,1196,267,26,26,25,51,8,27.2,0.938,7,1.1,0.027,566.78,Clear,0,1196,2,1.08,1.0,1.065
2026-09-01,ATL-HUB,Inbound,Morning,11,Tuesday,0,0,0,1465,1293,299,1096,347,29,27,26,45,8,36.7,0.937,9,1.1,0.033,592.47,Clear,0,1096,2,1.08,1.0,1.065
2026-09-01,ATL-HUB,Inbound,Morning,12,Tuesday,0,0,0,1310,1156,310,1016,278,25,23,23,46,8,33.9,0.96,3,1.0,0.021,509.23,Clear,0,1016,1,0.96,1.0,1.065
2026-09-01,ATL-HUB,Inbound,Morning,13,Tuesday,0,0,0,1230,1085,310,898,309,23,21,21,45,8,38.3,0.951,8,1.1,0.023,487.61,Clear,0,898,1,0.96,1.0,1.065
2026-09-01,ATL-HUB,Inbound,Evening,14,Tuesday,0,0,0,1209,1067,221,888,297,22,22,21,44,8,36.8,0.962,10,1.4,0.038,506.32,Storm,0,888,1,0.96,1.0,1.065
2026-09-01,ATL-HUB,Inbound,Evening,15,Tuesday,0,0,0,1616,1426,415,1231,349,30,30,29,45,8,32.9,0.944,4,1.3,0.039,644.94,Rain,0,1231,0,1.08,1.0,1.065
2026-09-01,ATL-HUB,Inbound,Evening,16,Tuesday,0,0,0,1530,1350,275,1237,246,29,29,27,49,8,29.4,0.935,10,0.7,0.059,605.1,Clear,0,1237,0,1.08,1.0,1.065
2026-09-01,ATL-HUB,Inbound,Evening,17,Tuesday,0,0,1,1981,1748,362,1426,524,38,36,35,43,8,41.4,0.948,1,1.3,0.033,757.07,Clear,0,1426,1,1.2,1.0,1.065
2026-09-01,ATL-HUB,Inbound,Evening,18,Tuesday,0,0,1,1797,1585,330,1504,266,37,35,34,45,8,27.4,0.983,3,0.7,0.025,723.92,Clear,0,1504,0,1.2,1.0,1.065
2026-09-01,ATL-HUB,Inbound,Evening,19,Tuesday,0,0,1,1745,1539,384,1332,397,32,30,29,48,8,34.8,0.957,1,1.3,0.037,635.9,Clear,0,1332,1,1.2,1.0,1.065
2026-09-01,ATL-HUB,Inbound,Evening,20,Tuesday,0,0,0,1402,1237,364,1027,367,25,24,23,47,8,35.7,0.95,5,1.6,0.055,534.05,Clear,0,1027,0,1.08,1.0,1.065
2026-09-01,ATL-HUB,Inbound,Evening,21,Tuesday,0,0,0,1324,1169,397,1024,271,24,24,23,49,8,30.4,0.909,3,0.8,0.052,503.88,Clear,0,1024,0,0.96,1.0,1.065
2026-09-01,ATL-HUB,Inbound,Night,22,Tuesday,0,0,0,1339,1181,259,1119,197,25,24,23,49,8,26.4,0.993,5,1.0,0.031,516.13,Clear,0,1119,0,0.96,1.0,1.065
2026-09-01,ATL-HUB,Inbound,Night,23,Tuesday,0,0,0,1147,1012,246,857,267,22,21,20,45,8,35.7,0.953,4,1.1,0.065,453.85,Clear,0,857,0,0.82,1.0,1.065
2026-09-01,ATL-HUB,Sortation,Morning,6,Tuesday,0,0,0,1374,1262,447,1163,227,29,28,27,45,8,26.1,0.958,5,0.5,0.029,581.75,Clear,0,1163,0,0.96,1.0,1.065
2026-09-01,ATL-HUB,Sortation,Morning,7,Tuesday,0,0,0,2010,1846,388,1714,350,40,40,39,47,8,30.0,0.935,10,0.4,0.031,842.85,Rain,0,1714,1,1.2,1.0,1.065
2026-09-01,ATL-HUB,Sortation,Morning,8,Tuesday,0,0,1,1966,1806,556,1624,388,42,41,39,43,8,29.8,0.969,10,1.1,0.041,859.43,Clear,0,1624,0,1.2,1.0,1.065
2026-09-01,ATL-HUB,Sortation,Morning,9,Tuesday,0,0,1,1983,1821,659,1671,340,44,41,40,43,8,30.9,0.972,5,0.9,0.022,857.63,Clear,0,1671,6,1.2,1.0,1.065
2026-09-01,ATL-HUB,Sortation,Morning,10,Tuesday,0,0,0,1340,1231,405,1038,352,28,28,27,42,8,33.9,0.916,1,1.0,0.037,582.32,Clear,0,1038,0,1.08,1.0,1.065
2026-09-01,ATL-HUB,Sortation,Morning,11,Tuesday,0,0,0,1531,1406,335,1441,144,35,34,33,45,8,24.3,0.971,4,0.3,0.042,692.83,Clear,0,1441,2,1.08,1.0,1.065
2026-09-01,ATL-HUB,Sortation,Morning,12,Tuesday,0,0,0,1447,1329,414,1333,148,30,30,29,47,8,22.0,0.978,5,0.3,0.049,616.49,Clear,0,1333,3,0.96,1.0,1.065
2026-09-01,ATL-HUB,Sortation,Morning,13,Tuesday,0,0,0,1335,1226,265,966,402,29,28,27,37,8,41.6,0.968,10,1.6,0.049,632.74,Storm,0,966,1,0.96,1.0,1.065
2026-09-01,ATL-HUB,Sortation,Evening,14,Tuesday,0,0,0,1415,1299,489,1303,148,33,31,30,45,8,24.7,0.966,1,0.5,0.028,628.19,Clear,0,1303,1,0.96,1.0,1.065
2026-09-01,ATL-HUB,Sortation,Evening,15,Tuesday,0,0,0,1470,1350,301,1119,386,31,31,29,40,8,39.4,0.965,6,2.2,0.053,673.3,Clear,0,1119,2,1.08,1.0,1.065
2026-09-01,ATL-HUB,Sortation,Evening,16,Tuesday,0,0,0,1698,1559,344,1199,522,36,35,34,38,8,40.5,0.929,5,1.8,0.036,760.59,Clear,0,1199,0,1.08,1.0,1.065
2026-09-01,ATL-HUB,Sortation,Evening,17,Tuesday,0,0,1,1695,1557,369,1483,254,39,36,35,44,8,28.4,0.963,6,0.7,0.029,752.44,Clear,0,1483,0,1.2,1.0,1.065
2026-09-01,ATL-HUB,Sortation,Evening,18,Tuesday,0,0,1,1900,1745,603,1638,293,41,41,40,45,8,25.2,0.91,0,0.8,0.032,837.3,Clear,0,1638,1,1.2,1.0,1.065
2026-09-01,ATL-HUB,Sortation,Evening,19,Tuesday,0,0,1,2058,1890,728,1836,261,45,46,44,42,8,24.7,0.994,6,0.7,0.034,934.62,Clear,0,1836,1,1.2,1.0,1.065
2026-09-01,ATL-HUB,Sortation,Evening,20,Tuesday,0,0,0,1442,1324,461,1151,335,31,31,30,42,8,32.9,0.914,6,0.7,0.023,650.3,Clear,0,1151,0,1.08,1.0,1.065
2026-09-01,ATL-HUB,Sortation,Evening,21,Tuesday,0,0,0,1372,1260,365,1085,317,31,29,28,42,8,36.1,0.923,5,1.0,0.039,615.22,Clear,0,1085,0,0.96,1.0,1.065
2026-09-01,ATL-HUB,Sortation,Night,22,Tuesday,0,0,0,1545,1419,293,1239,342,34,33,32,40,8,33.7,0.968,7,0.6,0.037,691.59,Clear,0,1239,1,0.96,1.0,1.065
2026-09-01,ATL-HUB,Sortation,Night,23,Tuesday,0,0,0,1166,1071,317,1021,175,27,26,25,43,8,28.5,0.95,6,0.7,0.048,547.72,Clear,0,1021,2,0.82,1.0,1.065
2026-09-01,ATL-HUB,Outbound,Morning,6,Tuesday,0,0,0,1330,1303,284,1059,295,25,24,23,49,8,34.5,0.941,7,1.0,0.042,523.34,Clear,0,1059,1,0.96,1.0,1.065
2026-09-01,ATL-HUB,Outbound,Morning,7,Tuesday,0,0,0,1620,1587,514,1188,463,29,27,26,46,8,36.7,0.994,3,1.7,0.031,593.97,Clear,0,1188,0,1.2,1.0,1.065
2026-09-01,ATL-HUB,Outbound,Morning,8,Tuesday,0,0,1,1673,1639,468,1436,280,32,31,30,50,8,29.9,0.958,1,1.1,0.016,649.74,Clear,0,1436,0,1.2,1.0,1.065
2026-09-01,ATL-HUB,Outbound,Morning,9,Tuesday,0,0,1,1642,1608,314,1434,249,32,31,30,48,8,30.4,0.996,2,0.7,0.033,641.17,Clear,0,1434,0,1.2,1.0,1.065
2026-09-01,ATL-HUB,Outbound,Morning,10,Tuesday,0,0,0,1268,1242,351,910,380,24,23,22,44,8,41.4,0.94,8,1.7,0.029,525.49,Clear,0,910,2,1.08,1.0,1.065
2026-09-01,ATL-HUB,Outbound,Morning,11,Tuesday,0,0,0,1437,1408,492,1317,147,27,26,25,55,8,22.3,0.958,2,0.3,0.042,528.71,Clear,0,1317,0,1.08,1.0,1.065
2026-09-01,ATL-HUB,Outbound,Morning,12,Tuesday,0,0,0,1236,1211,363,971,297,22,22,21,49,8,32.2,0.944,10,1.3,0.046,500.62,Clear,0,971,0,0.96,1.0,1.065
2026-09-01,ATL-HUB,Outbound,Morning,13,Tuesday,0,0,0,1134,1111,317,899,261,22,21,20,50,8,32.0,0.9,4,1.5,0.05,465.64,Clear,0,899,0,0.96,1.0,1.065
2026-09-01,ATL-HUB,Outbound,Evening,14,Tuesday,0,0,0,1249,1224,349,1190,85,25,24,24,54,8,21.0,0.919,10,0.1,0.02,527.13,Rain,0,1190,3,0.96,1.0,1.065
2026-09-01,ATL-HUB,Outbound,Evening,15,Tuesday,0,0,0,1338,1311,445,1051,322,25,25,24,45,8,32.3,0.973,4,1.2,0.044,538.99,Clear,0,1051,4,1.08,1.0,1.065
2026-09-01,ATL-HUB,Outbound,Evening,16,Tuesday,0,0,0,1389,1361,397,1094,318,25,25,24,48,8,29.6,0.95,6,2.0,0.028,568.72,Clear,0,1094,0,1.08,1.0,1.065
2026-09-01,ATL-HUB,Outbound,Evening,17,Tuesday,0,0,1,1697,1662,481,1439,304,30,30,29,51,8,33.3,0.973,4,0.9,0.033,634.68,Clear,0,1439,0,1.2,1.0,1.065
2026-09-01,ATL-HUB,Outbound,Evening,18,Tuesday,0,0,1,1562,1530,546,1323,281,29,28,27,49,8,30.3,1.0,0,1.5,0.03,597.19,Clear,0,1323,1,1.2,1.0,1.065
2026-09-01,ATL-HUB,Outbound,Evening,19,Tuesday,0,0,1,1724,1689,363,1200,559,32,30,29,45,8,39.0,0.92,9,1.3,0.031,662.38,Clear,0,1200,2,1.2,1.0,1.065
2026-09-01,ATL-HUB,Outbound,Evening,20,Tuesday,0,0,0,1568,1536,548,1420,180,31,29,28,52,8,24.2,0.976,10,0.9,0.04,635.48,Heavy Rain,0,1420,0,1.08,1.0,1.065
2026-09-01,ATL-HUB,Outbound,Evening,21,Tuesday,0,0,0,1254,1228,314,928,347,23,22,21,47,8,36.9,0.94,7,1.4,0.046,495.52,Rain,0,928,1,0.96,1.0,1.065
2026-09-01,ATL-HUB,Outbound,Night,22,Tuesday,0,0,0,1304,1277,314,1052,291,23,23,22,49,8,31.4,0.976,1,1.2,0.024,489.76,Clear,0,1052,0,0.96,1.0,1.065
2026-09-01,ATL-HUB,Outbound,Night,23,Tuesday,0,0,0,1092,1070,335,892,218,20,19,19,52,8,34.1,0.903,10,1.0,0.023,452.98,Heavy Rain,0,892,0,0.82,1.0,1.065
2026-09-01,CHI-HUB,Inbound,Morning,6,Tuesday,0,0,0,1234,1089,392,1034,189,24,23,22,48,8,25.1,0.979,5,1.2,0.033,500.38,Clear,0,1034,1,0.96,1.0,1.065
2026-09-01,CHI-HUB,Inbound,Morning,7,Tuesday,0,0,0,1546,1364,478,1189,329,28,29,27,47,8,31.4,0.938,3,0.8,0.057,585.79,Clear,0,1189,2,1.2,1.0,1.065
2026-09-01,CHI-HUB,Inbound,Morning,8,Tuesday,0,0,1,1763,1556,528,1566,150,35,34,33,49,8,23.4,0.969,2,0.2,0.043,686.62,Clear,0,1566,0,1.2,1.0,1.065
2026-09-01,CHI-HUB,Inbound,Morning,9,Tuesday,0,0,1,1851,1633,507,1432,388,33,34,32,48,8,30.6,0.933,0,1.0,0.051,684.67,Clear,0,1432,0,1.2,1.0,1.065
2026-09-01,CHI-HUB,Inbound,Morning,10,Tuesday,0,0,0,1384,1221,248,1032,322,26,25,24,45,8,32.9,0.956,1,1.4,0.036,534.83,Clear,0,1032,0,1.08,1.0,1.065
2026-09-01,CHI-HUB,Inbound,Morning,11,Tuesday,0,0,0,1459,1287,451,1091,348,27,27,26,45,8,37.9,0.933,5,1.3,0.047,588.25,Heavy Rain,0,1091,3,1.08,1.0,1.065
2026-09-01,CHI-HUB,Inbound,Morning,12,Tuesday,0,0,0,1247,1100,372,933,283,23,22,21,46,8,33.8,0.966,5,1.0,0.027,475.51,Clear,0,933,0,0.96,1.0,1.065
2026-09-01,CHI-HUB,Inbound,Morning,13,Tuesday,0,0,0,1232,1087,222,835,393,23,22,21,41,8,41.9,0.97,1,2.3,0.034,498.84,Clear,0,835,3,0.96,1.0,1.065
2026-09-01,CHI-HUB,Inbound,Evening,14,Tuesday,0,0,0,1358,1198,329,1116,229,27,25,24,48,8,28.0,0.969,3,1.2,0.056,535.18,Clear,0,1116,2,0.96,1.0,1.065
2026-09-01,CHI-HUB,Inbound,Evening,15,Tuesday,0,0,0,1385,1222,364,1100,248,25,25,24,49,8,30.3,0.935,6,1.2,0.04,545.24,Clear,0,1100,1,1.08,1.0,1.065
2026-09-01,CHI-HUB,Inbound,Evening,16,Tuesday,0,0,0,1339,1181,437,1083,215,25,24,23,49,8,28.9,0.962,7,0.9,0.038,519.73,Clear,0,1083,0,1.08,1.0,1.065
2026-09-01,CHI-HUB,Inbound,Evening,17,Tuesday,0,0,1,1811,1598,368,1427,349,31,31,30,48,8,26.9,0.991,5,1.1,0.021,663.77,Clear,0,1427,2,1.2,1.0,1.065
2026-09-01,CHI-HUB,Inbound,Evening,18,Tuesday,0,0,1,1821,1607,401,1322,467,33,32,31,44,8,40.3,0.97,1,1.5,0.025,688.28,Storm,0,1322,1,1.2,1.0,1.065
2026-09-01,CHI-HUB,Inbound,Evening,19,Tuesday,0,0,1,1619,1429,539,1222,385,29,28,27,46,8,36.3,0.985,1,0.9,0.04,583.48,Clear,0,1222,0,1.2,1.0,1.065
2026-09-01,CHI-HUB,Inbound,Evening,20,Tuesday,0,0,0,1393,1229,467,1094,274,26,25,24,47,8,31.9,0.97,9,1.3,0.033,557.79,Clear,0,1094,0,1.08,1.0,1.065
2026-09-01,CHI-HUB,Inbound,Evening,21,Tuesday,0,0,0,1250,1103,426,1128,111,24,23,23,50,8,24.3,0.982,1,0.5,0.021,487.77,Clear,0,1128,1,0.96,1.0,1.065
2026-09-01,CHI-HUB,Inbound,Night,22,Tuesday,0,0,0,1255,1107,313,866,362,20,19,19,49,8,43.5,0.931,10,2.1,0.014,483.46,Clear,0,866,3,0.96,1.0,1.065
2026-09-01,CHI-HUB,Inbound,Night,23,Tuesday,0,0,0,1044,921,264,859,167,20,19,19,46,8,28.5,0.983,8,0.7,0.019,434.13,Clear,0,859,1,0.82,1.0,1.065
2026-09-01,CHI-HUB,Sortation,Morning,6,Tuesday,0,0,0,1247,1145,391,903,382,27,25,24,39,8,41.9,0.966,1,1.3,0.04,530.51,Clear,0,903,0,0.96,1.0,1.065
2026-09-01,CHI-HUB,Sortation,Morning,7,Tuesday,0,0,0,1648,1513,419,1518,167,35,34,33,46,8,24.7,1.0,8,0.7,0.029,718.98,Clear,0,1518,3,1.2,1.0,1.065
2026-09-01,CHI-HUB,Sortation,Morning,8,Tuesday,0,0,1,1849,1698,418,1521,374,40,39,37,42,8,29.3,0.979,8,1.0,0.039,809.07,Clear,0,1521,0,1.2,1.0,1.065
2026-09-01,CHI-HUB,Sortation,Morning,9,Tuesday,0,0,1,1686,1548,595,1491,239,36,36,35,44,8,27.9,0.968,10,0.8,0.032,767.88,Clear,0,1491,3,1.2,1.0,1.065
2026-09-01,CHI-HUB,Sortation,Morning,10,Tuesday,0,0,0,1452,1333,426,1199,282,31,30,29,42,8,32.4,0.985,10,1.5,0.041,666.18,Clear,0,1199,1,1.08,1.0,1.065
2026-09-01,CHI-HUB,Sortation,Morning,11,Tuesday,0,0,0,1375,1263,321,1048,358,30,28,27,40,8,37.0,0.971,0,1.9,0.029,604.97,Clear,0,1048,1,1.08,1.0,1.065
2026-09-01,CHI-HUB,Sortation,Morning,12,Tuesday,0,0,0,1284,1179,266,1053,256,27,27,26,41,8,31.3,0.988,8,1.4,0.033,595.4,Clear,0,1053,0,0.96,1.0,1.065
2026-09-01,CHI-HUB,Sortation,Morning,13,Tuesday,0,0,0,1262,1159,291,927,394,27,25,24,40,8,40.3,0.966,0,1.6,0.032,535.98,Clear,0,927,1,0.96,1.0,1.065
2026-09-01,CHI-HUB,Sortation,Evening,14,Tuesday,0,0,0,1283,1179,453,1090,219,29,26,26,44,8,29.1,0.953,4,1.4,0.018,582.58,Clear,0,1090,4,0.96,1.0,1.065
2026-09-01,CHI-HUB,Sortation,Evening,15,Tuesday,0,0,0,1533,1408,412,1354,202,34,34,33,44,8,24.8,0.933,3,1.1,0.042,712.07,Clear,0,1354,1,1.08,1.0,1.065
2026-09-01,CHI-HUB,Sortation,Evening,16,Tuesday,0,0,0,1417,1301,268,1179,262,30,30,29,42,8,31.0,0.969,8,0.8,0.036,639.53,Clear,0,1179,0,1.08,1.0,1.065
2026-09-01,CHI-HUB,Sortation,Evening,17,Tuesday,0,0,1,1760,1616,477,1353,441,40,40,39,37,8,38.4,0.938,6,1.3,0.034,848.43,Clear,0,1353,1,1.2,1.0,1.065
2026-09-01,CHI-HUB,Sortation,Evening,18,Tuesday,0,0,1,1787,1641,451,1574,261,42,40,40,41,8,28.0,0.96,5,1.1,0.01,859.63,Clear,0,1574,0,1.2,1.0,1.065
2026-09-01,CHI-HUB,Sortation,Evening,19,Tuesday,0,0,1,1881,1728,585,1609,291,42,40,39,43,8,25.4,0.96,10,0.8,0.028,849.46,Clear,0,1609,0,1.2,1.0,1.065
2026-09-01,CHI-HUB,Sortation,Evening,20,Tuesday,0,0,0,1358,1247,444,1013,366,28,28,26,41,8,34.4,0.951,10,1.2,0.064,597.55,Clear,0,1013,0,1.08,1.0,1.065
2026-09-01,CHI-HUB,Sortation,Evening,21,Tuesday,0,0,0,1223,1123,261,956,303,27,26,25,39,8,35.4,0.981,7,1.3,0.039,568.76,Clear,0,956,0,0.96,1.0,1.065
2026-09-01,CHI-HUB,Sortation,Night,22,Tuesday,0,0,0,1266,1162,325,1188,128,30,28,27,44,8,21.7,1.0,7,0.3,0.047,580.56,Clear,0,1188,1,0.96,1.0,1.065
2026-09-01,CHI-HUB,Sortation,Night,23,Tuesday,0,0,0,1115,1024,224,846,299,23,23,22,41,8,39.0,0.938,5,1.3,0.027,501.88,Clear,0,846,0,0.82,1.0,1.065
2026-09-01,CHI-HUB,Outbound,Morning,6,Tuesday,0,0,0,1048,1027,365,863,216,18,17,17,53,8,33.2,0.959,3,1.2,0.01,393.96,Clear,0,863,0,0.96,1.0,1.065
2026-09-01,CHI-HUB,Outbound,Morning,7,Tuesday,0,0,0,1462,1432,488,1175,314,29,27,26,47,8,32.7,0.962,9,1.4,0.028,605.08,Heavy Rain,0,1175,0,1.2,1.0,1.065
2026-09-01,CHI-HUB,Outbound,Morning,8,Tuesday,0,0,1,1501,1470,420,1329,206,30,29,28,50,8,23.7,0.95,8,0.4,0.029,610.38,Clear,0,1329,1,1.2,1.0,1.065
2026-09-01,CHI-HUB,Outbound,Morning,9,Tuesday,0,0,1,1533,1502,440,1323,254,29,29,28,48,8,27.8,0.985,10,0.7,0.035,625.77,Clear,0,1323,1,1.2,1.0,1.065
2026-09-01,CHI-HUB,Outbound,Morning,10,Tuesday,0,0,0,1318,1291,355,1133,211,25,25,24,50,8,31.2,0.944,10,1.1,0.052,555.01,Clear,0,1133,1,1.08,1.0,1.065
2026-09-01,CHI-HUB,Outbound,Morning,11,Tuesday,0,0,0,1331,1304,442,1127,238,24,24,23,49,8,28.8,1.0,9,1.4,0.038,540.96,Clear,0,1127,2,1.08,1.0,1.065
2026-09-01,CHI-HUB,Outbound,Morning,12,Tuesday,0,0,0,1062,1040,216,712,374,18,18,17,43,8,42.4,0.975,5,1.4,0.036,406.21,Clear,0,712,1,0.96,1.0,1.065
2026-09-01,CHI-HUB,Outbound,Morning,13,Tuesday,0,0,0,1184,1160,344,1031,168,21,21,20,54,8,29.1,0.955,10,0.6,0.04,460.56,Clear,0,1031,0,0.96,1.0,1.065
2026-09-01,CHI-HUB,Outbound,Evening,14,Tuesday,0,0,0,1148,1125,384,958,208,21,21,20,49,8,31.5,0.979,5,1.6,0.039,474.43,Heavy Rain,0,958,1,0.96,1.0,1.065
2026-09-01,CHI-HUB,Outbound,Evening,15,Tuesday,0,0,0,1261,1235,436,941,354,21,22,21,48,8,37.4,0.934,7,1.4,0.04,498.9,Storm,0,941,0,1.08,1.0,1.065
2026-09-01,CHI-HUB,Outbound,Evening,16,Tuesday,0,0,0,1185,1161,256,974,238,22,22,21,49,8,30.8,0.947,9,0.5,0.058,474.08,Clear,0,974,0,1.08,1.0,1.065
2026-09-01,CHI-HUB,Outbound,Evening,17,Tuesday,0,0,1,1620,1587,450,1294,369,30,28,27,52,8,30.8,0.922,1,1.1,0.051,590.27,Clear,0,1294,0,1.2,1.0,1.065
2026-09-01,CHI-HUB,Outbound,Evening,18,Tuesday,0,0,1,1614,1581,557,1358,294,31,31,29,49,8,32.2,0.956,3,1.0,0.05,632.75,Clear,0,1358,0,1.2,1.0,1.065
2026-09-01,CHI-HUB,Outbound,Evening,19,Tuesday,0,0,1,1717,1682,334,1526,237,30,30,29,54,8,24.0,0.975,4,0.7,0.041,629.45,Clear,0,1526,0,1.2,1.0,1.065
2026-09-01,CHI-HUB,Outbound,Evening,20,Tuesday,0,0,0,1235,1210,320,1048,240,24,23,22,49,8,27.8,0.973,5,0.7,0.038,487.3,Clear,0,1048,1,1.08,1.0,1.065
2026-09-01,CHI-HUB,Outbound,Evening,21,Tuesday,0,0,0,1194,1170,413,995,219,21,21,20,50,8,31.6,0.995,2,1.4,0.032,457.54,Clear,0,995,0,0.96,1.0,1.065
2026-09-01,CHI-HUB,Outbound,Night,22,Tuesday,0,0,0,1076,1054,316,883,207,20,19,19,49,8,32.9,0.949,3,0.6,0.015,416.66,Clear,0,883,1,0.96,1.0,1.065
2026-09-01,CHI-HUB,Outbound,Night,23,Tuesday,0,0,0,983,963,240,822,185,20,19,18,48,8,29.7,0.952,8,1.6,0.053,439.47,Clear,0,822,1,0.82,1.0,1.065
2026-09-01,DAL-HUB,Inbound,Morning,6,Tuesday,0,0,0,1062,937,222,916,118,20,20,19,49,8,22.6,0.985,4,0.2,0.026,407.66,Clear,0,916,0,0.96,1.0,1.065
2026-09-01,DAL-HUB,Inbound,Morning,7,Tuesday,0,0,0,1302,1149,394,978,300,21,21,20,53,8,37.9,0.924,5,1.3,0.033,465.39,Clear,0,978,0,1.2,1.0,1.065
2026-09-01,DAL-HUB,Inbound,Morning,8,Tuesday,0,0,1,1522,1343,458,1203,294,28,27,26,48,8,30.3,0.964,2,0.8,0.046,562.67,Clear,0,1203,1,1.2,1.0,1.065
2026-09-01,DAL-HUB,Inbound,Morning,9,Tuesday,0,0,1,1516,1338,336,1234,255,26,26,25,51,8,30.3,0.968,3,1.0,0.028,551.87,Clear,0,1234,0,1.2,1.0,1.065
2026-09-01,DAL-HUB,Inbound,Morning,10,Tuesday,0,0,0,1177,1038,210,871,301,22,22,21,43,8,36.4,0.965,0,1.7,0.046,482.03,Storm,0,871,5,1.08,1.0,1.065
2026-09-01,DAL-HUB,Inbound,Morning,11,Tuesday,0,0,0,1035,913,287,837,173,19,19,18,50,8,30.7,0.931,10,0.9,0.042,426.47,Clear,0,837,4,1.08,1.0,1.065
2026-09-01,DAL-HUB,Inbound,Morning,12,Tuesday,0,0,0,1029,908,211,751,255,18,17,17,48,8,35.6,0.921,1,1.1,0.025,383.66,Clear,0,751,1,0.96,1.0,1.065
2026-09-01,DAL-HUB,Inbound,Morning,13,Tuesday,0,0,0,1089,961,238,754,312,19,19,18,45,8,38.7,0.931,4,1.8,0.03,433.42,Clear,0,754,0,0.96,1.0,1.065
2026-09-01,DAL-HUB,Inbound,Evening,14,Tuesday,0,0,0,1030,909,320,760,265,20,19,18,44,8,33.2,0.961,2,1.8,0.035,425.98,Clear,0,760,0,0.96,1.0,1.065
2026-09-01,DAL-HUB,Inbound,Evening,15,Tuesday,0,0,0,1128,995,245,935,162,21,20,20,50,8,25.0,0.935,6,0.8,0.016,451.51,Clear,0,935,3,1.08,1.0,1.065
2026-09-01,DAL-HUB,Inbound,Evening,16,Tuesday,0,0,0,1104,974,219,796,305,20,20,19,44,8,40.0,0.952,4,1.4,0.049,441.99,Clear,0,796,3,1.08,1.0,1.065
2026-09-01,DAL-HUB,Inbound,Evening,17,Tuesday,0,0,1,1405,1240,446,1084,299,27,26,24,48,8,34.5,0.941,0,1.1,0.07,523.6,Clear,0,1084,0,1.2,1.0,1.065
2026-09-01,DAL-HUB,Inbound,Evening,18,Tuesday,0,0,1,1588,1401,477,1214,347,29,29,28,45,8,34.2,0.964,1,1.2,0.048,610.83,Clear,0,1214,2,1.2,1.0,1.065
2026-09-01,DAL-HUB,Inbound,Evening,19,Tuesday,0,0,1,1500,1323,395,1056,418,24,24,23,48,8,38.5,0.957,5,1.8,0.043,541.38,Clear,0,1056,1,1.2,1.0,1.065
2026-09-01,DAL-HUB,Inbound,Evening,20,Tuesday,0,0,0,1072,945,239,960,84,22,20,20,48,8,22.6,1.0,6,0.7,0.014,447.72,Clear,0,960,2,1.08,1.0,1.065
2026-09-01,DAL-HUB,Inbound,Evening,21,Tuesday,0,0,0,1002,884,271,841,156,20,18,18,49,8,28.9,0.954,2,0.3,0.016,383.49,Clear,0,841,1,0.96,1.0,1.065
2026-09-01,DAL-HUB,Inbound,Night,22,Tuesday,0,0,0,1112,981,360,826,278,20,19,18,48,8,35.5,0.956,3,0.9,0.043,405.44,Clear,0,826,1,0.96,1.0,1.065
2026-09-01,DAL-HUB,Inbound,Night,23,Tuesday,0,0,0,829,731,174,622,191,16,15,15,43,8,35.1,0.965,3,1.2,0.029,350.33,Clear,0,622,2,0.82,1.0,1.065
2026-09-01,DAL-HUB,Sortation,Morning,6,Tuesday,0,0,0,1072,984,213,863,237,24,22,22,42,8,32.1,0.935,10,1.2,0.01,514.29,Clear,0,863,0,0.96,1.0,1.065
2026-09-01,DAL-HUB,Sortation,Morning,7,Tuesday,0,0,0,1248,1146,304,966,313,25,25,24,43,8,35.9,0.936,8,0.8,0.058,538.93,Clear,0,966,2,1.2,1.0,1.065
2026-09-01,DAL-HUB,Sortation,Morning,8,Tuesday,0,0,1,1401,1287,310,1172,268,29,29,28,42,8,28.2,0.997,6,1.3,0.025,627.34,Clear,0,1172,2,1.2,1.0,1.065
2026-09-01,DAL-HUB,Sortation,Morning,9,Tuesday,0,0,1,1450,1332,438,1273,234,31,30,29,45,8,26.3,0.976,3,0.5,0.027,615.74,Clear,0,1273,0,1.2,1.0,1.065
2026-09-01,DAL-HUB,Sortation,Morning,10,Tuesday,0,0,0,1146,1053,395,927,276,23,23,22,45,8,33.6,0.937,6,1.5,0.033,511.26,Clear,0,927,1,1.08,1.0,1.065
2026-09-01,DAL-HUB,Sortation,Morning,11,Tuesday,0,0,0,1127,1035,225,996,149,25,24,23,45,8,27.5,0.962,7,0.8,0.022,514.0,Clear,0,996,2,1.08,1.0,1.065
2026-09-01,DAL-HUB,Sortation,Morning,12,Tuesday,0,0,0,1081,993,319,879,228,24,23,22,42,8,31.3,0.952,5,1.1,0.031,495.67,Clear,0,879,0,0.96,1.0,1.065
2026-09-01,DAL-HUB,Sortation,Morning,13,Tuesday,0,0,0,1057,971,301,887,177,24,22,22,42,8,25.4,0.961,5,1.0,0.012,492.42,Clear,0,887,0,0.96,1.0,1.065
2026-09-01,DAL-HUB,Sortation,Evening,14,Tuesday,0,0,0,1121,1029,397,833,328,25,24,23,37,8,40.8,0.979,9,1.9,0.041,551.09,Clear,0,833,1,0.96,1.0,1.065
2026-09-01,DAL-HUB,Sortation,Evening,15,Tuesday,0,0,0,1202,1104,260,1071,163,26,26,25,44,8,25.9,0.974,1,0.6,0.036,529.59,Clear,0,1071,1,1.08,1.0,1.065
2026-09-01,DAL-HUB,Sortation,Evening,16,Tuesday,0,0,0,1117,1026,209,836,315,24,22,22,40,8,37.6,0.95,5,1.7,0.011,517.22,Storm,0,836,1,1.08,1.0,1.065
2026-09-01,DAL-HUB,Sortation,Evening,17,Tuesday,0,0,1,1602,1471,447,1313,337,35,34,33,40,8,32.6,0.995,6,1.2,0.018,725.73,Clear,0,1313,0,1.2,1.0,1.065
2026-09-01,DAL-HUB,Sortation,Evening,18,Tuesday,0,0,1,1534,1409,375,1194,384,35,33,32,40,8,38.9,0.933,9,0.7,0.028,703.97,Heavy Rain,0,1194,0,1.2,1.0,1.065
2026-09-01,DAL-HUB,Sortation,Evening,19,Tuesday,0,0,1,1476,1356,328,1196,321,34,31,31,40,8,34.6,0.965,5,0.5,0.011,667.05,Storm,0,1196,1,1.2,1.0,1.065
2026-09-01,DAL-HUB,Sortation,Evening,20,Tuesday,0,0,0,1113,1022,379,930,209,25,24,23,41,8,31.5,0.987,6,1.2,0.03,521.75,Clear,0,930,1,1.08,1.0,1.065
2026-09-01,DAL-HUB,Sortation,Evening,21,Tuesday,0,0,0,1035,951,342,835,220,23,22,21,45,8,34.3,0.884,10,0.3,0.042,472.73,Storm,0,835,0,0.96,1.0,1.065
2026-09-01,DAL-HUB,Sortation,Night,22,Tuesday,0,0,0,1149,1055,286,942,243,27,24,24,40,8,29.1,0.982,8,0.8,0.021,537.11,Clear,0,942,2,0.96,1.0,1.065
2026-09-01,DAL-HUB,Sortation,Night,23,Tuesday,0,0,0,865,794,272,679,205,19,17,17,43,8,31.4,0.929,7,0.9,0.025,394.99,Clear,0,679,1,0.82,1.0,1.065
2026-09-01,DAL-HUB,Outbound,Morning,6,Tuesday,0,0,0,975,955,187,738,259,17,16,16,47,8,36.2,0.983,10,1.5,0.027,403.91,Clear,0,738,2,0.96,1.0,1.065
2026-09-01,DAL-HUB,Outbound,Morning,7,Tuesday,0,0,0,1218,1193,320,979,285,22,22,21,49,8,31.6,0.952,10,1.2,0.03,497.47,Clear,0,979,1,1.2,1.0,1.065
2026-09-01,DAL-HUB,Outbound,Morning,8,Tuesday,0,0,1,1359,1331,254,1051,333,25,24,23,48,8,34.0,0.953,0,1.4,0.035,512.67,Clear,0,1051,0,1.2,1.0,1.065
2026-09-01,DAL-HUB,Outbound,Morning,9,Tuesday,0,0,1,1418,1389,264,1159,288,27,26,25,49,8,30.5,0.947,5,0.6,0.04,546.35,Clear,0,1159,1,1.2,1.0,1.065
2026-09-01,DAL-HUB,Outbound,Morning,10,Tuesday,0,0,0,1016,995,275,949,94,19,19,18,54,8,23.4,0.976,10,0.7,0.043,421.27,Clear,0,949,0,1.08,1.0,1.065
2026-09-01,DAL-HUB,Outbound,Morning,11,Tuesday,0,0,0,1034,1013,260,806,257,20,19,18,46,8,34.7,0.974,1,1.6,0.034,421.81,Storm,0,806,1,1.08,1.0,1.065
2026-09-01,DAL-HUB,Outbound,Morning,12,Tuesday,0,0,0,1000,980,220,835,210,18,18,17,50,8,30.5,0.983,4,0.8,0.047,385.08,Clear,0,835,0,0.96,1.0,1.065
2026-09-01,DAL-HUB,Outbound,Morning,13,Tuesday,0,0,0,967,947,204,780,212,16,16,15,52,8,34.0,1.0,7,0.9,0.044,357.87,Clear,0,780,3,0.96,1.0,1.065
2026-09-01,DAL-HUB,Outbound,Evening,14,Tuesday,0,0,0,981,961,213,763,240,17,17,16,49,8,32.8,0.973,6,1.3,0.033,387.8,Heavy Rain,0,763,0,0.96,1.0,1.065
2026-09-01,DAL-HUB,Outbound,Evening,15,Tuesday,0,0,0,1079,1057,341,939,169,20,19,19,51,8,29.7,0.97,3,0.7,0.01,419.54,Clear,0,939,2,1.08,1.0,1.065
2026-09-01,DAL-HUB,Outbound,Evening,16,Tuesday,0,0,0,1119,1096,355,951,177,21,20,19,51,8,31.0,0.982,2,0.8,0.045,423.97,Storm,0,951,1,1.08,1.0,1.065
2026-09-01,DAL-HUB,Outbound,Evening,17,Tuesday,0,0,1,1308,1281,443,1163,186,25,25,24,50,8,27.2,0.97,9,0.8,0.022,543.23,Clear,0,1163,1,1.2,1.0,1.065
2026-09-01,DAL-HUB,Outbound,Evening,18,Tuesday,0,0,1,1403,1374,448,1199,260,27,26,25,50,8,29.0,0.959,0,0.9,0.036,538.48,Clear,0,1199,1,1.2,1.0,1.065
2026-09-01,DAL-HUB,Outbound,Evening,19,Tuesday,0,0,1,1371,1343,265,1157,246,25,24,23,52,8,29.1,0.968,3,1.1,0.031,514.08,Clear,0,1157,0,1.2,1.0,1.065
2026-09-01,DAL-HUB,Outbound,Evening,20,Tuesday,0,0,0,1026,1005,316,862,179,19,19,18,49,8,29.8,0.978,4,1.1,0.031,413.45,Clear,0,862,0,1.08,1.0,1.065
2026-09-01,DAL-HUB,Outbound,Evening,21,Tuesday,0,0,0,922,903,219,809,143,18,16,16,51,8,30.0,0.993,2,0.4,0.024,346.54,Clear,0,809,0,0.96,1.0,1.065
2026-09-01,DAL-HUB,Outbound,Night,22,Tuesday,0,0,0,916,897,287,720,225,16,16,15,50,8,36.3,0.961,5,1.4,0.031,367.9,Storm,0,720,1,0.96,1.0,1.065
2026-09-01,DAL-HUB,Outbound,Night,23,Tuesday,0,0,0,822,805,206,748,86,16,15,15,51,8,24.4,0.978,10,0.6,0.029,356.4,Clear,0,748,1,0.82,1.0,1.065
2026-09-02,ATL-HUB,Inbound,Morning,6,Wednesday,0,0,0,1295,1143,441,1064,208,23,23,22,49,8,27.9,0.987,0,0.9,0.033,477.06,Clear,0,1064,1,0.96,1.0,1.08
2026-09-02,ATL-HUB,Inbound,Morning,7,Wednesday,0,0,0,1815,1602,580,1562,208,35,35,34,48,8,25.5,0.958,0,0.7,0.025,714.64,Clear,0,1562,4,1.2,1.0,1.08
2026-09-02,ATL-HUB,Inbound,Morning,8,Wednesday,0,0,1,1926,1700,567,1672,211,37,36,35,51,8,24.9,0.937,7,0.4,0.022,750.1,Clear,0,1672,1,1.2,1.0,1.08
2026-09-02,ATL-HUB,Inbound,Morning,9,Wednesday,0,0,1,1752,1546,461,1325,409,33,33,32,44,8,33.1,0.941,9,1.5,0.041,725.72,Clear,0,1325,2,1.2,1.0,1.08
2026-09-02,ATL-HUB,Inbound,Morning,10,Wednesday,0,0,0,1546,1364,400,1240,279,31,29,28,46,8,31.2,0.963,0,1.2,0.042,606.89,Clear,0,1240,0,1.08,1.0,1.08
2026-09-02,ATL-HUB,Inbound,Morning,11,Wednesday,0,0,0,1487,1312,467,1252,198,28,27,26,50,8,30.1,0.963,4,1.2,0.022,579.64,Clear,0,1252,1,1.08,1.0,1.08
2026-09-02,ATL-HUB,Inbound,Morning,12,Wednesday,0,0,0,1375,1214,408,1251,87,27,25,24,53,8,22.6,0.984,10,0.9,0.039,549.48,Clear,0,1251,0,0.96,1.0,1.08
2026-09-02,ATL-HUB,Inbound,Morning,13,Wednesday,0,0,0,1424,1257,486,1202,172,28,28,27,47,8,25.1,0.948,5,1.3,0.026,604.05,Clear,0,1202,1,0.96,1.0,1.08
2026-09-02,ATL-HUB,Inbound,Evening,14,Wednesday,0,0,0,1374,1213,317,1166,190,27,26,25,48,8,26.4,0.972,9,0.7,0.038,560.16,Clear,0,1166,1,0.96,1.0,1.08
2026-09-02,ATL-HUB,Inbound,Evening,15,Wednesday,0,0,0,1620,1430,298,1214,389,30,29,29,42,8,34.0,0.997,6,1.6,0.01,659.82,Rain,0,1214,0,1.08,1.0,1.08
2026-09-02,ATL-HUB,Inbound,Evening,16,Wednesday,0,0,0,1532,1351,412,1495,0,33,31,30,50,8,17.7,0.997,3,0.1,0.045,624.44,Clear,0,1495,2,1.08,1.0,1.08
2026-09-02,ATL-HUB,Inbound,Evening,17,Wednesday,0,0,1,1966,1735,483,1466,468,40,37,36,45,8,36.1,0.905,8,1.5,0.035,804.3,Clear,0,1466,1,1.2,1.0,1.08
2026-09-02,ATL-HUB,Inbound,Evening,18,Wednesday,0,0,1,1948,1719,366,1631,272,39,39,37,47,8,26.7,0.938,9,0.6,0.053,801.48,Clear,0,1631,1,1.2,1.0,1.08
2026-09-02,ATL-HUB,Inbound,Evening,19,Wednesday,0,0,1,1825,1611,371,1445,344,35,33,32,49,8,32.3,0.922,10,0.9,0.034,713.42,Clear,0,1445,3,1.2,1.0,1.08
2026-09-02,ATL-HUB,Inbound,Evening,20,Wednesday,0,0,0,1386,1223,307,1054,315,26,25,24,46,8,33.6,0.955,9,1.0,0.024,552.2,Heavy Rain,0,1054,2,1.08,1.0,1.08
2026-09-02,ATL-HUB,Inbound,Evening,21,Wednesday,0,0,0,1329,1172,394,982,337,22,22,21,51,8,39.3,0.917,0,1.4,0.029,472.15,Clear,0,982,1,0.96,1.0,1.08
2026-09-02,ATL-HUB,Inbound,Night,22,Wednesday,0,0,0,1335,1178,417,1250,58,26,26,25,50,8,20.5,1.0,8,0.0,0.03,536.66,Clear,0,1250,0,0.96,1.0,1.08
2026-09-02,ATL-HUB,Inbound,Night,23,Wednesday,0,0,0,1164,1027,302,844,312,22,21,21,43,8,38.1,0.935,2,1.6,0.024,481.26,Clear,0,844,2,0.82,1.0,1.08
2026-09-02,ATL-HUB,Sortation,Morning,6,Wednesday,0,0,0,1377,1265,281,1051,365,30,28,27,41,8,35.6,0.95,4,1.7,0.044,612.21,Clear,0,1051,1,0.96,1.0,1.08
2026-09-02,ATL-HUB,Sortation,Morning,7,Wednesday,0,0,0,1572,1444,538,1130,475,31,31,30,40,8,43.5,0.942,10,1.5,0.019,687.89,Clear,0,1130,1,1.2,1.0,1.08
2026-09-02,ATL-HUB,Sortation,Morning,8,Wednesday,0,0,1,2033,1867,552,1683,394,43,41,40,43,8,34.1,0.979,2,1.1,0.035,854.55,Clear,0,1683,2,1.2,1.0,1.08
2026-09-02,ATL-HUB,Sortation,Morning,9,Wednesday,0,0,1,2061,1893,472,1766,353,49,46,44,41,8,33.0,0.979,10,1.3,0.035,966.54,Rain,0,1766,2,1.2,1.0,1.08
2026-09-02,ATL-HUB,Sortation,Morning,10,Wednesday,0,0,0,1670,1534,311,1515,191,37,36,34,46,8,23.9,0.969,7,0.7,0.05,735.69,Clear,0,1515,0,1.08,1.0,1.08
2026-09-02,ATL-HUB,Sortation,Morning,11,Wednesday,0,0,0,1531,1406,370,1088,497,32,32,30,38,8,42.7,0.955,6,2.0,0.052,691.71,Heavy Rain,0,1088,1,1.08,1.0,1.08
2026-09-02,ATL-HUB,Sortation,Morning,12,Wednesday,0,0,0,1365,1253,475,1191,217,32,30,29,43,8,26.5,0.956,4,1.0,0.042,631.37,Clear,0,1191,0,0.96,1.0,1.08
2026-09-02,ATL-HUB,Sortation,Morning,13,Wednesday,0,0,0,1438,1321,387,1132,323,32,30,29,41,8,34.6,0.952,5,1.2,0.044,641.52,Clear,0,1132,0,0.96,1.0,1.08
2026-09-02,ATL-HUB,Sortation,Evening,14,Wednesday,0,0,0,1436,1319,369,1376,98,31,30,30,46,8,22.0,0.997,6,0.9,0.01,655.79,Clear,0,1376,1,0.96,1.0,1.08
2026-09-02,ATL-HUB,Sortation,Evening,15,Wednesday,0,0,0,1620,1488,353,1359,299,32,32,31,44,8,30.8,0.997,9,1.5,0.041,705.07,Clear,0,1359,1,1.08,1.0,1.08
2026-09-02,ATL-HUB,Sortation,Evening,16,Wednesday,0,0,0,1666,1530,437,1471,249,38,35,34,45,8,27.9,0.962,9,1.0,0.039,750.42,Clear,0,1471,3,1.08,1.0,1.08
2026-09-02,ATL-HUB,Sortation,Evening,17,Wednesday,0,0,1,2104,1932,610,1795,359,45,45,44,41,8,31.1,0.995,7,0.7,0.012,938.65,Clear,0,1795,3,1.2,1.0,1.08
2026-09-02,ATL-HUB,Sortation,Evening,18,Wednesday,0,0,1,1904,1748,542,1610,330,42,40,39,42,8,32.3,0.983,4,1.5,0.013,850.27,Clear,0,1610,1,1.2,1.0,1.08
2026-09-02,ATL-HUB,Sortation,Evening,19,Wednesday,0,0,1,1953,1793,491,1657,340,45,43,41,42,8,29.3,0.962,1,1.3,0.053,882.15,Storm,0,1657,2,1.2,1.0,1.08
2026-09-02,ATL-HUB,Sortation,Evening,20,Wednesday,0,0,0,1640,1506,371,1235,442,35,34,33,40,8,40.6,0.936,0,1.5,0.042,715.63,Clear,0,1235,0,1.08,1.0,1.08
2026-09-02,ATL-HUB,Sortation,Evening,21,Wednesday,0,0,0,1260,1157,393,1070,211,29,28,27,41,8,28.5,0.967,5,0.7,0.025,585.25,Clear,0,1070,1,0.96,1.0,1.08
2026-09-02,ATL-HUB,Sortation,Night,22,Wednesday,0,0,0,1373,1261,389,1109,312,31,29,28,42,8,32.6,0.944,2,1.2,0.03,611.24,Clear,0,1109,1,0.96,1.0,1.08
2026-09-02,ATL-HUB,Sortation,Night,23,Wednesday,0,0,0,1084,996,356,933,164,24,23,22,45,8,27.9,0.943,6,1.2,0.05,501.73,Clear,0,933,1,0.82,1.0,1.08
2026-09-02,ATL-HUB,Outbound,Morning,6,Wednesday,0,0,0,1179,1155,307,1011,201,22,21,20,52,8,27.4,0.972,6,0.6,0.031,450.27,Heavy Rain,0,1011,0,0.96,1.0,1.08
2026-09-02,ATL-HUB,Outbound,Morning,7,Wednesday,0,0,0,1548,1516,315,1315,269,29,28,28,49,8,27.2,0.959,10,0.9,0.01,631.64,Clear,0,1315,1,1.2,1.0,1.08
2026-09-02,ATL-HUB,Outbound,Morning,8,Wednesday,0,0,1,1646,1612,544,1323,352,29,30,28,50,8,32.3,0.945,0,0.7,0.05,595.84,Clear,0,1323,1,1.2,1.0,1.08
2026-09-02,ATL-HUB,Outbound,Morning,9,Wednesday,0,0,1,1706,1671,529,1470,267,33,31,30,49,8,29.2,1.0,5,0.5,0.03,646.34,Clear,0,1470,0,1.2,1.0,1.08
2026-09-02,ATL-HUB,Outbound,Morning,10,Wednesday,0,0,0,1487,1457,448,1139,367,28,26,25,47,8,35.9,0.97,5,1.7,0.033,578.42,Clear,0,1139,1,1.08,1.0,1.08
2026-09-02,ATL-HUB,Outbound,Morning,11,Wednesday,0,0,0,1473,1443,435,1279,211,28,26,26,52,8,30.2,0.946,0,1.0,0.016,562.07,Clear,0,1279,1,1.08,1.0,1.08
2026-09-02,ATL-HUB,Outbound,Morning,12,Wednesday,0,0,0,1239,1214,308,979,306,22,22,21,48,8,34.0,0.972,8,1.4,0.067,497.07,Clear,0,979,1,0.96,1.0,1.08
2026-09-02,ATL-HUB,Outbound,Morning,13,Wednesday,0,0,0,1246,1221,318,967,321,22,22,21,49,8,37.5,0.94,4,1.4,0.03,487.14,Heavy Rain,0,967,1,0.96,1.0,1.08
2026-09-02,ATL-HUB,Outbound,Evening,14,Wednesday,0,0,0,1317,1290,362,1200,151,27,25,24,50,8,22.4,1.0,9,0.7,0.023,540.59,Clear,0,1200,0,0.96,1.0,1.08
2026-09-02,ATL-HUB,Outbound,Evening,15,Wednesday,0,0,0,1407,1378,498,1250,193,27,25,25,51,8,27.7,0.981,3,0.8,0.017,545.35,Clear,0,1250,0,1.08,1.0,1.08
2026-09-02,ATL-HUB,Outbound,Evening,16,Wednesday,0,0,0,1556,1524,460,1228,369,25,26,24,52,8,34.3,0.984,9,1.7,0.065,572.98,Clear,0,1228,1,1.08,1.0,1.08
2026-09-02,ATL-HUB,Outbound,Evening,17,Wednesday,0,0,1,1856,1818,352,1466,440,36,34,33,47,8,36.3,0.946,5,1.6,0.044,738.39,Clear,0,1466,0,1.2,1.0,1.08
2026-09-02,ATL-HUB,Outbound,Evening,18,Wednesday,0,0,1,1671,1637,470,1424,293,32,32,31,49,8,27.9,0.938,1,0.4,0.034,649.61,Clear,0,1424,1,1.2,1.0,1.08
2026-09-02,ATL-HUB,Outbound,Evening,19,Wednesday,0,0,1,1757,1721,421,1415,360,35,33,33,47,8,29.6,0.913,7,1.0,0.013,726.17,Clear,0,1415,1,1.2,1.0,1.08
2026-09-02,ATL-HUB,Outbound,Evening,20,Wednesday,0,0,0,1465,1435,501,1326,170,28,28,27,51,8,23.6,0.964,5,0.6,0.035,586.21,Clear,0,1326,0,1.08,1.0,1.08
2026-09-02,ATL-HUB,Outbound,Evening,21,Wednesday,0,0,0,1204,1179,248,985,243,23,21,21,50,8,29.0,0.938,3,0.8,0.02,463.62,Clear,0,985,0,0.96,1.0,1.08
2026-09-02,ATL-HUB,Outbound,Night,22,Wednesday,0,0,0,1328,1301,258,1152,186,26,24,24,48,8,27.5,1.0,6,1.5,0.021,558.49,Storm,0,1152,0,0.96,1.0,1.08
2026-09-02,ATL-HUB,Outbound,Night,23,Wednesday,0,0,0,1026,1005,336,896,158,21,19,19,48,8,25.3,0.982,2,1.2,0.02,431.61,Heavy Rain,0,896,1,0.82,1.0,1.08
2026-09-02,CHI-HUB,Inbound,Morning,6,Wednesday,0,0,0,1195,1054,350,822,367,20,19,19,46,8,42.6,0.941,5,1.6,0.014,452.4,Clear,0,822,0,0.96,1.0,1.08
2026-09-02,CHI-HUB,Inbound,Morning,7,Wednesday,0,0,0,1595,1407,510,1353,190,30,30,29,49,8,21.9,0.953,1,0.7,0.049,616.45,Clear,0,1353,1,1.2,1.0,1.08
2026-09-02,CHI-HUB,Inbound,Morning,8,Wednesday,0,0,1,1624,1433,389,1236,355,29,29,28,48,8,37.5,0.92,1,1.3,0.039,614.27,Clear,0,1236,0,1.2,1.0,1.08
2026-09-02,CHI-HUB,Inbound,Morning,9,Wednesday,0,0,1,1690,1491,518,1241,419,33,31,30,44,8,35.5,0.94,10,1.3,0.039,689.19,Storm,0,1241,0,1.2,1.0,1.08
2026-09-02,CHI-HUB,Inbound,Morning,10,Wednesday,0,0,0,1301,1148,269,1050,237,23,23,22,48,8,33.3,0.995,7,1.0,0.038,502.37,Clear,0,1050,1,1.08,1.0,1.08
2026-09-02,CHI-HUB,Inbound,Morning,11,Wednesday,0,0,0,1583,1396,453,1421,133,32,30,29,49,8,22.3,1.0,1,0.9,0.031,627.42,Storm,0,1421,2,1.08,1.0,1.08
2026-09-02,CHI-HUB,Inbound,Morning,12,Wednesday,0,0,0,1217,1074,267,952,226,22,22,21,46,8,28.9,0.986,8,1.0,0.047,484.59,Clear,0,952,1,0.96,1.0,1.08
2026-09-02,CHI-HUB,Inbound,Morning,13,Wednesday,0,0,0,1209,1067,264,1011,185,25,22,22,48,8,25.9,0.958,10,0.9,0.019,507.55,Clear,0,1011,1,0.96,1.0,1.08
2026-09-02,CHI-HUB,Inbound,Evening,14,Wednesday,0,0,0,1190,1050,247,852,316,22,21,20,45,8,39.3,0.948,8,1.8,0.05,487.01,Clear,0,852,0,0.96,1.0,1.08
2026-09-02,CHI-HUB,Inbound,Evening,15,Wednesday,0,0,0,1331,1174,421,939,366,24,23,22,45,8,38.2,0.949,2,1.9,0.034,512.09,Clear,0,939,0,1.08,1.0,1.08
2026-09-02,CHI-HUB,Inbound,Evening,16,Wednesday,0,0,0,1416,1250,333,1176,226,25,25,24,49,8,28.9,1.0,0,1.0,0.035,521.0,Clear,0,1176,3,1.08,1.0,1.08
2026-09-02,CHI-HUB,Inbound,Evening,17,Wednesday,0,0,1,1847,1629,538,1395,428,33,33,32,46,8,32.8,0.948,0,1.5,0.022,698.6,Clear,0,1395,1,1.2,1.0,1.08
2026-09-02,CHI-HUB,Inbound,Evening,18,Wednesday,0,0,1,1836,1620,325,1443,367,32,32,30,51,8,30.2,0.944,1,1.2,0.057,654.2,Clear,0,1443,0,1.2,1.0,1.08
2026-09-02,CHI-HUB,Inbound,Evening,19,Wednesday,0,0,1,1750,1544,316,1390,343,34,33,32,45,8,34.5,0.966,7,1.3,0.037,713.69,Clear,0,1390,1,1.2,1.0,1.08
2026-09-02,CHI-HUB,Inbound,Evening,20,Wednesday,0,0,0,1339,1181,260,1049,274,23,23,22,49,8,32.3,0.974,6,1.2,0.039,506.85,Rain,0,1049,4,1.08,1.0,1.08
2026-09-02,CHI-HUB,Inbound,Evening,21,Wednesday,0,0,0,1169,1032,364,1043,101,23,22,21,52,8,22.9,0.955,9,0.4,0.048,470.15,Clear,0,1043,0,0.96,1.0,1.08
2026-09-02,CHI-HUB,Inbound,Night,22,Wednesday,0,0,0,1239,1093,246,1004,214,25,24,23,45,8,28.6,0.97,8,0.9,0.038,523.79,Heavy Rain,0,1004,1,0.96,1.0,1.08
2026-09-02,CHI-HUB,Inbound,Night,23,Wednesday,0,0,0,1097,968,340,855,219,20,20,19,48,8,30.4,0.938,1,1.3,0.043,429.47,Clear,0,855,0,0.82,1.0,1.08
2026-09-02,CHI-HUB,Sortation,Morning,6,Wednesday,0,0,0,1297,1191,256,1174,145,30,28,28,43,8,22.1,0.976,7,0.9,0.014,618.86,Rain,0,1174,0,0.96,1.0,1.08
2026-09-02,CHI-HUB,Sortation,Morning,7,Wednesday,0,0,0,1530,1405,498,1099,456,32,31,30,39,8,40.6,0.939,10,1.9,0.031,698.32,Clear,0,1099,2,1.2,1.0,1.08
2026-09-02,CHI-HUB,Sortation,Morning,8,Wednesday,0,0,1,1928,1771,495,1551,425,39,40,38,42,8,34.9,0.972,8,1.2,0.048,835.62,Clear,0,1551,0,1.2,1.0,1.08
2026-09-02,CHI-HUB,Sortation,Morning,9,Wednesday,0,0,1,1710,1570,408,1656,108,39,38,36,46,8,21.7,1.0,2,0.6,0.041,756.61,Clear,0,1656,1,1.2,1.0,1.08
2026-09-02,CHI-HUB,Sortation,Morning,10,Wednesday,0,0,0,1451,1332,292,1287,207,31,31,30,46,8,26.0,0.933,5,0.8,0.018,651.66,Rain,0,1287,1,1.08,1.0,1.08
2026-09-02,CHI-HUB,Sortation,Morning,11,Wednesday,0,0,0,1387,1274,482,1130,277,30,29,28,43,8,33.1,0.939,8,1.0,0.038,625.09,Clear,0,1130,1,1.08,1.0,1.08
2026-09-02,CHI-HUB,Sortation,Morning,12,Wednesday,0,0,0,1268,1164,255,989,299,27,27,26,40,8,35.2,0.952,6,1.1,0.027,580.29,Clear,0,989,0,0.96,1.0,1.08
2026-09-02,CHI-HUB,Sortation,Morning,13,Wednesday,0,0,0,1291,1186,317,1043,276,28,27,26,42,8,29.1,0.956,9,1.4,0.025,598.72,Clear,0,1043,0,0.96,1.0,1.08
2026-09-02,CHI-HUB,Sortation,Evening,14,Wednesday,0,0,0,1266,1162,262,1169,114,29,28,27,46,8,25.3,0.941,3,0.2,0.044,564.96,Clear,0,1169,0,0.96,1.0,1.08
2026-09-02,CHI-HUB,Sortation,Evening,15,Wednesday,0,0,0,1416,1300,396,1223,222,32,30,29,44,8,28.3,0.958,6,1.8,0.028,661.11,Clear,0,1223,3,1.08,1.0,1.08
2026-09-02,CHI-HUB,Sortation,Evening,16,Wednesday,0,0,0,1512,1388,297,1219,339,32,30,29,44,8,34.8,0.956,9,0.9,0.03,647.27,Clear,0,1219,0,1.08,1.0,1.08
2026-09-02,CHI-HUB,Sortation,Evening,17,Wednesday,0,0,1,1652,1517,341,1436,260,34,34,33,45,8,28.1,0.967,1,0.8,0.037,705.52,Storm,0,1436,2,1.2,1.0,1.08
2026-09-02,CHI-HUB,Sortation,Evening,18,Wednesday,0,0,1,1784,1638,375,1265,568,37,37,35,38,8,45.7,0.951,7,1.7,0.041,785.28,Clear,0,1265,1,1.2,1.0,1.08
2026-09-02,CHI-HUB,Sortation,Evening,19,Wednesday,0,0,1,1865,1713,535,1564,317,41,38,37,45,8,28.0,0.94,1,0.9,0.036,788.28,Heavy Rain,0,1564,1,1.2,1.0,1.08
2026-09-02,CHI-HUB,Sortation,Evening,20,Wednesday,0,0,0,1472,1352,523,1188,321,31,30,29,43,8,32.4,0.953,0,1.1,0.041,628.76,Storm,0,1188,2,1.08,1.0,1.08
2026-09-02,CHI-HUB,Sortation,Evening,21,Wednesday,0,0,0,1274,1170,331,1075,229,26,26,25,43,8,30.5,1.0,5,0.8,0.032,549.3,Clear,0,1075,3,0.96,1.0,1.08
2026-09-02,CHI-HUB,Sortation,Night,22,Wednesday,0,0,0,1220,1120,343,959,286,27,26,25,42,8,35.1,0.914,8,1.4,0.042,574.71,Clear,0,959,1,0.96,1.0,1.08
2026-09-02,CHI-HUB,Sortation,Night,23,Wednesday,0,0,0,1148,1054,324,935,221,27,26,25,39,8,31.2,0.959,10,1.4,0.041,579.8,Clear,0,935,3,0.82,1.0,1.08
2026-09-02,CHI-HUB,Outbound,Morning,6,Wednesday,0,0,0,1150,1127,364,1105,79,22,21,20,57,8,25.3,0.969,9,0.6,0.048,456.73,Clear,0,1105,5,0.96,1.0,1.08
2026-09-02,CHI-HUB,Outbound,Morning,7,Wednesday,0,0,0,1416,1387,300,1235,211,28,28,26,50,8,26.6,0.951,7,0.7,0.059,575.01,Clear,0,1235,1,1.2,1.0,1.08
2026-09-02,CHI-HUB,Outbound,Morning,8,Wednesday,0,0,1,1782,1746,475,1451,380,33,33,31,50,8,32.6,0.936,1,0.6,0.053,657.24,Clear,0,1451,0,1.2,1.0,1.08
2026-09-02,CHI-HUB,Outbound,Morning,9,Wednesday,0,0,1,1793,1756,610,1628,217,38,34,34,52,8,26.3,0.921,9,0.8,0.012,747.14,Clear,0,1628,3,1.2,1.0,1.08
2026-09-02,CHI-HUB,Outbound,Morning,10,Wednesday,0,0,0,1357,1329,340,1220,170,27,25,24,52,8,25.2,0.978,5,0.5,0.051,522.93,Clear,0,1220,0,1.08,1.0,1.08
2026-09-02,CHI-HUB,Outbound,Morning,11,Wednesday,0,0,0,1396,1368,327,1146,297,25,25,24,49,8,33.4,0.975,3,1.6,0.047,548.05,Clear,0,1146,1,1.08,1.0,1.08
2026-09-02,CHI-HUB,Outbound,Morning,12,Wednesday,0,0,0,1184,1160,262,900,312,20,20,19,48,8,37.7,0.987,4,1.6,0.041,449.86,Clear,0,900,1,0.96,1.0,1.08
2026-09-02,CHI-HUB,Outbound,Morning,13,Wednesday,0,0,0,1104,1081,387,892,226,20,20,19,47,8,29.2,0.999,9,1.5,0.031,461.59,Clear,0,892,3,0.96,1.0,1.08
2026-09-02,CHI-HUB,Outbound,Evening,14,Wednesday,0,0,0,1209,1184,347,968,275,22,21,20,50,8,33.1,0.969,7,1.7,0.045,482.21,Clear,0,968,0,0.96,1.0,1.08
2026-09-02,CHI-HUB,Outbound,Evening,15,Wednesday,0,0,0,1334,1307,326,1017,347,25,23,23,45,8,37.5,0.983,9,1.8,0.021,552.22,Clear,0,1017,1,1.08,1.0,1.08
2026-09-02,CHI-HUB,Outbound,Evening,16,Wednesday,0,0,0,1281,1255,282,1051,269,24,24,23,47,8,33.5,0.972,5,1.1,0.055,520.26,Rain,0,1051,0,1.08,1.0,1.08
2026-09-02,CHI-HUB,Outbound,Evening,17,Wednesday,0,0,1,1640,1607,526,1479,199,30,30,29,51,8,26.0,1.0,3,0.9,0.042,630.43,Clear,0,1479,1,1.2,1.0,1.08
2026-09-02,CHI-HUB,Outbound,Evening,18,Wednesday,0,0,1,1606,1573,560,1421,217,30,31,29,49,8,23.2,1.0,0,1.2,0.057,628.6,Clear,0,1421,0,1.2,1.0,1.08
2026-09-02,CHI-HUB,Outbound,Evening,19,Wednesday,0,0,1,1740,1704,586,1609,178,33,32,31,53,8,22.7,0.98,2,0.5,0.045,656.87,Clear,0,1609,0,1.2,1.0,1.08
2026-09-02,CHI-HUB,Outbound,Evening,20,Wednesday,0,0,0,1162,1138,401,1001,183,22,22,21,50,8,26.5,0.953,2,1.0,0.049,465.25,Clear,0,1001,5,1.08,1.0,1.08
2026-09-02,CHI-HUB,Outbound,Evening,21,Wednesday,0,0,0,1109,1086,391,924,199,21,20,19,49,8,27.0,0.993,8,1.6,0.033,461.28,Clear,0,924,4,0.96,1.0,1.08
2026-09-02,CHI-HUB,Outbound,Night,22,Wednesday,0,0,0,1153,1129,251,1044,135,22,22,21,51,8,28.6,0.976,0,0.7,0.038,450.29,Clear,0,1044,1,0.96,1.0,1.08
2026-09-02,CHI-HUB,Outbound,Night,23,Wednesday,0,0,0,999,979,198,775,254,20,18,18,47,8,37.0,0.917,5,0.5,0.016,399.36,Clear,0,775,0,0.82,1.0,1.08
2026-09-02,DAL-HUB,Inbound,Morning,6,Wednesday,0,0,0,996,879,301,806,171,19,18,18,46,8,27.8,0.974,3,1.4,0.027,419.5,Heavy Rain,0,806,3,0.96,1.0,1.08
2026-09-02,DAL-HUB,Inbound,Morning,7,Wednesday,0,0,0,1181,1042,272,835,315,21,20,19,46,8,38.7,0.956,7,1.4,0.05,452.94,Clear,0,835,0,1.2,1.0,1.08
2026-09-02,DAL-HUB,Inbound,Morning,8,Wednesday,0,0,1,1461,1289,301,1141,303,27,26,25,47,8,32.3,0.972,10,0.9,0.042,570.49,Clear,0,1141,0,1.2,1.0,1.08
2026-09-02,DAL-HUB,Inbound,Morning,9,Wednesday,0,0,1,1516,1338,375,1301,189,29,28,27,49,8,28.5,0.983,10,1.0,0.038,613.27,Clear,0,1301,0,1.2,1.0,1.08
2026-09-02,DAL-HUB,Inbound,Morning,10,Wednesday,0,0,0,1141,1007,320,910,209,22,21,20,48,8,33.4,0.949,6,0.5,0.069,443.34,Clear,0,910,1,1.08,1.0,1.08
2026-09-02,DAL-HUB,Inbound,Morning,11,Wednesday,0,0,0,1231,1086,351,1130,79,26,25,24,50,8,20.7,0.942,7,0.6,0.031,528.93,Clear,0,1130,0,1.08,1.0,1.08
2026-09-02,DAL-HUB,Inbound,Morning,12,Wednesday,0,0,0,1045,922,260,765,268,18,18,17,46,8,38.3,0.979,7,1.8,0.04,422.75,Clear,0,765,1,0.96,1.0,1.08
2026-09-02,DAL-HUB,Inbound,Morning,13,Wednesday,0,0,0,1100,971,262,919,155,19,19,19,49,8,28.1,0.987,2,0.4,0.019,407.52,Clear,0,919,0,0.96,1.0,1.08
2026-09-02,DAL-HUB,Inbound,Evening,14,Wednesday,0,0,0,1002,884,254,813,192,20,19,18,47,8,30.1,0.961,10,0.8,0.057,423.09,Clear,0,813,1,0.96,1.0,1.08
2026-09-02,DAL-HUB,Inbound,Evening,15,Wednesday,0,0,0,1178,1039,245,894,263,22,20,20,47,8,34.7,0.952,9,1.3,0.022,475.99,Clear,0,894,2,1.08,1.0,1.08
2026-09-02,DAL-HUB,Inbound,Evening,16,Wednesday,0,0,0,1206,1064,292,941,246,21,21,20,50,8,32.7,0.942,7,1.4,0.029,472.89,Clear,0,941,2,1.08,1.0,1.08
2026-09-02,DAL-HUB,Inbound,Evening,17,Wednesday,0,0,1,1453,1282,457,1118,333,27,26,25,48,8,34.1,0.932,9,1.5,0.045,583.95,Clear,0,1118,0,1.2,1.0,1.08
2026-09-02,DAL-HUB,Inbound,Evening,18,Wednesday,0,0,1,1469,1296,282,1136,328,27,26,25,47,8,34.0,0.967,9,1.2,0.033,575.84,Clear,0,1136,0,1.2,1.0,1.08
2026-09-02,DAL-HUB,Inbound,Evening,19,Wednesday,0,0,1,1414,1248,472,1130,250,27,26,25,47,8,30.2,0.962,3,1.1,0.026,552.87,Clear,0,1130,0,1.2,1.0,1.08
2026-09-02,DAL-HUB,Inbound,Evening,20,Wednesday,0,0,0,1111,981,260,1029,69,23,21,21,49,8,22.7,1.0,2,0.2,0.014,441.12,Clear,0,1029,0,1.08,1.0,1.08
2026-09-02,DAL-HUB,Inbound,Evening,21,Wednesday,0,0,0,983,867,254,766,217,19,18,18,44,8,34.2,0.967,10,0.9,0.022,425.55,Clear,0,766,0,0.96,1.0,1.08
2026-09-02,DAL-HUB,Inbound,Night,22,Wednesday,0,0,0,1033,911,223,713,294,19,18,18,44,8,41.8,0.902,5,1.6,0.026,430.03,Clear,0,713,4,0.96,1.0,1.08
2026-09-02,DAL-HUB,Inbound,Night,23,Wednesday,0,0,0,891,786,181,588,304,15,15,14,45,8,50.8,0.934,2,1.2,0.064,328.73,Clear,0,588,1,0.82,1.0,1.08
2026-09-02,DAL-HUB,Sortation,Morning,6,Wednesday,0,0,0,1058,972,229,822,269,23,22,21,42,8,36.0,0.932,3,0.8,0.04,460.94,Clear,0,822,1,0.96,1.0,1.08
2026-09-02,DAL-HUB,Sortation,Morning,7,Wednesday,0,0,0,1291,1186,265,1120,207,30,28,27,43,8,28.3,0.965,6,0.9,0.039,594.62,Clear,0,1120,0,1.2,1.0,1.08
2026-09-02,DAL-HUB,Sortation,Morning,8,Wednesday,0,0,1,1553,1426,384,1340,249,34,34,32,46,8,28.1,0.911,5,0.5,0.05,682.53,Clear,0,1340,2,1.2,1.0,1.08
2026-09-02,DAL-HUB,Sortation,Morning,9,Wednesday,0,0,1,1367,1255,289,1072,333,29,28,27,40,8,34.3,0.993,3,1.2,0.047,594.81,Clear,0,1072,1,1.2,1.0,1.08
2026-09-02,DAL-HUB,Sortation,Morning,10,Wednesday,0,0,0,1164,1069,344,975,220,23,23,22,47,8,31.0,0.943,9,1.1,0.038,514.26,Storm,0,975,1,1.08,1.0,1.08
2026-09-02,DAL-HUB,Sortation,Morning,11,Wednesday,0,0,0,1141,1048,229,958,202,23,23,22,44,8,30.1,0.99,4,1.3,0.028,499.17,Clear,0,958,2,1.08,1.0,1.08
2026-09-02,DAL-HUB,Sortation,Morning,12,Wednesday,0,0,0,1081,993,256,957,166,23,22,22,45,8,27.0,0.967,1,0.9,0.02,477.27,Clear,0,957,0,0.96,1.0,1.08
2026-09-02,DAL-HUB,Sortation,Morning,13,Wednesday,0,0,0,1119,1027,373,946,216,25,24,23,43,8,32.3,0.957,6,1.0,0.043,516.26,Clear,0,946,2,0.96,1.0,1.08
2026-09-02,DAL-HUB,Sortation,Evening,14,Wednesday,0,0,0,1043,958,269,810,255,22,21,20,42,8,36.4,0.965,4,2.0,0.027,477.97,Clear,0,810,2,0.96,1.0,1.08
2026-09-02,DAL-HUB,Sortation,Evening,15,Wednesday,0,0,0,1223,1123,278,912,339,27,26,25,39,8,38.1,0.936,10,1.4,0.033,581.16,Clear,0,912,1,1.08,1.0,1.08
2026-09-02,DAL-HUB,Sortation,Evening,16,Wednesday,0,0,0,1261,1158,346,1100,191,27,26,25,45,8,28.0,0.978,7,0.7,0.042,552.67,Clear,0,1100,0,1.08,1.0,1.08
2026-09-02,DAL-HUB,Sortation,Evening,17,Wednesday,0,0,1,1571,1443,503,1094,513,34,32,31,37,8,43.5,0.955,6,1.1,0.034,683.37,Clear,0,1094,2,1.2,1.0,1.08
2026-09-02,DAL-HUB,Sortation,Evening,18,Wednesday,0,0,1,1493,1371,402,1324,196,35,33,32,42,8,23.1,0.986,8,0.9,0.045,703.88,Rain,0,1324,2,1.2,1.0,1.08
2026-09-02,DAL-HUB,Sortation,Evening,19,Wednesday,0,0,1,1582,1453,319,1259,362,33,31,30,44,8,32.4,0.955,10,1.1,0.042,676.87,Clear,0,1259,0,1.2,1.0,1.08
2026-09-02,DAL-HUB,Sortation,Evening,20,Wednesday,0,0,0,1321,1213,285,1162,196,29,29,28,44,8,25.8,0.944,1,1.0,0.035,604.38,Heavy Rain,0,1162,0,1.08,1.0,1.08
2026-09-02,DAL-HUB,Sortation,Evening,21,Wednesday,0,0,0,1058,972,226,927,168,24,23,22,44,8,27.4,0.958,6,0.5,0.023,481.64,Clear,0,927,0,0.96,1.0,1.08
2026-09-02,DAL-HUB,Sortation,Night,22,Wednesday,0,0,0,1118,1026,297,976,173,23,23,22,46,8,27.5,0.965,7,0.7,0.022,491.54,Clear,0,976,2,0.96,1.0,1.08
2026-09-02,DAL-HUB,Sortation,Night,23,Wednesday,0,0,0,941,864,311,836,133,22,21,20,42,8,25.2,0.996,0,0.7,0.034,426.9,Clear,0,836,0,0.82,1.0,1.08
2026-09-02,DAL-HUB,Outbound,Morning,6,Wednesday,0,0,0,1031,1010,331,897,164,21,19,19,51,8,26.0,0.926,8,0.8,0.019,437.45,Clear,0,897,1,0.96,1.0,1.08
2026-09-02,DAL-HUB,Outbound,Morning,7,Wednesday,0,0,0,1224,1199,252,1037,209,22,21,21,51,8,31.3,0.968,10,0.5,0.022,477.98,Clear,0,1037,0,1.2,1.0,1.08
2026-09-02,DAL-HUB,Outbound,Morning,8,Wednesday,0,0,1,1394,1366,385,1354,79,26,26,25,55,8,19.4,0.985,2,0.0,0.031,519.51,Clear,0,1354,2,1.2,1.0,1.08
2026-09-02,DAL-HUB,Outbound,Morning,9,Wednesday,0,0,1,1304,1277,425,1061,283,24,22,21,53,8,34.7,0.954,2,1.2,0.041,473.46,Clear,0,1061,2,1.2,1.0,1.08
2026-09-02,DAL-HUB,Outbound,Morning,10,Wednesday,0,0,0,1100,1078,213,1026,107,22,21,20,54,8,29.6,0.95,6,0.3,0.05,437.81,Clear,0,1026,0,1.08,1.0,1.08
2026-09-02,DAL-HUB,Outbound,Morning,11,Wednesday,0,0,0,1215,1190,394,954,303,21,21,20,51,8,36.5,0.936,9,1.2,0.046,474.72,Clear,0,954,0,1.08,1.0,1.08
2026-09-02,DAL-HUB,Outbound,Morning,12,Wednesday,0,0,0,977,957,296,815,192,19,17,17,50,8,29.8,0.959,8,0.9,0.022,402.4,Heavy Rain,0,815,0,0.96,1.0,1.08
2026-09-02,DAL-HUB,Outbound,Morning,13,Wednesday,0,0,0,932,913,217,856,112,19,17,17,53,8,24.4,0.951,9,0.4,0.014,388.64,Clear,0,856,1,0.96,1.0,1.08
2026-09-02,DAL-HUB,Outbound,Evening,14,Wednesday,0,0,0,1037,1016,342,900,160,19,18,18,50,8,29.2,1.0,7,0.7,0.02,412.06,Clear,0,900,1,0.96,1.0,1.08
2026-09-02,DAL-HUB,Outbound,Evening,15,Wednesday,0,0,0,1145,1122,360,860,318,21,20,19,48,8,37.5,0.943,2,1.2,0.03,431.54,Clear,0,860,0,1.08,1.0,1.08
2026-09-02,DAL-HUB,Outbound,Evening,16,Wednesday,0,0,0,1124,1101,216,883,261,21,20,19,49,8,33.2,0.949,8,1.3,0.027,453.15,Clear,0,883,1,1.08,1.0,1.08
2026-09-02,DAL-HUB,Outbound,Evening,17,Wednesday,0,0,1,1186,1162,339,1014,201,23,22,21,50,8,30.0,0.966,5,0.6,0.035,464.1,Clear,0,1014,0,1.2,1.0,1.08
2026-09-02,DAL-HUB,Outbound,Evening,18,Wednesday,0,0,1,1372,1344,322,1041,370,23,23,22,48,8,34.4,0.986,0,2.1,0.036,513.02,Clear,0,1041,1,1.2,1.0,1.08
2026-09-02,DAL-HUB,Outbound,Evening,19,Wednesday,0,0,1,1301,1274,386,1024,308,25,24,23,49,8,33.7,0.909,9,0.7,0.029,520.8,Clear,0,1024,1,1.2,1.0,1.08
2026-09-02,DAL-HUB,Outbound,Evening,20,Wednesday,0,0,0,1128,1105,236,859,306,21,20,20,46,8,36.9,0.934,5,1.9,0.021,479.94,Clear,0,859,0,1.08,1.0,1.08
2026-09-02,DAL-HUB,Outbound,Evening,21,Wednesday,0,0,0,955,936,336,828,159,18,17,17,51,8,25.8,0.956,9,1.3,0.01,414.25,Clear,0,828,1,0.96,1.0,1.08
2026-09-02,DAL-HUB,Outbound,Night,22,Wednesday,0,0,0,893,875,180,836,74,17,16,16,54,8,24.2,0.968,7,0.7,0.029,370.42,Clear,0,836,1,0.96,1.0,1.08
2026-09-02,DAL-HUB,Outbound,Night,23,Wednesday,0,0,0,841,824,182,726,133,17,16,16,47,8,26.3,0.966,8,0.7,0.022,372.66,Clear,0,726,1,0.82,1.0,1.08
2026-09-03,ATL-HUB,Inbound,Morning,6,Thursday,0,0,0,1573,1388,299,1250,312,31,30,29,47,8,31.5,0.918,0,0.8,0.029,615.67,Clear,0,1250,1,0.96,1.15,1.095
2026-09-03,ATL-HUB,Inbound,Morning,7,Thursday,0,0,0,2010,1773,523,1585,380,38,37,35,49,8,32.5,0.924,10,0.8,0.051,772.38,Clear,0,1585,1,1.2,1.15,1.095
2026-09-03,ATL-HUB,Inbound,Morning,8,Thursday,0,0,1,2011,1774,598,1708,277,38,37,36,50,8,24.4,0.949,7,0.0,0.04,759.9,Clear,0,1708,1,1.2,1.15,1.095
2026-09-03,ATL-HUB,Inbound,Morning,9,Thursday,0,0,1,2225,1963,482,1811,373,38,39,37,51,8,26.9,0.96,1,1.1,0.04,794.78,Clear,0,1811,0,1.2,1.15,1.095
2026-09-03,ATL-HUB,Inbound,Morning,10,Thursday,0,0,0,1752,1546,415,1391,325,33,31,30,47,8,32.6,0.987,8,1.2,0.038,675.12,Clear,0,1391,0,1.08,1.15,1.095
2026-09-03,ATL-HUB,Inbound,Morning,11,Thursday,0,0,0,1698,1498,549,1414,258,31,31,30,50,8,27.1,0.943,7,0.9,0.026,662.57,Clear,0,1414,3,1.08,1.15,1.095
2026-09-03,ATL-HUB,Inbound,Morning,12,Thursday,0,0,0,1524,1345,503,1316,174,29,29,28,47,8,23.9,1.0,7,0.9,0.022,620.51,Clear,0,1316,0,0.96,1.15,1.095
2026-09-03,ATL-HUB,Inbound,Morning,13,Thursday,0,0,0,1393,1229,320,1112,251,25,25,24,50,8,33.3,0.927,7,0.6,0.029,531.79,Clear,0,1112,0,0.96,1.15,1.095
2026-09-03,ATL-HUB,Inbound,Evening,14,Thursday,0,0,0,1558,1375,343,1275,266,29,28,27,48,8,29.2,0.984,1,0.7,0.05,576.8,Clear,0,1275,1,0.96,1.15,1.095
2026-09-03,ATL-HUB,Inbound,Evening,15,Thursday,0,0,0,1786,1575,456,1492,273,35,34,33,48,8,28.6,0.942,9,0.3,0.021,716.0,Heavy Rain,0,1492,0,1.08,1.15,1.095
2026-09-03,ATL-HUB,Inbound,Evening,16,Thursday,0,0,0,1689,1490,546,1450,201,33,31,30,50,8,26.6,0.967,9,0.0,0.022,643.61,Clear,0,1450,0,1.08,1.15,1.095
2026-09-03,ATL-HUB,Inbound,Evening,17,Thursday,0,0,1,2113,1864,385,1872,221,42,40,39,48,8,25.1,1.0,5,0.9,0.027,839.0,Clear,0,1872,2,1.2,1.15,1.095
2026-09-03,ATL-HUB,Inbound,Evening,18,Thursday,0,0,1,2185,1928,697,1827,312,40,40,39,48,8,28.2,0.976,8,1.0,0.036,852.67,Clear,0,1827,3,1.2,1.15,1.095
2026-09-03,ATL-HUB,Inbound,Evening,19,Thursday,0,0,1,2257,1991,527,1864,362,44,40,40,49,8,28.9,0.951,9,1.0,0.01,876.63,Clear,0,1864,2,1.2,1.15,1.095
2026-09-03,ATL-HUB,Inbound,Evening,20,Thursday,0,0,0,1734,1530,452,1380,321,32,32,30,47,8,31.4,0.979,2,1.7,0.054,669.6,Clear,0,1380,0,1.08,1.15,1.095
2026-09-03,ATL-HUB,Inbound,Evening,21,Thursday,0,0,0,1575,1390,361,1250,288,29,29,28,45,8,29.9,0.992,6,1.8,0.034,643.41,Clear,0,1250,0,0.96,1.15,1.095
2026-09-03,ATL-HUB,Inbound,Night,22,Thursday,0,0,0,1533,1352,343,1503,4,33,30,30,54,8,18.3,0.975,2,0.6,0.01,635.25,Clear,0,1503,0,0.96,1.15,1.095
2026-09-03,ATL-HUB,Inbound,Night,23,Thursday,0,0,0,1408,1242,376,990,384,26,25,24,44,8,39.9,0.938,0,0.6,0.023,509.66,Clear,0,990,0,0.82,1.15,1.095
2026-09-03,ATL-HUB,Sortation,Morning,6,Thursday,0,0,0,1585,1456,350,1369,253,38,35,34,42,8,26.8,0.959,5,0.8,0.028,730.52,Clear,0,1369,0,0.96,1.15,1.095
2026-09-03,ATL-HUB,Sortation,Morning,7,Thursday,0,0,0,2099,1927,497,1615,525,43,44,42,40,8,34.2,0.962,10,1.3,0.037,925.96,Clear,0,1615,0,1.2,1.15,1.095
2026-09-03,ATL-HUB,Sortation,Morning,8,Thursday,0,0,1,2615,2402,623,2386,286,60,57,54,47,8,23.8,0.94,7,0.6,0.051,1140.24,Clear,0,2386,1,1.2,1.15,1.095
2026-09-03,ATL-HUB,Sortation,Morning,9,Thursday,0,0,1,2398,2202,681,1949,496,53,49,48,43,8,30.8,0.944,8,0.9,0.022,1030.85,Clear,0,1949,3,1.2,1.15,1.095
2026-09-03,ATL-HUB,Sortation,Morning,10,Thursday,0,0,0,1872,1719,477,1559,357,41,38,37,44,8,32.0,0.958,2,1.2,0.034,795.9,Clear,0,1559,2,1.08,1.15,1.095
2026-09-03,ATL-HUB,Sortation,Morning,11,Thursday,0,0,0,1810,1662,371,1417,426,38,37,35,41,8,33.5,0.988,2,1.3,0.042,762.54,Heavy Rain,0,1417,1,1.08,1.15,1.095
2026-09-03,ATL-HUB,Sortation,Morning,12,Thursday,0,0,0,1558,1431,483,1370,214,34,33,32,45,8,27.2,0.952,0,0.6,0.031,669.42,Clear,0,1370,1,0.96,1.15,1.095
2026-09-03,ATL-HUB,Sortation,Morning,13,Thursday,0,0,0,1605,1474,326,1423,218,37,34,33,45,8,26.2,0.959,6,0.8,0.026,714.58,Clear,0,1423,1,0.96,1.15,1.095
2026-09-03,ATL-HUB,Sortation,Evening,14,Thursday,0,0,0,1545,1419,387,1179,420,31,30,29,44,8,36.5,0.924,0,0.9,0.045,619.09,Clear,0,1179,1,0.96,1.15,1.095
2026-09-03,ATL-HUB,Sortation,Evening,15,Thursday,0,0,0,2135,1961,491,1769,400,48,46,44,43,8,33.3,0.935,1,0.8,0.054,922.82,Clear,0,1769,2,1.08,1.15,1.095
2026-09-03,ATL-HUB,Sortation,Evening,16,Thursday,0,0,0,1917,1761,542,1554,420,41,39,38,43,8,31.3,0.951,9,1.1,0.019,835.83,Clear,0,1554,0,1.08,1.15,1.095
2026-09-03,ATL-HUB,Sortation,Evening,17,Thursday,0,0,1,2298,2110,772,1712,649,52,52,50,35,8,37.3,0.978,0,1.7,0.042,1064.81,Clear,0,1712,4,1.2,1.15,1.095
2026-09-03,ATL-HUB,Sortation,Evening,18,Thursday,0,0,1,2419,2222,597,1900,573,52,50,49,41,8,34.7,0.946,4,1.2,0.019,1046.34,Clear,0,1900,1,1.2,1.15,1.095
2026-09-03,ATL-HUB,Sortation,Evening,19,Thursday,0,0,1,2534,2327,896,1972,613,56,53,51,41,8,36.5,0.943,6,0.9,0.042,1085.45,Clear,0,1972,4,1.2,1.15,1.095
2026-09-03,ATL-HUB,Sortation,Evening,20,Thursday,0,0,0,1763,1619,421,1346,462,36,35,34,40,8,37.2,0.99,10,1.2,0.026,762.92,Rain,0,1346,1,1.08,1.15,1.095
2026-09-03,ATL-HUB,Sortation,Evening,21,Thursday,0,0,0,1697,1558,579,1428,291,35,35,34,42,8,28.8,1.0,4,1.0,0.035,734.98,Clear,0,1428,1,0.96,1.15,1.095
2026-09-03,ATL-HUB,Sortation,Night,22,Thursday,0,0,0,1496,1374,367,1193,335,33,32,31,40,8,37.3,0.962,6,0.9,0.043,676.39,Clear,0,1193,0,0.96,1.15,1.095
2026-09-03,ATL-HUB,Sortation,Night,23,Thursday,0,0,0,1308,1201,415,1070,259,27,26,25,44,8,30.3,0.973,2,1.1,0.03,548.73,Clear,0,1070,1,0.82,1.15,1.095
2026-09-03,ATL-HUB,Outbound,Morning,6,Thursday,0,0,0,1475,1445,506,1271,231,28,28,27,51,8,26.5,0.923,10,1.1,0.033,616.41,Clear,0,1271,1,0.96,1.15,1.095
2026-09-03,ATL-HUB,Outbound,Morning,7,Thursday,0,0,0,1614,1581,468,1526,116,30,29,28,55,8,21.3,0.991,4,0.3,0.035,602.78,Storm,0,1526,0,1.2,1.15,1.095
2026-09-03,ATL-HUB,Outbound,Morning,8,Thursday,0,0,1,2175,2131,769,1919,314,43,40,39,50,8,27.3,0.984,5,1.2,0.014,850.06,Clear,0,1919,2,1.2,1.15,1.095
2026-09-03,ATL-HUB,Outbound,Morning,9,Thursday,0,0,1,2159,2115,509,1890,321,40,40,39,51,8,24.3,0.95,1,0.4,0.024,814.57,Clear,0,1890,0,1.2,1.15,1.095
2026-09-03,ATL-HUB,Outbound,Morning,10,Thursday,0,0,0,1617,1584,433,1386,277,29,28,27,53,8,31.0,0.969,6,0.4,0.033,586.6,Clear,0,1386,1,1.08,1.15,1.095
2026-09-03,ATL-HUB,Outbound,Morning,11,Thursday,0,0,0,1647,1613,420,1217,464,27,27,26,48,8,37.8,0.976,5,1.4,0.042,592.46,Clear,0,1217,1,1.08,1.15,1.095
2026-09-03,ATL-HUB,Outbound,Morning,12,Thursday,0,0,0,1443,1414,471,1088,395,27,25,24,48,8,40.0,0.944,0,1.5,0.047,536.51,Clear,0,1088,1,0.96,1.15,1.095
2026-09-03,ATL-HUB,Outbound,Morning,13,Thursday,0,0,0,1342,1315,425,1129,245,26,25,24,48,8,28.9,0.981,7,1.2,0.04,548.66,Clear,0,1129,0,0.96,1.15,1.095
2026-09-03,ATL-HUB,Outbound,Evening,14,Thursday,0,0,0,1520,1489,358,1200,359,27,27,26,49,8,31.6,0.943,6,1.3,0.024,590.54,Clear,0,1200,0,0.96,1.15,1.095
2026-09-03,ATL-HUB,Outbound,Evening,15,Thursday,0,0,0,1711,1676,562,1329,412,31,29,28,49,8,34.1,0.969,6,1.7,0.018,644.23,Clear,0,1329,2,1.08,1.15,1.095
2026-09-03,ATL-HUB,Outbound,Evening,16,Thursday,0,0,0,1602,1569,420,1186,462,26,26,25,52,8,41.7,0.913,0,1.6,0.034,561.73,Clear,0,1186,0,1.08,1.15,1.095
2026-09-03,ATL-HUB,Outbound,Evening,17,Thursday,0,0,1,1955,1915,571,1457,521,33,33,32,47,8,40.1,0.969,5,1.3,0.022,712.31,Clear,0,1457,0,1.2,1.15,1.095
2026-09-03,ATL-HUB,Outbound,Evening,18,Thursday,0,0,1,2156,2112,719,1798,404,40,40,39,48,8,29.7,0.961,8,0.7,0.037,850.05,Heavy Rain,0,1798,1,1.2,1.15,1.095
2026-09-03,ATL-HUB,Outbound,Evening,19,Thursday,0,0,1,2016,1975,460,1716,342,38,36,35,52,8,28.9,0.943,8,0.8,0.039,767.54,Clear,0,1716,2,1.2,1.15,1.095
2026-09-03,ATL-HUB,Outbound,Evening,20,Thursday,0,0,0,1716,1681,435,1383,387,30,30,29,50,8,31.6,0.954,3,1.7,0.023,654.24,Clear,0,1383,1,1.08,1.15,1.095
2026-09-03,ATL-HUB,Outbound,Evening,21,Thursday,0,0,0,1350,1322,303,1196,176,24,24,23,52,8,24.5,1.0,3,0.9,0.041,511.08,Heavy Rain,0,1196,1,0.96,1.15,1.095
2026-09-03,ATL-HUB,Outbound,Night,22,Thursday,0,0,0,1427,1398,326,1129,349,25,25,24,49,8,36.1,0.96,2,1.0,0.042,528.63,Clear,0,1129,1,0.96,1.15,1.095
2026-09-03,ATL-HUB,Outbound,Night,23,Thursday,0,0,0,1147,1124,249,978,200,20,20,19,53,8,29.4,0.972,2,0.8,0.034,420.38,Clear,0,978,3,0.82,1.15,1.095
2026-09-03,CHI-HUB,Inbound,Morning,6,Thursday,0,0,0,1491,1315,451,947,530,28,26,25,40,8,45.8,0.948,5,2.6,0.041,602.62,Clear,0,947,4,0.96,1.15,1.095
2026-09-03,CHI-HUB,Inbound,Morning,7,Thursday,0,0,0,1953,1723,444,1619,300,38,36,35,49,8,25.5,0.944,10,0.8,0.024,771.37,Clear,0,1619,0,1.2,1.15,1.095
2026-09-03,CHI-HUB,Inbound,Morning,8,Thursday,0,0,1,1824,1610,508,1407,382,33,32,30,49,8,31.2,0.958,10,1.1,0.047,686.44,Storm,0,1407,0,1.2,1.15,1.095
2026-09-03,CHI-HUB,Inbound,Morning,9,Thursday,0,0,1,1961,1730,475,1744,186,37,35,34,55,8,25.0,0.933,6,0.4,0.034,728.01,Clear,0,1744,1,1.2,1.15,1.095
2026-09-03,CHI-HUB,Inbound,Morning,10,Thursday,0,0,0,1681,1484,419,1442,205,32,31,30,50,8,25.4,0.962,9,0.6,0.042,660.28,Clear,0,1442,0,1.08,1.15,1.095
2026-09-03,CHI-HUB,Inbound,Morning,11,Thursday,0,0,0,1487,1312,406,1175,291,28,27,27,47,8,33.0,0.927,9,0.7,0.017,604.29,Heavy Rain,0,1175,2,1.08,1.15,1.095
2026-09-03,CHI-HUB,Inbound,Morning,12,Thursday,0,0,0,1502,1325,470,1324,157,31,28,28,48,8,24.6,0.985,9,0.5,0.011,615.31,Clear,0,1324,4,0.96,1.15,1.095
2026-09-03,CHI-HUB,Inbound,Morning,13,Thursday,0,0,0,1435,1266,260,1106,313,27,25,24,47,8,35.0,0.981,2,1.3,0.039,536.13,Clear,0,1106,0,0.96,1.15,1.095
2026-09-03,CHI-HUB,Inbound,Evening,14,Thursday,0,0,0,1539,1358,293,1377,151,28,28,27,51,8,25.4,1.0,4,0.2,0.024,572.06,Clear,0,1377,2,0.96,1.15,1.095
2026-09-03,CHI-HUB,Inbound,Evening,15,Thursday,0,0,0,1717,1515,314,1343,353,33,32,31,47,8,31.1,0.922,0,1.3,0.041,671.21,Clear,0,1343,0,1.08,1.15,1.095
2026-09-03,CHI-HUB,Inbound,Evening,16,Thursday,0,0,0,1576,1391,481,1150,385,26,26,25,46,8,37.1,1.0,5,1.9,0.036,584.53,Clear,0,1150,0,1.08,1.15,1.095
2026-09-03,CHI-HUB,Inbound,Evening,17,Thursday,0,0,1,1930,1703,646,1470,452,34,34,32,49,8,35.1,0.938,5,1.3,0.046,710.47,Clear,0,1470,2,1.2,1.15,1.095
2026-09-03,CHI-HUB,Inbound,Evening,18,Thursday,0,0,1,1945,1716,649,1753,155,37,37,35,52,8,25.3,0.963,1,0.2,0.049,725.63,Clear,0,1753,0,1.2,1.15,1.095
2026-09-03,CHI-HUB,Inbound,Evening,19,Thursday,0,0,1,2016,1779,607,1627,361,39,37,35,51,8,27.5,0.912,5,0.7,0.048,753.69,Clear,0,1627,1,1.2,1.15,1.095
2026-09-03,CHI-HUB,Inbound,Evening,20,Thursday,0,0,0,1562,1378,290,1300,253,29,29,28,48,8,30.7,0.968,2,1.1,0.042,610.78,Clear,0,1300,0,1.08,1.15,1.095
2026-09-03,CHI-HUB,Inbound,Evening,21,Thursday,0,0,0,1545,1363,420,1086,422,29,28,27,42,8,42.0,0.958,7,1.5,0.037,618.17,Clear,0,1086,1,0.96,1.15,1.095
2026-09-03,CHI-HUB,Inbound,Night,22,Thursday,0,0,0,1388,1224,299,1070,294,25,25,24,47,8,32.2,0.949,0,1.0,0.045,520.5,Clear,0,1070,1,0.96,1.15,1.095
2026-09-03,CHI-HUB,Inbound,Night,23,Thursday,0,0,0,1204,1062,285,1043,136,25,23,22,49,8,25.3,0.968,6,0.7,0.035,489.06,Clear,0,1043,0,0.82,1.15,1.095
2026-09-03,CHI-HUB,Sortation,Morning,6,Thursday,0,0,0,1482,1361,321,1160,361,32,31,30,41,8,37.9,0.943,2,0.8,0.047,641.03,Clear,0,1160,0,0.96,1.15,1.095
2026-09-03,CHI-HUB,Sortation,Morning,7,Thursday,0,0,0,1859,1707,452,1578,330,43,42,41,41,8,30.3,0.939,0,1.0,0.018,861.65,Clear,0,1578,0,1.2,1.15,1.095
2026-09-03,CHI-HUB,Sortation,Morning,8,Thursday,0,0,1,2251,2067,647,1869,444,50,47,45,43,8,28.2,0.966,3,0.7,0.044,948.05,Clear,0,1869,0,1.2,1.15,1.095
2026-09-03,CHI-HUB,Sortation,Morning,9,Thursday,0,0,1,2262,2078,534,1667,644,50,47,45,38,8,37.1,0.975,1,1.6,0.046,967.06,Clear,0,1667,1,1.2,1.15,1.095
2026-09-03,CHI-HUB,Sortation,Morning,10,Thursday,0,0,0,1639,1505,356,1460,221,37,34,33,48,8,24.4,0.922,5,0.2,0.036,695.21,Clear,0,1460,0,1.08,1.15,1.095
2026-09-03,CHI-HUB,Sortation,Morning,11,Thursday,0,0,0,1690,1552,520,1335,406,37,36,35,39,8,33.5,0.978,0,1.3,0.041,749.95,Clear,0,1335,3,1.08,1.15,1.095
2026-09-03,CHI-HUB,Sortation,Morning,12,Thursday,0,0,0,1423,1307,487,1256,210,30,29,28,46,8,28.2,0.976,1,0.5,0.042,589.35,Clear,0,1256,0,0.96,1.15,1.095
2026-09-03,CHI-HUB,Sortation,Morning,13,Thursday,0,0,0,1549,1422,475,1371,219,34,34,32,45,8,26.1,0.953,4,0.4,0.053,676.46,Clear,0,1371,0,0.96,1.15,1.095
2026-09-03,CHI-HUB,Sortation,Evening,14,Thursday,0,0,0,1582,1453,466,1326,302,34,32,31,43,8,32.0,0.995,10,0.9,0.043,690.77,Clear,0,1326,1,0.96,1.15,1.095
2026-09-03,CHI-HUB,Sortation,Evening,15,Thursday,0,0,0,1477,1357,338,1219,301,33,31,30,43,8,30.2,0.945,7,0.6,0.028,651.34,Clear,0,1219,1,1.08,1.15,1.095
2026-09-03,CHI-HUB,Sortation,Evening,16,Thursday,0,0,0,1609,1477,542,1365,282,34,33,32,44,8,26.6,0.97,3,0.8,0.02,685.56,Clear,0,1365,0,1.08,1.15,1.095
2026-09-03,CHI-HUB,Sortation,Evening,17,Thursday,0,0,1,2278,2092,501,2026,302,51,50,49,44,8,23.7,0.94,8,0.5,0.023,1036.95,Clear,0,2026,1,1.2,1.15,1.095
2026-09-03,CHI-HUB,Sortation,Evening,18,Thursday,0,0,1,2184,2006,687,1650,561,48,46,44,40,8,37.7,0.938,8,1.5,0.037,965.72,Clear,0,1650,2,1.2,1.15,1.095
2026-09-03,CHI-HUB,Sortation,Evening,19,Thursday,0,0,1,2306,2118,723,1955,409,52,52,50,40,8,28.4,0.978,9,0.8,0.047,1068.57,Clear,0,1955,3,1.2,1.15,1.095
2026-09-03,CHI-HUB,Sortation,Evening,20,Thursday,0,0,0,1736,1594,336,1515,275,42,40,38,41,8,25.8,0.973,0,0.7,0.04,792.5,Clear,0,1515,2,1.08,1.15,1.095
2026-09-03,CHI-HUB,Sortation,Evening,21,Thursday,0,0,0,1602,1471,312,1301,343,37,34,33,40,8,35.2,0.986,4,1.1,0.04,716.53,Clear,0,1301,0,0.96,1.15,1.095
2026-09-03,CHI-HUB,Sortation,Night,22,Thursday,0,0,0,1573,1445,533,1353,261,35,33,32,43,8,29.4,0.983,2,0.9,0.023,684.51,Clear,0,1353,0,0.96,1.15,1.095
2026-09-03,CHI-HUB,Sortation,Night,23,Thursday,0,0,0,1265,1161,444,1112,181,29,28,27,43,8,27.1,0.958,2,0.5,0.051,570.14,Clear,0,1112,2,0.82,1.15,1.095
2026-09-03,CHI-HUB,Outbound,Morning,6,Thursday,0,0,0,1398,1369,477,1166,267,26,25,24,50,8,31.8,0.972,7,0.9,0.034,544.37,Heavy Rain,0,1166,0,0.96,1.15,1.095
2026-09-03,CHI-HUB,Outbound,Morning,7,Thursday,0,0,0,1272,1246,354,1038,264,24,23,22,53,8,27.8,0.891,8,0.9,0.058,503.16,Clear,0,1038,1,1.2,1.15,1.095
2026-09-03,CHI-HUB,Outbound,Morning,8,Thursday,0,0,1,1685,1651,348,1203,506,32,31,29,45,8,41.2,0.922,5,1.8,0.056,662.86,Clear,0,1203,2,1.2,1.15,1.095
2026-09-03,CHI-HUB,Outbound,Morning,9,Thursday,0,0,1,1676,1642,549,1400,318,31,30,29,50,8,32.3,0.966,6,0.8,0.035,637.9,Clear,0,1400,2,1.2,1.15,1.095
2026-09-03,CHI-HUB,Outbound,Morning,10,Thursday,0,0,0,1541,1510,469,1190,390,28,28,27,48,8,37.6,0.919,5,1.7,0.031,618.41,Clear,0,1190,0,1.08,1.15,1.095
2026-09-03,CHI-HUB,Outbound,Morning,11,Thursday,0,0,0,1426,1397,398,1099,358,24,24,23,51,8,35.4,0.938,8,1.9,0.053,553.51,Clear,0,1099,1,1.08,1.15,1.095
2026-09-03,CHI-HUB,Outbound,Morning,12,Thursday,0,0,0,1296,1270,461,1028,302,22,22,21,51,8,36.0,0.961,10,0.3,0.032,473.71,Clear,0,1028,3,0.96,1.15,1.095
2026-09-03,CHI-HUB,Outbound,Morning,13,Thursday,0,0,0,1229,1204,369,1061,206,22,22,21,52,8,28.7,0.972,7,1.0,0.035,482.49,Clear,0,1061,1,0.96,1.15,1.095
2026-09-03,CHI-HUB,Outbound,Evening,14,Thursday,0,0,0,1425,1396,305,1222,219,25,24,24,53,8,28.7,0.961,6,0.3,0.01,521.79,Clear,0,1222,0,0.96,1.15,1.095
2026-09-03,CHI-HUB,Outbound,Evening,15,Thursday,0,0,0,1603,1570,458,1379,254,30,30,29,52,8,27.9,0.915,3,0.7,0.043,625.91,Rain,0,1379,0,1.08,1.15,1.095
2026-09-03,CHI-HUB,Outbound,Evening,16,Thursday,0,0,0,1528,1497,404,1066,493,29,27,26,41,8,46.9,1.0,10,2.2,0.033,628.68,Clear,0,1066,0,1.08,1.15,1.095
2026-09-03,CHI-HUB,Outbound,Evening,17,Thursday,0,0,1,1866,1828,594,1548,365,34,34,32,49,8,31.2,0.988,5,1.6,0.049,719.09,Clear,0,1548,0,1.2,1.15,1.095
2026-09-03,CHI-HUB,Outbound,Evening,18,Thursday,0,0,1,1718,1683,407,1524,227,30,30,29,54,8,28.7,0.973,1,1.1,0.029,631.07,Clear,0,1524,2,1.2,1.15,1.095
2026-09-03,CHI-HUB,Outbound,Evening,19,Thursday,0,0,1,2112,2069,632,1687,485,40,39,38,48,8,33.3,0.925,6,1.0,0.026,834.77,Storm,0,1687,1,1.2,1.15,1.095
2026-09-03,CHI-HUB,Outbound,Evening,20,Thursday,0,0,0,1666,1632,310,1452,250,32,31,30,51,8,28.3,0.95,5,0.6,0.042,648.4,Clear,0,1452,0,1.08,1.15,1.095
2026-09-03,CHI-HUB,Outbound,Evening,21,Thursday,0,0,0,1325,1298,466,1117,229,23,22,21,56,8,29.7,0.95,1,0.8,0.041,459.45,Clear,0,1117,1,0.96,1.15,1.095
2026-09-03,CHI-HUB,Outbound,Night,22,Thursday,0,0,0,1284,1258,447,1081,249,24,23,23,49,8,32.0,0.96,1,1.1,0.018,506.1,Clear,0,1081,1,0.96,1.15,1.095
2026-09-03,CHI-HUB,Outbound,Night,23,Thursday,0,0,0,1213,1188,360,1055,199,25,22,22,49,8,30.7,0.979,1,1.0,0.018,483.82,Rain,0,1055,2,0.82,1.15,1.095
2026-09-03,DAL-HUB,Inbound,Morning,6,Thursday,0,0,0,1322,1167,397,1197,105,25,24,23,54,8,20.5,0.964,5,0.3,0.059,496.25,Clear,0,1197,0,0.96,1.15,1.095
2026-09-03,DAL-HUB,Inbound,Morning,7,Thursday,0,0,0,1639,1446,323,1381,234,31,31,30,47,8,30.9,0.98,1,1.1,0.031,647.93,Clear,0,1381,1,1.2,1.15,1.095
2026-09-03,DAL-HUB,Inbound,Morning,8,Thursday,0,0,1,1702,1502,450,1519,159,34,32,31,49,8,24.6,1.0,9,0.6,0.035,680.14,Clear,0,1519,0,1.2,1.15,1.095
2026-09-03,DAL-HUB,Inbound,Morning,9,Thursday,0,0,1,1710,1509,464,1306,389,30,31,29,48,8,37.3,0.938,1,1.3,0.056,635.29,Clear,0,1306,0,1.2,1.15,1.095
2026-09-03,DAL-HUB,Inbound,Morning,10,Thursday,0,0,0,1410,1244,464,1076,329,25,25,24,47,8,39.7,0.954,5,0.9,0.037,534.09,Clear,0,1076,1,1.08,1.15,1.095
2026-09-03,DAL-HUB,Inbound,Morning,11,Thursday,0,0,0,1432,1263,272,1127,270,28,26,25,47,8,29.2,0.959,7,1.2,0.041,568.77,Clear,0,1127,0,1.08,1.15,1.095
2026-09-03,DAL-HUB,Inbound,Morning,12,Thursday,0,0,0,1132,999,320,885,221,22,21,21,43,8,33.6,0.981,3,0.7,0.01,458.68,Clear,0,885,2,0.96,1.15,1.095
2026-09-03,DAL-HUB,Inbound,Morning,13,Thursday,0,0,0,1241,1095,298,968,269,22,21,20,51,8,33.2,0.95,9,1.4,0.044,484.29,Storm,0,968,0,0.96,1.15,1.095
2026-09-03,DAL-HUB,Inbound,Evening,14,Thursday,0,0,0,1241,1095,232,1036,186,25,24,23,47,8,27.2,0.959,5,0.6,0.04,503.21,Clear,0,1036,0,0.96,1.15,1.095
2026-09-03,DAL-HUB,Inbound,Evening,15,Thursday,0,0,0,1501,1324,312,1217,255,27,27,26,49,8,29.8,0.956,9,0.3,0.043,570.7,Clear,0,1217,0,1.08,1.15,1.095
2026-09-03,DAL-HUB,Inbound,Evening,16,Thursday,0,0,0,1362,1202,423,1204,139,25,24,24,52,8,24.3,0.965,2,0.8,0.017,520.85,Clear,0,1204,0,1.08,1.15,1.095
2026-09-03,DAL-HUB,Inbound,Evening,17,Thursday,0,0,1,1630,1439,530,1135,476,29,28,27,43,8,41.2,0.978,6,1.4,0.033,613.68,Clear,0,1135,2,1.2,1.15,1.095
2026-09-03,DAL-HUB,Inbound,Evening,18,Thursday,0,0,1,1717,1515,313,1198,484,31,29,28,44,8,41.8,0.972,6,2.2,0.033,657.11,Clear,0,1198,2,1.2,1.15,1.095
2026-09-03,DAL-HUB,Inbound,Evening,19,Thursday,0,0,1,1665,1469,306,1421,216,30,30,29,49,8,23.9,1.0,4,1.2,0.042,641.29,Clear,0,1421,2,1.2,1.15,1.095
2026-09-03,DAL-HUB,Inbound,Evening,20,Thursday,0,0,0,1374,1213,309,1145,214,25,24,23,52,8,29.4,0.958,4,0.5,0.03,499.56,Clear,0,1145,0,1.08,1.15,1.095
2026-09-03,DAL-HUB,Inbound,Evening,21,Thursday,0,0,0,1197,1056,254,933,262,22,21,20,48,8,34.1,0.972,5,0.9,0.037,452.33,Clear,0,933,2,0.96,1.15,1.095
2026-09-03,DAL-HUB,Inbound,Night,22,Thursday,0,0,0,1287,1135,317,1093,159,23,23,22,53,8,24.5,0.938,2,0.3,0.036,469.24,Heavy Rain,0,1093,2,0.96,1.15,1.095
2026-09-03,DAL-HUB,Inbound,Night,23,Thursday,0,0,0,1094,965,271,837,245,22,21,20,44,8,35.9,0.952,1,1.1,0.027,443.31,Clear,0,837,3,0.82,1.15,1.095
2026-09-03,DAL-HUB,Sortation,Morning,6,Thursday,0,0,0,1402,1287,367,1410,18,31,30,29,49,8,18.2,0.993,8,0.4,0.037,628.06,Clear,0,1410,0,0.96,1.15,1.095
2026-09-03,DAL-HUB,Sortation,Morning,7,Thursday,0,0,0,1726,1585,513,1353,423,34,34,33,41,8,34.7,1.0,0,1.1,0.021,706.02,Clear,0,1353,0,1.2,1.15,1.095
2026-09-03,DAL-HUB,Sortation,Morning,8,Thursday,0,0,1,1917,1761,681,1620,349,41,40,39,45,8,29.8,0.923,2,1.3,0.033,838.53,Clear,0,1620,3,1.2,1.15,1.095
2026-09-03,DAL-HUB,Sortation,Morning,9,Thursday,0,0,1,1787,1641,436,1415,407,41,39,38,41,8,32.4,0.908,8,0.9,0.03,824.63,Clear,0,1415,0,1.2,1.15,1.095
2026-09-03,DAL-HUB,Sortation,Morning,10,Thursday,0,0,0,1308,1201,326,1055,285,29,27,26,43,8,32.0,0.944,2,1.3,0.023,573.83,Clear,0,1055,1,1.08,1.15,1.095
2026-09-03,DAL-HUB,Sortation,Morning,11,Thursday,0,0,0,1604,1473,336,1404,230,37,36,36,39,8,27.1,1.0,2,1.2,0.013,771.47,Clear,0,1404,2,1.08,1.15,1.095
2026-09-03,DAL-HUB,Sortation,Morning,12,Thursday,0,0,0,1350,1240,463,1166,215,29,27,26,47,8,29.7,0.954,4,1.0,0.038,572.6,Clear,0,1166,1,0.96,1.15,1.095
2026-09-03,DAL-HUB,Sortation,Morning,13,Thursday,0,0,0,1270,1166,312,1016,299,29,28,27,40,8,32.7,0.941,1,1.1,0.042,583.83,Clear,0,1016,1,0.96,1.15,1.095
2026-09-03,DAL-HUB,Sortation,Evening,14,Thursday,0,0,0,1225,1125,411,1031,236,28,27,26,42,8,32.4,0.944,5,1.1,0.028,576.3,Clear,0,1031,0,0.96,1.15,1.095
2026-09-03,DAL-HUB,Sortation,Evening,15,Thursday,0,0,0,1386,1273,287,1169,251,32,30,29,42,8,29.3,0.961,6,1.2,0.027,643.77,Clear,0,1169,0,1.08,1.15,1.095
2026-09-03,DAL-HUB,Sortation,Evening,16,Thursday,0,0,0,1440,1323,313,1202,271,32,31,30,42,8,28.0,0.954,1,1.3,0.034,652.65,Rain,0,1202,1,1.08,1.15,1.095
2026-09-03,DAL-HUB,Sortation,Evening,17,Thursday,0,0,1,1944,1785,653,1906,80,46,43,42,47,8,21.6,0.966,5,0.6,0.025,887.51,Clear,0,1906,2,1.2,1.15,1.095
2026-09-03,DAL-HUB,Sortation,Evening,18,Thursday,0,0,1,1681,1544,340,1308,401,36,34,33,42,8,35.6,0.944,10,1.2,0.028,739.99,Clear,0,1308,1,1.2,1.15,1.095
2026-09-03,DAL-HUB,Sortation,Evening,19,Thursday,0,0,1,1844,1693,488,1882,14,46,44,43,44,8,14.5,1.0,0,0.4,0.034,883.58,Clear,0,1882,3,1.2,1.15,1.095
2026-09-03,DAL-HUB,Sortation,Evening,20,Thursday,0,0,0,1364,1252,419,1239,146,29,29,28,46,8,21.1,0.963,2,0.5,0.025,591.46,Clear,0,1239,2,1.08,1.15,1.095
2026-09-03,DAL-HUB,Sortation,Evening,21,Thursday,0,0,0,1262,1159,324,912,363,25,25,24,38,8,39.3,1.0,7,2.3,0.047,582.62,Storm,0,912,2,0.96,1.15,1.095
2026-09-03,DAL-HUB,Sortation,Night,22,Thursday,0,0,0,1403,1288,321,1220,203,33,32,31,40,8,26.7,0.984,8,0.8,0.034,679.82,Rain,0,1220,0,0.96,1.15,1.095
2026-09-03,DAL-HUB,Sortation,Night,23,Thursday,0,0,0,1066,979,338,902,173,24,23,22,43,8,25.6,0.954,10,1.3,0.038,516.98,Clear,0,902,2,0.82,1.15,1.095
2026-09-03,DAL-HUB,Outbound,Morning,6,Thursday,0,0,0,1084,1062,321,957,161,20,20,19,52,8,27.3,0.969,0,0.5,0.025,404.43,Clear,0,957,0,0.96,1.15,1.095
2026-09-03,DAL-HUB,Outbound,Morning,7,Thursday,0,0,0,1543,1512,472,1318,280,29,28,27,52,8,29.2,0.939,1,0.7,0.045,577.65,Clear,0,1318,1,1.2,1.15,1.095
2026-09-03,DAL-HUB,Outbound,Morning,8,Thursday,0,0,1,1510,1479,466,1294,253,29,29,28,48,8,25.6,0.963,10,0.8,0.042,629.8,Rain,0,1294,2,1.2,1.15,1.095
2026-09-03,DAL-HUB,Outbound,Morning,9,Thursday,0,0,1,1637,1604,334,1397,265,33,32,30,48,8,29.1,0.971,6,0.9,0.053,659.48,Clear,0,1397,1,1.2,1.15,1.095
2026-09-03,DAL-HUB,Outbound,Morning,10,Thursday,0,0,0,1207,1182,424,971,274,23,22,21,50,8,32.7,0.925,4,1.5,0.048,486.48,Clear,0,971,2,1.08,1.15,1.095
2026-09-03,DAL-HUB,Outbound,Morning,11,Thursday,0,0,0,1257,1231,406,1029,258,23,21,21,49,8,32.9,1.0,9,1.7,0.023,508.99,Clear,0,1029,2,1.08,1.15,1.095
2026-09-03,DAL-HUB,Outbound,Morning,12,Thursday,0,0,0,1215,1190,246,1027,220,22,22,21,49,8,31.4,0.998,2,1.4,0.024,477.42,Clear,0,1027,0,0.96,1.15,1.095
2026-09-03,DAL-HUB,Outbound,Morning,13,Thursday,0,0,0,1147,1124,265,1134,37,22,22,21,54,8,22.4,1.0,2,0.5,0.034,450.98,Clear,0,1134,0,0.96,1.15,1.095
2026-09-03,DAL-HUB,Outbound,Evening,14,Thursday,0,0,0,1135,1112,364,914,259,21,20,19,49,8,33.1,0.983,1,1.3,0.037,430.96,Clear,0,914,0,0.96,1.15,1.095
2026-09-03,DAL-HUB,Outbound,Evening,15,Thursday,0,0,0,1289,1263,441,1205,98,27,26,25,50,8,20.9,0.964,2,0.3,0.052,530.73,Storm,0,1205,1,1.08,1.15,1.095
2026-09-03,DAL-HUB,Outbound,Evening,16,Thursday,0,0,0,1232,1207,255,965,290,23,22,21,48,8,33.1,0.958,10,1.0,0.056,492.14,Clear,0,965,1,1.08,1.15,1.095
2026-09-03,DAL-HUB,Outbound,Evening,17,Thursday,0,0,1,1419,1390,367,1363,118,28,26,25,55,8,24.1,0.991,9,0.3,0.045,550.76,Clear,0,1363,1,1.2,1.15,1.095
2026-09-03,DAL-HUB,Outbound,Evening,18,Thursday,0,0,1,1626,1593,529,1251,402,30,29,28,49,8,34.1,0.912,0,1.5,0.027,619.67,Rain,0,1251,3,1.2,1.15,1.095
2026-09-03,DAL-HUB,Outbound,Evening,19,Thursday,0,0,1,1672,1638,355,1353,374,30,31,29,49,8,30.6,0.952,9,0.8,0.05,647.43,Clear,0,1353,0,1.2,1.15,1.095
2026-09-03,DAL-HUB,Outbound,Evening,20,Thursday,0,0,0,1257,1231,322,987,300,21,21,20,52,8,37.8,0.949,2,1.2,0.043,453.09,Clear,0,987,3,1.08,1.15,1.095
2026-09-03,DAL-HUB,Outbound,Evening,21,Thursday,0,0,0,1141,1118,327,940,234,20,21,20,49,8,30.9,0.96,6,0.8,0.032,455.09,Heavy Rain,0,940,2,0.96,1.15,1.095
2026-09-03,DAL-HUB,Outbound,Night,22,Thursday,0,0,0,1092,1070,348,919,183,21,21,20,48,8,26.1,0.958,10,0.8,0.053,466.88,Heavy Rain,0,919,1,0.96,1.15,1.095
2026-09-03,DAL-HUB,Outbound,Night,23,Thursday,0,0,0,951,932,253,824,159,19,18,17,50,8,30.8,0.97,2,0.8,0.038,377.78,Clear,0,824,2,0.82,1.15,1.095
2026-09-04,ATL-HUB,Inbound,Morning,6,Friday,0,0,0,1589,1402,381,1225,336,29,28,27,49,8,33.0,0.926,2,0.3,0.043,569.34,Clear,0,1225,1,0.96,1.15,1.05
2026-09-04,ATL-HUB,Inbound,Morning,7,Friday,0,0,0,1901,1677,535,1624,243,38,37,35,47,8,24.3,0.988,7,1.0,0.042,766.45,Clear,0,1624,1,1.2,1.15,1.05
2026-09-04,ATL-HUB,Inbound,Morning,8,Friday,0,0,1,2181,1925,671,1734,405,41,39,38,48,8,28.4,0.951,7,1.2,0.029,835.5,Clear,0,1734,3,1.2,1.15,1.05
2026-09-04,ATL-HUB,Inbound,Morning,9,Friday,0,0,1,2094,1847,374,1624,424,37,37,36,48,8,29.4,0.94,8,1.5,0.022,806.55,Clear,0,1624,4,1.2,1.15,1.05
2026-09-04,ATL-HUB,Inbound,Morning,10,Friday,0,0,0,1806,1593,614,1099,669,30,30,28,41,8,51.0,0.958,6,2.7,0.059,672.68,Clear,0,1099,0,1.08,1.15,1.05
2026-09-04,ATL-HUB,Inbound,Morning,11,Friday,0,0,0,1689,1490,402,1472,213,33,31,30,52,8,25.2,0.944,8,1.1,0.021,671.21,Clear,0,1472,0,1.08,1.15,1.05
2026-09-04,ATL-HUB,Inbound,Morning,12,Friday,0,0,0,1400,1235,370,1119,273,25,25,24,50,8,34.7,0.933,0,1.0,0.032,522.2,Rain,0,1119,0,0.96,1.15,1.05
2026-09-04,ATL-HUB,Inbound,Morning,13,Friday,0,0,0,1424,1257,257,1128,291,26,25,24,50,8,29.8,0.94,3,0.7,0.029,522.35,Clear,0,1128,0,0.96,1.15,1.05
2026-09-04,ATL-HUB,Inbound,Evening,14,Friday,0,0,0,1487,1312,416,1198,255,28,28,27,46,8,27.6,0.965,1,0.4,0.053,567.14,Clear,0,1198,1,0.96,1.15,1.05
2026-09-04,ATL-HUB,Inbound,Evening,15,Friday,0,0,0,1810,1597,415,1286,491,32,32,31,42,8,42.3,0.988,8,1.7,0.018,709.65,Clear,0,1286,1,1.08,1.15,1.05
2026-09-04,ATL-HUB,Inbound,Evening,16,Friday,0,0,0,1761,1554,485,1333,413,34,33,31,46,8,33.6,0.935,4,1.2,0.056,681.99,Clear,0,1333,3,1.08,1.15,1.05
2026-09-04,ATL-HUB,Inbound,Evening,17,Friday,0,0,1,2120,1871,620,1614,469,39,38,36,46,8,34.9,0.975,8,1.8,0.043,815.42,Clear,0,1614,2,1.2,1.15,1.05
2026-09-04,ATL-HUB,Inbound,Evening,18,Friday,0,0,1,2086,1841,617,1944,93,42,40,39,52,8,21.6,0.959,2,0.0,0.031,803.73,Clear,0,1944,2,1.2,1.15,1.05
2026-09-04,ATL-HUB,Inbound,Evening,19,Friday,0,0,1,2111,1863,434,1487,603,35,36,34,47,8,39.6,0.931,7,1.3,0.054,759.06,Clear,0,1487,1,1.2,1.15,1.05
2026-09-04,ATL-HUB,Inbound,Evening,20,Friday,0,0,0,1774,1566,321,1488,260,33,32,31,48,8,24.8,1.0,8,0.8,0.039,683.82,Clear,0,1488,0,1.08,1.15,1.05
2026-09-04,ATL-HUB,Inbound,Evening,21,Friday,0,0,0,1566,1382,290,1261,276,31,29,28,46,8,30.7,0.979,6,1.1,0.03,623.65,Clear,0,1261,0,0.96,1.15,1.05
2026-09-04,ATL-HUB,Inbound,Night,22,Friday,0,0,0,1519,1341,496,1144,374,27,27,26,46,8,37.9,0.957,8,0.7,0.034,579.02,Clear,0,1144,1,0.96,1.15,1.05
2026-09-04,ATL-HUB,Inbound,Night,23,Friday,0,0,0,1196,1055,259,872,306,21,21,20,45,8,37.9,0.97,8,1.9,0.037,492.45,Heavy Rain,0,872,0,0.82,1.15,1.05
2026-09-04,ATL-HUB,Sortation,Morning,6,Friday,0,0,0,1637,1503,372,1238,407,34,34,33,42,8,38.4,0.893,7,1.0,0.031,723.98,Clear,0,1238,1,0.96,1.15,1.05
2026-09-04,ATL-HUB,Sortation,Morning,7,Friday,0,0,0,1826,1677,640,1739,129,39,38,37,47,8,19.7,1.0,5,0.6,0.035,787.85,Clear,0,1739,4,1.2,1.15,1.05
2026-09-04,ATL-HUB,Sortation,Morning,8,Friday,0,0,1,2189,2010,455,1756,474,48,48,46,39,8,32.0,0.979,1,1.3,0.033,976.81,Clear,0,1756,0,1.2,1.15,1.05
2026-09-04,ATL-HUB,Sortation,Morning,9,Friday,0,0,1,2299,2111,633,1804,556,47,48,46,42,8,33.1,0.934,4,0.9,0.032,977.23,Clear,0,1804,3,1.2,1.15,1.05
2026-09-04,ATL-HUB,Sortation,Morning,10,Friday,0,0,0,1652,1517,517,1386,309,36,33,32,46,8,28.8,0.942,4,0.9,0.017,692.35,Clear,0,1386,1,1.08,1.15,1.05
2026-09-04,ATL-HUB,Sortation,Morning,11,Friday,0,0,0,1830,1681,444,1284,584,38,38,36,38,8,42.4,0.939,5,1.3,0.043,794.75,Storm,0,1284,1,1.08,1.15,1.05
2026-09-04,ATL-HUB,Sortation,Morning,12,Friday,0,0,0,1569,1441,392,1226,389,32,32,31,41,8,35.7,0.965,10,1.2,0.019,698.94,Clear,0,1226,3,0.96,1.15,1.05
2026-09-04,ATL-HUB,Sortation,Morning,13,Friday,0,0,0,1501,1378,355,1191,365,30,29,28,43,8,36.2,0.99,6,1.9,0.028,645.98,Clear,0,1191,1,0.96,1.15,1.05
2026-09-04,ATL-HUB,Sortation,Evening,14,Friday,0,0,0,1633,1500,516,1367,281,35,34,33,44,8,32.4,0.942,6,1.0,0.035,720.71,Clear,0,1367,0,0.96,1.15,1.05
2026-09-04,ATL-HUB,Sortation,Evening,15,Friday,0,0,0,1910,1754,414,1541,401,38,38,36,43,8,31.8,0.996,1,0.9,0.064,765.48,Clear,0,1541,4,1.08,1.15,1.05
2026-09-04,ATL-HUB,Sortation,Evening,16,Friday,0,0,0,1725,1584,537,1330,423,37,35,34,40,8,34.5,0.979,0,1.5,0.022,736.7,Clear,0,1330,1,1.08,1.15,1.05
2026-09-04,ATL-HUB,Sortation,Evening,17,Friday,0,0,1,2164,1988,495,1536,670,43,44,42,39,8,41.6,0.938,4,1.2,0.036,905.16,Clear,0,1536,2,1.2,1.15,1.05
2026-09-04,ATL-HUB,Sortation,Evening,18,Friday,0,0,1,2026,1861,615,1663,414,44,42,41,43,8,30.2,0.943,0,1.0,0.03,864.72,Clear,0,1663,0,1.2,1.15,1.05
2026-09-04,ATL-HUB,Sortation,Evening,19,Friday,0,0,1,2295,2107,448,1885,467,50,49,46,43,8,31.3,0.953,5,0.7,0.053,974.76,Clear,0,1885,3,1.2,1.15,1.05
2026-09-04,ATL-HUB,Sortation,Evening,20,Friday,0,0,0,1876,1723,407,1369,552,38,38,37,37,8,41.2,1.0,1,2.0,0.037,815.17,Clear,0,1369,0,1.08,1.15,1.05
2026-09-04,ATL-HUB,Sortation,Evening,21,Friday,0,0,0,1725,1584,403,1330,430,36,37,35,38,8,38.5,1.0,5,1.4,0.059,769.4,Clear,0,1330,1,0.96,1.15,1.05
2026-09-04,ATL-HUB,Sortation,Night,22,Friday,0,0,0,1710,1570,447,1426,333,39,37,35,42,8,30.2,0.97,9,1.2,0.046,782.59,Storm,0,1426,2,0.96,1.15,1.05
2026-09-04,ATL-HUB,Sortation,Night,23,Friday,0,0,0,1368,1256,336,1281,113,32,30,29,45,8,21.7,0.982,2,0.6,0.047,613.83,Clear,0,1281,0,0.82,1.15,1.05
2026-09-04,ATL-HUB,Outbound,Morning,6,Friday,0,0,0,1462,1432,505,1102,398,26,26,25,46,8,40.1,0.959,0,1.4,0.039,553.56,Clear,0,1102,2,0.96,1.15,1.05
2026-09-04,ATL-HUB,Outbound,Morning,7,Friday,0,0,0,1780,1744,468,1645,162,34,33,32,52,8,23.2,0.989,4,0.8,0.042,691.91,Clear,0,1645,3,1.2,1.15,1.05
2026-09-04,ATL-HUB,Outbound,Morning,8,Friday,0,0,1,1995,1954,474,1547,494,38,36,35,47,8,35.8,0.941,2,1.1,0.041,756.35,Clear,0,1547,1,1.2,1.15,1.05
2026-09-04,ATL-HUB,Outbound,Morning,9,Friday,0,0,1,1897,1858,418,1803,135,39,39,37,52,8,21.3,0.937,8,0.2,0.04,787.55,Clear,0,1803,3,1.2,1.15,1.05
2026-09-04,ATL-HUB,Outbound,Morning,10,Friday,0,0,0,1584,1552,377,1445,176,32,31,30,50,8,25.1,0.963,0,0.6,0.045,634.4,Heavy Rain,0,1445,1,1.08,1.15,1.05
2026-09-04,ATL-HUB,Outbound,Morning,11,Friday,0,0,0,1587,1555,367,1165,475,26,27,25,49,8,42.9,0.951,6,1.8,0.056,586.26,Clear,0,1165,1,1.08,1.15,1.05
2026-09-04,ATL-HUB,Outbound,Morning,12,Friday,0,0,0,1423,1394,464,1156,292,27,25,24,51,8,30.9,0.945,1,0.8,0.038,519.75,Clear,0,1156,2,0.96,1.15,1.05
2026-09-04,ATL-HUB,Outbound,Morning,13,Friday,0,0,0,1354,1326,377,1170,217,26,24,23,52,8,27.3,0.978,5,1.3,0.023,525.78,Clear,0,1170,0,0.96,1.15,1.05
2026-09-04,ATL-HUB,Outbound,Evening,14,Friday,0,0,0,1401,1372,335,1078,341,25,25,24,48,8,34.7,0.936,2,1.5,0.021,542.14,Clear,0,1078,1,0.96,1.15,1.05
2026-09-04,ATL-HUB,Outbound,Evening,15,Friday,0,0,0,1557,1525,511,1241,349,29,27,26,51,8,35.4,0.937,5,0.9,0.036,576.8,Clear,0,1241,0,1.08,1.15,1.05
2026-09-04,ATL-HUB,Outbound,Evening,16,Friday,0,0,0,1716,1681,493,1412,321,30,31,29,52,8,28.5,0.936,1,0.6,0.057,617.04,Clear,0,1412,0,1.08,1.15,1.05
2026-09-04,ATL-HUB,Outbound,Evening,17,Friday,0,0,1,1903,1864,619,1509,454,35,33,32,49,8,33.3,0.963,4,0.9,0.029,696.96,Clear,0,1509,0,1.2,1.15,1.05
2026-09-04,ATL-HUB,Outbound,Evening,18,Friday,0,0,1,2079,2037,555,1638,493,38,37,35,48,8,35.6,0.975,5,1.2,0.042,774.88,Heavy Rain,0,1638,3,1.2,1.15,1.05
2026-09-04,ATL-HUB,Outbound,Evening,19,Friday,0,0,1,2081,2039,548,1611,514,39,36,35,50,8,38.3,0.921,7,1.5,0.03,785.13,Clear,0,1611,0,1.2,1.15,1.05
2026-09-04,ATL-HUB,Outbound,Evening,20,Friday,0,0,0,1556,1524,291,1308,285,29,29,28,49,8,30.3,0.954,1,0.8,0.025,600.18,Clear,0,1308,0,1.08,1.15,1.05
2026-09-04,ATL-HUB,Outbound,Evening,21,Friday,0,0,0,1364,1336,423,1177,211,28,25,25,50,8,30.8,0.942,5,0.6,0.013,545.36,Clear,0,1177,1,0.96,1.15,1.05
2026-09-04,ATL-HUB,Outbound,Night,22,Friday,0,0,0,1384,1356,377,1077,354,25,24,23,47,8,38.6,0.997,9,1.2,0.032,536.33,Clear,0,1077,1,0.96,1.15,1.05
2026-09-04,ATL-HUB,Outbound,Night,23,Friday,0,0,0,1358,1330,339,1219,167,24,24,23,53,8,23.7,1.0,6,1.0,0.059,520.65,Clear,0,1219,0,0.82,1.15,1.05
2026-09-04,CHI-HUB,Inbound,Morning,6,Friday,0,0,0,1437,1268,345,1099,328,24,24,23,49,8,34.2,0.976,5,1.4,0.05,529.06,Clear,0,1099,1,0.96,1.15,1.05
2026-09-04,CHI-HUB,Inbound,Morning,7,Friday,0,0,0,1708,1507,563,1221,458,29,29,28,46,8,38.8,0.948,3,1.9,0.043,638.95,Clear,0,1221,1,1.2,1.15,1.05
2026-09-04,CHI-HUB,Inbound,Morning,8,Friday,0,0,1,2017,1780,660,1459,505,38,35,34,46,8,34.6,0.933,1,1.3,0.024,742.48,Heavy Rain,0,1459,0,1.2,1.15,1.05
2026-09-04,CHI-HUB,Inbound,Morning,9,Friday,0,0,1,2069,1826,454,1474,547,36,37,35,44,8,38.2,0.958,6,1.7,0.043,785.82,Clear,0,1474,0,1.2,1.15,1.05
2026-09-04,CHI-HUB,Inbound,Morning,10,Friday,0,0,0,1358,1198,379,1111,211,26,25,24,48,8,26.8,0.965,6,0.4,0.046,522.38,Clear,0,1111,1,1.08,1.15,1.05
2026-09-04,CHI-HUB,Inbound,Morning,11,Friday,0,0,0,1590,1403,484,1328,222,31,30,29,50,8,26.8,0.916,10,0.8,0.024,647.96,Clear,0,1328,4,1.08,1.15,1.05
2026-09-04,CHI-HUB,Inbound,Morning,12,Friday,0,0,0,1283,1132,255,1083,194,24,24,23,50,8,29.2,0.942,5,0.0,0.031,491.67,Storm,0,1083,0,0.96,1.15,1.05
2026-09-04,CHI-HUB,Inbound,Morning,13,Friday,0,0,0,1337,1179,447,1096,230,27,25,24,49,8,29.9,0.932,5,0.8,0.025,530.0,Clear,0,1096,1,0.96,1.15,1.05
2026-09-04,CHI-HUB,Inbound,Evening,14,Friday,0,0,0,1453,1282,426,1157,266,27,25,24,51,8,30.6,0.946,5,0.9,0.031,534.85,Clear,0,1157,0,0.96,1.15,1.05
2026-09-04,CHI-HUB,Inbound,Evening,15,Friday,0,0,0,1578,1393,397,1316,240,29,29,28,48,8,26.9,0.98,10,0.6,0.03,622.66,Clear,0,1316,2,1.08,1.15,1.05
2026-09-04,CHI-HUB,Inbound,Evening,16,Friday,0,0,0,1519,1341,499,1064,434,30,29,28,40,8,41.3,0.95,8,1.6,0.033,643.22,Clear,0,1064,1,1.08,1.15,1.05
2026-09-04,CHI-HUB,Inbound,Evening,17,Friday,0,0,1,1816,1602,388,1315,453,31,30,29,47,8,38.6,0.965,7,1.5,0.022,661.96,Clear,0,1315,1,1.2,1.15,1.05
2026-09-04,CHI-HUB,Inbound,Evening,18,Friday,0,0,1,1755,1548,445,1394,335,33,31,30,50,8,31.5,0.93,9,0.8,0.026,667.18,Clear,0,1394,2,1.2,1.15,1.05
2026-09-04,CHI-HUB,Inbound,Evening,19,Friday,0,0,1,1668,1472,310,1376,269,33,31,30,46,8,29.8,0.997,2,0.6,0.04,637.65,Clear,0,1376,2,1.2,1.15,1.05
2026-09-04,CHI-HUB,Inbound,Evening,20,Friday,0,0,0,1608,1419,390,1407,171,33,33,32,47,8,24.0,0.936,3,1.0,0.039,689.99,Clear,0,1407,1,1.08,1.15,1.05
2026-09-04,CHI-HUB,Inbound,Evening,21,Friday,0,0,0,1452,1281,452,1218,212,28,27,26,48,8,27.2,0.977,6,1.0,0.038,579.83,Clear,0,1218,1,0.96,1.15,1.05
2026-09-04,CHI-HUB,Inbound,Night,22,Friday,0,0,0,1332,1175,444,1022,301,25,24,23,46,8,35.2,0.967,8,1.4,0.029,536.81,Clear,0,1022,0,0.96,1.15,1.05
2026-09-04,CHI-HUB,Inbound,Night,23,Friday,0,0,0,1190,1050,345,978,203,20,21,20,51,8,30.6,0.96,2,1.2,0.034,451.01,Clear,0,978,0,0.82,1.15,1.05
2026-09-04,CHI-HUB,Sortation,Morning,6,Friday,0,0,0,1370,1258,416,1083,315,26,27,25,45,8,33.9,0.963,10,1.3,0.059,581.06,Clear,0,1083,0,0.96,1.15,1.05
2026-09-04,CHI-HUB,Sortation,Morning,7,Friday,0,0,0,1901,1746,438,1590,353,44,41,40,42,8,28.1,0.946,8,0.9,0.017,865.72,Clear,0,1590,0,1.2,1.15,1.05
2026-09-04,CHI-HUB,Sortation,Morning,8,Friday,0,0,1,2157,1981,658,1985,219,47,45,44,46,8,26.5,0.981,4,0.6,0.016,927.24,Clear,0,1985,1,1.2,1.15,1.05
2026-09-04,CHI-HUB,Sortation,Morning,9,Friday,0,0,1,2026,1861,650,1738,331,45,43,42,42,8,27.6,0.986,7,1.5,0.015,920.62,Clear,0,1738,1,1.2,1.15,1.05
2026-09-04,CHI-HUB,Sortation,Morning,10,Friday,0,0,0,1649,1514,515,1243,457,36,34,32,40,8,34.3,0.971,5,1.5,0.045,712.29,Clear,0,1243,0,1.08,1.15,1.05
2026-09-04,CHI-HUB,Sortation,Morning,11,Friday,0,0,0,1491,1369,491,1146,381,31,31,30,41,8,36.7,0.932,0,1.5,0.034,654.4,Clear,0,1146,0,1.08,1.15,1.05
2026-09-04,CHI-HUB,Sortation,Morning,12,Friday,0,0,0,1404,1289,439,1350,90,33,31,30,45,8,23.9,1.0,3,0.6,0.033,637.19,Clear,0,1350,1,0.96,1.15,1.05
2026-09-04,CHI-HUB,Sortation,Morning,13,Friday,0,0,0,1344,1234,473,1054,321,29,28,27,41,8,31.4,0.953,10,1.3,0.027,619.6,Clear,0,1054,1,0.96,1.15,1.05
2026-09-04,CHI-HUB,Sortation,Evening,14,Friday,0,0,0,1384,1271,382,1207,220,29,29,28,44,8,26.9,0.98,0,0.7,0.029,591.03,Clear,0,1207,0,0.96,1.15,1.05
2026-09-04,CHI-HUB,Sortation,Evening,15,Friday,0,0,0,1608,1476,480,1230,410,32,31,30,41,8,34.7,1.0,2,1.9,0.031,674.14,Clear,0,1230,0,1.08,1.15,1.05
2026-09-04,CHI-HUB,Sortation,Evening,16,Friday,0,0,0,1563,1435,527,1126,460,32,31,29,42,8,40.8,0.925,0,1.4,0.051,633.41,Clear,0,1126,1,1.08,1.15,1.05
2026-09-04,CHI-HUB,Sortation,Evening,17,Friday,0,0,1,2192,2013,666,1848,409,51,48,47,42,8,28.4,0.936,10,0.7,0.022,1013.2,Heavy Rain,0,1848,0,1.2,1.15,1.05
2026-09-04,CHI-HUB,Sortation,Evening,18,Friday,0,0,1,1959,1799,445,1442,568,44,42,42,36,8,37.3,0.954,1,1.6,0.01,902.98,Clear,0,1442,1,1.2,1.15,1.05
2026-09-04,CHI-HUB,Sortation,Evening,19,Friday,0,0,1,2060,1892,429,1532,577,46,43,41,41,8,37.0,0.912,2,1.3,0.041,882.43,Rain,0,1532,2,1.2,1.15,1.05
2026-09-04,CHI-HUB,Sortation,Evening,20,Friday,0,0,0,1622,1490,445,1508,141,36,36,35,45,8,27.7,0.958,10,0.5,0.029,758.31,Clear,0,1508,0,1.08,1.15,1.05
2026-09-04,CHI-HUB,Sortation,Evening,21,Friday,0,0,0,1431,1314,428,1328,134,32,30,29,48,8,22.9,0.955,4,0.8,0.032,627.0,Clear,0,1328,3,0.96,1.15,1.05
2026-09-04,CHI-HUB,Sortation,Night,22,Friday,0,0,0,1375,1263,420,1291,104,31,31,30,45,8,20.0,0.956,4,0.6,0.025,639.87,Clear,0,1291,3,0.96,1.15,1.05
2026-09-04,CHI-HUB,Sortation,Night,23,Friday,0,0,0,1170,1074,282,986,226,26,25,24,44,8,30.6,0.934,0,0.9,0.027,514.69,Clear,0,986,0,0.82,1.15,1.05
2026-09-04,CHI-HUB,Outbound,Morning,6,Friday,0,0,0,1285,1259,307,1104,215,26,24,23,48,8,29.7,1.0,7,1.4,0.033,533.72,Clear,0,1104,2,0.96,1.15,1.05
2026-09-04,CHI-HUB,Outbound,Morning,7,Friday,0,0,0,1609,1576,448,1280,370,27,26,25,52,8,31.2,0.985,5,2.0,0.033,589.06,Clear,0,1280,2,1.2,1.15,1.05
2026-09-04,CHI-HUB,Outbound,Morning,8,Friday,0,0,1,1727,1692,598,1454,303,33,31,30,52,8,28.8,0.932,1,1.1,0.035,650.73,Clear,0,1454,3,1.2,1.15,1.05
2026-09-04,CHI-HUB,Outbound,Morning,9,Friday,0,0,1,1781,1745,632,1501,313,32,32,31,51,8,30.8,0.95,6,1.4,0.028,695.62,Clear,0,1501,2,1.2,1.15,1.05
2026-09-04,CHI-HUB,Outbound,Morning,10,Friday,0,0,0,1398,1369,321,1114,312,26,24,24,49,8,36.4,0.948,5,0.8,0.018,537.22,Storm,0,1114,0,1.08,1.15,1.05
2026-09-04,CHI-HUB,Outbound,Morning,11,Friday,0,0,0,1609,1576,463,1220,432,28,28,27,48,8,34.9,0.941,2,1.3,0.045,598.86,Clear,0,1220,3,1.08,1.15,1.05
2026-09-04,CHI-HUB,Outbound,Morning,12,Friday,0,0,0,1252,1226,384,1108,166,23,22,21,55,8,23.2,0.959,8,0.7,0.036,477.7,Clear,0,1108,1,0.96,1.15,1.05
2026-09-04,CHI-HUB,Outbound,Morning,13,Friday,0,0,0,1409,1380,269,1184,253,27,25,25,48,8,30.4,0.987,10,1.3,0.015,581.78,Clear,0,1184,2,0.96,1.15,1.05
2026-09-04,CHI-HUB,Outbound,Evening,14,Friday,0,0,0,1275,1249,349,999,324,22,22,21,48,8,35.8,0.992,8,1.3,0.042,497.75,Heavy Rain,0,999,0,0.96,1.15,1.05
2026-09-04,CHI-HUB,Outbound,Evening,15,Friday,0,0,0,1501,1470,450,1385,142,30,27,27,55,8,23.3,0.933,5,0.9,0.01,595.28,Clear,0,1385,1,1.08,1.15,1.05
2026-09-04,CHI-HUB,Outbound,Evening,16,Friday,0,0,0,1425,1396,324,1275,189,26,26,25,54,8,24.2,0.945,2,0.7,0.054,539.69,Clear,0,1275,2,1.08,1.15,1.05
2026-09-04,CHI-HUB,Outbound,Evening,17,Friday,0,0,1,1794,1757,491,1488,342,33,32,31,48,8,29.7,1.0,6,1.3,0.031,693.06,Clear,0,1488,1,1.2,1.15,1.05
2026-09-04,CHI-HUB,Outbound,Evening,18,Friday,0,0,1,1923,1884,496,1559,407,37,37,36,45,8,29.3,0.962,6,1.2,0.03,790.13,Clear,0,1559,1,1.2,1.15,1.05
2026-09-04,CHI-HUB,Outbound,Evening,19,Friday,0,0,1,1914,1875,440,1579,387,34,35,33,48,8,30.6,0.997,6,1.5,0.049,739.87,Clear,0,1579,1,1.2,1.15,1.05
2026-09-04,CHI-HUB,Outbound,Evening,20,Friday,0,0,0,1457,1427,436,1275,215,29,27,26,50,8,24.8,0.981,6,0.7,0.039,572.57,Clear,0,1275,1,1.08,1.15,1.05
2026-09-04,CHI-HUB,Outbound,Evening,21,Friday,0,0,0,1139,1116,353,881,290,21,20,19,47,8,37.7,0.988,2,1.4,0.039,437.03,Clear,0,881,1,0.96,1.15,1.05
2026-09-04,CHI-HUB,Outbound,Night,22,Friday,0,0,0,1375,1347,369,1165,247,27,26,25,47,8,28.5,0.992,1,1.6,0.052,560.77,Clear,0,1165,3,0.96,1.15,1.05
2026-09-04,CHI-HUB,Outbound,Night,23,Friday,0,0,0,1110,1087,224,1085,45,22,22,21,53,8,18.5,0.975,0,0.3,0.025,438.29,Clear,0,1085,1,0.82,1.15,1.05
2026-09-04,DAL-HUB,Inbound,Morning,6,Friday,0,0,0,1221,1078,359,1190,13,22,22,21,58,8,16.3,0.977,8,0.1,0.03,460.76,Rain,0,1190,1,0.96,1.15,1.05
2026-09-04,DAL-HUB,Inbound,Morning,7,Friday,0,0,0,1464,1292,308,1009,442,26,25,24,43,8,37.7,0.978,3,1.7,0.051,551.05,Clear,0,1009,2,1.2,1.15,1.05
2026-09-04,DAL-HUB,Inbound,Morning,8,Friday,0,0,1,1612,1422,499,1373,207,30,30,29,49,8,24.9,0.966,0,1.1,0.022,624.76,Clear,0,1373,1,1.2,1.15,1.05
2026-09-04,DAL-HUB,Inbound,Morning,9,Friday,0,0,1,1593,1405,324,1185,388,28,28,27,45,8,34.1,0.976,5,1.6,0.032,615.42,Clear,0,1185,0,1.2,1.15,1.05
2026-09-04,DAL-HUB,Inbound,Morning,10,Friday,0,0,0,1407,1242,406,1126,263,28,26,25,47,8,32.0,0.959,8,1.1,0.047,568.74,Clear,0,1126,3,1.08,1.15,1.05
2026-09-04,DAL-HUB,Inbound,Morning,11,Friday,0,0,0,1202,1061,235,997,194,23,22,21,51,8,32.6,0.931,1,0.7,0.033,453.52,Clear,0,997,0,1.08,1.15,1.05
2026-09-04,DAL-HUB,Inbound,Morning,12,Friday,0,0,0,1155,1019,264,868,263,20,20,19,47,8,34.4,0.972,2,1.4,0.026,440.57,Storm,0,868,1,0.96,1.15,1.05
2026-09-04,DAL-HUB,Inbound,Morning,13,Friday,0,0,0,1217,1074,368,966,239,24,22,22,45,8,34.7,0.977,0,1.5,0.02,492.49,Clear,0,966,1,0.96,1.15,1.05
2026-09-04,DAL-HUB,Inbound,Evening,14,Friday,0,0,0,1098,969,318,752,321,19,19,18,43,8,43.8,0.972,7,1.5,0.036,434.79,Clear,0,752,0,0.96,1.15,1.05
2026-09-04,DAL-HUB,Inbound,Evening,15,Friday,0,0,0,1422,1255,406,1043,346,26,26,25,45,8,34.3,0.928,7,1.4,0.033,574.21,Clear,0,1043,0,1.08,1.15,1.05
2026-09-04,DAL-HUB,Inbound,Evening,16,Friday,0,0,0,1263,1115,383,1043,194,25,24,23,49,8,28.4,0.926,10,0.7,0.046,522.4,Clear,0,1043,0,1.08,1.15,1.05
2026-09-04,DAL-HUB,Inbound,Evening,17,Friday,0,0,1,1640,1447,319,1323,280,31,29,28,49,8,30.4,0.965,7,0.9,0.03,622.54,Clear,0,1323,1,1.2,1.15,1.05
2026-09-04,DAL-HUB,Inbound,Evening,18,Friday,0,0,1,1569,1385,449,1143,395,27,27,26,46,8,39.4,0.956,3,1.2,0.051,577.9,Clear,0,1143,2,1.2,1.15,1.05
2026-09-04,DAL-HUB,Inbound,Evening,19,Friday,0,0,1,1513,1335,467,1252,225,29,28,27,48,8,27.3,0.966,8,1.0,0.034,606.81,Clear,0,1252,1,1.2,1.15,1.05
2026-09-04,DAL-HUB,Inbound,Evening,20,Friday,0,0,0,1412,1246,298,1140,254,25,25,24,49,8,29.9,0.97,3,1.3,0.023,538.93,Clear,0,1140,2,1.08,1.15,1.05
2026-09-04,DAL-HUB,Inbound,Evening,21,Friday,0,0,0,1140,1006,315,887,227,22,21,20,46,8,31.9,0.964,1,1.0,0.033,441.32,Clear,0,887,0,0.96,1.15,1.05
2026-09-04,DAL-HUB,Inbound,Night,22,Friday,0,0,0,1143,1008,232,906,226,21,21,20,49,8,30.8,0.925,10,1.2,0.039,475.78,Clear,0,906,2,0.96,1.15,1.05
2026-09-04,DAL-HUB,Inbound,Night,23,Friday,0,0,0,1035,913,216,909,92,20,19,19,49,8,24.8,0.977,3,0.6,0.01,416.27,Rain,0,909,2,0.82,1.15,1.05
2026-09-04,DAL-HUB,Sortation,Morning,6,Friday,0,0,0,1284,1179,348,1118,209,25,26,24,47,8,28.1,0.992,1,1.4,0.062,534.0,Clear,0,1118,0,0.96,1.15,1.05
2026-09-04,DAL-HUB,Sortation,Morning,7,Friday,0,0,0,1429,1313,337,1065,390,31,29,29,38,8,35.6,0.967,2,1.8,0.013,648.56,Clear,0,1065,1,1.2,1.15,1.05
2026-09-04,DAL-HUB,Sortation,Morning,8,Friday,0,0,1,1492,1370,279,1090,446,28,29,27,43,8,39.6,0.939,7,1.3,0.057,612.71,Clear,0,1090,4,1.2,1.15,1.05
2026-09-04,DAL-HUB,Sortation,Morning,9,Friday,0,0,1,1729,1588,508,1333,437,40,38,37,38,8,39.5,0.948,9,1.8,0.033,832.47,Clear,0,1333,1,1.2,1.15,1.05
2026-09-04,DAL-HUB,Sortation,Morning,10,Friday,0,0,0,1405,1290,498,1224,212,30,30,28,46,8,25.4,0.951,10,0.6,0.054,620.61,Clear,0,1224,1,1.08,1.15,1.05
2026-09-04,DAL-HUB,Sortation,Morning,11,Friday,0,0,0,1438,1321,406,1216,258,32,30,29,43,8,31.0,0.976,7,1.3,0.049,650.72,Clear,0,1216,1,1.08,1.15,1.05
2026-09-04,DAL-HUB,Sortation,Morning,12,Friday,0,0,0,1273,1169,424,1032,282,28,26,25,42,8,33.8,0.983,7,1.1,0.024,564.08,Clear,0,1032,0,0.96,1.15,1.05
2026-09-04,DAL-HUB,Sortation,Morning,13,Friday,0,0,0,1223,1123,236,1163,90,27,26,25,47,8,22.6,0.99,7,0.6,0.036,549.16,Clear,0,1163,1,0.96,1.15,1.05
2026-09-04,DAL-HUB,Sortation,Evening,14,Friday,0,0,0,1151,1057,248,1100,87,26,25,24,46,8,23.7,0.997,0,0.2,0.034,494.75,Clear,0,1100,1,0.96,1.15,1.05
2026-09-04,DAL-HUB,Sortation,Evening,15,Friday,0,0,0,1341,1232,453,1094,274,27,27,26,43,8,29.8,0.979,7,1.2,0.041,587.64,Clear,0,1094,1,1.08,1.15,1.05
2026-09-04,DAL-HUB,Sortation,Evening,16,Friday,0,0,0,1434,1317,478,1256,207,31,31,30,43,8,27.6,0.974,0,0.3,0.026,619.75,Clear,0,1256,1,1.08,1.15,1.05
2026-09-04,DAL-HUB,Sortation,Evening,17,Friday,0,0,1,1596,1466,428,1402,232,35,34,33,43,8,29.4,0.988,8,0.8,0.032,720.82,Clear,0,1402,0,1.2,1.15,1.05
2026-09-04,DAL-HUB,Sortation,Evening,18,Friday,0,0,1,1743,1601,426,1486,318,39,40,38,41,8,32.4,0.954,5,0.9,0.04,816.14,Rain,0,1486,1,1.2,1.15,1.05
2026-09-04,DAL-HUB,Sortation,Evening,19,Friday,0,0,1,1611,1479,499,1319,326,36,34,33,42,8,31.0,0.952,4,1.3,0.031,722.29,Clear,0,1319,0,1.2,1.15,1.05
2026-09-04,DAL-HUB,Sortation,Evening,20,Friday,0,0,0,1380,1268,319,1074,335,31,29,28,40,8,37.9,0.96,2,2.1,0.04,636.56,Clear,0,1074,1,1.08,1.15,1.05
2026-09-04,DAL-HUB,Sortation,Evening,21,Friday,0,0,0,1270,1166,353,1057,264,28,27,26,43,8,33.9,0.946,7,0.7,0.038,572.33,Clear,0,1057,1,0.96,1.15,1.05
2026-09-04,DAL-HUB,Sortation,Night,22,Friday,0,0,0,1326,1218,396,1118,243,29,27,26,43,8,30.4,1.0,1,1.6,0.029,584.25,Storm,0,1118,1,0.96,1.15,1.05
2026-09-04,DAL-HUB,Sortation,Night,23,Friday,0,0,0,1040,955,335,791,263,22,21,20,41,8,34.7,0.965,2,1.3,0.047,451.92,Clear,0,791,2,0.82,1.15,1.05
2026-09-04,DAL-HUB,Outbound,Morning,6,Friday,0,0,0,972,952,322,735,278,18,17,17,45,8,35.6,0.961,5,1.1,0.013,396.16,Clear,0,735,1,0.96,1.15,1.05
2026-09-04,DAL-HUB,Outbound,Morning,7,Friday,0,0,0,1408,1379,449,1082,357,26,25,24,48,8,35.9,0.939,3,1.3,0.043,539.87,Clear,0,1082,0,1.2,1.15,1.05
2026-09-04,DAL-HUB,Outbound,Morning,8,Friday,0,0,1,1503,1472,478,1308,249,30,28,27,49,8,26.1,0.989,4,1.6,0.045,611.71,Clear,0,1308,1,1.2,1.15,1.05
2026-09-04,DAL-HUB,Outbound,Morning,9,Friday,0,0,1,1495,1464,298,1024,517,28,27,26,41,8,48.1,0.961,6,2.3,0.031,621.36,Heavy Rain,0,1024,0,1.2,1.15,1.05
2026-09-04,DAL-HUB,Outbound,Morning,10,Friday,0,0,0,1146,1123,329,947,221,21,20,19,53,8,31.2,0.941,6,1.1,0.052,441.56,Clear,0,947,0,1.08,1.15,1.05
2026-09-04,DAL-HUB,Outbound,Morning,11,Friday,0,0,0,1286,1260,292,1164,159,27,25,24,51,8,24.7,0.952,7,0.6,0.028,530.83,Clear,0,1164,0,1.08,1.15,1.05
2026-09-04,DAL-HUB,Outbound,Morning,12,Friday,0,0,0,1016,995,189,718,320,18,17,16,46,8,43.0,0.976,1,2.1,0.037,392.67,Clear,0,718,1,0.96,1.15,1.05
2026-09-04,DAL-HUB,Outbound,Morning,13,Friday,0,0,0,1076,1054,309,932,182,21,20,19,51,8,28.5,0.962,5,0.0,0.03,410.22,Storm,0,932,0,0.96,1.15,1.05
2026-09-04,DAL-HUB,Outbound,Evening,14,Friday,0,0,0,1103,1080,238,931,186,21,20,19,49,8,28.0,1.0,2,1.3,0.043,433.57,Clear,0,931,0,0.96,1.15,1.05
2026-09-04,DAL-HUB,Outbound,Evening,15,Friday,0,0,0,1216,1191,314,989,243,22,21,20,52,8,29.0,0.952,0,1.4,0.045,451.54,Clear,0,989,1,1.08,1.15,1.05
2026-09-04,DAL-HUB,Outbound,Evening,16,Friday,0,0,0,1212,1187,302,913,329,23,22,21,46,8,36.5,0.946,7,1.8,0.029,504.57,Clear,0,913,1,1.08,1.15,1.05
2026-09-04,DAL-HUB,Outbound,Evening,17,Friday,0,0,1,1401,1372,448,1372,56,28,28,27,52,8,20.8,0.978,5,0.7,0.04,589.38,Rain,0,1372,2,1.2,1.15,1.05
2026-09-04,DAL-HUB,Outbound,Evening,18,Friday,0,0,1,1454,1424,267,1287,186,28,27,26,51,8,23.6,0.971,8,1.2,0.053,592.91,Clear,0,1287,1,1.2,1.15,1.05
2026-09-04,DAL-HUB,Outbound,Evening,19,Friday,0,0,1,1342,1315,316,989,386,23,22,21,48,8,41.7,0.982,5,2.1,0.035,510.44,Rain,0,989,3,1.2,1.15,1.05
2026-09-04,DAL-HUB,Outbound,Evening,20,Friday,0,0,0,1245,1220,419,1022,251,24,23,22,49,8,28.8,0.949,9,0.7,0.037,501.65,Rain,0,1022,2,1.08,1.15,1.05
2026-09-04,DAL-HUB,Outbound,Evening,21,Friday,0,0,0,1117,1094,206,1020,111,21,20,20,51,8,23.4,1.0,4,1.1,0.01,456.58,Heavy Rain,0,1020,1,0.96,1.15,1.05
2026-09-04,DAL-HUB,Outbound,Night,22,Friday,0,0,0,1173,1149,277,1007,193,23,22,21,49,8,27.9,0.979,9,1.1,0.049,490.65,Clear,0,1007,3,0.96,1.15,1.05
2026-09-04,DAL-HUB,Outbound,Night,23,Friday,0,0,0,1028,1007,347,827,225,20,19,18,48,8,30.3,0.958,0,1.3,0.041,406.28,Clear,0,827,0,0.82,1.15,1.05
2026-09-05,ATL-HUB,Inbound,Morning,6,Saturday,1,0,0,1142,1008,279,798,325,20,20,19,43,8,38.3,0.977,9,1.3,0.037,455.86,Clear,0,798,1,0.96,0.82,1.065
2026-09-05,ATL-HUB,Inbound,Morning,7,Saturday,1,0,0,1256,1108,413,1036,213,25,23,23,46,8,31.3,0.98,1,1.4,0.011,513.08,Clear,0,1036,2,1.2,0.82,1.065
2026-09-05,ATL-HUB,Inbound,Morning,8,Saturday,1,0,1,1434,1265,430,1062,337,26,25,24,45,8,38.2,0.984,7,1.4,0.058,554.91,Clear,0,1062,0,1.2,0.82,1.065
2026-09-05,ATL-HUB,Inbound,Morning,9,Saturday,1,0,1,1533,1352,480,1283,239,29,29,28,46,8,24.9,0.996,7,0.9,0.046,623.9,Heavy Rain,0,1283,0,1.2,0.82,1.065
2026-09-05,ATL-HUB,Inbound,Morning,10,Saturday,1,0,0,1201,1060,274,897,301,21,21,20,48,8,37.3,0.935,2,1.0,0.029,445.6,Clear,0,897,1,1.08,0.82,1.065
2026-09-05,ATL-HUB,Inbound,Morning,11,Saturday,1,0,0,1220,1077,303,1117,97,25,23,23,49,8,22.6,0.992,5,0.1,0.02,488.85,Clear,0,1117,1,1.08,0.82,1.065
2026-09-05,ATL-HUB,Inbound,Morning,12,Saturday,1,0,0,1194,1053,261,882,301,23,22,21,46,8,34.0,0.913,4,1.3,0.047,479.78,Clear,0,882,0,0.96,0.82,1.065
2026-09-05,ATL-HUB,Inbound,Morning,13,Saturday,1,0,0,1130,997,281,955,161,21,21,20,49,8,25.2,0.975,1,0.7,0.032,432.74,Clear,0,955,1,0.96,0.82,1.065
2026-09-05,ATL-HUB,Inbound,Evening,14,Saturday,1,0,0,1149,1014,302,974,141,19,19,19,52,8,28.4,0.986,6,0.5,0.023,423.99,Clear,0,974,0,0.96,0.82,1.065
2026-09-05,ATL-HUB,Inbound,Evening,15,Saturday,1,0,0,1309,1155,258,958,342,26,25,24,42,8,40.0,0.951,2,1.5,0.025,539.51,Clear,0,958,2,1.08,0.82,1.065
2026-09-05,ATL-HUB,Inbound,Evening,16,Saturday,1,0,0,1192,1052,230,956,217,23,22,21,47,8,27.7,0.969,4,0.9,0.033,471.07,Heavy Rain,0,956,1,1.08,0.82,1.065
2026-09-05,ATL-HUB,Inbound,Evening,17,Saturday,1,0,1,1562,1378,402,1170,367,29,27,26,45,8,35.6,1.0,4,1.7,0.034,594.98,Clear,0,1170,1,1.2,0.82,1.065
2026-09-05,ATL-HUB,Inbound,Evening,18,Saturday,1,0,1,1552,1369,381,1060,474,28,28,27,42,8,37.7,0.935,5,2.1,0.05,628.7,Clear,0,1060,0,1.2,0.82,1.065
2026-09-05,ATL-HUB,Inbound,Evening,19,Saturday,1,0,1,1396,1232,324,1028,347,24,24,23,48,8,34.5,0.932,10,0.5,0.052,519.14,Clear,0,1028,3,1.2,0.82,1.065
2026-09-05,ATL-HUB,Inbound,Evening,20,Saturday,1,0,0,1163,1026,337,892,247,22,21,20,47,8,32.2,0.95,2,1.3,0.043,453.34,Clear,0,892,2,1.08,0.82,1.065
2026-09-05,ATL-HUB,Inbound,Evening,21,Saturday,1,0,0,1128,995,244,912,213,20,20,19,48,8,33.0,1.0,4,1.7,0.04,450.81,Clear,0,912,0,0.96,0.82,1.065
2026-09-05,ATL-HUB,Inbound,Night,22,Saturday,1,0,0,1036,914,208,724,295,19,18,17,45,8,41.9,0.947,2,1.4,0.042,395.39,Clear,0,724,1,0.96,0.82,1.065
2026-09-05,ATL-HUB,Inbound,Night,23,Saturday,1,0,0,887,783,293,734,139,17,16,15,52,8,29.6,0.942,9,1.1,0.04,369.64,Heavy Rain,0,734,2,0.82,0.82,1.065
2026-09-05,ATL-HUB,Sortation,Morning,6,Saturday,1,0,0,1231,1131,376,805,467,24,24,23,36,8,48.9,0.972,3,2.2,0.024,542.33,Clear,0,805,1,0.96,0.82,1.065
2026-09-05,ATL-HUB,Sortation,Morning,7,Saturday,1,0,0,1364,1252,360,1098,293,28,28,27,42,8,29.6,0.969,5,0.8,0.032,591.46,Rain,0,1098,0,1.2,0.82,1.065
2026-09-05,ATL-HUB,Sortation,Morning,8,Saturday,1,0,1,1435,1318,448,1195,289,30,29,28,45,8,32.1,0.949,1,1.1,0.019,607.95,Rain,0,1195,2,1.2,0.82,1.065
2026-09-05,ATL-HUB,Sortation,Morning,9,Saturday,1,0,1,1608,1476,478,1382,255,35,34,33,44,8,25.8,0.952,10,0.8,0.042,727.44,Clear,0,1382,1,1.2,0.82,1.065
2026-09-05,ATL-HUB,Sortation,Morning,10,Saturday,1,0,0,1140,1047,288,915,253,24,23,22,44,8,34.3,0.946,0,1.1,0.041,480.75,Clear,0,915,0,1.08,0.82,1.065
2026-09-05,ATL-HUB,Sortation,Morning,11,Saturday,1,0,0,1324,1216,388,1020,342,29,27,26,42,8,38.2,0.935,7,1.1,0.033,584.54,Clear,0,1020,3,1.08,0.82,1.065
2026-09-05,ATL-HUB,Sortation,Morning,12,Saturday,1,0,0,1153,1059,326,983,201,25,24,23,44,8,29.4,0.972,7,0.8,0.033,514.49,Clear,0,983,0,0.96,0.82,1.065
2026-09-05,ATL-HUB,Sortation,Morning,13,Saturday,1,0,0,1207,1108,271,1073,175,27,27,26,44,8,28.6,0.938,3,0.7,0.031,558.38,Clear,0,1073,1,0.96,0.82,1.065
2026-09-05,ATL-HUB,Sortation,Evening,14,Saturday,1,0,0,1152,1058,304,950,226,25,24,23,45,8,33.0,0.918,4,0.7,0.049,502.07,Clear,0,950,3,0.96,0.82,1.065
2026-09-05,ATL-HUB,Sortation,Evening,15,Saturday,1,0,0,1241,1140,438,868,420,25,24,24,38,8,48.5,0.953,7,1.6,0.019,558.01,Clear,0,868,3,1.08,0.82,1.065
2026-09-05,ATL-HUB,Sortation,Evening,16,Saturday,1,0,0,1246,1144,327,806,470,26,26,25,34,8,48.9,0.949,3,2.9,0.024,601.2,Clear,0,806,2,1.08,0.82,1.065
2026-09-05,ATL-HUB,Sortation,Evening,17,Saturday,1,0,1,1606,1475,446,1289,347,35,33,32,43,8,30.6,0.937,1,0.7,0.03,676.3,Clear,0,1289,0,1.2,0.82,1.065
2026-09-05,ATL-HUB,Sortation,Evening,18,Saturday,1,0,1,1603,1472,457,1517,131,40,36,36,43,8,22.5,0.98,6,0.3,0.01,759.05,Clear,0,1517,0,1.2,0.82,1.065
2026-09-05,ATL-HUB,Sortation,Evening,19,Saturday,1,0,1,1661,1525,310,1417,295,36,35,34,42,8,28.4,0.992,2,0.8,0.029,724.14,Rain,0,1417,1,1.2,0.82,1.065
2026-09-05,ATL-HUB,Sortation,Evening,20,Saturday,1,0,0,1336,1227,467,1070,322,27,26,25,43,8,31.8,0.995,10,1.4,0.026,583.25,Clear,0,1070,3,1.08,0.82,1.065
2026-09-05,ATL-HUB,Sortation,Evening,21,Saturday,1,0,0,1164,1069,353,844,347,25,24,23,40,8,38.3,0.918,7,1.6,0.048,537.08,Clear,0,844,0,0.96,0.82,1.065
2026-09-05,ATL-HUB,Sortation,Night,22,Saturday,1,0,0,1147,1053,245,910,249,25,24,23,42,8,30.1,0.943,7,1.1,0.023,522.78,Clear,0,910,1,0.96,0.82,1.065
2026-09-05,ATL-HUB,Sortation,Night,23,Saturday,1,0,0,1002,920,198,832,196,22,21,21,42,8,30.7,0.944,2,0.5,0.024,448.31,Clear,0,832,1,0.82,0.82,1.065
2026-09-05,ATL-HUB,Outbound,Morning,6,Saturday,1,0,0,954,935,333,726,229,17,17,16,48,8,36.8,0.946,0,0.9,0.044,355.78,Rain,0,726,0,0.96,0.82,1.065
2026-09-05,ATL-HUB,Outbound,Morning,7,Saturday,1,0,0,1313,1286,274,1082,258,25,24,24,48,8,32.7,0.94,10,1.0,0.013,555.01,Heavy Rain,0,1082,0,1.2,0.82,1.065
2026-09-05,ATL-HUB,Outbound,Morning,8,Saturday,1,0,1,1439,1410,283,1092,374,26,25,24,48,8,36.8,0.948,2,1.9,0.037,554.04,Clear,0,1092,1,1.2,0.82,1.065
2026-09-05,ATL-HUB,Outbound,Morning,9,Saturday,1,0,1,1426,1397,277,1070,387,25,25,24,46,8,36.9,0.97,0,1.4,0.03,533.41,Clear,0,1070,0,1.2,0.82,1.065
2026-09-05,ATL-HUB,Outbound,Morning,10,Saturday,1,0,0,1184,1160,319,1023,192,23,22,21,51,8,29.9,0.955,9,0.6,0.027,476.86,Clear,0,1023,0,1.08,0.82,1.065
2026-09-05,ATL-HUB,Outbound,Morning,11,Saturday,1,0,0,1153,1129,400,982,202,21,21,20,50,8,28.1,0.982,2,1.8,0.041,467.99,Clear,0,982,2,1.08,0.82,1.065
2026-09-05,ATL-HUB,Outbound,Morning,12,Saturday,1,0,0,963,943,335,736,260,16,17,16,48,8,36.5,0.96,1,1.9,0.066,386.09,Clear,0,736,4,0.96,0.82,1.065
2026-09-05,ATL-HUB,Outbound,Morning,13,Saturday,1,0,0,1033,1012,279,808,259,19,18,18,47,8,36.5,0.955,3,1.2,0.017,416.99,Storm,0,808,1,0.96,0.82,1.065
2026-09-05,ATL-HUB,Outbound,Evening,14,Saturday,1,0,0,969,949,238,747,237,18,17,17,47,8,36.7,0.936,9,1.0,0.021,406.1,Clear,0,747,0,0.96,0.82,1.065
2026-09-05,ATL-HUB,Outbound,Evening,15,Saturday,1,0,0,1150,1127,317,958,223,22,21,21,46,8,29.3,0.993,1,0.9,0.018,459.03,Clear,0,958,0,1.08,0.82,1.065
2026-09-05,ATL-HUB,Outbound,Evening,16,Saturday,1,0,0,1119,1096,371,1016,127,23,22,21,51,8,27.8,0.949,10,0.6,0.05,481.32,Heavy Rain,0,1016,0,1.08,0.82,1.065
2026-09-05,ATL-HUB,Outbound,Evening,17,Saturday,1,0,1,1304,1277,254,1058,267,26,25,24,48,8,32.2,0.919,7,0.8,0.033,536.76,Clear,0,1058,1,1.2,0.82,1.065
2026-09-05,ATL-HUB,Outbound,Evening,18,Saturday,1,0,1,1616,1583,297,1368,291,30,30,29,49,8,28.0,0.963,6,0.6,0.032,631.18,Clear,0,1368,1,1.2,0.82,1.065
2026-09-05,ATL-HUB,Outbound,Evening,19,Saturday,1,0,1,1273,1247,441,1127,166,25,23,23,49,8,22.5,1.0,9,0.9,0.015,525.88,Clear,0,1127,2,1.2,0.82,1.065
2026-09-05,ATL-HUB,Outbound,Evening,20,Saturday,1,0,0,1126,1103,332,893,256,20,20,19,47,8,28.7,1.0,7,1.5,0.048,455.58,Clear,0,893,1,1.08,0.82,1.065
2026-09-05,ATL-HUB,Outbound,Evening,21,Saturday,1,0,0,990,970,310,846,171,19,18,17,52,8,26.7,0.958,2,0.4,0.043,367.3,Clear,0,846,0,0.96,0.82,1.065
2026-09-05,ATL-HUB,Outbound,Night,22,Saturday,1,0,0,998,978,198,867,149,19,18,17,51,8,26.3,1.0,10,0.8,0.054,404.24,Clear,0,867,0,0.96,0.82,1.065
2026-09-05,ATL-HUB,Outbound,Night,23,Saturday,1,0,0,912,893,202,756,175,16,15,15,51,8,30.0,0.989,4,1.1,0.025,352.86,Clear,0,756,1,0.82,0.82,1.065
2026-09-05,CHI-HUB,Inbound,Morning,6,Saturday,1,0,0,1014,895,182,713,274,18,18,17,44,8,40.3,0.954,6,1.9,0.05,421.81,Clear,0,713,0,0.96,0.82,1.065
2026-09-05,CHI-HUB,Inbound,Morning,7,Saturday,1,0,0,1228,1083,280,1066,156,23,23,22,51,8,24.2,0.951,2,0.8,0.043,479.47,Clear,0,1066,2,1.2,0.82,1.065
2026-09-05,CHI-HUB,Inbound,Morning,8,Saturday,1,0,1,1407,1242,461,1072,308,27,25,24,46,8,33.7,0.972,8,1.3,0.041,556.33,Rain,0,1072,3,1.2,0.82,1.065
2026-09-05,CHI-HUB,Inbound,Morning,9,Saturday,1,0,1,1420,1253,300,1299,85,28,27,26,50,8,22.8,0.999,4,0.8,0.044,567.27,Clear,0,1299,3,1.2,0.82,1.065
2026-09-05,CHI-HUB,Inbound,Morning,10,Saturday,1,0,0,1153,1017,321,891,254,20,20,19,49,8,28.8,0.958,0,1.5,0.038,436.93,Storm,0,891,0,1.08,0.82,1.065
2026-09-05,CHI-HUB,Inbound,Morning,11,Saturday,1,0,0,1145,1010,378,871,245,21,21,20,46,8,34.4,0.947,7,1.1,0.041,463.41,Clear,0,871,0,1.08,0.82,1.065
2026-09-05,CHI-HUB,Inbound,Morning,12,Saturday,1,0,0,977,862,277,694,255,18,18,17,44,8,39.2,0.928,1,1.9,0.044,405.14,Clear,0,694,0,0.96,0.82,1.065
2026-09-05,CHI-HUB,Inbound,Morning,13,Saturday,1,0,0,1049,926,329,812,218,20,19,18,46,8,35.0,0.981,9,1.2,0.062,431.92,Clear,0,812,1,0.96,0.82,1.065
2026-09-05,CHI-HUB,Inbound,Evening,14,Saturday,1,0,0,1023,902,198,792,215,19,18,17,50,8,38.1,0.932,6,1.2,0.046,402.35,Clear,0,792,2,0.96,0.82,1.065
2026-09-05,CHI-HUB,Inbound,Evening,15,Saturday,1,0,0,1124,991,205,801,309,20,20,19,46,8,35.5,0.917,7,1.5,0.035,454.74,Clear,0,801,1,1.08,0.82,1.065
2026-09-05,CHI-HUB,Inbound,Evening,16,Saturday,1,0,0,1285,1134,287,1054,205,23,23,22,50,8,31.2,0.958,8,0.9,0.04,502.48,Clear,0,1054,0,1.08,0.82,1.065
2026-09-05,CHI-HUB,Inbound,Evening,17,Saturday,1,0,1,1439,1269,405,1054,349,28,26,25,43,8,35.8,0.981,0,1.8,0.027,563.3,Clear,0,1054,0,1.2,0.82,1.065
2026-09-05,CHI-HUB,Inbound,Evening,18,Saturday,1,0,1,1447,1277,289,1029,377,28,26,25,42,8,37.9,0.98,6,2.4,0.051,599.44,Clear,0,1029,1,1.2,0.82,1.065
2026-09-05,CHI-HUB,Inbound,Evening,19,Saturday,1,0,1,1317,1162,373,1198,94,24,24,23,55,8,24.1,0.948,5,0.7,0.033,507.36,Clear,0,1198,0,1.2,0.82,1.065
2026-09-05,CHI-HUB,Inbound,Evening,20,Saturday,1,0,0,1016,897,238,867,150,20,19,19,47,8,28.8,0.971,7,1.4,0.015,450.05,Clear,0,867,4,1.08,0.82,1.065
2026-09-05,CHI-HUB,Inbound,Evening,21,Saturday,1,0,0,837,738,169,586,214,15,15,14,44,8,38.8,0.953,0,1.5,0.048,329.78,Clear,0,586,2,0.96,0.82,1.065
2026-09-05,CHI-HUB,Inbound,Night,22,Saturday,1,0,0,1022,901,225,658,351,17,17,16,43,8,46.2,0.957,0,2.2,0.042,391.64,Clear,0,658,0,0.96,0.82,1.065
2026-09-05,CHI-HUB,Inbound,Night,23,Saturday,1,0,0,908,801,247,629,266,17,17,16,43,8,40.9,0.915,0,1.5,0.04,370.04,Clear,0,629,0,0.82,0.82,1.065
2026-09-05,CHI-HUB,Sortation,Morning,6,Saturday,1,0,0,1045,960,252,871,197,22,21,20,45,8,32.1,0.969,10,0.5,0.04,455.21,Clear,0,871,0,0.96,0.82,1.065
2026-09-05,CHI-HUB,Sortation,Morning,7,Saturday,1,0,0,1185,1089,369,1013,199,27,25,24,44,8,26.9,0.96,6,0.6,0.042,530.14,Storm,0,1013,1,1.2,0.82,1.065
2026-09-05,CHI-HUB,Sortation,Morning,8,Saturday,1,0,1,1356,1245,462,1112,272,30,28,27,42,8,31.1,0.981,4,1.0,0.018,592.21,Clear,0,1112,1,1.2,0.82,1.065
2026-09-05,CHI-HUB,Sortation,Morning,9,Saturday,1,0,1,1510,1386,449,1244,315,33,31,30,44,8,31.6,0.943,0,1.0,0.032,640.74,Clear,0,1244,0,1.2,0.82,1.065
2026-09-05,CHI-HUB,Sortation,Morning,10,Saturday,1,0,0,1140,1047,237,849,312,24,24,23,38,8,38.6,0.971,7,1.8,0.041,542.25,Clear,0,849,2,1.08,0.82,1.065
2026-09-05,CHI-HUB,Sortation,Morning,11,Saturday,1,0,0,1049,963,252,871,200,25,23,22,41,8,32.1,0.966,1,0.4,0.04,462.68,Clear,0,871,1,1.08,0.82,1.065
2026-09-05,CHI-HUB,Sortation,Morning,12,Saturday,1,0,0,1165,1070,247,972,216,27,25,24,44,8,32.8,0.921,3,0.6,0.027,515.8,Clear,0,972,0,0.96,0.82,1.065
2026-09-05,CHI-HUB,Sortation,Morning,13,Saturday,1,0,0,1010,927,249,805,225,21,21,20,42,8,31.0,0.959,8,1.3,0.042,470.56,Clear,0,805,1,0.96,0.82,1.065
2026-09-05,CHI-HUB,Sortation,Evening,14,Saturday,1,0,0,963,884,256,758,223,20,20,19,42,8,34.6,0.95,1,1.4,0.05,430.59,Clear,0,758,0,0.96,0.82,1.065
2026-09-05,CHI-HUB,Sortation,Evening,15,Saturday,1,0,0,1194,1097,331,1012,220,24,24,23,47,8,31.3,0.936,0,1.2,0.057,504.04,Clear,0,1012,0,1.08,0.82,1.065
2026-09-05,CHI-HUB,Sortation,Evening,16,Saturday,1,0,0,1078,990,214,912,192,24,23,22,43,8,31.0,0.965,8,1.1,0.032,505.2,Clear,0,912,1,1.08,0.82,1.065
2026-09-05,CHI-HUB,Sortation,Evening,17,Saturday,1,0,1,1382,1269,481,1163,251,31,29,28,42,8,31.7,0.989,3,0.3,0.034,589.4,Clear,0,1163,1,1.2,0.82,1.065
2026-09-05,CHI-HUB,Sortation,Evening,18,Saturday,1,0,1,1664,1528,469,1394,319,35,34,34,42,8,30.4,0.976,0,1.4,0.014,732.76,Clear,0,1394,3,1.2,0.82,1.065
2026-09-05,CHI-HUB,Sortation,Evening,19,Saturday,1,0,1,1451,1332,468,1069,406,29,28,27,42,8,36.6,0.943,9,1.8,0.033,632.36,Clear,0,1069,2,1.2,0.82,1.065
2026-09-05,CHI-HUB,Sortation,Evening,20,Saturday,1,0,0,1196,1098,289,899,333,27,26,25,38,8,37.2,0.947,0,1.4,0.051,548.68,Clear,0,899,0,1.08,0.82,1.065
2026-09-05,CHI-HUB,Sortation,Evening,21,Saturday,1,0,0,1035,951,260,865,211,22,22,21,42,8,28.6,0.981,3,1.3,0.046,475.67,Rain,0,865,0,0.96,0.82,1.065
2026-09-05,CHI-HUB,Sortation,Night,22,Saturday,1,0,0,1069,981,375,929,165,25,23,22,43,8,27.3,0.983,4,0.7,0.025,481.04,Clear,0,929,1,0.96,0.82,1.065
2026-09-05,CHI-HUB,Sortation,Night,23,Saturday,1,0,0,879,807,181,712,195,18,17,17,43,8,36.8,0.975,7,1.0,0.026,398.05,Clear,0,712,2,0.82,0.82,1.065
2026-09-05,CHI-HUB,Outbound,Morning,6,Saturday,1,0,0,994,974,268,810,191,20,19,18,49,8,29.6,0.919,8,0.9,0.041,420.07,Clear,0,810,0,0.96,0.82,1.065
2026-09-05,CHI-HUB,Outbound,Morning,7,Saturday,1,0,0,1162,1138,324,907,287,23,22,21,46,8,34.0,0.94,4,0.8,0.035,466.05,Clear,0,907,1,1.2,0.82,1.065
2026-09-05,CHI-HUB,Outbound,Morning,8,Saturday,1,0,1,1248,1223,319,1031,230,22,22,21,51,8,28.2,0.963,0,1.1,0.037,463.23,Clear,0,1031,3,1.2,0.82,1.065
2026-09-05,CHI-HUB,Outbound,Morning,9,Saturday,1,0,1,1430,1401,264,1269,186,27,26,25,53,8,23.8,0.958,7,0.6,0.028,552.98,Clear,0,1269,1,1.2,0.82,1.065
2026-09-05,CHI-HUB,Outbound,Morning,10,Saturday,1,0,0,1107,1084,272,834,283,21,20,19,47,8,37.2,0.934,4,1.2,0.072,437.24,Clear,0,834,2,1.08,0.82,1.065
2026-09-05,CHI-HUB,Outbound,Morning,11,Saturday,1,0,0,983,963,193,800,231,18,17,17,48,8,34.6,0.981,5,1.0,0.026,393.57,Clear,0,800,3,1.08,0.82,1.065
2026-09-05,CHI-HUB,Outbound,Morning,12,Saturday,1,0,0,861,843,160,722,169,15,15,14,53,8,28.8,0.973,8,1.0,0.043,342.42,Clear,0,722,2,0.96,0.82,1.065
2026-09-05,CHI-HUB,Outbound,Morning,13,Saturday,1,0,0,978,958,277,803,226,19,18,17,50,8,33.8,0.945,1,0.8,0.037,375.06,Clear,0,803,0,0.96,0.82,1.065
2026-09-05,CHI-HUB,Outbound,Evening,14,Saturday,1,0,0,969,949,309,765,219,16,17,16,50,8,32.5,0.957,7,1.5,0.047,394.2,Clear,0,765,1,0.96,0.82,1.065
2026-09-05,CHI-HUB,Outbound,Evening,15,Saturday,1,0,0,990,970,211,751,260,17,17,16,49,8,35.6,0.958,7,1.4,0.032,391.8,Clear,0,751,1,1.08,0.82,1.065
2026-09-05,CHI-HUB,Outbound,Evening,16,Saturday,1,0,0,962,942,259,744,251,17,17,16,50,8,34.4,0.93,6,1.2,0.034,382.48,Clear,0,744,0,1.08,0.82,1.065
2026-09-05,CHI-HUB,Outbound,Evening,17,Saturday,1,0,1,1273,1247,294,1081,214,24,23,22,52,8,26.8,0.945,5,0.1,0.026,472.58,Rain,0,1081,1,1.2,0.82,1.065
2026-09-05,CHI-HUB,Outbound,Evening,18,Saturday,1,0,1,1420,1391,473,1032,425,25,25,24,45,8,39.8,0.956,0,2.3,0.033,558.48,Clear,0,1032,3,1.2,0.82,1.065
2026-09-05,CHI-HUB,Outbound,Evening,19,Saturday,1,0,1,1298,1272,282,930,413,23,23,22,46,8,42.6,0.919,5,1.8,0.04,519.25,Clear,0,930,0,1.2,0.82,1.065
2026-09-05,CHI-HUB,Outbound,Evening,20,Saturday,1,0,0,1057,1035,274,870,213,21,20,19,48,8,33.6,0.955,8,0.6,0.041,432.32,Clear,0,870,2,1.08,0.82,1.065
2026-09-05,CHI-HUB,Outbound,Evening,21,Saturday,1,0,0,911,892,170,764,179,17,17,16,50,8,29.5,0.956,6,0.5,0.047,363.95,Heavy Rain,0,764,2,0.96,0.82,1.065
2026-09-05,CHI-HUB,Outbound,Night,22,Saturday,1,0,0,957,937,247,774,219,18,17,17,48,8,33.1,0.949,5,1.4,0.028,404.29,Clear,0,774,4,0.96,0.82,1.065
2026-09-05,CHI-HUB,Outbound,Night,23,Saturday,1,0,0,768,752,210,618,167,13,13,12,53,8,33.9,0.972,9,1.5,0.051,318.91,Clear,0,618,0,0.82,0.82,1.065
2026-09-05,DAL-HUB,Inbound,Morning,6,Saturday,1,0,0,882,778,292,688,168,16,15,15,47,8,30.4,0.977,8,1.0,0.021,361.67,Clear,0,688,1,0.96,0.82,1.065
2026-09-05,DAL-HUB,Inbound,Morning,7,Saturday,1,0,0,1097,968,225,888,184,20,20,19,50,8,31.7,0.935,9,0.8,0.027,441.07,Clear,0,888,2,1.2,0.82,1.065
2026-09-05,DAL-HUB,Inbound,Morning,8,Saturday,1,0,1,1273,1124,389,1061,201,26,24,24,47,8,29.4,0.941,4,0.8,0.021,528.38,Heavy Rain,0,1061,1,1.2,0.82,1.065
2026-09-05,DAL-HUB,Inbound,Morning,9,Saturday,1,0,1,1224,1080,303,1011,192,23,22,22,46,8,27.2,1.0,1,0.9,0.018,479.0,Clear,0,1011,0,1.2,0.82,1.065
2026-09-05,DAL-HUB,Inbound,Morning,10,Saturday,1,0,0,920,811,305,658,226,16,15,15,46,8,36.7,0.954,10,2.0,0.014,396.74,Clear,0,658,2,1.08,0.82,1.065
2026-09-05,DAL-HUB,Inbound,Morning,11,Saturday,1,0,0,916,809,250,734,169,17,16,16,48,8,31.4,0.957,5,1.2,0.02,377.78,Clear,0,734,3,1.08,0.82,1.065
2026-09-05,DAL-HUB,Inbound,Morning,12,Saturday,1,0,0,897,792,240,780,100,15,15,15,52,8,23.8,1.0,6,1.1,0.016,358.34,Clear,0,780,3,0.96,0.82,1.065
2026-09-05,DAL-HUB,Inbound,Morning,13,Saturday,1,0,0,822,725,205,692,103,16,15,15,48,8,24.3,0.962,2,0.3,0.029,321.81,Clear,0,692,0,0.96,0.82,1.065
2026-09-05,DAL-HUB,Inbound,Evening,14,Saturday,1,0,0,916,809,280,664,247,16,16,15,46,8,40.6,0.963,3,1.0,0.047,346.28,Clear,0,664,0,0.96,0.82,1.065
2026-09-05,DAL-HUB,Inbound,Evening,15,Saturday,1,0,0,838,739,207,665,151,15,16,15,45,8,29.1,0.986,8,1.2,0.042,367.38,Rain,0,665,3,1.08,0.82,1.065
2026-09-05,DAL-HUB,Inbound,Evening,16,Saturday,1,0,0,865,764,168,640,231,17,15,15,45,8,34.7,0.948,2,1.6,0.025,358.98,Clear,0,640,3,1.08,0.82,1.065
2026-09-05,DAL-HUB,Inbound,Evening,17,Saturday,1,0,1,1244,1098,333,1007,215,24,23,22,48,8,28.8,0.954,9,1.0,0.035,507.76,Clear,0,1007,0,1.2,0.82,1.065
2026-09-05,DAL-HUB,Inbound,Evening,18,Saturday,1,0,1,1227,1082,273,1097,113,22,22,21,54,8,23.5,0.968,3,0.7,0.047,460.35,Clear,0,1097,1,1.2,0.82,1.065
2026-09-05,DAL-HUB,Inbound,Evening,19,Saturday,1,0,1,1166,1029,256,950,201,24,21,21,46,8,30.2,0.984,6,0.7,0.019,468.89,Clear,0,950,1,1.2,0.82,1.065
2026-09-05,DAL-HUB,Inbound,Evening,20,Saturday,1,0,0,1021,900,207,804,207,20,19,18,48,8,31.3,0.931,10,0.4,0.03,412.22,Clear,0,804,2,1.08,0.82,1.065
2026-09-05,DAL-HUB,Inbound,Evening,21,Saturday,1,0,0,825,728,258,663,163,15,15,14,48,8,33.0,0.987,8,0.9,0.043,338.36,Clear,0,663,2,0.96,0.82,1.065
2026-09-05,DAL-HUB,Inbound,Night,22,Saturday,1,0,0,857,756,219,715,120,16,15,15,48,8,28.1,0.994,2,0.5,0.021,328.04,Clear,0,715,1,0.96,0.82,1.065
2026-09-05,DAL-HUB,Inbound,Night,23,Saturday,1,0,0,775,684,242,621,135,14,14,13,48,8,29.7,0.996,0,1.0,0.056,295.18,Clear,0,621,0,0.82,0.82,1.065
2026-09-05,DAL-HUB,Sortation,Morning,6,Saturday,1,0,0,882,810,246,792,100,19,19,18,45,8,23.2,0.978,2,0.3,0.032,385.24,Storm,0,792,0,0.96,0.82,1.065
2026-09-05,DAL-HUB,Sortation,Morning,7,Saturday,1,0,0,1157,1062,358,909,271,24,24,23,41,8,36.2,0.965,4,1.6,0.024,527.36,Clear,0,909,0,1.2,0.82,1.065
2026-09-05,DAL-HUB,Sortation,Morning,8,Saturday,1,0,1,1230,1130,388,1144,113,28,28,27,45,8,23.7,0.942,6,0.8,0.021,590.71,Clear,0,1144,1,1.2,0.82,1.065
2026-09-05,DAL-HUB,Sortation,Morning,9,Saturday,1,0,1,1249,1147,425,1187,84,27,27,26,46,8,20.1,0.993,1,0.7,0.044,552.75,Clear,0,1187,2,1.2,0.82,1.065
2026-09-05,DAL-HUB,Sortation,Morning,10,Saturday,1,0,0,961,882,289,772,224,19,19,18,44,8,31.9,0.975,7,1.2,0.039,424.66,Clear,0,772,1,1.08,0.82,1.065
2026-09-05,DAL-HUB,Sortation,Morning,11,Saturday,1,0,0,1075,987,246,830,277,23,23,22,38,8,37.6,0.993,7,1.6,0.034,515.95,Clear,0,830,2,1.08,0.82,1.065
2026-09-05,DAL-HUB,Sortation,Morning,12,Saturday,1,0,0,939,863,234,860,92,21,20,20,45,8,25.8,0.956,2,0.5,0.017,427.66,Clear,0,860,1,0.96,0.82,1.065
2026-09-05,DAL-HUB,Sortation,Morning,13,Saturday,1,0,0,850,781,202,711,153,18,17,16,46,8,30.1,0.966,8,1.4,0.056,392.42,Clear,0,711,0,0.96,0.82,1.065
2026-09-05,DAL-HUB,Sortation,Evening,14,Saturday,1,0,0,889,817,312,680,241,17,17,17,42,8,40.0,0.953,10,1.5,0.01,421.84,Clear,0,680,2,0.96,0.82,1.065
2026-09-05,DAL-HUB,Sortation,Evening,15,Saturday,1,0,0,1050,964,356,739,349,19,20,19,41,8,42.7,0.949,1,1.4,0.028,432.2,Clear,0,739,0,1.08,0.82,1.065
2026-09-05,DAL-HUB,Sortation,Evening,16,Saturday,1,0,0,889,817,311,718,214,20,19,18,42,8,34.4,0.951,7,1.0,0.04,417.74,Clear,0,718,3,1.08,0.82,1.065
2026-09-05,DAL-HUB,Sortation,Evening,17,Saturday,1,0,1,1327,1219,287,1075,286,27,27,26,42,8,34.0,0.985,7,1.6,0.044,598.59,Clear,0,1075,3,1.2,0.82,1.065
2026-09-05,DAL-HUB,Sortation,Evening,18,Saturday,1,0,1,1096,1007,287,855,279,22,22,21,43,8,36.6,0.947,3,1.0,0.042,467.24,Clear,0,855,3,1.2,0.82,1.065
2026-09-05,DAL-HUB,Sortation,Evening,19,Saturday,1,0,1,1321,1213,382,1067,274,28,28,27,41,8,30.1,0.965,7,0.2,0.023,578.76,Clear,0,1067,0,1.2,0.82,1.065
2026-09-05,DAL-HUB,Sortation,Evening,20,Saturday,1,0,0,1096,1007,342,761,360,23,22,21,39,8,43.7,0.93,1,1.8,0.037,483.24,Clear,0,761,2,1.08,0.82,1.065
2026-09-05,DAL-HUB,Sortation,Evening,21,Saturday,1,0,0,814,747,246,624,206,17,17,16,42,8,37.4,0.929,6,1.4,0.031,385.36,Clear,0,624,2,0.96,0.82,1.065
2026-09-05,DAL-HUB,Sortation,Night,22,Saturday,1,0,0,822,755,226,747,100,19,17,17,45,8,26.5,0.977,9,0.7,0.029,395.0,Clear,0,747,2,0.96,0.82,1.065
2026-09-05,DAL-HUB,Sortation,Night,23,Saturday,1,0,0,701,644,236,657,74,16,15,15,44,8,19.6,0.996,5,1.2,0.033,354.99,Clear,0,657,0,0.82,0.82,1.065
2026-09-05,DAL-HUB,Outbound,Morning,6,Saturday,1,0,0,821,804,162,652,181,13,14,13,54,8,31.4,0.929,10,1.1,0.036,331.38,Clear,0,652,0,0.96,0.82,1.065
2026-09-05,DAL-HUB,Outbound,Morning,7,Saturday,1,0,0,955,936,334,783,199,18,17,17,49,8,31.0,0.941,4,0.7,0.02,381.45,Clear,0,783,2,1.2,0.82,1.065
2026-09-05,DAL-HUB,Outbound,Morning,8,Saturday,1,0,1,1168,1144,334,958,233,21,21,20,49,8,33.3,0.978,9,1.6,0.038,485.06,Clear,0,958,0,1.2,0.82,1.065
2026-09-05,DAL-HUB,Outbound,Morning,9,Saturday,1,0,1,1037,1016,207,789,279,18,18,17,49,8,36.2,0.947,7,1.3,0.03,409.36,Clear,0,789,0,1.2,0.82,1.065
2026-09-05,DAL-HUB,Outbound,Morning,10,Saturday,1,0,0,851,834,230,694,203,15,14,14,50,8,34.0,0.992,8,1.5,0.017,356.24,Clear,0,694,1,1.08,0.82,1.065
2026-09-05,DAL-HUB,Outbound,Morning,11,Saturday,1,0,0,898,880,178,660,282,15,15,14,50,8,39.5,0.943,4,0.7,0.039,321.91,Clear,0,660,0,1.08,0.82,1.065
2026-09-05,DAL-HUB,Outbound,Morning,12,Saturday,1,0,0,765,749,235,556,245,13,13,13,45,8,43.0,0.951,7,2.1,0.032,348.76,Clear,0,556,1,0.96,0.82,1.065
2026-09-05,DAL-HUB,Outbound,Morning,13,Saturday,1,0,0,777,761,147,668,128,14,14,14,48,8,28.8,0.995,10,1.0,0.029,347.27,Clear,0,668,0,0.96,0.82,1.065
2026-09-05,DAL-HUB,Outbound,Evening,14,Saturday,1,0,0,777,761,248,684,121,15,14,14,52,8,26.2,0.94,7,0.6,0.026,326.47,Clear,0,684,1,0.96,0.82,1.065
2026-09-05,DAL-HUB,Outbound,Evening,15,Saturday,1,0,0,905,887,302,704,216,18,17,16,46,8,36.6,0.957,2,1.2,0.042,368.63,Clear,0,704,1,1.08,0.82,1.065
2026-09-05,DAL-HUB,Outbound,Evening,16,Saturday,1,0,0,918,899,184,775,159,17,17,16,50,8,26.6,0.97,4,0.8,0.03,364.07,Clear,0,775,2,1.08,0.82,1.065
2026-09-05,DAL-HUB,Outbound,Evening,17,Saturday,1,0,1,985,965,234,815,195,19,19,18,46,8,27.7,0.985,1,1.4,0.032,411.51,Clear,0,815,0,1.2,0.82,1.065
2026-09-05,DAL-HUB,Outbound,Evening,18,Saturday,1,0,1,1173,1149,265,914,261,21,20,19,50,8,33.4,0.962,5,1.8,0.054,462.76,Storm,0,914,0,1.2,0.82,1.065
2026-09-05,DAL-HUB,Outbound,Evening,19,Saturday,1,0,1,1089,1067,226,778,354,20,19,18,48,8,46.0,0.901,6,1.5,0.027,432.22,Clear,0,778,1,1.2,0.82,1.065
2026-09-05,DAL-HUB,Outbound,Evening,20,Saturday,1,0,0,917,898,243,705,235,17,16,15,47,8,36.8,1.0,9,2.1,0.033,396.95,Clear,0,705,1,1.08,0.82,1.065
2026-09-05,DAL-HUB,Outbound,Evening,21,Saturday,1,0,0,811,794,245,670,156,15,15,14,49,8,31.3,0.977,7,1.2,0.055,343.9,Clear,0,670,0,0.96,0.82,1.065
2026-09-05,DAL-HUB,Outbound,Night,22,Saturday,1,0,0,768,752,153,585,219,13,13,12,52,8,38.3,0.939,3,1.3,0.039,294.11,Clear,0,585,0,0.96,0.82,1.065
2026-09-05,DAL-HUB,Outbound,Night,23,Saturday,1,0,0,714,699,191,641,87,14,13,13,52,8,28.0,0.949,8,0.8,0.025,314.62,Clear,0,641,1,0.82,0.82,1.065
2026-09-06,ATL-HUB,Inbound,Morning,6,Sunday,1,0,0,1065,940,228,857,196,21,20,19,47,8,32.3,0.96,4,1.0,0.035,433.87,Storm,0,857,2,0.96,0.82,1.08
2026-09-06,ATL-HUB,Inbound,Morning,7,Sunday,1,0,0,1410,1244,369,1141,248,24,24,23,50,8,31.3,0.992,1,1.2,0.028,510.19,Clear,0,1141,0,1.2,0.82,1.08
2026-09-06,ATL-HUB,Inbound,Morning,8,Sunday,1,0,1,1815,1602,465,1377,429,35,33,32,46,8,37.1,0.936,3,1.6,0.025,712.36,Rain,0,1377,2,1.2,0.82,1.08
2026-09-06,ATL-HUB,Inbound,Morning,9,Sunday,1,0,1,1571,1386,291,1302,231,29,29,28,49,8,28.3,0.949,2,0.6,0.048,596.94,Clear,0,1302,1,1.2,0.82,1.08
2026-09-06,ATL-HUB,Inbound,Morning,10,Sunday,1,0,0,1221,1078,403,932,282,22,22,21,46,8,38.0,0.966,5,1.1,0.034,477.86,Clear,0,932,2,1.08,0.82,1.08
2026-09-06,ATL-HUB,Inbound,Morning,11,Sunday,1,0,0,1307,1153,296,1151,135,25,24,23,51,8,22.9,0.982,10,0.5,0.034,517.58,Clear,0,1151,0,1.08,0.82,1.08
2026-09-06,ATL-HUB,Inbound,Morning,12,Sunday,1,0,0,1025,904,258,793,217,18,18,17,49,8,33.8,0.952,3,1.3,0.038,395.59,Clear,0,793,1,0.96,0.82,1.08
2026-09-06,ATL-HUB,Inbound,Morning,13,Sunday,1,0,0,1017,898,250,866,134,20,18,18,52,8,30.3,0.926,3,0.7,0.019,398.16,Clear,0,866,2,0.96,0.82,1.08
2026-09-06,ATL-HUB,Inbound,Evening,14,Sunday,1,0,0,1064,939,316,732,311,18,18,17,46,8,42.1,0.937,0,1.3,0.036,386.69,Clear,0,732,2,0.96,0.82,1.08
2026-09-06,ATL-HUB,Inbound,Evening,15,Sunday,1,0,0,1314,1160,417,1013,278,23,24,22,50,8,30.7,0.922,9,0.9,0.073,506.2,Clear,0,1013,1,1.08,0.82,1.08
2026-09-06,ATL-HUB,Inbound,Evening,16,Sunday,1,0,0,1272,1123,391,1124,126,25,24,24,48,8,23.6,0.976,3,0.7,0.017,521.01,Rain,0,1124,0,1.08,0.82,1.08
2026-09-06,ATL-HUB,Inbound,Evening,17,Sunday,1,0,1,1548,1366,400,1213,298,31,29,28,49,8,33.7,0.884,3,0.6,0.028,601.36,Rain,0,1213,0,1.2,0.82,1.08
2026-09-06,ATL-HUB,Inbound,Evening,18,Sunday,1,0,1,1521,1342,282,1281,204,30,28,27,50,8,26.9,0.949,8,0.9,0.03,607.38,Heavy Rain,0,1281,1,1.2,0.82,1.08
2026-09-06,ATL-HUB,Inbound,Evening,19,Sunday,1,0,1,1582,1395,508,1119,454,30,29,27,45,8,38.7,0.922,5,1.3,0.061,606.82,Clear,0,1119,0,1.2,0.82,1.08
2026-09-06,ATL-HUB,Inbound,Evening,20,Sunday,1,0,0,1114,983,269,959,123,21,22,21,47,8,23.5,0.972,6,0.0,0.039,448.37,Clear,0,959,0,1.08,0.82,1.08
2026-09-06,ATL-HUB,Inbound,Evening,21,Sunday,1,0,0,1093,964,215,868,209,21,19,19,48,8,30.7,0.952,3,0.4,0.023,410.6,Clear,0,868,0,0.96,0.82,1.08
2026-09-06,ATL-HUB,Inbound,Night,22,Sunday,1,0,0,1115,984,211,871,231,19,19,18,49,8,33.3,0.988,5,1.2,0.03,420.29,Clear,0,871,1,0.96,0.82,1.08
2026-09-06,ATL-HUB,Inbound,Night,23,Sunday,1,0,0,962,849,305,768,164,17,17,16,49,8,25.6,0.981,8,1.3,0.049,390.99,Clear,0,768,1,0.82,0.82,1.08
2026-09-06,ATL-HUB,Sortation,Morning,6,Sunday,1,0,0,1118,1026,227,937,222,23,23,22,44,8,30.6,0.968,8,0.7,0.052,494.74,Clear,0,937,1,0.96,0.82,1.08
2026-09-06,ATL-HUB,Sortation,Morning,7,Sunday,1,0,0,1522,1398,400,1341,211,35,33,31,47,8,29.0,0.921,3,0.5,0.052,656.07,Clear,0,1341,0,1.2,0.82,1.08
2026-09-06,ATL-HUB,Sortation,Morning,8,Sunday,1,0,1,1715,1575,512,1170,590,39,37,35,36,8,45.1,0.929,9,1.5,0.051,784.82,Clear,0,1170,0,1.2,0.82,1.08
2026-09-06,ATL-HUB,Sortation,Morning,9,Sunday,1,0,1,1660,1524,373,1242,453,35,34,33,42,8,42.3,0.897,1,0.8,0.037,699.59,Clear,0,1242,0,1.2,0.82,1.08
2026-09-06,ATL-HUB,Sortation,Morning,10,Sunday,1,0,0,1312,1205,284,1095,256,28,28,27,43,8,28.0,0.944,10,0.8,0.031,605.0,Clear,0,1095,1,1.08,0.82,1.08
2026-09-06,ATL-HUB,Sortation,Morning,11,Sunday,1,0,0,1383,1270,322,1088,332,29,29,28,42,8,35.4,0.926,3,1.3,0.038,617.42,Clear,0,1088,1,1.08,0.82,1.08
2026-09-06,ATL-HUB,Sortation,Morning,12,Sunday,1,0,0,1274,1170,347,1075,224,27,26,25,44,8,27.3,0.978,5,1.2,0.048,560.5,Clear,0,1075,1,0.96,0.82,1.08
2026-09-06,ATL-HUB,Sortation,Morning,13,Sunday,1,0,0,1059,972,303,839,237,24,22,22,41,8,31.2,0.93,2,1.0,0.021,482.86,Clear,0,839,0,0.96,0.82,1.08
2026-09-06,ATL-HUB,Sortation,Evening,14,Sunday,1,0,0,1211,1112,360,1041,204,25,25,24,44,8,26.3,0.986,10,0.7,0.053,541.85,Clear,0,1041,1,0.96,0.82,1.08
2026-09-06,ATL-HUB,Sortation,Evening,15,Sunday,1,0,0,1308,1201,416,1034,301,27,26,25,43,8,32.3,0.962,1,1.2,0.028,548.33,Clear,0,1034,2,1.08,0.82,1.08
2026-09-06,ATL-HUB,Sortation,Evening,16,Sunday,1,0,0,1292,1187,384,947,380,27,25,24,43,8,39.1,0.918,7,1.4,0.022,553.34,Clear,0,947,4,1.08,0.82,1.08
2026-09-06,ATL-HUB,Sortation,Evening,17,Sunday,1,0,1,1539,1413,417,1361,209,35,34,33,44,8,27.7,0.938,10,0.5,0.019,717.78,Clear,0,1361,1,1.2,0.82,1.08
2026-09-06,ATL-HUB,Sortation,Evening,18,Sunday,1,0,1,1725,1584,577,1539,204,37,37,36,44,8,23.5,0.972,8,0.4,0.033,770.5,Clear,0,1539,0,1.2,0.82,1.08
2026-09-06,ATL-HUB,Sortation,Evening,19,Sunday,1,0,1,1550,1423,473,1090,509,32,30,29,40,8,43.2,0.94,6,2.2,0.028,674.78,Clear,0,1090,0,1.2,0.82,1.08
2026-09-06,ATL-HUB,Sortation,Evening,20,Sunday,1,0,0,1210,1111,309,920,307,29,27,26,38,8,32.7,0.932,6,1.8,0.035,598.83,Clear,0,920,2,1.08,0.82,1.08
2026-09-06,ATL-HUB,Sortation,Evening,21,Sunday,1,0,0,1185,1089,306,1032,172,25,25,24,43,8,27.8,1.0,0,1.1,0.04,520.58,Clear,0,1032,3,0.96,0.82,1.08
2026-09-06,ATL-HUB,Sortation,Night,22,Sunday,1,0,0,1207,1108,293,1108,128,28,26,25,45,8,24.1,0.986,1,0.7,0.037,532.48,Clear,0,1108,0,0.96,0.82,1.08
2026-09-06,ATL-HUB,Sortation,Night,23,Sunday,1,0,0,980,900,234,874,138,19,20,19,47,8,27.2,0.98,0,0.7,0.04,408.1,Clear,0,874,2,0.82,0.82,1.08
2026-09-06,ATL-HUB,Outbound,Morning,6,Sunday,1,0,0,1057,1035,334,846,248,19,19,18,48,8,36.1,0.98,10,1.4,0.05,441.62,Clear,0,846,0,0.96,0.82,1.08
2026-09-06,ATL-HUB,Outbound,Morning,7,Sunday,1,0,0,1308,1281,294,1034,295,24,23,22,47,8,32.2,1.0,7,1.6,0.051,520.23,Clear,0,1034,4,1.2,0.82,1.08
2026-09-06,ATL-HUB,Outbound,Morning,8,Sunday,1,0,1,1493,1463,328,1166,356,26,26,25,49,8,32.4,0.952,5,1.1,0.044,561.73,Clear,0,1166,0,1.2,0.82,1.08
2026-09-06,ATL-HUB,Outbound,Morning,9,Sunday,1,0,1,1536,1505,487,1336,238,31,29,28,49,8,28.2,0.974,7,0.6,0.032,613.42,Clear,0,1336,2,1.2,0.82,1.08
2026-09-06,ATL-HUB,Outbound,Morning,10,Sunday,1,0,0,1166,1142,321,918,260,21,21,20,49,8,36.7,0.937,6,1.3,0.03,467.02,Clear,0,918,0,1.08,0.82,1.08
2026-09-06,ATL-HUB,Outbound,Morning,11,Sunday,1,0,0,1241,1216,398,1196,64,27,26,25,51,8,18.8,0.939,9,0.3,0.049,547.51,Clear,0,1196,2,1.08,0.82,1.08
2026-09-06,ATL-HUB,Outbound,Morning,12,Sunday,1,0,0,987,967,264,778,222,18,17,17,47,8,33.2,0.974,1,1.5,0.018,398.47,Storm,0,778,1,0.96,0.82,1.08
2026-09-06,ATL-HUB,Outbound,Morning,13,Sunday,1,0,0,1041,1020,302,772,306,18,18,17,49,8,37.9,0.927,5,1.3,0.036,403.03,Clear,0,772,0,0.96,0.82,1.08
2026-09-06,ATL-HUB,Outbound,Evening,14,Sunday,1,0,0,987,967,306,867,127,19,17,17,52,8,27.3,0.981,2,0.0,0.018,356.04,Clear,0,867,3,0.96,0.82,1.08
2026-09-06,ATL-HUB,Outbound,Evening,15,Sunday,1,0,0,1155,1131,341,895,282,21,20,20,46,8,34.0,0.973,0,1.4,0.018,450.42,Clear,0,895,0,1.08,0.82,1.08
2026-09-06,ATL-HUB,Outbound,Evening,16,Sunday,1,0,0,1148,1125,299,967,210,20,20,19,55,8,29.4,0.926,3,0.7,0.026,420.8,Clear,0,967,1,1.08,0.82,1.08
2026-09-06,ATL-HUB,Outbound,Evening,17,Sunday,1,0,1,1546,1514,363,1267,318,28,28,27,50,8,31.7,0.939,0,1.0,0.034,588.58,Storm,0,1267,0,1.2,0.82,1.08
2026-09-06,ATL-HUB,Outbound,Evening,18,Sunday,1,0,1,1458,1428,326,1360,125,28,28,27,51,8,21.6,0.988,7,0.7,0.042,595.28,Clear,0,1360,1,1.2,0.82,1.08
2026-09-06,ATL-HUB,Outbound,Evening,19,Sunday,1,0,1,1564,1532,326,1123,483,27,27,26,46,8,41.0,0.939,1,1.2,0.043,572.53,Clear,0,1123,0,1.2,0.82,1.08
2026-09-06,ATL-HUB,Outbound,Evening,20,Sunday,1,0,0,1184,1160,404,870,339,22,21,20,45,8,38.3,0.967,10,1.7,0.027,491.36,Clear,0,870,0,1.08,0.82,1.08
2026-09-06,ATL-HUB,Outbound,Evening,21,Sunday,1,0,0,1020,999,244,741,318,16,17,16,49,8,46.1,0.945,3,1.7,0.053,387.94,Clear,0,741,2,0.96,0.82,1.08
2026-09-06,ATL-HUB,Outbound,Night,22,Sunday,1,0,0,1033,1012,280,803,245,21,19,19,46,8,34.8,0.919,4,0.9,0.013,427.49,Clear,0,803,1,0.96,0.82,1.08
2026-09-06,ATL-HUB,Outbound,Night,23,Sunday,1,0,0,896,878,243,733,177,15,15,15,52,8,30.1,0.94,5,1.2,0.033,358.57,Clear,0,733,1,0.82,0.82,1.08
2026-09-06,CHI-HUB,Inbound,Morning,6,Sunday,1,0,0,1009,891,311,754,246,20,19,18,45,8,35.7,0.932,0,1.6,0.028,413.62,Clear,0,754,1,0.96,0.82,1.08
2026-09-06,CHI-HUB,Inbound,Morning,7,Sunday,1,0,0,1294,1142,321,1091,177,25,23,22,51,8,23.9,0.973,10,0.7,0.039,503.44,Clear,0,1091,0,1.2,0.82,1.08
2026-09-06,CHI-HUB,Inbound,Morning,8,Sunday,1,0,1,1532,1351,398,1183,317,30,28,27,47,8,32.2,0.933,7,0.6,0.031,592.74,Clear,0,1183,2,1.2,0.82,1.08
2026-09-06,CHI-HUB,Inbound,Morning,9,Sunday,1,0,1,1633,1440,451,1287,334,30,29,28,48,8,30.2,0.958,7,0.9,0.039,622.42,Clear,0,1287,0,1.2,0.82,1.08
2026-09-06,CHI-HUB,Inbound,Morning,10,Sunday,1,0,0,1235,1089,296,979,245,23,22,22,46,8,32.6,0.968,1,1.1,0.02,484.8,Clear,0,979,1,1.08,0.82,1.08
2026-09-06,CHI-HUB,Inbound,Morning,11,Sunday,1,0,0,1048,925,215,900,147,20,19,19,48,8,28.7,0.987,4,0.4,0.019,413.0,Clear,0,900,1,1.08,0.82,1.08
2026-09-06,CHI-HUB,Inbound,Morning,12,Sunday,1,0,0,1090,962,262,839,244,20,19,19,46,8,34.2,0.96,10,0.7,0.024,441.34,Clear,0,839,1,0.96,0.82,1.08
2026-09-06,CHI-HUB,Inbound,Morning,13,Sunday,1,0,0,1073,946,210,862,199,20,20,19,47,8,30.0,0.966,4,1.3,0.033,438.64,Clear,0,862,1,0.96,0.82,1.08
2026-09-06,CHI-HUB,Inbound,Evening,14,Sunday,1,0,0,942,831,298,680,270,17,17,16,43,8,42.1,0.989,9,1.4,0.035,396.63,Clear,0,680,1,0.96,0.82,1.08
2026-09-06,CHI-HUB,Inbound,Evening,15,Sunday,1,0,0,1128,995,231,815,296,20,20,19,45,8,40.0,0.953,8,1.6,0.048,462.0,Rain,0,815,3,1.08,0.82,1.08
2026-09-06,CHI-HUB,Inbound,Evening,16,Sunday,1,0,0,1129,996,359,758,350,19,19,18,44,8,43.8,0.958,4,1.8,0.032,434.13,Clear,0,758,0,1.08,0.82,1.08
2026-09-06,CHI-HUB,Inbound,Evening,17,Sunday,1,0,1,1433,1264,371,1147,287,27,26,25,48,8,31.5,0.956,2,0.7,0.024,538.79,Clear,0,1147,1,1.2,0.82,1.08
2026-09-06,CHI-HUB,Inbound,Evening,18,Sunday,1,0,1,1387,1224,362,1038,342,26,24,23,46,8,37.5,0.982,3,2.0,0.023,541.52,Heavy Rain,0,1038,0,1.2,0.82,1.08
2026-09-06,CHI-HUB,Inbound,Evening,19,Sunday,1,0,1,1431,1262,413,1197,215,29,27,26,49,8,27.5,0.94,3,0.3,0.035,550.25,Clear,0,1197,0,1.2,0.82,1.08
2026-09-06,CHI-HUB,Inbound,Evening,20,Sunday,1,0,0,1332,1175,240,1115,188,25,24,23,51,8,27.9,0.951,10,0.8,0.028,526.41,Clear,0,1115,1,1.08,0.82,1.08
2026-09-06,CHI-HUB,Inbound,Evening,21,Sunday,1,0,0,1041,918,271,774,234,18,19,18,45,8,31.4,0.956,7,1.8,0.048,444.38,Heavy Rain,0,774,0,0.96,0.82,1.08
2026-09-06,CHI-HUB,Inbound,Night,22,Sunday,1,0,0,1000,882,335,728,246,19,18,17,45,8,38.0,0.952,1,1.4,0.039,392.62,Rain,0,728,2,0.96,0.82,1.08
2026-09-06,CHI-HUB,Inbound,Night,23,Sunday,1,0,0,805,711,244,551,229,14,14,13,44,8,42.6,0.965,1,1.8,0.036,321.32,Clear,0,551,1,0.82,0.82,1.08
2026-09-06,CHI-HUB,Sortation,Morning,6,Sunday,1,0,0,906,832,221,619,299,18,18,17,38,8,45.0,0.959,10,2.3,0.033,444.55,Clear,0,619,1,0.96,0.82,1.08
2026-09-06,CHI-HUB,Sortation,Morning,7,Sunday,1,0,0,1301,1195,328,1277,62,32,30,29,45,8,16.9,0.979,8,0.7,0.02,634.6,Clear,0,1277,1,1.2,0.82,1.08
2026-09-06,CHI-HUB,Sortation,Morning,8,Sunday,1,0,1,1439,1322,445,1150,322,31,31,30,40,8,34.3,0.959,5,1.2,0.039,666.33,Storm,0,1150,0,1.2,0.82,1.08
2026-09-06,CHI-HUB,Sortation,Morning,9,Sunday,1,0,1,1620,1488,427,1155,501,32,30,29,42,8,42.9,0.948,5,2.1,0.036,670.07,Clear,0,1155,0,1.2,0.82,1.08
2026-09-06,CHI-HUB,Sortation,Morning,10,Sunday,1,0,0,1268,1164,430,1086,207,27,25,24,48,8,29.3,0.943,3,1.5,0.028,542.89,Clear,0,1086,0,1.08,0.82,1.08
2026-09-06,CHI-HUB,Sortation,Morning,11,Sunday,1,0,0,1135,1043,362,913,246,25,25,24,41,8,32.4,0.929,10,0.9,0.031,548.57,Heavy Rain,0,913,0,1.08,0.82,1.08
2026-09-06,CHI-HUB,Sortation,Morning,12,Sunday,1,0,0,1065,978,336,908,184,23,22,21,46,8,30.9,0.94,9,0.4,0.029,469.07,Clear,0,908,2,0.96,0.82,1.08
2026-09-06,CHI-HUB,Sortation,Morning,13,Sunday,1,0,0,1093,1004,324,999,126,22,22,21,48,8,24.1,0.992,7,0.6,0.035,468.79,Clear,0,999,2,0.96,0.82,1.08
2026-09-06,CHI-HUB,Sortation,Evening,14,Sunday,1,0,0,1084,996,254,888,241,24,23,22,42,8,33.2,0.962,7,1.1,0.04,502.13,Clear,0,888,0,0.96,0.82,1.08
2026-09-06,CHI-HUB,Sortation,Evening,15,Sunday,1,0,0,1207,1108,425,1005,211,25,25,24,43,8,30.6,0.975,2,0.8,0.033,523.41,Storm,0,1005,0,1.08,0.82,1.08
2026-09-06,CHI-HUB,Sortation,Evening,16,Sunday,1,0,0,1262,1159,377,1008,283,27,26,26,41,8,32.6,0.946,8,1.5,0.01,597.78,Clear,0,1008,0,1.08,0.82,1.08
2026-09-06,CHI-HUB,Sortation,Evening,17,Sunday,1,0,1,1393,1279,288,1125,290,30,30,29,41,8,31.1,0.947,9,1.2,0.019,653.5,Clear,0,1125,1,1.2,0.82,1.08
2026-09-06,CHI-HUB,Sortation,Evening,18,Sunday,1,0,1,1558,1431,344,1159,423,31,31,30,40,8,40.5,0.967,3,1.0,0.035,651.22,Clear,0,1159,0,1.2,0.82,1.08
2026-09-06,CHI-HUB,Sortation,Evening,19,Sunday,1,0,1,1462,1342,434,1244,240,35,33,32,40,8,31.0,0.972,3,1.2,0.042,694.06,Clear,0,1244,1,1.2,0.82,1.08
2026-09-06,CHI-HUB,Sortation,Evening,20,Sunday,1,0,0,1229,1129,382,968,274,25,25,24,42,8,33.1,0.961,6,1.0,0.036,537.79,Clear,0,968,2,1.08,0.82,1.08
2026-09-06,CHI-HUB,Sortation,Evening,21,Sunday,1,0,0,1024,940,312,777,272,22,21,20,41,8,36.3,0.949,5,1.7,0.036,472.41,Clear,0,777,1,0.96,0.82,1.08
2026-09-06,CHI-HUB,Sortation,Night,22,Sunday,1,0,0,1054,968,324,715,375,20,20,19,40,8,48.8,0.941,10,1.8,0.033,472.27,Clear,0,715,0,0.96,0.82,1.08
2026-09-06,CHI-HUB,Sortation,Night,23,Sunday,1,0,0,913,838,272,794,134,19,19,18,46,8,26.9,0.96,4,1.1,0.041,411.38,Clear,0,794,1,0.82,0.82,1.08
2026-09-06,CHI-HUB,Outbound,Morning,6,Sunday,1,0,0,977,957,265,720,285,17,17,16,47,8,43.2,0.958,4,1.6,0.045,387.55,Clear,0,720,1,0.96,0.82,1.08
2026-09-06,CHI-HUB,Outbound,Morning,7,Sunday,1,0,0,1123,1100,274,950,214,20,20,19,52,8,27.1,0.962,5,1.0,0.032,435.13,Clear,0,950,1,1.2,0.82,1.08
2026-09-06,CHI-HUB,Outbound,Morning,8,Sunday,1,0,1,1416,1387,303,1300,153,29,27,26,50,8,23.2,1.0,7,1.3,0.032,591.81,Clear,0,1300,1,1.2,0.82,1.08
2026-09-06,CHI-HUB,Outbound,Morning,9,Sunday,1,0,1,1408,1379,492,1132,313,25,25,24,48,8,33.4,0.983,4,1.3,0.036,543.07,Clear,0,1132,2,1.2,0.82,1.08
2026-09-06,CHI-HUB,Outbound,Morning,10,Sunday,1,0,0,1072,1050,233,891,199,20,19,18,50,8,30.3,0.991,8,1.5,0.037,438.29,Clear,0,891,2,1.08,0.82,1.08
2026-09-06,CHI-HUB,Outbound,Morning,11,Sunday,1,0,0,1062,1040,290,950,148,21,20,19,50,8,27.8,1.0,4,1.1,0.042,433.61,Clear,0,950,2,1.08,0.82,1.08
2026-09-06,CHI-HUB,Outbound,Morning,12,Sunday,1,0,0,933,914,250,676,262,16,16,15,46,8,41.0,0.98,9,2.0,0.051,394.45,Clear,0,676,0,0.96,0.82,1.08
2026-09-06,CHI-HUB,Outbound,Morning,13,Sunday,1,0,0,882,864,202,740,168,17,16,16,48,8,31.4,0.965,6,1.1,0.02,380.14,Heavy Rain,0,740,1,0.96,0.82,1.08
2026-09-06,CHI-HUB,Outbound,Evening,14,Sunday,1,0,0,972,952,296,754,248,18,16,16,51,8,35.0,0.925,7,1.4,0.031,392.53,Rain,0,754,0,0.96,0.82,1.08
2026-09-06,CHI-HUB,Outbound,Evening,15,Sunday,1,0,0,1110,1087,264,899,244,21,20,19,50,8,35.1,0.947,10,0.9,0.033,448.09,Clear,0,899,1,1.08,0.82,1.08
2026-09-06,CHI-HUB,Outbound,Evening,16,Sunday,1,0,0,1016,995,308,785,257,19,18,18,46,8,38.2,0.949,1,1.3,0.014,409.27,Clear,0,785,2,1.08,0.82,1.08
2026-09-06,CHI-HUB,Outbound,Evening,17,Sunday,1,0,1,1319,1292,300,1127,223,25,24,23,52,8,26.8,0.942,4,0.7,0.027,505.13,Clear,0,1127,0,1.2,0.82,1.08
2026-09-06,CHI-HUB,Outbound,Evening,18,Sunday,1,0,1,1333,1306,470,972,383,22,22,21,48,8,40.3,0.965,0,1.6,0.04,483.7,Storm,0,972,0,1.2,0.82,1.08
2026-09-06,CHI-HUB,Outbound,Evening,19,Sunday,1,0,1,1231,1206,379,998,249,24,23,22,48,8,32.6,0.946,0,0.7,0.027,471.23,Clear,0,998,1,1.2,0.82,1.08
2026-09-06,CHI-HUB,Outbound,Evening,20,Sunday,1,0,0,1070,1048,303,853,234,20,19,19,47,8,31.3,0.955,2,1.4,0.02,435.76,Clear,0,853,0,1.08,0.82,1.08
2026-09-06,CHI-HUB,Outbound,Evening,21,Sunday,1,0,0,924,905,186,732,202,16,16,15,51,8,34.5,0.958,9,1.6,0.039,383.07,Clear,0,732,1,0.96,0.82,1.08
2026-09-06,CHI-HUB,Outbound,Night,22,Sunday,1,0,0,958,938,192,837,135,18,17,17,52,8,28.3,0.947,4,0.4,0.024,373.1,Clear,0,837,0,0.96,0.82,1.08
2026-09-06,CHI-HUB,Outbound,Night,23,Sunday,1,0,0,749,734,162,606,158,14,13,13,48,8,32.6,0.972,5,0.7,0.034,305.62,Storm,0,606,1,0.82,0.82,1.08
2026-09-06,DAL-HUB,Inbound,Morning,6,Sunday,1,0,0,870,767,291,654,201,16,16,15,46,8,35.2,0.948,5,1.4,0.042,363.05,Clear,0,654,0,0.96,0.82,1.08
2026-09-06,DAL-HUB,Inbound,Morning,7,Sunday,1,0,0,1072,945,238,873,167,19,20,19,47,8,31.4,0.978,1,0.9,0.032,417.82,Clear,0,873,1,1.2,0.82,1.08
2026-09-06,DAL-HUB,Inbound,Morning,8,Sunday,1,0,1,1197,1056,236,1037,142,23,22,21,51,8,27.5,0.968,3,0.7,0.04,459.83,Clear,0,1037,1,1.2,0.82,1.08
2026-09-06,DAL-HUB,Inbound,Morning,9,Sunday,1,0,1,1241,1095,383,1089,124,25,23,22,52,8,22.2,0.953,8,0.4,0.035,487.71,Clear,0,1089,0,1.2,0.82,1.08
2026-09-06,DAL-HUB,Inbound,Morning,10,Sunday,1,0,0,1003,885,203,814,168,20,19,18,47,8,28.6,0.963,2,1.0,0.045,403.11,Clear,0,814,1,1.08,0.82,1.08
2026-09-06,DAL-HUB,Inbound,Morning,11,Sunday,1,0,0,897,792,217,698,189,16,16,15,48,8,30.7,0.97,0,1.3,0.038,344.74,Clear,0,698,0,1.08,0.82,1.08
2026-09-06,DAL-HUB,Inbound,Morning,12,Sunday,1,0,0,893,788,225,811,93,17,17,16,51,8,23.2,0.995,3,1.0,0.033,365.37,Clear,0,811,1,0.96,0.82,1.08
2026-09-06,DAL-HUB,Inbound,Morning,13,Sunday,1,0,0,935,825,313,662,257,15,16,15,47,8,44.6,0.94,3,1.1,0.033,349.41,Clear,0,662,0,0.96,0.82,1.08
2026-09-06,DAL-HUB,Inbound,Evening,14,Sunday,1,0,0,850,750,268,607,224,15,15,14,45,8,36.9,0.964,3,1.9,0.038,350.81,Clear,0,607,1,0.96,0.82,1.08
2026-09-06,DAL-HUB,Inbound,Evening,15,Sunday,1,0,0,938,828,251,736,172,18,17,16,46,8,33.9,1.0,5,1.7,0.031,392.16,Clear,0,736,1,1.08,0.82,1.08
2026-09-06,DAL-HUB,Inbound,Evening,16,Sunday,1,0,0,1007,889,264,865,125,21,19,19,48,8,22.4,0.949,3,0.3,0.024,406.28,Clear,0,865,1,1.08,0.82,1.08
2026-09-06,DAL-HUB,Inbound,Evening,17,Sunday,1,0,1,1171,1034,395,886,267,21,21,20,46,8,32.5,0.963,3,1.2,0.039,453.88,Clear,0,886,2,1.2,0.82,1.08
2026-09-06,DAL-HUB,Inbound,Evening,18,Sunday,1,0,1,1150,1015,278,891,255,21,20,19,47,8,37.8,0.999,7,1.0,0.053,445.26,Storm,0,891,0,1.2,0.82,1.08
2026-09-06,DAL-HUB,Inbound,Evening,19,Sunday,1,0,1,1159,1023,325,956,169,23,23,22,46,8,25.7,0.946,5,0.7,0.039,486.29,Rain,0,956,1,1.2,0.82,1.08
2026-09-06,DAL-HUB,Inbound,Evening,20,Sunday,1,0,0,1044,921,268,751,276,17,17,16,50,8,36.4,0.94,4,1.2,0.044,376.83,Clear,0,751,2,1.08,0.82,1.08
2026-09-06,DAL-HUB,Inbound,Evening,21,Sunday,1,0,0,849,749,247,695,134,16,16,15,48,8,31.5,0.966,4,1.7,0.043,367.89,Clear,0,695,1,0.96,0.82,1.08
2026-09-06,DAL-HUB,Inbound,Night,22,Sunday,1,0,0,833,735,195,590,241,16,15,14,45,8,39.6,0.938,6,1.1,0.063,337.71,Clear,0,590,0,0.96,0.82,1.08
2026-09-06,DAL-HUB,Inbound,Night,23,Sunday,1,0,0,743,656,189,577,154,13,14,13,47,8,30.0,0.945,1,0.6,0.058,286.62,Clear,0,577,0,0.82,0.82,1.08
2026-09-06,DAL-HUB,Sortation,Morning,6,Sunday,1,0,0,996,915,225,735,277,21,20,19,39,8,38.1,0.992,7,1.8,0.056,461.61,Clear,0,735,1,0.96,0.82,1.08
2026-09-06,DAL-HUB,Sortation,Morning,7,Sunday,1,0,0,1088,999,356,831,299,24,23,22,40,8,35.7,0.945,10,1.4,0.032,520.2,Clear,0,831,0,1.2,0.82,1.08
2026-09-06,DAL-HUB,Sortation,Morning,8,Sunday,1,0,1,1235,1134,360,1100,146,26,26,25,44,8,27.4,1.0,2,1.1,0.029,547.4,Clear,0,1100,3,1.2,0.82,1.08
2026-09-06,DAL-HUB,Sortation,Morning,9,Sunday,1,0,1,1306,1199,417,1304,17,29,29,28,49,8,16.2,0.951,0,0.0,0.046,572.87,Heavy Rain,0,1304,2,1.2,0.82,1.08
2026-09-06,DAL-HUB,Sortation,Morning,10,Sunday,1,0,0,1006,924,257,718,344,21,21,20,39,8,47.0,0.921,1,1.4,0.039,450.89,Clear,0,718,0,1.08,0.82,1.08
2026-09-06,DAL-HUB,Sortation,Morning,11,Sunday,1,0,0,938,862,324,685,272,19,19,18,40,8,40.0,0.952,1,1.7,0.051,419.04,Clear,0,685,0,1.08,0.82,1.08
2026-09-06,DAL-HUB,Sortation,Morning,12,Sunday,1,0,0,872,801,176,708,189,18,17,17,45,8,34.1,0.925,10,0.9,0.016,406.64,Heavy Rain,0,708,0,0.96,0.82,1.08
2026-09-06,DAL-HUB,Sortation,Morning,13,Sunday,1,0,0,931,855,253,715,241,20,19,18,42,8,35.5,0.947,10,1.0,0.043,428.12,Clear,0,715,0,0.96,0.82,1.08
2026-09-06,DAL-HUB,Sortation,Evening,14,Sunday,1,0,0,819,752,268,724,114,18,18,17,44,8,28.5,0.968,4,0.9,0.033,384.55,Clear,0,724,1,0.96,0.82,1.08
2026-09-06,DAL-HUB,Sortation,Evening,15,Sunday,1,0,0,987,907,203,689,308,20,20,19,40,8,46.2,0.907,8,2.2,0.034,475.84,Clear,0,689,0,1.08,0.82,1.08
2026-09-06,DAL-HUB,Sortation,Evening,16,Sunday,1,0,0,929,853,182,720,224,19,19,18,43,8,37.4,0.931,1,1.1,0.058,405.48,Storm,0,720,1,1.08,0.82,1.08
2026-09-06,DAL-HUB,Sortation,Evening,17,Sunday,1,0,1,1263,1160,322,1061,234,27,27,26,41,8,29.6,0.995,5,1.0,0.025,574.2,Clear,0,1061,1,1.2,0.82,1.08
2026-09-06,DAL-HUB,Sortation,Evening,18,Sunday,1,0,1,1231,1131,350,1003,241,27,26,25,41,8,34.0,0.979,9,1.4,0.033,578.13,Clear,0,1003,1,1.2,0.82,1.08
2026-09-06,DAL-HUB,Sortation,Evening,19,Sunday,1,0,1,1187,1090,331,951,277,26,25,24,44,8,33.7,0.901,9,0.0,0.043,518.62,Clear,0,951,1,1.2,0.82,1.08
2026-09-06,DAL-HUB,Sortation,Evening,20,Sunday,1,0,0,980,900,206,877,115,21,20,20,45,8,24.1,0.975,6,0.4,0.01,438.4,Clear,0,877,0,1.08,0.82,1.08
2026-09-06,DAL-HUB,Sortation,Evening,21,Sunday,1,0,0,928,852,245,778,171,20,20,19,43,8,28.9,0.953,2,1.3,0.046,433.76,Storm,0,778,0,0.96,0.82,1.08
2026-09-06,DAL-HUB,Sortation,Night,22,Sunday,1,0,0,923,847,217,744,214,19,19,18,44,8,33.5,0.94,5,0.9,0.03,409.16,Clear,0,744,1,0.96,0.82,1.08
2026-09-06,DAL-HUB,Sortation,Night,23,Sunday,1,0,0,703,646,158,640,66,16,15,15,44,8,23.5,0.97,3,0.6,0.026,331.82,Clear,0,640,0,0.82,0.82,1.08
2026-09-06,DAL-HUB,Outbound,Morning,6,Sunday,1,0,0,851,834,232,680,209,17,15,15,47,8,34.6,0.965,3,0.8,0.031,340.14,Clear,0,680,0,0.96,0.82,1.08
2026-09-06,DAL-HUB,Outbound,Morning,7,Sunday,1,0,0,979,959,295,790,224,18,17,16,50,8,32.5,0.989,7,1.2,0.039,385.98,Clear,0,790,0,1.2,0.82,1.08
2026-09-06,DAL-HUB,Outbound,Morning,8,Sunday,1,0,1,1127,1104,335,1016,146,21,21,20,52,8,24.3,0.977,4,0.8,0.028,445.9,Clear,0,1016,0,1.2,0.82,1.08
2026-09-06,DAL-HUB,Outbound,Morning,9,Sunday,1,0,1,1042,1021,208,817,257,17,18,17,50,8,33.9,0.962,9,1.0,0.035,411.28,Storm,0,817,1,1.2,0.82,1.08
2026-09-06,DAL-HUB,Outbound,Morning,10,Sunday,1,0,0,832,815,213,754,82,17,15,15,52,8,22.5,0.967,1,0.5,0.03,326.82,Heavy Rain,0,754,4,1.08,0.82,1.08
2026-09-06,DAL-HUB,Outbound,Morning,11,Sunday,1,0,0,973,953,336,692,303,17,17,16,45,8,41.0,0.961,9,1.8,0.034,412.65,Storm,0,692,2,1.08,0.82,1.08
2026-09-06,DAL-HUB,Outbound,Morning,12,Sunday,1,0,0,790,774,213,724,97,15,14,14,54,8,24.5,0.958,7,1.0,0.025,337.93,Clear,0,724,1,0.96,0.82,1.08
2026-09-06,DAL-HUB,Outbound,Morning,13,Sunday,1,0,0,753,738,226,629,164,13,13,12,55,8,29.6,0.953,4,1.4,0.052,299.84,Clear,0,629,0,0.96,0.82,1.08
2026-09-06,DAL-HUB,Outbound,Evening,14,Sunday,1,0,0,834,817,280,705,165,14,14,13,55,8,31.8,0.986,4,0.7,0.042,301.24,Clear,0,705,0,0.96,0.82,1.08
2026-09-06,DAL-HUB,Outbound,Evening,15,Sunday,1,0,0,908,889,235,765,157,16,15,15,51,8,26.0,1.0,8,1.6,0.032,379.59,Clear,0,765,2,1.08,0.82,1.08
2026-09-06,DAL-HUB,Outbound,Evening,16,Sunday,1,0,0,963,943,244,805,156,19,18,18,46,8,28.1,0.973,5,1.1,0.01,415.49,Clear,0,805,0,1.08,0.82,1.08
2026-09-06,DAL-HUB,Outbound,Evening,17,Sunday,1,0,1,1097,1075,353,897,238,20,19,18,51,8,31.9,0.977,3,1.3,0.035,417.16,Clear,0,897,0,1.2,0.82,1.08
2026-09-06,DAL-HUB,Outbound,Evening,18,Sunday,1,0,1,1041,1020,323,941,137,20,20,19,52,8,24.0,0.953,6,1.1,0.044,439.63,Clear,0,941,1,1.2,0.82,1.08
2026-09-06,DAL-HUB,Outbound,Evening,19,Sunday,1,0,1,1074,1052,270,887,226,19,19,18,52,8,30.7,0.948,7,0.9,0.045,418.33,Clear,0,887,0,1.2,0.82,1.08
2026-09-06,DAL-HUB,Outbound,Evening,20,Sunday,1,0,0,860,842,172,731,144,15,15,14,53,8,27.4,0.985,8,1.1,0.037,345.2,Clear,0,731,1,1.08,0.82,1.08
2026-09-06,DAL-HUB,Outbound,Evening,21,Sunday,1,0,0,755,740,187,661,116,14,13,13,53,8,28.9,0.96,8,1.0,0.028,320.98,Clear,0,661,0,0.96,0.82,1.08
2026-09-06,DAL-HUB,Outbound,Night,22,Sunday,1,0,0,799,783,248,592,219,15,14,14,45,8,35.6,0.941,7,1.4,0.027,351.05,Heavy Rain,0,592,2,0.96,0.82,1.08
2026-09-06,DAL-HUB,Outbound,Night,23,Sunday,1,0,0,758,743,161,612,182,14,13,13,48,8,36.2,0.982,10,1.2,0.025,335.82,Storm,0,612,2,0.82,0.82,1.08
2026-09-07,ATL-HUB,Inbound,Morning,6,Monday,0,1,0,1348,1189,264,1160,165,28,26,25,50,8,26.2,0.928,10,0.7,0.027,562.9,Clear,0,1160,1,0.96,1.0,1.095
2026-09-07,ATL-HUB,Inbound,Morning,7,Monday,0,1,0,1746,1540,561,1219,498,31,30,28,47,8,39.5,0.927,3,1.4,0.054,625.62,Clear,0,1219,1,1.2,1.0,1.095
2026-09-07,ATL-HUB,Inbound,Morning,8,Monday,0,1,1,2020,1782,578,1523,470,37,35,34,48,8,33.4,0.934,8,0.8,0.027,746.66,Clear,0,1523,1,1.2,1.0,1.095
2026-09-07,ATL-HUB,Inbound,Morning,9,Monday,0,1,1,1942,1713,447,1611,300,36,35,34,49,8,27.1,0.967,2,0.8,0.021,726.07,Clear,0,1611,1,1.2,1.0,1.095
2026-09-07,ATL-HUB,Inbound,Morning,10,Monday,0,1,0,1521,1342,344,1252,230,29,27,27,49,8,26.0,0.946,5,1.0,0.01,597.36,Clear,0,1252,1,1.08,1.0,1.095
2026-09-07,ATL-HUB,Inbound,Morning,11,Monday,0,1,0,1577,1392,290,1345,205,32,29,29,47,8,25.3,0.987,4,0.7,0.01,625.75,Clear,0,1345,1,1.08,1.0,1.095
2026-09-07,ATL-HUB,Inbound,Morning,12,Monday,0,1,0,1534,1353,272,1309,208,31,29,28,49,8,28.2,0.954,10,0.7,0.023,624.67,Clear,0,1309,0,0.96,1.0,1.095
2026-09-07,ATL-HUB,Inbound,Morning,13,Monday,0,1,0,1388,1224,306,921,464,23,23,22,44,8,46.1,0.952,4,2.1,0.037,525.1,Clear,0,921,2,0.96,1.0,1.095
2026-09-07,ATL-HUB,Inbound,Evening,14,Monday,0,1,0,1295,1143,397,1122,132,23,23,22,51,8,22.3,1.0,1,0.6,0.048,471.86,Clear,0,1122,1,0.96,1.0,1.095
2026-09-07,ATL-HUB,Inbound,Evening,15,Monday,0,1,0,1578,1393,295,1247,284,28,27,26,50,8,32.2,0.959,3,0.6,0.02,561.26,Clear,0,1247,2,1.08,1.0,1.095
2026-09-07,ATL-HUB,Inbound,Evening,16,Monday,0,1,0,1443,1273,281,1036,385,27,26,25,43,8,36.6,0.964,10,1.6,0.032,589.77,Clear,0,1036,1,1.08,1.0,1.095
2026-09-07,ATL-HUB,Inbound,Evening,17,Monday,0,1,1,1834,1619,560,1535,279,34,35,33,51,8,26.8,0.912,1,0.6,0.046,695.88,Clear,0,1535,0,1.2,1.0,1.095
2026-09-07,ATL-HUB,Inbound,Evening,18,Monday,0,1,1,1848,1630,515,1705,103,35,35,34,51,8,21.0,0.983,0,0.4,0.042,706.82,Clear,0,1705,1,1.2,1.0,1.095
2026-09-07,ATL-HUB,Inbound,Evening,19,Monday,0,1,1,1688,1489,532,1224,433,34,31,31,43,8,37.0,0.919,8,1.4,0.011,699.09,Clear,0,1224,1,1.2,1.0,1.095
2026-09-07,ATL-HUB,Inbound,Evening,20,Monday,0,1,0,1628,1437,333,1282,309,32,29,29,47,8,31.4,0.941,7,0.6,0.013,633.45,Clear,0,1282,2,1.08,1.0,1.095
2026-09-07,ATL-HUB,Inbound,Evening,21,Monday,0,1,0,1435,1266,377,1319,97,29,27,26,52,8,21.0,0.976,1,0.6,0.03,552.33,Clear,0,1319,0,0.96,1.0,1.095
2026-09-07,ATL-HUB,Inbound,Night,22,Monday,0,1,0,1390,1226,330,1129,250,26,25,24,49,8,34.2,0.961,9,1.0,0.042,549.33,Clear,0,1129,2,0.96,1.0,1.095
2026-09-07,ATL-HUB,Inbound,Night,23,Monday,0,1,0,1126,993,281,889,220,22,21,20,47,8,29.8,0.946,5,1.1,0.033,456.67,Clear,0,889,2,0.82,1.0,1.095
2026-09-07,ATL-HUB,Sortation,Morning,6,Monday,0,1,0,1380,1268,395,1142,269,29,29,28,43,8,31.6,0.949,7,0.9,0.033,620.48,Rain,0,1142,1,0.96,1.0,1.095
2026-09-07,ATL-HUB,Sortation,Morning,7,Monday,0,1,0,1764,1620,570,1674,121,40,38,37,46,8,24.2,0.984,6,0.7,0.039,792.7,Clear,0,1674,3,1.2,1.0,1.095
2026-09-07,ATL-HUB,Sortation,Morning,8,Monday,0,1,1,1774,1629,457,1548,270,41,38,37,44,8,27.9,0.951,1,1.3,0.031,797.61,Heavy Rain,0,1548,0,1.2,1.0,1.095
2026-09-07,ATL-HUB,Sortation,Morning,9,Monday,0,1,1,1861,1709,624,1537,344,43,40,39,41,8,31.1,0.962,9,1.0,0.028,851.48,Clear,0,1537,2,1.2,1.0,1.095
2026-09-07,ATL-HUB,Sortation,Morning,10,Monday,0,1,0,1746,1603,572,1646,135,38,36,36,47,8,23.1,0.973,1,1.3,0.01,773.68,Clear,0,1646,1,1.08,1.0,1.095
2026-09-07,ATL-HUB,Sortation,Morning,11,Monday,0,1,0,1671,1535,356,1300,414,34,34,33,40,8,32.6,0.985,7,1.6,0.03,741.41,Clear,0,1300,2,1.08,1.0,1.095
2026-09-07,ATL-HUB,Sortation,Morning,12,Monday,0,1,0,1407,1292,476,1080,356,29,29,27,40,8,36.2,1.0,1,1.7,0.061,603.15,Clear,0,1080,3,0.96,1.0,1.095
2026-09-07,ATL-HUB,Sortation,Morning,13,Monday,0,1,0,1417,1301,361,1290,155,33,31,30,43,8,21.2,1.0,8,0.6,0.039,653.43,Clear,0,1290,2,0.96,1.0,1.095
2026-09-07,ATL-HUB,Sortation,Evening,14,Monday,0,1,0,1354,1243,367,1098,274,30,29,28,43,8,30.7,0.912,4,0.6,0.051,600.48,Clear,0,1098,1,0.96,1.0,1.095
2026-09-07,ATL-HUB,Sortation,Evening,15,Monday,0,1,0,1535,1410,392,1353,235,36,35,34,41,8,26.2,0.971,2,1.1,0.032,728.41,Clear,0,1353,1,1.08,1.0,1.095
2026-09-07,ATL-HUB,Sortation,Evening,16,Monday,0,1,0,1687,1549,316,1320,390,39,37,35,42,8,33.5,0.899,7,1.2,0.054,769.5,Clear,0,1320,0,1.08,1.0,1.095
2026-09-07,ATL-HUB,Sortation,Evening,17,Monday,0,1,1,1946,1787,653,1774,216,46,43,42,43,8,21.6,0.983,9,0.5,0.028,897.55,Clear,0,1774,2,1.2,1.0,1.095
2026-09-07,ATL-HUB,Sortation,Evening,18,Monday,0,1,1,1896,1741,617,1555,378,39,39,37,45,8,30.1,0.934,10,0.8,0.058,810.73,Clear,0,1555,1,1.2,1.0,1.095
2026-09-07,ATL-HUB,Sortation,Evening,19,Monday,0,1,1,1977,1816,439,1889,143,48,44,43,46,8,20.4,0.955,1,0.0,0.017,878.02,Clear,0,1889,1,1.2,1.0,1.095
2026-09-07,ATL-HUB,Sortation,Evening,20,Monday,0,1,0,1493,1371,458,1271,261,32,31,30,43,8,28.6,0.985,8,1.5,0.048,680.03,Clear,0,1271,0,1.08,1.0,1.095
2026-09-07,ATL-HUB,Sortation,Evening,21,Monday,0,1,0,1469,1349,375,1263,242,32,30,29,46,8,28.2,0.947,10,0.3,0.039,632.88,Clear,0,1263,1,0.96,1.0,1.095
2026-09-07,ATL-HUB,Sortation,Night,22,Monday,0,1,0,1428,1312,433,1139,319,32,30,29,41,8,30.4,0.959,10,1.2,0.049,657.34,Clear,0,1139,2,0.96,1.0,1.095
2026-09-07,ATL-HUB,Sortation,Night,23,Monday,0,1,0,1153,1059,297,871,303,25,23,23,40,8,37.7,0.948,1,2.0,0.018,528.89,Clear,0,871,4,0.82,1.0,1.095
2026-09-07,ATL-HUB,Outbound,Morning,6,Monday,0,1,0,1297,1271,284,1065,261,26,24,23,48,8,31.4,0.965,9,1.7,0.043,548.73,Clear,0,1065,0,0.96,1.0,1.095
2026-09-07,ATL-HUB,Outbound,Morning,7,Monday,0,1,0,1587,1555,366,1478,134,31,29,29,53,8,21.4,0.962,0,0.7,0.017,614.26,Clear,0,1478,2,1.2,1.0,1.095
2026-09-07,ATL-HUB,Outbound,Morning,8,Monday,0,1,1,1956,1916,423,1503,511,35,35,33,47,8,37.2,0.97,7,1.9,0.05,755.03,Clear,0,1503,0,1.2,1.0,1.095
2026-09-07,ATL-HUB,Outbound,Morning,9,Monday,0,1,1,1395,1367,465,1232,194,26,26,25,51,8,29.4,0.967,4,0.9,0.038,551.13,Clear,0,1232,0,1.2,1.0,1.095
2026-09-07,ATL-HUB,Outbound,Morning,10,Monday,0,1,0,1506,1475,455,1386,179,28,27,26,54,8,21.3,0.987,10,1.2,0.047,603.59,Heavy Rain,0,1386,1,1.08,1.0,1.095
2026-09-07,ATL-HUB,Outbound,Morning,11,Monday,0,1,0,1405,1376,464,1113,316,25,25,24,48,8,30.6,0.967,5,1.5,0.031,551.81,Clear,0,1113,1,1.08,1.0,1.095
2026-09-07,ATL-HUB,Outbound,Morning,12,Monday,0,1,0,1337,1310,457,1055,314,27,27,25,44,8,35.6,0.96,9,1.2,0.072,574.47,Clear,0,1055,2,0.96,1.0,1.095
2026-09-07,ATL-HUB,Outbound,Morning,13,Monday,0,1,0,1247,1222,251,963,319,23,23,22,47,8,34.7,0.932,10,0.5,0.033,497.91,Clear,0,963,3,0.96,1.0,1.095
2026-09-07,ATL-HUB,Outbound,Evening,14,Monday,0,1,0,1335,1308,434,1078,311,24,23,22,49,8,33.2,1.0,1,0.9,0.034,481.93,Clear,0,1078,0,0.96,1.0,1.095
2026-09-07,ATL-HUB,Outbound,Evening,15,Monday,0,1,0,1547,1515,477,1294,286,31,28,28,47,8,29.2,0.983,1,0.9,0.01,604.53,Rain,0,1294,1,1.08,1.0,1.095
2026-09-07,ATL-HUB,Outbound,Evening,16,Monday,0,1,0,1405,1376,270,1121,321,26,26,25,46,8,34.8,0.975,8,1.3,0.036,575.31,Clear,0,1121,3,1.08,1.0,1.095
2026-09-07,ATL-HUB,Outbound,Evening,17,Monday,0,1,1,1616,1583,535,1366,288,30,30,29,50,8,28.5,0.942,6,1.0,0.03,642.38,Clear,0,1366,1,1.2,1.0,1.095
2026-09-07,ATL-HUB,Outbound,Evening,18,Monday,0,1,1,1831,1794,636,1612,270,33,33,32,52,8,28.9,0.969,3,1.0,0.018,695.24,Clear,0,1612,1,1.2,1.0,1.095
2026-09-07,ATL-HUB,Outbound,Evening,19,Monday,0,1,1,1651,1617,514,1439,258,30,30,29,50,8,24.8,0.993,3,0.9,0.033,630.63,Clear,0,1439,1,1.2,1.0,1.095
2026-09-07,ATL-HUB,Outbound,Evening,20,Monday,0,1,0,1540,1509,448,1449,118,32,30,29,52,8,21.4,0.961,2,0.3,0.036,608.6,Clear,0,1449,2,1.08,1.0,1.095
2026-09-07,ATL-HUB,Outbound,Evening,21,Monday,0,1,0,1292,1266,338,1133,179,26,25,24,50,8,27.6,0.944,5,0.7,0.034,527.34,Clear,0,1133,2,0.96,1.0,1.095
2026-09-07,ATL-HUB,Outbound,Night,22,Monday,0,1,0,1365,1337,337,1187,198,26,26,25,51,8,27.0,0.931,9,0.7,0.033,560.97,Clear,0,1187,1,0.96,1.0,1.095
2026-09-07,ATL-HUB,Outbound,Night,23,Monday,0,1,0,1202,1177,389,1001,226,23,22,21,50,8,30.1,0.954,3,1.2,0.027,474.79,Clear,0,1001,2,0.82,1.0,1.095
2026-09-07,CHI-HUB,Inbound,Morning,6,Monday,0,1,0,1192,1052,272,900,277,22,21,20,45,8,34.3,1.0,10,1.9,0.027,496.24,Clear,0,900,2,0.96,1.0,1.095
2026-09-07,CHI-HUB,Inbound,Morning,7,Monday,0,1,0,1545,1363,350,1378,131,29,29,28,53,8,21.4,0.929,7,0.3,0.038,604.07,Clear,0,1378,2,1.2,1.0,1.095
2026-09-07,CHI-HUB,Inbound,Morning,8,Monday,0,1,1,1819,1605,349,1467,332,34,33,32,48,8,34.5,0.955,0,0.9,0.038,681.31,Clear,0,1467,0,1.2,1.0,1.095
2026-09-07,CHI-HUB,Inbound,Morning,9,Monday,0,1,1,1845,1628,607,1482,334,37,34,33,48,8,32.1,0.936,6,0.7,0.03,714.86,Clear,0,1482,1,1.2,1.0,1.095
2026-09-07,CHI-HUB,Inbound,Morning,10,Monday,0,1,0,1460,1288,377,1196,248,27,27,26,46,8,27.4,1.0,1,1.3,0.034,572.38,Clear,0,1196,0,1.08,1.0,1.095
2026-09-07,CHI-HUB,Inbound,Morning,11,Monday,0,1,0,1341,1183,336,1169,146,26,25,25,49,8,22.2,0.954,8,0.4,0.014,547.97,Clear,0,1169,0,1.08,1.0,1.095
2026-09-07,CHI-HUB,Inbound,Morning,12,Monday,0,1,0,1246,1099,413,1000,216,24,22,22,48,8,29.9,0.947,5,1.0,0.011,495.0,Clear,0,1000,0,0.96,1.0,1.095
2026-09-07,CHI-HUB,Inbound,Morning,13,Monday,0,1,0,1256,1108,376,1051,197,23,23,22,51,8,28.9,0.938,1,0.2,0.036,459.98,Clear,0,1051,0,0.96,1.0,1.095
2026-09-07,CHI-HUB,Inbound,Evening,14,Monday,0,1,0,1286,1134,374,968,283,24,23,22,47,8,30.3,0.936,0,1.5,0.039,493.7,Clear,0,968,0,0.96,1.0,1.095
2026-09-07,CHI-HUB,Inbound,Evening,15,Monday,0,1,0,1497,1321,348,1184,303,29,27,26,46,8,28.2,0.99,9,1.3,0.031,598.62,Clear,0,1184,1,1.08,1.0,1.095
2026-09-07,CHI-HUB,Inbound,Evening,16,Monday,0,1,0,1524,1345,414,1217,285,30,27,27,48,8,29.1,0.939,4,1.0,0.017,594.21,Clear,0,1217,1,1.08,1.0,1.095
2026-09-07,CHI-HUB,Inbound,Evening,17,Monday,0,1,1,1913,1688,382,1583,297,37,36,34,48,8,27.3,0.97,10,1.1,0.049,763.62,Heavy Rain,0,1583,1,1.2,1.0,1.095
2026-09-07,CHI-HUB,Inbound,Evening,18,Monday,0,1,1,1814,1601,371,1438,344,33,32,31,49,8,30.2,0.947,7,1.0,0.027,686.92,Clear,0,1438,1,1.2,1.0,1.095
2026-09-07,CHI-HUB,Inbound,Evening,19,Monday,0,1,1,1711,1510,331,1136,548,32,30,29,41,8,43.9,0.956,5,1.7,0.044,659.3,Clear,0,1136,2,1.2,1.0,1.095
2026-09-07,CHI-HUB,Inbound,Evening,20,Monday,0,1,0,1356,1197,248,989,346,24,23,22,47,8,36.9,0.957,4,1.7,0.032,513.34,Clear,0,989,4,1.08,1.0,1.095
2026-09-07,CHI-HUB,Inbound,Evening,21,Monday,0,1,0,1350,1191,259,962,360,23,23,22,45,8,38.6,0.973,0,1.8,0.052,503.23,Clear,0,962,2,0.96,1.0,1.095
2026-09-07,CHI-HUB,Inbound,Night,22,Monday,0,1,0,1283,1132,234,1038,222,24,23,22,50,8,29.2,0.944,6,1.1,0.027,501.64,Clear,0,1038,3,0.96,1.0,1.095
2026-09-07,CHI-HUB,Inbound,Night,23,Monday,0,1,0,1115,984,253,841,243,19,20,19,47,8,35.1,0.942,10,0.8,0.026,444.59,Clear,0,841,0,0.82,1.0,1.095
2026-09-07,CHI-HUB,Sortation,Morning,6,Monday,0,1,0,1324,1216,354,967,388,29,27,26,39,8,40.5,0.954,0,0.9,0.019,556.54,Clear,0,967,2,0.96,1.0,1.095
2026-09-07,CHI-HUB,Sortation,Morning,7,Monday,0,1,0,1860,1708,549,1442,452,38,39,37,41,8,36.7,0.951,7,1.0,0.05,806.06,Clear,0,1442,2,1.2,1.0,1.095
2026-09-07,CHI-HUB,Sortation,Morning,8,Monday,0,1,1,1772,1628,610,1404,399,38,37,35,42,8,34.4,0.956,0,1.7,0.053,762.66,Clear,0,1404,2,1.2,1.0,1.095
2026-09-07,CHI-HUB,Sortation,Morning,9,Monday,0,1,1,1860,1708,571,1545,356,38,37,35,47,8,33.0,0.939,7,1.2,0.051,774.71,Rain,0,1545,1,1.2,1.0,1.095
2026-09-07,CHI-HUB,Sortation,Morning,10,Monday,0,1,0,1523,1399,291,1089,499,33,33,31,39,8,44.2,0.901,3,1.2,0.048,675.69,Clear,0,1089,2,1.08,1.0,1.095
2026-09-07,CHI-HUB,Sortation,Morning,11,Monday,0,1,0,1414,1298,329,1238,209,29,28,27,48,8,27.8,0.955,1,0.8,0.029,578.07,Clear,0,1238,2,1.08,1.0,1.095
2026-09-07,CHI-HUB,Sortation,Morning,12,Monday,0,1,0,1192,1095,291,1105,99,26,25,24,47,8,19.7,0.98,3,1.1,0.039,530.31,Clear,0,1105,0,0.96,1.0,1.095
2026-09-07,CHI-HUB,Sortation,Morning,13,Monday,0,1,0,1313,1206,285,1041,302,29,27,26,42,8,36.4,0.954,7,2.0,0.02,609.52,Clear,0,1041,0,0.96,1.0,1.095
2026-09-07,CHI-HUB,Sortation,Evening,14,Monday,0,1,0,1374,1262,391,1043,365,28,28,27,41,8,37.0,0.942,5,1.6,0.045,612.55,Clear,0,1043,4,0.96,1.0,1.095
2026-09-07,CHI-HUB,Sortation,Evening,15,Monday,0,1,0,1499,1377,428,1364,175,33,33,32,45,8,24.2,0.948,9,0.8,0.037,702.74,Clear,0,1364,2,1.08,1.0,1.095
2026-09-07,CHI-HUB,Sortation,Evening,16,Monday,0,1,0,1470,1350,459,1353,162,33,32,31,45,8,26.0,0.97,8,0.7,0.029,679.94,Heavy Rain,0,1353,2,1.08,1.0,1.095
2026-09-07,CHI-HUB,Sortation,Evening,17,Monday,0,1,1,1808,1660,565,1482,371,40,39,38,39,8,30.3,1.0,5,1.5,0.034,832.21,Clear,0,1482,1,1.2,1.0,1.095
2026-09-07,CHI-HUB,Sortation,Evening,18,Monday,0,1,1,1650,1515,571,1288,412,36,34,33,43,8,34.1,0.908,8,0.9,0.021,724.61,Clear,0,1288,1,1.2,1.0,1.095
2026-09-07,CHI-HUB,Sortation,Evening,19,Monday,0,1,1,1889,1735,470,1609,325,45,41,40,43,8,31.8,0.936,5,0.7,0.022,852.39,Rain,0,1609,3,1.2,1.0,1.095
2026-09-07,CHI-HUB,Sortation,Evening,20,Monday,0,1,0,1470,1350,292,1286,231,35,34,32,43,8,28.1,0.935,4,0.4,0.049,675.02,Clear,0,1286,1,1.08,1.0,1.095
2026-09-07,CHI-HUB,Sortation,Evening,21,Monday,0,1,0,1324,1216,447,991,368,29,28,27,39,8,39.9,0.941,5,1.4,0.027,606.04,Clear,0,991,2,0.96,1.0,1.095
2026-09-07,CHI-HUB,Sortation,Night,22,Monday,0,1,0,1391,1278,432,1105,299,30,29,28,40,8,35.3,0.987,1,1.1,0.037,605.56,Clear,0,1105,1,0.96,1.0,1.095
2026-09-07,CHI-HUB,Sortation,Night,23,Monday,0,1,0,1113,1022,273,864,276,22,23,22,41,8,33.7,0.958,6,1.1,0.027,499.45,Clear,0,864,1,0.82,1.0,1.095
2026-09-07,CHI-HUB,Outbound,Morning,6,Monday,0,1,0,1210,1185,410,1041,204,22,21,20,54,8,31.3,0.964,9,1.1,0.036,471.83,Clear,0,1041,2,0.96,1.0,1.095
2026-09-07,CHI-HUB,Outbound,Morning,7,Monday,0,1,0,1445,1416,375,1169,301,28,27,26,48,8,33.6,0.937,9,0.9,0.051,587.55,Clear,0,1169,0,1.2,1.0,1.095
2026-09-07,CHI-HUB,Outbound,Morning,8,Monday,0,1,1,1782,1746,400,1628,180,36,33,33,52,8,28.4,0.949,4,0.2,0.01,694.64,Clear,0,1628,0,1.2,1.0,1.095
2026-09-07,CHI-HUB,Outbound,Morning,9,Monday,0,1,1,1544,1512,531,1328,245,29,29,28,50,8,27.1,0.949,9,0.5,0.041,617.17,Clear,0,1328,3,1.2,1.0,1.095
2026-09-07,CHI-HUB,Outbound,Morning,10,Monday,0,1,0,1468,1438,313,1115,392,25,25,24,49,8,38.9,0.949,0,2.1,0.033,553.76,Clear,0,1115,3,1.08,1.0,1.095
2026-09-07,CHI-HUB,Outbound,Morning,11,Monday,0,1,0,1372,1344,276,1154,249,25,25,24,51,8,30.7,0.943,1,0.9,0.058,521.62,Clear,0,1154,1,1.08,1.0,1.095
2026-09-07,CHI-HUB,Outbound,Morning,12,Monday,0,1,0,1141,1118,303,1057,131,21,21,20,55,8,24.3,0.962,9,0.3,0.036,448.17,Clear,0,1057,0,0.96,1.0,1.095
2026-09-07,CHI-HUB,Outbound,Morning,13,Monday,0,1,0,1142,1119,228,908,276,20,20,19,51,8,35.4,0.938,0,0.7,0.049,411.09,Clear,0,908,0,0.96,1.0,1.095
2026-09-07,CHI-HUB,Outbound,Evening,14,Monday,0,1,0,1186,1162,220,956,270,21,21,20,49,8,34.2,0.976,8,1.1,0.033,468.2,Clear,0,956,0,0.96,1.0,1.095
2026-09-07,CHI-HUB,Outbound,Evening,15,Monday,0,1,0,1441,1412,335,1199,293,30,28,27,46,8,28.5,0.966,6,0.8,0.045,594.58,Clear,0,1199,0,1.08,1.0,1.095
2026-09-07,CHI-HUB,Outbound,Evening,16,Monday,0,1,0,1385,1357,434,1182,231,27,25,24,50,8,28.2,0.985,3,0.9,0.044,533.34,Storm,0,1182,3,1.08,1.0,1.095
2026-09-07,CHI-HUB,Outbound,Evening,17,Monday,0,1,1,1538,1507,525,1194,382,28,27,26,49,8,37.4,0.938,3,0.8,0.033,567.26,Clear,0,1194,2,1.2,1.0,1.095
2026-09-07,CHI-HUB,Outbound,Evening,18,Monday,0,1,1,1664,1630,355,1382,335,33,31,30,47,8,34.5,0.98,8,0.7,0.042,660.76,Clear,0,1382,0,1.2,1.0,1.095
2026-09-07,CHI-HUB,Outbound,Evening,19,Monday,0,1,1,1663,1629,552,1410,290,31,30,29,50,8,27.9,0.973,5,0.9,0.03,637.25,Clear,0,1410,2,1.2,1.0,1.095
2026-09-07,CHI-HUB,Outbound,Evening,20,Monday,0,1,0,1344,1317,248,1193,187,25,24,23,54,8,28.8,0.961,7,0.4,0.03,506.8,Clear,0,1193,2,1.08,1.0,1.095
2026-09-07,CHI-HUB,Outbound,Evening,21,Monday,0,1,0,1058,1036,374,789,298,20,19,18,47,8,39.6,0.933,1,1.3,0.037,410.04,Clear,0,789,1,0.96,1.0,1.095
2026-09-07,CHI-HUB,Outbound,Night,22,Monday,0,1,0,1257,1231,349,1080,220,22,21,20,54,8,29.3,1.0,1,1.3,0.033,452.69,Clear,0,1080,0,0.96,1.0,1.095
2026-09-07,CHI-HUB,Outbound,Night,23,Monday,0,1,0,1051,1030,323,886,188,20,19,18,51,8,29.9,0.965,10,1.0,0.032,430.31,Clear,0,886,0,0.82,1.0,1.095
2026-09-07,DAL-HUB,Inbound,Morning,6,Monday,0,1,0,1073,946,303,851,214,19,18,18,49,8,32.2,0.965,6,1.2,0.01,422.74,Clear,0,851,1,0.96,1.0,1.095
2026-09-07,DAL-HUB,Inbound,Morning,7,Monday,0,1,0,1449,1278,413,1352,66,29,27,26,52,8,24.6,1.0,3,0.0,0.04,547.29,Storm,0,1352,1,1.2,1.0,1.095
2026-09-07,DAL-HUB,Inbound,Morning,8,Monday,0,1,1,1405,1240,351,1168,196,29,27,26,45,8,27.6,0.999,4,0.9,0.042,574.76,Storm,0,1168,0,1.2,1.0,1.095
2026-09-07,DAL-HUB,Inbound,Morning,9,Monday,0,1,1,1464,1292,450,1199,237,27,27,26,50,8,30.2,0.923,10,0.5,0.049,578.85,Clear,0,1199,0,1.2,1.0,1.095
2026-09-07,DAL-HUB,Inbound,Morning,10,Monday,0,1,0,1154,1018,224,858,279,22,21,20,46,8,35.2,0.933,7,1.4,0.035,471.98,Clear,0,858,2,1.08,1.0,1.095
2026-09-07,DAL-HUB,Inbound,Morning,11,Monday,0,1,0,1144,1009,230,950,169,21,20,19,50,8,30.7,1.0,2,1.4,0.026,436.3,Clear,0,950,2,1.08,1.0,1.095
2026-09-07,DAL-HUB,Inbound,Morning,12,Monday,0,1,0,1035,913,336,698,330,17,17,16,45,8,44.9,0.971,5,1.6,0.036,392.17,Rain,0,698,1,0.96,1.0,1.095
2026-09-07,DAL-HUB,Inbound,Morning,13,Monday,0,1,0,1087,959,223,928,147,20,20,19,50,8,29.0,0.977,7,0.3,0.027,420.49,Clear,0,928,1,0.96,1.0,1.095
2026-09-07,DAL-HUB,Inbound,Evening,14,Monday,0,1,0,1158,1022,325,838,290,20,20,19,46,8,39.0,0.96,8,2.2,0.028,482.24,Storm,0,838,0,0.96,1.0,1.095
2026-09-07,DAL-HUB,Inbound,Evening,15,Monday,0,1,0,1166,1029,259,885,263,23,22,21,45,8,34.4,0.937,4,1.8,0.03,493.29,Clear,0,885,0,1.08,1.0,1.095
2026-09-07,DAL-HUB,Inbound,Evening,16,Monday,0,1,0,1164,1027,231,921,233,20,21,20,47,8,31.9,0.98,5,1.5,0.031,468.56,Clear,0,921,1,1.08,1.0,1.095
2026-09-07,DAL-HUB,Inbound,Evening,17,Monday,0,1,1,1488,1313,285,1156,315,27,27,26,47,8,34.5,0.946,7,0.5,0.034,569.66,Clear,0,1156,2,1.2,1.0,1.095
2026-09-07,DAL-HUB,Inbound,Evening,18,Monday,0,1,1,1419,1252,418,1124,272,28,26,25,46,8,30.6,0.978,7,1.4,0.028,575.66,Rain,0,1124,1,1.2,1.0,1.095
2026-09-07,DAL-HUB,Inbound,Evening,19,Monday,0,1,1,1587,1400,364,1296,260,28,28,27,48,8,28.6,1.0,6,1.2,0.038,608.99,Rain,0,1296,1,1.2,1.0,1.095
2026-09-07,DAL-HUB,Inbound,Evening,20,Monday,0,1,0,1207,1065,255,1012,194,25,23,23,47,8,26.0,0.937,1,0.7,0.021,492.61,Clear,0,1012,1,1.08,1.0,1.095
2026-09-07,DAL-HUB,Inbound,Evening,21,Monday,0,1,0,1132,999,214,890,238,22,21,20,48,8,35.8,0.927,8,1.5,0.028,477.58,Clear,0,890,2,0.96,1.0,1.095
2026-09-07,DAL-HUB,Inbound,Night,22,Monday,0,1,0,1053,929,249,879,151,19,19,18,52,8,27.1,0.94,5,1.0,0.029,413.59,Clear,0,879,0,0.96,1.0,1.095
2026-09-07,DAL-HUB,Inbound,Night,23,Monday,0,1,0,834,736,191,640,170,15,14,14,49,8,30.9,0.933,4,0.9,0.027,325.72,Clear,0,640,1,0.82,1.0,1.095
2026-09-07,DAL-HUB,Sortation,Morning,6,Monday,0,1,0,1090,1001,370,879,233,22,22,21,45,8,30.4,0.931,4,1.5,0.045,484.33,Clear,0,879,0,0.96,1.0,1.095
2026-09-07,DAL-HUB,Sortation,Morning,7,Monday,0,1,0,1290,1185,366,939,366,26,25,24,41,8,38.3,0.954,0,1.5,0.026,533.71,Clear,0,939,1,1.2,1.0,1.095
2026-09-07,DAL-HUB,Sortation,Morning,8,Monday,0,1,1,1586,1457,538,1274,343,32,31,30,43,8,35.3,0.988,10,1.3,0.046,682.54,Clear,0,1274,1,1.2,1.0,1.095
2026-09-07,DAL-HUB,Sortation,Morning,9,Monday,0,1,1,1608,1476,537,1327,309,36,35,34,42,8,29.6,0.93,7,1.1,0.028,747.51,Rain,0,1327,1,1.2,1.0,1.095
2026-09-07,DAL-HUB,Sortation,Morning,10,Monday,0,1,0,1279,1175,424,953,347,29,27,26,39,8,40.0,0.94,3,1.9,0.04,593.31,Clear,0,953,1,1.08,1.0,1.095
2026-09-07,DAL-HUB,Sortation,Morning,11,Monday,0,1,0,1286,1181,435,1144,180,31,29,28,42,8,26.5,0.973,10,0.4,0.038,612.83,Clear,0,1144,0,1.08,1.0,1.095
2026-09-07,DAL-HUB,Sortation,Morning,12,Monday,0,1,0,992,911,325,837,188,21,20,20,45,8,35.5,0.93,2,0.8,0.011,437.03,Clear,0,837,0,0.96,1.0,1.095
2026-09-07,DAL-HUB,Sortation,Morning,13,Monday,0,1,0,1016,933,303,791,249,21,21,20,41,8,35.2,0.965,5,1.4,0.04,463.87,Clear,0,791,1,0.96,1.0,1.095
2026-09-07,DAL-HUB,Sortation,Evening,14,Monday,0,1,0,1175,1079,270,923,271,25,25,24,40,8,36.4,0.962,5,1.6,0.022,550.38,Clear,0,923,0,0.96,1.0,1.095
2026-09-07,DAL-HUB,Sortation,Evening,15,Monday,0,1,0,1222,1122,297,1127,127,28,27,26,45,8,24.2,0.964,3,0.1,0.033,541.85,Clear,0,1127,0,1.08,1.0,1.095
2026-09-07,DAL-HUB,Sortation,Evening,16,Monday,0,1,0,1100,1010,244,964,159,25,24,23,43,8,25.7,0.975,3,0.8,0.028,500.71,Clear,0,964,1,1.08,1.0,1.095
2026-09-07,DAL-HUB,Sortation,Evening,17,Monday,0,1,1,1574,1446,323,1229,402,33,32,31,41,8,37.4,0.967,10,1.1,0.034,696.23,Clear,0,1229,0,1.2,1.0,1.095
2026-09-07,DAL-HUB,Sortation,Evening,18,Monday,0,1,1,1631,1498,385,1470,184,36,35,33,46,8,26.2,0.968,8,0.8,0.05,721.47,Clear,0,1470,2,1.2,1.0,1.095
2026-09-07,DAL-HUB,Sortation,Evening,19,Monday,0,1,1,1419,1303,408,1115,342,32,31,29,41,8,34.1,0.938,9,1.5,0.052,663.93,Rain,0,1115,1,1.2,1.0,1.095
2026-09-07,DAL-HUB,Sortation,Evening,20,Monday,0,1,0,1352,1242,351,1081,312,31,30,29,40,8,36.2,0.932,6,1.0,0.033,637.54,Clear,0,1081,1,1.08,1.0,1.095
2026-09-07,DAL-HUB,Sortation,Evening,21,Monday,0,1,0,1134,1042,392,950,221,26,24,23,44,8,31.3,0.939,8,0.9,0.039,521.39,Rain,0,950,0,0.96,1.0,1.095
2026-09-07,DAL-HUB,Sortation,Night,22,Monday,0,1,0,1193,1096,354,879,350,26,25,24,40,8,43.5,0.916,6,1.4,0.029,548.32,Clear,0,879,2,0.96,1.0,1.095
2026-09-07,DAL-HUB,Sortation,Night,23,Monday,0,1,0,920,845,169,846,102,20,19,19,45,8,20.6,0.99,6,0.6,0.01,423.4,Clear,0,846,3,0.82,1.0,1.095
2026-09-07,DAL-HUB,Outbound,Morning,6,Monday,0,1,0,989,969,200,872,135,20,19,18,50,8,24.6,0.97,0,1.3,0.038,405.58,Clear,0,872,1,0.96,1.0,1.095
2026-09-07,DAL-HUB,Outbound,Morning,7,Monday,0,1,0,1302,1275,318,1097,236,24,23,23,50,8,28.8,0.955,10,0.8,0.019,529.69,Heavy Rain,0,1097,1,1.2,1.0,1.095
2026-09-07,DAL-HUB,Outbound,Morning,8,Monday,0,1,1,1259,1233,319,1000,292,23,23,22,47,8,37.2,0.968,6,1.0,0.032,499.33,Clear,0,1000,1,1.2,1.0,1.095
2026-09-07,DAL-HUB,Outbound,Morning,9,Monday,0,1,1,1396,1368,365,1115,317,26,25,24,47,8,33.2,0.989,1,0.7,0.056,519.53,Heavy Rain,0,1115,1,1.2,1.0,1.095
2026-09-07,DAL-HUB,Outbound,Morning,10,Monday,0,1,0,1068,1046,260,864,238,19,19,18,50,8,35.3,0.961,6,1.0,0.038,417.82,Clear,0,864,1,1.08,1.0,1.095
2026-09-07,DAL-HUB,Outbound,Morning,11,Monday,0,1,0,1114,1091,248,964,166,20,20,19,51,8,27.3,0.995,10,1.2,0.033,456.57,Clear,0,964,1,1.08,1.0,1.095
2026-09-07,DAL-HUB,Outbound,Morning,12,Monday,0,1,0,1011,990,196,822,210,20,19,18,48,8,31.4,0.952,1,1.4,0.032,411.98,Clear,0,822,2,0.96,1.0,1.095
2026-09-07,DAL-HUB,Outbound,Morning,13,Monday,0,1,0,982,962,228,761,258,18,18,17,47,8,36.3,0.952,7,1.5,0.029,413.95,Clear,0,761,1,0.96,1.0,1.095
2026-09-07,DAL-HUB,Outbound,Evening,14,Monday,0,1,0,936,917,320,770,188,17,16,15,53,8,31.7,0.969,8,0.7,0.034,356.97,Heavy Rain,0,770,2,0.96,1.0,1.095
2026-09-07,DAL-HUB,Outbound,Evening,15,Monday,0,1,0,1146,1123,270,995,167,21,20,19,53,8,27.3,0.989,0,0.5,0.05,405.56,Clear,0,995,2,1.08,1.0,1.095
2026-09-07,DAL-HUB,Outbound,Evening,16,Monday,0,1,0,990,970,341,904,112,18,17,17,56,8,23.2,0.95,1,0.3,0.01,361.3,Clear,0,904,0,1.08,1.0,1.095
2026-09-07,DAL-HUB,Outbound,Evening,17,Monday,0,1,1,1582,1550,437,1264,372,29,29,28,48,8,33.2,0.941,10,0.8,0.033,629.47,Clear,0,1264,0,1.2,1.0,1.095
2026-09-07,DAL-HUB,Outbound,Evening,18,Monday,0,1,1,1373,1345,318,1169,235,26,26,25,48,8,30.5,0.974,3,1.2,0.026,555.94,Clear,0,1169,1,1.2,1.0,1.095
2026-09-07,DAL-HUB,Outbound,Evening,19,Monday,0,1,1,1506,1475,464,1351,192,28,28,27,52,8,26.4,0.963,5,1.0,0.03,598.17,Clear,0,1351,0,1.2,1.0,1.095
2026-09-07,DAL-HUB,Outbound,Evening,20,Monday,0,1,0,1196,1172,264,1022,223,21,21,20,52,8,29.0,0.983,2,0.9,0.043,443.58,Clear,0,1022,1,1.08,1.0,1.095
2026-09-07,DAL-HUB,Outbound,Evening,21,Monday,0,1,0,932,913,172,760,189,18,17,17,48,8,30.6,0.932,4,0.7,0.018,381.04,Clear,0,760,1,0.96,1.0,1.095
2026-09-07,DAL-HUB,Outbound,Night,22,Monday,0,1,0,1018,997,297,988,48,20,19,19,52,8,21.4,1.0,8,0.3,0.022,423.2,Clear,0,988,0,0.96,1.0,1.095
2026-09-07,DAL-HUB,Outbound,Night,23,Monday,0,1,0,784,768,193,769,43,16,15,15,53,8,20.8,0.968,7,0.3,0.028,337.7,Clear,0,769,0,0.82,1.0,1.095
2026-09-08,ATL-HUB,Inbound,Morning,6,Tuesday,0,0,0,1244,1098,401,857,358,22,21,20,46,8,38.7,0.932,0,2.1,0.034,470.76,Clear,0,857,0,0.96,1.0,1.05
2026-09-08,ATL-HUB,Inbound,Morning,7,Tuesday,0,0,0,1764,1557,588,1451,277,35,33,32,49,8,31.1,0.926,3,0.8,0.04,687.14,Clear,0,1451,0,1.2,1.0,1.05
2026-09-08,ATL-HUB,Inbound,Morning,8,Tuesday,0,0,1,1776,1567,342,1563,173,33,32,31,52,8,21.1,0.97,10,0.3,0.02,676.26,Clear,0,1563,3,1.2,1.0,1.05
2026-09-08,ATL-HUB,Inbound,Morning,9,Tuesday,0,0,1,2044,1803,641,1716,307,41,38,37,51,8,26.9,0.91,8,0.7,0.033,802.77,Clear,0,1716,6,1.2,1.0,1.05
2026-09-08,ATL-HUB,Inbound,Morning,10,Tuesday,0,0,0,1568,1384,405,1400,142,29,29,28,50,8,21.9,1.0,10,1.1,0.04,639.81,Heavy Rain,0,1400,3,1.08,1.0,1.05
2026-09-08,ATL-HUB,Inbound,Morning,11,Tuesday,0,0,0,1471,1298,493,1104,338,28,26,25,46,8,34.8,0.96,9,1.4,0.02,581.47,Clear,0,1104,2,1.08,1.0,1.05
2026-09-08,ATL-HUB,Inbound,Morning,12,Tuesday,0,0,0,1346,1188,322,1197,118,27,26,26,48,8,21.1,0.959,6,0.8,0.012,572.36,Clear,0,1197,2,0.96,1.0,1.05
2026-09-08,ATL-HUB,Inbound,Morning,13,Tuesday,0,0,0,1251,1104,273,872,355,22,22,21,44,8,41.5,0.944,6,1.8,0.05,501.19,Clear,0,872,1,0.96,1.0,1.05
2026-09-08,ATL-HUB,Inbound,Evening,14,Tuesday,0,0,0,1224,1080,302,931,274,21,21,21,48,8,32.6,0.924,0,0.9,0.019,456.3,Clear,0,931,0,0.96,1.0,1.05
2026-09-08,ATL-HUB,Inbound,Evening,15,Tuesday,0,0,0,1468,1296,332,1243,218,27,27,26,52,8,29.0,0.919,6,0.5,0.03,566.12,Clear,0,1243,1,1.08,1.0,1.05
2026-09-08,ATL-HUB,Inbound,Evening,16,Tuesday,0,0,0,1436,1267,273,1042,371,26,25,24,47,8,35.5,0.924,10,1.6,0.048,570.14,Clear,0,1042,1,1.08,1.0,1.05
2026-09-08,ATL-HUB,Inbound,Evening,17,Tuesday,0,0,1,1831,1616,551,1585,209,34,33,32,50,8,24.3,0.991,10,0.5,0.044,702.33,Clear,0,1585,2,1.2,1.0,1.05
2026-09-08,ATL-HUB,Inbound,Evening,18,Tuesday,0,0,1,1774,1566,380,1321,417,31,32,30,47,8,37.8,0.937,2,1.4,0.06,661.92,Clear,0,1321,2,1.2,1.0,1.05
2026-09-08,ATL-HUB,Inbound,Evening,19,Tuesday,0,0,1,1869,1649,364,1644,209,36,34,33,50,8,28.4,0.997,8,0.6,0.036,718.89,Clear,0,1644,6,1.2,1.0,1.05
2026-09-08,ATL-HUB,Inbound,Evening,20,Tuesday,0,0,0,1554,1371,438,1240,278,27,28,26,50,8,28.8,0.954,1,0.9,0.06,562.83,Clear,0,1240,1,1.08,1.0,1.05
2026-09-08,ATL-HUB,Inbound,Evening,21,Tuesday,0,0,0,1296,1143,357,989,303,23,22,21,50,8,35.3,0.942,7,1.1,0.039,485.58,Clear,0,989,4,0.96,1.0,1.05
2026-09-08,ATL-HUB,Inbound,Night,22,Tuesday,0,0,0,1409,1243,362,1089,290,24,24,23,50,8,33.3,0.947,10,1.7,0.044,552.98,Clear,0,1089,1,0.96,1.0,1.05
2026-09-08,ATL-HUB,Inbound,Night,23,Tuesday,0,0,0,1110,980,249,913,200,22,21,21,45,8,30.3,0.967,3,0.9,0.01,463.9,Clear,0,913,1,0.82,1.0,1.05
2026-09-08,ATL-HUB,Sortation,Morning,6,Tuesday,0,0,0,1368,1256,396,1041,360,27,27,26,41,8,36.6,0.977,7,1.9,0.031,607.73,Clear,0,1041,2,0.96,1.0,1.05
2026-09-08,ATL-HUB,Sortation,Morning,7,Tuesday,0,0,0,1715,1575,611,1479,281,39,37,35,43,8,26.8,0.983,1,0.8,0.045,739.6,Clear,0,1479,0,1.2,1.0,1.05
2026-09-08,ATL-HUB,Sortation,Morning,8,Tuesday,0,0,1,1870,1718,352,1558,346,42,39,38,43,8,31.8,0.954,5,0.9,0.036,816.56,Clear,0,1558,1,1.2,1.0,1.05
2026-09-08,ATL-HUB,Sortation,Morning,9,Tuesday,0,0,1,1856,1704,572,1685,219,39,39,37,46,8,26.1,0.99,7,0.6,0.043,794.79,Clear,0,1685,1,1.2,1.0,1.05
2026-09-08,ATL-HUB,Sortation,Morning,10,Tuesday,0,0,0,1432,1315,483,1343,136,31,31,30,46,8,23.6,0.973,2,0.3,0.024,626.12,Clear,0,1343,1,1.08,1.0,1.05
2026-09-08,ATL-HUB,Sortation,Morning,11,Tuesday,0,0,0,1518,1394,299,993,552,30,30,29,36,8,43.0,0.951,6,2.0,0.04,668.58,Clear,0,993,1,1.08,1.0,1.05
2026-09-08,ATL-HUB,Sortation,Morning,12,Tuesday,0,0,0,1406,1291,403,1300,135,33,31,30,44,8,22.3,0.985,0,0.4,0.048,625.13,Heavy Rain,0,1300,2,0.96,1.0,1.05
2026-09-08,ATL-HUB,Sortation,Morning,13,Tuesday,0,0,0,1298,1192,305,936,396,26,26,25,41,8,44.0,0.914,1,1.5,0.041,556.55,Clear,0,936,1,0.96,1.0,1.05
2026-09-08,ATL-HUB,Sortation,Evening,14,Tuesday,0,0,0,1295,1189,284,961,353,28,27,26,39,8,38.4,0.948,5,1.0,0.04,574.8,Clear,0,961,0,0.96,1.0,1.05
2026-09-08,ATL-HUB,Sortation,Evening,15,Tuesday,0,0,0,1539,1413,399,1301,280,36,34,33,41,8,30.7,0.962,10,0.5,0.041,717.78,Clear,0,1301,1,1.08,1.0,1.05
2026-09-08,ATL-HUB,Sortation,Evening,16,Tuesday,0,0,0,1610,1478,326,1249,406,36,34,32,42,8,39.1,0.93,7,0.8,0.053,698.37,Clear,0,1249,0,1.08,1.0,1.05
2026-09-08,ATL-HUB,Sortation,Evening,17,Tuesday,0,0,1,2011,1847,429,1701,364,46,44,42,42,8,30.3,0.965,2,0.9,0.036,887.55,Clear,0,1701,0,1.2,1.0,1.05
2026-09-08,ATL-HUB,Sortation,Evening,18,Tuesday,0,0,1,1790,1644,342,1634,210,39,40,38,43,8,24.2,1.0,3,0.8,0.05,805.89,Clear,0,1634,0,1.2,1.0,1.05
2026-09-08,ATL-HUB,Sortation,Evening,19,Tuesday,0,0,1,2022,1857,415,1804,243,43,42,41,44,8,30.4,1.0,0,1.1,0.028,867.45,Clear,0,1804,0,1.2,1.0,1.05
2026-09-08,ATL-HUB,Sortation,Evening,20,Tuesday,0,0,0,1555,1428,420,1136,446,31,31,30,39,8,43.1,0.971,4,1.7,0.025,675.68,Rain,0,1136,1,1.08,1.0,1.05
2026-09-08,ATL-HUB,Sortation,Evening,21,Tuesday,0,0,0,1379,1267,352,1179,248,30,29,28,44,8,29.4,0.957,9,1.2,0.034,633.74,Clear,0,1179,0,0.96,1.0,1.05
2026-09-08,ATL-HUB,Sortation,Night,22,Tuesday,0,0,0,1368,1256,391,1190,219,30,29,28,44,8,27.9,0.966,10,0.1,0.032,605.93,Clear,0,1190,2,0.96,1.0,1.05
2026-09-08,ATL-HUB,Sortation,Night,23,Tuesday,0,0,0,1118,1026,323,858,277,24,23,22,39,8,34.6,1.0,2,2.0,0.039,511.94,Clear,0,858,1,0.82,1.0,1.05
2026-09-08,ATL-HUB,Outbound,Morning,6,Tuesday,0,0,0,1186,1162,226,1060,131,22,22,21,53,8,24.4,0.953,1,0.6,0.047,451.3,Clear,0,1060,1,0.96,1.0,1.05
2026-09-08,ATL-HUB,Outbound,Morning,7,Tuesday,0,0,0,1460,1430,501,1219,275,26,26,25,50,8,26.5,0.975,5,0.7,0.022,549.92,Clear,0,1219,1,1.2,1.0,1.05
2026-09-08,ATL-HUB,Outbound,Morning,8,Tuesday,0,0,1,1867,1829,631,1438,472,33,32,31,48,8,36.7,0.967,3,1.7,0.039,696.01,Clear,0,1438,0,1.2,1.0,1.05
2026-09-08,ATL-HUB,Outbound,Morning,9,Tuesday,0,0,1,1735,1700,379,1504,257,32,32,31,51,8,24.4,0.952,4,1.1,0.043,679.98,Clear,0,1504,1,1.2,1.0,1.05
2026-09-08,ATL-HUB,Outbound,Morning,10,Tuesday,0,0,0,1202,1177,407,893,352,22,21,20,49,8,39.1,0.911,3,1.4,0.052,460.89,Clear,0,893,1,1.08,1.0,1.05
2026-09-08,ATL-HUB,Outbound,Morning,11,Tuesday,0,0,0,1335,1308,465,1077,291,25,24,23,48,8,34.5,0.976,10,1.3,0.028,541.43,Clear,0,1077,0,1.08,1.0,1.05
2026-09-08,ATL-HUB,Outbound,Morning,12,Tuesday,0,0,0,1234,1209,253,1015,258,24,22,22,48,8,34.9,0.962,4,1.1,0.017,495.28,Clear,0,1015,1,0.96,1.0,1.05
2026-09-08,ATL-HUB,Outbound,Morning,13,Tuesday,0,0,0,1215,1190,270,1033,195,22,22,21,52,8,29.4,0.946,10,0.7,0.035,483.42,Clear,0,1033,2,0.96,1.0,1.05
2026-09-08,ATL-HUB,Outbound,Evening,14,Tuesday,0,0,0,1272,1246,391,1088,217,22,22,21,54,8,25.2,0.96,1,0.8,0.032,459.87,Rain,0,1088,0,0.96,1.0,1.05
2026-09-08,ATL-HUB,Outbound,Evening,15,Tuesday,0,0,0,1432,1403,457,1216,255,26,26,25,50,8,28.1,0.973,9,1.1,0.037,573.42,Clear,0,1216,3,1.08,1.0,1.05
2026-09-08,ATL-HUB,Outbound,Evening,16,Tuesday,0,0,0,1231,1206,358,1052,218,22,21,20,53,8,28.5,0.993,0,0.9,0.033,437.83,Clear,0,1052,2,1.08,1.0,1.05
2026-09-08,ATL-HUB,Outbound,Evening,17,Tuesday,0,0,1,1823,1786,376,1558,315,34,33,32,49,8,29.2,0.994,8,1.5,0.035,725.1,Clear,0,1558,3,1.2,1.0,1.05
2026-09-08,ATL-HUB,Outbound,Evening,18,Tuesday,0,0,1,1913,1874,545,1697,264,36,36,34,51,8,26.3,0.979,6,0.3,0.045,725.75,Clear,0,1697,1,1.2,1.0,1.05
2026-09-08,ATL-HUB,Outbound,Evening,19,Tuesday,0,0,1,1745,1709,494,1311,461,30,28,27,49,8,37.1,0.991,10,1.3,0.028,628.88,Rain,0,1311,0,1.2,1.0,1.05
2026-09-08,ATL-HUB,Outbound,Evening,20,Tuesday,0,0,0,1388,1360,374,1194,223,26,26,25,49,8,31.7,0.975,0,1.0,0.041,541.01,Clear,0,1194,2,1.08,1.0,1.05
2026-09-08,ATL-HUB,Outbound,Evening,21,Tuesday,0,0,0,1145,1122,281,944,215,20,20,19,54,8,32.8,0.92,9,0.9,0.046,445.54,Clear,0,944,1,0.96,1.0,1.05
2026-09-08,ATL-HUB,Outbound,Night,22,Tuesday,0,0,0,1250,1224,240,1019,270,24,22,22,48,8,33.0,0.966,9,1.3,0.021,517.17,Clear,0,1019,2,0.96,1.0,1.05
2026-09-08,ATL-HUB,Outbound,Night,23,Tuesday,0,0,0,1077,1055,252,861,225,19,18,17,53,8,31.7,0.956,9,1.2,0.034,413.68,Clear,0,861,3,0.82,1.0,1.05
2026-09-08,CHI-HUB,Inbound,Morning,6,Tuesday,0,0,0,1239,1093,241,1072,160,23,22,22,50,8,24.4,0.975,8,0.7,0.01,500.44,Storm,0,1072,0,0.96,1.0,1.05
2026-09-08,CHI-HUB,Inbound,Morning,7,Tuesday,0,0,0,1587,1400,444,1329,247,30,28,27,52,8,27.4,0.947,6,0.7,0.03,593.31,Clear,0,1329,1,1.2,1.0,1.05
2026-09-08,CHI-HUB,Inbound,Morning,8,Tuesday,0,0,1,1655,1460,335,1282,343,32,30,29,46,8,31.5,0.962,6,1.0,0.019,647.76,Storm,0,1282,0,1.2,1.0,1.05
2026-09-08,CHI-HUB,Inbound,Morning,9,Tuesday,0,0,1,1671,1475,394,1429,218,31,30,29,50,8,28.4,0.986,4,0.7,0.046,627.4,Clear,0,1429,1,1.2,1.0,1.05
2026-09-08,CHI-HUB,Inbound,Morning,10,Tuesday,0,0,0,1276,1125,269,1065,201,26,24,23,48,8,32.4,0.966,1,0.8,0.062,496.62,Clear,0,1065,0,1.08,1.0,1.05
2026-09-08,CHI-HUB,Inbound,Morning,11,Tuesday,0,0,0,1362,1202,447,1071,281,25,23,22,51,8,29.4,0.955,1,1.2,0.025,489.85,Clear,0,1071,1,1.08,1.0,1.05
2026-09-08,CHI-HUB,Inbound,Morning,12,Tuesday,0,0,0,1281,1130,358,827,432,22,21,20,43,8,46.7,0.962,7,1.8,0.037,485.41,Clear,0,827,0,0.96,1.0,1.05
2026-09-08,CHI-HUB,Inbound,Morning,13,Tuesday,0,0,0,1241,1095,255,921,308,22,22,21,47,8,37.3,0.934,7,0.4,0.045,465.01,Clear,0,921,0,0.96,1.0,1.05
2026-09-08,CHI-HUB,Inbound,Evening,14,Tuesday,0,0,0,1152,1017,307,876,255,20,20,19,50,8,30.5,0.922,1,1.4,0.045,433.24,Clear,0,876,1,0.96,1.0,1.05
2026-09-08,CHI-HUB,Inbound,Evening,15,Tuesday,0,0,0,1332,1175,270,1110,199,24,23,22,52,8,27.8,0.97,9,0.9,0.022,506.51,Clear,0,1110,1,1.08,1.0,1.05
2026-09-08,CHI-HUB,Inbound,Evening,16,Tuesday,0,0,0,1401,1236,411,1133,262,25,25,24,48,8,31.7,0.984,5,1.1,0.025,539.53,Clear,0,1133,1,1.08,1.0,1.05
2026-09-08,CHI-HUB,Inbound,Evening,17,Tuesday,0,0,1,1843,1626,495,1394,410,34,32,31,47,8,31.5,0.957,6,1.4,0.026,695.43,Clear,0,1394,0,1.2,1.0,1.05
2026-09-08,CHI-HUB,Inbound,Evening,18,Tuesday,0,0,1,1589,1402,543,1155,404,29,28,27,46,8,37.8,0.93,6,1.5,0.048,615.74,Clear,0,1155,3,1.2,1.0,1.05
2026-09-08,CHI-HUB,Inbound,Evening,19,Tuesday,0,0,1,1695,1495,471,1446,222,31,31,30,51,8,28.2,0.945,4,0.8,0.042,656.1,Storm,0,1446,2,1.2,1.0,1.05
2026-09-08,CHI-HUB,Inbound,Evening,20,Tuesday,0,0,0,1418,1251,414,1127,275,27,26,25,49,8,27.2,0.92,0,1.0,0.029,540.54,Clear,0,1127,1,1.08,1.0,1.05
2026-09-08,CHI-HUB,Inbound,Evening,21,Tuesday,0,0,0,1143,1008,211,847,287,19,19,18,50,8,33.9,0.942,0,1.5,0.048,413.18,Clear,0,847,1,0.96,1.0,1.05
2026-09-08,CHI-HUB,Inbound,Night,22,Tuesday,0,0,0,1196,1055,271,1037,138,22,21,20,53,8,25.3,0.979,4,0.6,0.024,440.71,Clear,0,1037,0,0.96,1.0,1.05
2026-09-08,CHI-HUB,Inbound,Night,23,Tuesday,0,0,0,1009,891,259,825,161,20,18,18,48,8,28.9,0.956,10,1.2,0.025,434.42,Clear,0,825,1,0.82,1.0,1.05
2026-09-08,CHI-HUB,Sortation,Morning,6,Tuesday,0,0,0,1253,1151,265,1037,244,29,27,26,42,8,31.7,0.95,8,1.0,0.026,585.0,Rain,0,1037,0,0.96,1.0,1.05
2026-09-08,CHI-HUB,Sortation,Morning,7,Tuesday,0,0,0,1532,1407,517,1303,248,33,33,32,42,8,28.1,0.97,8,0.6,0.043,694.55,Clear,0,1303,0,1.2,1.0,1.05
2026-09-08,CHI-HUB,Sortation,Morning,8,Tuesday,0,0,1,1652,1517,319,1251,432,34,34,32,42,8,36.6,0.931,4,1.6,0.054,711.95,Clear,0,1251,2,1.2,1.0,1.05
2026-09-08,CHI-HUB,Sortation,Morning,9,Tuesday,0,0,1,1738,1596,345,1547,232,38,37,35,45,8,25.7,0.982,8,0.5,0.045,754.03,Clear,0,1547,0,1.2,1.0,1.05
2026-09-08,CHI-HUB,Sortation,Morning,10,Tuesday,0,0,0,1373,1261,457,1120,288,30,29,28,40,8,32.6,1.0,6,1.3,0.046,626.84,Clear,0,1120,3,1.08,1.0,1.05
2026-09-08,CHI-HUB,Sortation,Morning,11,Tuesday,0,0,0,1408,1293,258,1281,179,33,31,30,46,8,26.7,0.929,2,0.5,0.048,631.27,Clear,0,1281,2,1.08,1.0,1.05
2026-09-08,CHI-HUB,Sortation,Morning,12,Tuesday,0,0,0,1177,1081,399,1104,122,26,25,24,46,8,25.2,1.0,5,0.6,0.029,522.44,Clear,0,1104,0,0.96,1.0,1.05
2026-09-08,CHI-HUB,Sortation,Morning,13,Tuesday,0,0,0,1349,1239,445,953,444,27,26,25,40,8,41.3,0.954,2,1.4,0.031,557.89,Clear,0,953,2,0.96,1.0,1.05
2026-09-08,CHI-HUB,Sortation,Evening,14,Tuesday,0,0,0,1236,1135,391,1101,183,26,26,25,47,8,27.8,0.938,6,0.7,0.024,549.02,Clear,0,1101,1,0.96,1.0,1.05
2026-09-08,CHI-HUB,Sortation,Evening,15,Tuesday,0,0,0,1458,1339,512,1247,248,30,30,29,43,8,29.4,1.0,0,1.0,0.045,620.28,Clear,0,1247,0,1.08,1.0,1.05
2026-09-08,CHI-HUB,Sortation,Evening,16,Tuesday,0,0,0,1432,1315,384,1162,314,29,30,28,44,8,34.2,0.943,8,0.7,0.059,617.52,Clear,0,1162,0,1.08,1.0,1.05
2026-09-08,CHI-HUB,Sortation,Evening,17,Tuesday,0,0,1,1687,1549,368,1343,378,38,36,35,41,8,34.2,0.936,7,0.8,0.024,758.3,Clear,0,1343,0,1.2,1.0,1.05
2026-09-08,CHI-HUB,Sortation,Evening,18,Tuesday,0,0,1,1823,1674,642,1752,104,41,40,39,47,8,22.3,0.956,7,0.2,0.035,822.0,Clear,0,1752,2,1.2,1.0,1.05
2026-09-08,CHI-HUB,Sortation,Evening,19,Tuesday,0,0,1,1868,1716,347,1398,494,43,41,39,37,8,37.1,0.969,5,1.5,0.039,852.83,Clear,0,1398,0,1.2,1.0,1.05
2026-09-08,CHI-HUB,Sortation,Evening,20,Tuesday,0,0,0,1451,1332,380,1158,322,31,30,28,44,8,30.7,0.941,3,1.2,0.052,615.86,Clear,0,1158,2,1.08,1.0,1.05
2026-09-08,CHI-HUB,Sortation,Evening,21,Tuesday,0,0,0,1223,1123,326,946,304,27,26,25,41,8,35.1,0.924,9,1.4,0.029,577.96,Clear,0,946,1,0.96,1.0,1.05
2026-09-08,CHI-HUB,Sortation,Night,22,Tuesday,0,0,0,1346,1236,251,1260,121,30,29,28,45,8,25.2,1.0,9,0.8,0.024,621.93,Clear,0,1260,2,0.96,1.0,1.05
2026-09-08,CHI-HUB,Sortation,Night,23,Tuesday,0,0,0,1019,936,262,795,240,19,20,19,44,8,35.3,0.951,7,1.1,0.055,442.42,Clear,0,795,1,0.82,1.0,1.05
2026-09-08,CHI-HUB,Outbound,Morning,6,Tuesday,0,0,0,1063,1041,253,871,227,19,19,18,50,8,33.2,0.968,6,0.4,0.035,400.93,Clear,0,871,1,0.96,1.0,1.05
2026-09-08,CHI-HUB,Outbound,Morning,7,Tuesday,0,0,0,1415,1386,389,1088,346,24,24,23,51,8,35.6,0.928,7,1.1,0.05,527.69,Clear,0,1088,1,1.2,1.0,1.05
2026-09-08,CHI-HUB,Outbound,Morning,8,Tuesday,0,0,1,1664,1630,389,1384,321,29,29,28,51,8,31.9,0.969,10,1.5,0.032,650.56,Clear,0,1384,1,1.2,1.0,1.05
2026-09-08,CHI-HUB,Outbound,Morning,9,Tuesday,0,0,1,1623,1590,351,1440,208,32,31,30,51,8,28.6,0.942,0,0.4,0.044,626.03,Clear,0,1440,0,1.2,1.0,1.05
2026-09-08,CHI-HUB,Outbound,Morning,10,Tuesday,0,0,0,1326,1299,262,1054,316,25,23,23,47,8,37.6,0.976,1,1.8,0.01,526.47,Clear,0,1054,0,1.08,1.0,1.05
2026-09-08,CHI-HUB,Outbound,Morning,11,Tuesday,0,0,0,1255,1229,383,1003,258,21,21,20,53,8,31.4,0.946,10,1.5,0.065,487.06,Clear,0,1003,1,1.08,1.0,1.05
2026-09-08,CHI-HUB,Outbound,Morning,12,Tuesday,0,0,0,1193,1169,397,1012,210,23,23,22,46,8,26.5,1.0,10,1.3,0.043,519.32,Clear,0,1012,0,0.96,1.0,1.05
2026-09-08,CHI-HUB,Outbound,Morning,13,Tuesday,0,0,0,1139,1116,311,920,257,20,19,18,53,8,34.0,0.965,3,1.2,0.043,415.13,Clear,0,920,0,0.96,1.0,1.05
2026-09-08,CHI-HUB,Outbound,Evening,14,Tuesday,0,0,0,1134,1111,249,896,270,23,22,21,47,8,34.4,0.908,6,1.1,0.029,480.34,Clear,0,896,0,0.96,1.0,1.05
2026-09-08,CHI-HUB,Outbound,Evening,15,Tuesday,0,0,0,1164,1140,379,892,302,22,21,20,46,8,38.2,0.97,4,1.5,0.043,466.18,Clear,0,892,0,1.08,1.0,1.05
2026-09-08,CHI-HUB,Outbound,Evening,16,Tuesday,0,0,0,1338,1311,418,1241,129,26,26,25,52,8,24.6,0.955,8,0.5,0.032,551.69,Clear,0,1241,3,1.08,1.0,1.05
2026-09-08,CHI-HUB,Outbound,Evening,17,Tuesday,0,0,1,1547,1515,380,1367,193,30,29,28,51,8,28.5,0.958,7,0.9,0.018,622.02,Clear,0,1367,2,1.2,1.0,1.05
2026-09-08,CHI-HUB,Outbound,Evening,18,Tuesday,0,0,1,1689,1655,403,1285,464,32,31,29,45,8,40.3,0.985,2,1.8,0.058,653.33,Clear,0,1285,0,1.2,1.0,1.05
2026-09-08,CHI-HUB,Outbound,Evening,19,Tuesday,0,0,1,1694,1659,410,1284,447,29,29,27,49,8,39.7,0.971,5,1.3,0.054,610.02,Clear,0,1284,1,1.2,1.0,1.05
2026-09-08,CHI-HUB,Outbound,Evening,20,Tuesday,0,0,0,1288,1262,280,1066,243,26,24,23,49,8,32.1,0.946,8,1.1,0.025,528.57,Clear,0,1066,0,1.08,1.0,1.05
2026-09-08,CHI-HUB,Outbound,Evening,21,Tuesday,0,0,0,1142,1119,272,937,230,20,20,19,51,8,31.9,0.967,1,1.1,0.048,425.49,Clear,0,937,1,0.96,1.0,1.05
2026-09-08,CHI-HUB,Outbound,Night,22,Tuesday,0,0,0,1176,1152,219,1054,150,23,21,21,51,8,25.3,0.984,0,0.8,0.022,453.5,Clear,0,1054,1,0.96,1.0,1.05
2026-09-08,CHI-HUB,Outbound,Night,23,Tuesday,0,0,0,882,864,166,718,195,16,15,15,49,8,33.0,0.977,9,1.6,0.015,382.3,Clear,0,718,1,0.82,1.0,1.05
2026-09-08,DAL-HUB,Inbound,Morning,6,Tuesday,0,0,0,1017,898,256,841,162,19,19,18,47,8,32.1,0.995,5,1.0,0.035,412.96,Clear,0,841,1,0.96,1.0,1.05
2026-09-08,DAL-HUB,Inbound,Morning,7,Tuesday,0,0,0,1295,1143,237,1037,259,24,23,22,49,8,34.6,0.962,9,1.0,0.039,508.66,Clear,0,1037,1,1.2,1.0,1.05
2026-09-08,DAL-HUB,Inbound,Morning,8,Tuesday,0,0,1,1550,1368,382,1215,302,27,27,26,49,8,31.2,0.954,6,0.7,0.04,573.16,Clear,0,1215,1,1.2,1.0,1.05
2026-09-08,DAL-HUB,Inbound,Morning,9,Tuesday,0,0,1,1498,1322,435,1184,283,30,28,27,45,8,29.8,0.975,2,1.2,0.042,592.94,Clear,0,1184,0,1.2,1.0,1.05
2026-09-08,DAL-HUB,Inbound,Morning,10,Tuesday,0,0,0,1066,941,207,886,157,20,20,19,49,8,28.2,0.952,5,1.1,0.041,436.13,Clear,0,886,0,1.08,1.0,1.05
2026-09-08,DAL-HUB,Inbound,Morning,11,Tuesday,0,0,0,1237,1091,308,935,266,22,22,21,48,8,31.1,0.928,2,1.4,0.057,476.93,Clear,0,935,3,1.08,1.0,1.05
2026-09-08,DAL-HUB,Inbound,Morning,12,Tuesday,0,0,0,1120,989,231,896,218,20,20,19,49,8,31.0,0.963,2,1.5,0.026,438.68,Clear,0,896,3,0.96,1.0,1.05
2026-09-08,DAL-HUB,Inbound,Morning,13,Tuesday,0,0,0,1057,933,310,750,296,20,20,19,44,8,39.7,0.898,3,1.8,0.044,449.17,Clear,0,750,0,0.96,1.0,1.05
2026-09-08,DAL-HUB,Inbound,Evening,14,Tuesday,0,0,0,978,863,292,841,129,18,17,17,50,8,26.2,0.99,4,0.8,0.01,383.96,Clear,0,841,1,0.96,1.0,1.05
2026-09-08,DAL-HUB,Inbound,Evening,15,Tuesday,0,0,0,1074,947,227,849,209,21,19,19,47,8,30.6,0.951,4,1.6,0.012,447.05,Clear,0,849,0,1.08,1.0,1.05
2026-09-08,DAL-HUB,Inbound,Evening,16,Tuesday,0,0,0,1127,994,312,865,236,21,20,19,47,8,28.0,0.969,2,1.4,0.035,439.97,Storm,0,865,1,1.08,1.0,1.05
2026-09-08,DAL-HUB,Inbound,Evening,17,Tuesday,0,0,1,1351,1192,262,1085,239,25,25,24,46,8,30.7,0.983,1,0.8,0.038,517.45,Clear,0,1085,1,1.2,1.0,1.05
2026-09-08,DAL-HUB,Inbound,Evening,18,Tuesday,0,0,1,1527,1348,419,1375,124,29,29,28,50,8,20.3,0.983,9,0.4,0.026,612.96,Clear,0,1375,1,1.2,1.0,1.05
2026-09-08,DAL-HUB,Inbound,Evening,19,Tuesday,0,0,1,1388,1224,342,1186,191,28,27,26,48,8,28.5,0.95,7,0.5,0.034,567.9,Clear,0,1186,1,1.2,1.0,1.05
2026-09-08,DAL-HUB,Inbound,Evening,20,Tuesday,0,0,0,1249,1102,350,1080,165,23,23,22,51,8,25.5,0.963,1,0.4,0.034,465.45,Clear,0,1080,3,1.08,1.0,1.05
2026-09-08,DAL-HUB,Inbound,Evening,21,Tuesday,0,0,0,1020,900,330,780,225,18,18,17,48,8,38.1,0.956,8,1.4,0.028,414.3,Clear,0,780,1,0.96,1.0,1.05
2026-09-08,DAL-HUB,Inbound,Night,22,Tuesday,0,0,0,1029,908,318,786,249,20,19,18,48,8,35.7,0.911,0,0.6,0.028,385.96,Clear,0,786,1,0.96,1.0,1.05
2026-09-08,DAL-HUB,Inbound,Night,23,Tuesday,0,0,0,988,872,315,853,132,17,18,17,53,8,27.6,0.947,6,0.4,0.046,379.34,Clear,0,853,1,0.82,1.0,1.05
2026-09-08,DAL-HUB,Sortation,Morning,6,Tuesday,0,0,0,1037,953,276,889,171,24,23,22,45,8,30.7,0.898,6,0.8,0.039,489.66,Clear,0,889,0,0.96,1.0,1.05
2026-09-08,DAL-HUB,Sortation,Morning,7,Tuesday,0,0,0,1301,1195,295,901,437,25,25,24,39,8,44.6,0.963,6,1.9,0.028,564.3,Clear,0,901,1,1.2,1.0,1.05
2026-09-08,DAL-HUB,Sortation,Morning,8,Tuesday,0,0,1,1369,1257,439,1263,118,32,30,29,45,8,22.3,0.968,0,0.5,0.028,604.65,Clear,0,1263,4,1.2,1.0,1.05
2026-09-08,DAL-HUB,Sortation,Morning,9,Tuesday,0,0,1,1460,1341,314,1340,151,32,30,29,47,8,26.0,0.983,2,0.6,0.024,615.52,Clear,0,1340,3,1.2,1.0,1.05
2026-09-08,DAL-HUB,Sortation,Morning,10,Tuesday,0,0,0,1209,1110,296,1005,246,26,25,24,44,8,33.3,0.952,6,1.0,0.026,538.74,Rain,0,1005,2,1.08,1.0,1.05
2026-09-08,DAL-HUB,Sortation,Morning,11,Tuesday,0,0,0,1266,1162,388,1207,87,28,27,27,45,8,21.0,0.994,10,0.6,0.018,598.56,Clear,0,1207,1,1.08,1.0,1.05
2026-09-08,DAL-HUB,Sortation,Morning,12,Tuesday,0,0,0,982,902,317,885,120,23,21,21,43,8,24.8,0.981,5,0.8,0.022,465.95,Clear,0,885,2,0.96,1.0,1.05
2026-09-08,DAL-HUB,Sortation,Morning,13,Tuesday,0,0,0,1092,1003,277,985,148,25,23,22,45,8,25.5,0.995,1,0.7,0.033,471.87,Clear,0,985,2,0.96,1.0,1.05
2026-09-08,DAL-HUB,Sortation,Evening,14,Tuesday,0,0,0,1027,943,253,827,220,24,23,22,40,8,32.3,0.941,8,0.8,0.044,495.86,Clear,0,827,2,0.96,1.0,1.05
2026-09-08,DAL-HUB,Sortation,Evening,15,Tuesday,0,0,0,1287,1182,272,1037,273,27,27,26,43,8,35.7,0.928,3,0.7,0.04,559.85,Clear,0,1037,1,1.08,1.0,1.05
2026-09-08,DAL-HUB,Sortation,Evening,16,Tuesday,0,0,0,1239,1138,344,830,449,22,23,21,42,8,48.6,0.942,2,2.2,0.073,500.27,Clear,0,830,2,1.08,1.0,1.05
2026-09-08,DAL-HUB,Sortation,Evening,17,Tuesday,0,0,1,1518,1394,412,1336,230,37,34,33,43,8,27.2,0.942,3,0.5,0.016,694.98,Clear,0,1336,0,1.2,1.0,1.05
2026-09-08,DAL-HUB,Sortation,Evening,18,Tuesday,0,0,1,1539,1413,354,1239,334,34,33,32,41,8,34.1,0.944,8,1.5,0.033,719.88,Clear,0,1239,2,1.2,1.0,1.05
2026-09-08,DAL-HUB,Sortation,Evening,19,Tuesday,0,0,1,1543,1417,506,1354,217,34,32,32,44,8,23.3,0.962,8,0.7,0.01,697.55,Clear,0,1354,0,1.2,1.0,1.05
2026-09-08,DAL-HUB,Sortation,Evening,20,Tuesday,0,0,0,1282,1178,364,1071,240,28,28,27,42,8,28.9,0.945,2,1.2,0.023,590.06,Clear,0,1071,0,1.08,1.0,1.05
2026-09-08,DAL-HUB,Sortation,Evening,21,Tuesday,0,0,0,1083,995,315,939,158,24,23,23,44,8,27.3,0.928,7,0.1,0.01,493.61,Clear,0,939,1,0.96,1.0,1.05
2026-09-08,DAL-HUB,Sortation,Night,22,Tuesday,0,0,0,1230,1130,311,1142,129,28,26,26,46,8,22.7,0.955,8,0.2,0.019,560.81,Clear,0,1142,1,0.96,1.0,1.05
2026-09-08,DAL-HUB,Sortation,Night,23,Tuesday,0,0,0,845,776,233,673,208,17,17,16,43,8,33.2,0.978,6,1.2,0.039,380.33,Clear,0,673,1,0.82,1.0,1.05
2026-09-08,DAL-HUB,Outbound,Morning,6,Tuesday,0,0,0,979,959,193,756,233,19,18,18,44,8,32.1,0.956,0,1.8,0.019,419.38,Clear,0,756,0,0.96,1.0,1.05
2026-09-08,DAL-HUB,Outbound,Morning,7,Tuesday,0,0,0,1076,1054,215,900,208,19,19,19,50,8,32.9,0.948,2,0.7,0.021,418.64,Heavy Rain,0,900,4,1.2,1.0,1.05
2026-09-08,DAL-HUB,Outbound,Morning,8,Tuesday,0,0,1,1343,1316,279,1051,325,25,24,23,48,8,34.8,0.952,9,1.6,0.03,546.78,Clear,0,1051,2,1.2,1.0,1.05
2026-09-08,DAL-HUB,Outbound,Morning,9,Tuesday,0,0,1,1301,1274,413,1037,292,23,23,22,48,8,32.8,0.983,1,1.5,0.024,498.1,Clear,0,1037,1,1.2,1.0,1.05
2026-09-08,DAL-HUB,Outbound,Morning,10,Tuesday,0,0,0,1062,1040,304,880,209,20,19,18,51,8,28.0,0.959,1,1.0,0.038,401.71,Clear,0,880,1,1.08,1.0,1.05
2026-09-08,DAL-HUB,Outbound,Morning,11,Tuesday,0,0,0,952,933,212,714,261,19,18,17,45,8,39.1,0.934,10,1.2,0.028,415.65,Rain,0,714,2,1.08,1.0,1.05
2026-09-08,DAL-HUB,Outbound,Morning,12,Tuesday,0,0,0,893,875,300,714,201,16,15,15,49,8,37.8,0.972,10,1.4,0.031,380.12,Clear,0,714,2,0.96,1.0,1.05
2026-09-08,DAL-HUB,Outbound,Morning,13,Tuesday,0,0,0,921,902,313,823,111,17,16,16,52,8,26.1,0.989,1,1.0,0.022,360.12,Clear,0,823,1,0.96,1.0,1.05
2026-09-08,DAL-HUB,Outbound,Evening,14,Tuesday,0,0,0,982,962,337,779,219,17,17,16,50,8,33.4,0.974,7,0.9,0.04,377.65,Clear,0,779,6,0.96,1.0,1.05
2026-09-08,DAL-HUB,Outbound,Evening,15,Tuesday,0,0,0,1071,1049,315,850,248,18,19,18,51,8,35.9,0.927,8,1.1,0.028,431.01,Storm,0,850,1,1.08,1.0,1.05
2026-09-08,DAL-HUB,Outbound,Evening,16,Tuesday,0,0,0,1157,1133,385,846,319,19,19,18,47,8,39.1,1.0,8,2.3,0.046,462.26,Clear,0,846,2,1.08,1.0,1.05
2026-09-08,DAL-HUB,Outbound,Evening,17,Tuesday,0,0,1,1396,1368,481,1094,339,26,25,24,48,8,34.7,0.95,4,1.1,0.028,537.25,Clear,0,1094,1,1.2,1.0,1.05
2026-09-08,DAL-HUB,Outbound,Evening,18,Tuesday,0,0,1,1420,1391,474,1234,217,27,26,25,50,8,29.1,0.987,5,1.1,0.051,560.38,Clear,0,1234,0,1.2,1.0,1.05
2026-09-08,DAL-HUB,Outbound,Evening,19,Tuesday,0,0,1,1313,1286,466,1146,205,26,25,24,50,8,28.6,0.955,5,1.1,0.026,538.92,Clear,0,1146,1,1.2,1.0,1.05
2026-09-08,DAL-HUB,Outbound,Evening,20,Tuesday,0,0,0,1044,1023,224,808,247,16,17,16,52,8,34.6,0.972,9,1.9,0.043,413.19,Clear,0,808,1,1.08,1.0,1.05
2026-09-08,DAL-HUB,Outbound,Evening,21,Tuesday,0,0,0,938,919,317,704,239,16,16,15,51,8,38.1,0.92,0,1.6,0.037,354.54,Clear,0,704,1,0.96,1.0,1.05
2026-09-08,DAL-HUB,Outbound,Night,22,Tuesday,0,0,0,1062,1040,218,923,169,21,20,19,49,8,25.5,0.992,3,0.9,0.027,424.81,Clear,0,923,2,0.96,1.0,1.05
2026-09-08,DAL-HUB,Outbound,Night,23,Tuesday,0,0,0,746,731,245,617,150,14,13,13,50,8,33.1,0.95,5,1.3,0.029,319.62,Clear,0,617,1,0.82,1.0,1.05
2026-09-09,ATL-HUB,Inbound,Morning,6,Wednesday,0,0,0,1451,1280,377,1151,277,25,25,24,51,8,34.6,0.941,5,1.0,0.043,537.61,Clear,0,1151,2,0.96,1.0,1.065
2026-09-09,ATL-HUB,Inbound,Morning,7,Wednesday,0,0,0,1680,1483,431,1351,301,34,31,30,48,8,31.6,0.939,3,1.0,0.034,652.26,Clear,0,1351,2,1.2,1.0,1.065
2026-09-09,ATL-HUB,Inbound,Morning,8,Wednesday,0,0,1,1806,1593,467,1507,262,36,33,32,50,8,25.7,0.942,2,0.8,0.02,684.68,Clear,0,1507,3,1.2,1.0,1.065
2026-09-09,ATL-HUB,Inbound,Morning,9,Wednesday,0,0,1,1792,1581,530,1417,356,34,32,30,50,8,33.3,0.945,3,1.0,0.054,654.23,Clear,0,1417,1,1.2,1.0,1.065
2026-09-09,ATL-HUB,Inbound,Morning,10,Wednesday,0,0,0,1438,1269,375,1165,252,26,25,24,50,8,31.0,0.972,1,0.9,0.03,521.78,Clear,0,1165,2,1.08,1.0,1.065
2026-09-09,ATL-HUB,Inbound,Morning,11,Wednesday,0,0,0,1544,1362,348,1280,245,29,28,27,49,8,27.3,0.968,4,0.6,0.032,583.35,Clear,0,1280,0,1.08,1.0,1.065
2026-09-09,ATL-HUB,Inbound,Morning,12,Wednesday,0,0,0,1312,1158,432,953,335,24,23,22,44,8,38.3,0.985,6,1.3,0.026,507.77,Clear,0,953,0,0.96,1.0,1.065
2026-09-09,ATL-HUB,Inbound,Morning,13,Wednesday,0,0,0,1381,1218,276,1033,326,26,25,24,47,8,36.3,0.916,3,0.8,0.03,524.37,Clear,0,1033,1,0.96,1.0,1.065
2026-09-09,ATL-HUB,Inbound,Evening,14,Wednesday,0,0,0,1354,1195,317,884,444,23,23,22,42,8,43.2,0.957,2,2.1,0.042,518.1,Clear,0,884,3,0.96,1.0,1.065
2026-09-09,ATL-HUB,Inbound,Evening,15,Wednesday,0,0,0,1533,1352,409,1109,397,30,29,28,42,8,36.8,0.943,7,1.5,0.027,637.45,Clear,0,1109,2,1.08,1.0,1.065
2026-09-09,ATL-HUB,Inbound,Evening,16,Wednesday,0,0,0,1413,1247,338,1090,306,26,25,24,46,8,33.7,0.988,2,1.0,0.028,527.35,Clear,0,1090,1,1.08,1.0,1.065
2026-09-09,ATL-HUB,Inbound,Evening,17,Wednesday,0,0,1,1802,1590,371,1393,381,33,33,32,45,8,35.8,0.968,8,1.1,0.03,712.21,Clear,0,1393,0,1.2,1.0,1.065
2026-09-09,ATL-HUB,Inbound,Evening,18,Wednesday,0,0,1,1887,1665,443,1409,430,35,32,31,48,8,32.7,0.947,1,1.4,0.025,680.2,Clear,0,1409,0,1.2,1.0,1.065
2026-09-09,ATL-HUB,Inbound,Evening,19,Wednesday,0,0,1,1845,1628,555,1456,364,37,35,33,47,8,34.5,0.939,5,0.7,0.058,711.66,Clear,0,1456,1,1.2,1.0,1.065
2026-09-09,ATL-HUB,Inbound,Evening,20,Wednesday,0,0,0,1470,1297,497,996,469,25,25,24,43,8,41.5,0.966,2,2.2,0.031,563.51,Rain,0,996,0,1.08,1.0,1.065
2026-09-09,ATL-HUB,Inbound,Evening,21,Wednesday,0,0,0,1258,1110,386,1065,171,24,23,22,51,8,27.7,0.95,4,1.1,0.036,497.48,Heavy Rain,0,1065,1,0.96,1.0,1.065
2026-09-09,ATL-HUB,Inbound,Night,22,Wednesday,0,0,0,1450,1279,321,1145,271,25,24,23,51,8,33.5,0.977,10,1.3,0.034,542.5,Clear,0,1145,1,0.96,1.0,1.065
2026-09-09,ATL-HUB,Inbound,Night,23,Wednesday,0,0,0,1168,1031,323,1012,148,24,23,22,49,8,26.2,0.939,8,0.0,0.04,476.47,Rain,0,1012,0,0.82,1.0,1.065
2026-09-09,ATL-HUB,Sortation,Morning,6,Wednesday,0,0,0,1299,1193,456,1134,202,28,28,27,42,8,28.5,1.0,1,0.8,0.027,575.97,Clear,0,1134,0,0.96,1.0,1.065
2026-09-09,ATL-HUB,Sortation,Morning,7,Wednesday,0,0,0,1818,1670,419,1386,472,40,38,37,40,8,37.5,0.937,5,1.0,0.03,798.91,Clear,0,1386,0,1.2,1.0,1.065
2026-09-09,ATL-HUB,Sortation,Morning,8,Wednesday,0,0,1,1860,1708,581,1671,241,40,38,36,48,8,27.5,0.967,9,0.6,0.055,781.76,Clear,0,1671,2,1.2,1.0,1.065
2026-09-09,ATL-HUB,Sortation,Morning,9,Wednesday,0,0,1,1871,1719,430,1910,28,43,42,41,48,8,19.4,1.0,9,0.3,0.033,871.08,Clear,0,1910,2,1.2,1.0,1.065
2026-09-09,ATL-HUB,Sortation,Morning,10,Wednesday,0,0,0,1625,1493,445,1278,384,37,34,33,41,8,33.9,0.945,1,1.2,0.018,710.16,Clear,0,1278,0,1.08,1.0,1.065
2026-09-09,ATL-HUB,Sortation,Morning,11,Wednesday,0,0,0,1553,1426,342,1418,156,34,33,32,45,8,23.1,0.985,10,0.8,0.02,706.93,Clear,0,1418,0,1.08,1.0,1.065
2026-09-09,ATL-HUB,Sortation,Morning,12,Wednesday,0,0,0,1334,1225,440,1017,356,27,27,26,40,8,35.1,0.979,6,1.6,0.046,595.52,Clear,0,1017,0,0.96,1.0,1.065
2026-09-09,ATL-HUB,Sortation,Morning,13,Wednesday,0,0,0,1397,1283,277,1096,335,29,30,28,41,8,35.9,0.955,0,1.0,0.054,599.67,Clear,0,1096,1,0.96,1.0,1.065
2026-09-09,ATL-HUB,Sortation,Evening,14,Wednesday,0,0,0,1280,1176,335,1128,182,29,27,26,45,8,29.3,0.964,2,0.7,0.02,556.53,Clear,0,1128,3,0.96,1.0,1.065
2026-09-09,ATL-HUB,Sortation,Evening,15,Wednesday,0,0,0,1687,1549,513,1292,438,37,35,33,40,8,36.4,0.979,0,1.4,0.058,713.7,Clear,0,1292,0,1.08,1.0,1.065
2026-09-09,ATL-HUB,Sortation,Evening,16,Wednesday,0,0,0,1699,1560,481,1528,192,37,35,34,46,8,21.4,0.977,1,0.7,0.03,717.01,Clear,0,1528,3,1.08,1.0,1.065
2026-09-09,ATL-HUB,Sortation,Evening,17,Wednesday,0,0,1,1951,1791,543,1760,233,45,43,42,43,8,26.0,0.975,0,0.9,0.015,880.04,Clear,0,1760,1,1.2,1.0,1.065
2026-09-09,ATL-HUB,Sortation,Evening,18,Wednesday,0,0,1,1920,1764,574,1650,322,42,41,39,43,8,31.0,0.984,10,1.1,0.045,858.58,Clear,0,1650,2,1.2,1.0,1.065
2026-09-09,ATL-HUB,Sortation,Evening,19,Wednesday,0,0,1,2102,1930,445,1672,478,43,41,39,44,8,35.0,0.975,0,1.5,0.053,841.11,Clear,0,1672,1,1.2,1.0,1.065
2026-09-09,ATL-HUB,Sortation,Evening,20,Wednesday,0,0,0,1472,1352,424,1293,214,32,32,30,46,8,25.9,0.937,7,0.6,0.057,651.25,Clear,0,1293,1,1.08,1.0,1.065
2026-09-09,ATL-HUB,Sortation,Evening,21,Wednesday,0,0,0,1384,1271,334,1204,222,30,29,28,43,8,29.1,1.0,4,1.5,0.044,626.23,Clear,0,1204,1,0.96,1.0,1.065
2026-09-09,ATL-HUB,Sortation,Night,22,Wednesday,0,0,0,1509,1386,358,1267,270,34,31,30,43,8,30.4,0.982,4,1.1,0.022,656.32,Clear,0,1267,0,0.96,1.0,1.065
2026-09-09,ATL-HUB,Sortation,Night,23,Wednesday,0,0,0,1165,1070,313,882,303,23,22,22,43,8,38.2,0.933,8,1.2,0.021,509.6,Clear,0,882,0,0.82,1.0,1.065
2026-09-09,ATL-HUB,Outbound,Morning,6,Wednesday,0,0,0,1181,1157,324,869,338,22,21,20,46,8,39.0,0.945,1,1.5,0.044,456.91,Clear,0,869,1,0.96,1.0,1.065
2026-09-09,ATL-HUB,Outbound,Morning,7,Wednesday,0,0,0,1561,1529,486,1228,366,29,29,28,46,8,31.9,0.954,7,0.8,0.021,619.47,Clear,0,1228,0,1.2,1.0,1.065
2026-09-09,ATL-HUB,Outbound,Morning,8,Wednesday,0,0,1,1589,1557,459,1311,309,31,29,28,50,8,30.3,0.937,3,1.1,0.035,615.6,Clear,0,1311,0,1.2,1.0,1.065
2026-09-09,ATL-HUB,Outbound,Morning,9,Wednesday,0,0,1,1750,1714,496,1334,449,29,29,28,49,8,35.1,0.973,6,1.1,0.031,628.15,Clear,0,1334,3,1.2,1.0,1.065
2026-09-09,ATL-HUB,Outbound,Morning,10,Wednesday,0,0,0,1540,1509,289,1256,330,27,27,26,50,8,32.9,0.967,8,1.1,0.029,591.7,Clear,0,1256,2,1.08,1.0,1.065
2026-09-09,ATL-HUB,Outbound,Morning,11,Wednesday,0,0,0,1387,1359,375,1176,246,26,25,24,52,8,30.2,0.943,9,0.6,0.029,539.09,Clear,0,1176,0,1.08,1.0,1.065
2026-09-09,ATL-HUB,Outbound,Morning,12,Wednesday,0,0,0,1172,1148,356,966,236,23,21,21,47,8,30.9,0.979,0,1.0,0.021,459.03,Clear,0,966,0,0.96,1.0,1.065
2026-09-09,ATL-HUB,Outbound,Morning,13,Wednesday,0,0,0,1274,1248,431,1041,262,23,23,22,48,8,35.2,0.986,8,1.0,0.05,506.02,Clear,0,1041,1,0.96,1.0,1.065
2026-09-09,ATL-HUB,Outbound,Evening,14,Wednesday,0,0,0,1234,1209,417,1111,146,23,23,22,52,8,28.5,0.971,9,0.7,0.046,504.62,Storm,0,1111,2,0.96,1.0,1.065
2026-09-09,ATL-HUB,Outbound,Evening,15,Wednesday,0,0,0,1413,1384,344,993,454,24,24,23,46,8,43.4,0.939,4,1.6,0.035,532.06,Clear,0,993,2,1.08,1.0,1.065
2026-09-09,ATL-HUB,Outbound,Evening,16,Wednesday,0,0,0,1257,1231,345,959,326,23,21,21,48,8,38.3,0.952,10,1.4,0.019,503.79,Clear,0,959,0,1.08,1.0,1.065
2026-09-09,ATL-HUB,Outbound,Evening,17,Wednesday,0,0,1,1740,1704,498,1361,431,31,30,29,48,8,39.1,0.978,0,1.8,0.043,647.87,Clear,0,1361,1,1.2,1.0,1.065
2026-09-09,ATL-HUB,Outbound,Evening,18,Wednesday,0,0,1,1670,1636,308,1376,340,30,30,29,52,8,32.6,0.913,6,1.0,0.031,643.39,Clear,0,1376,0,1.2,1.0,1.065
2026-09-09,ATL-HUB,Outbound,Evening,19,Wednesday,0,0,1,1630,1597,400,1431,220,32,31,29,50,8,27.3,0.987,3,1.2,0.056,640.45,Rain,0,1431,2,1.2,1.0,1.065
2026-09-09,ATL-HUB,Outbound,Evening,20,Wednesday,0,0,0,1399,1370,431,1126,305,26,26,25,48,8,33.7,0.939,1,1.2,0.04,550.0,Clear,0,1126,0,1.08,1.0,1.065
2026-09-09,ATL-HUB,Outbound,Evening,21,Wednesday,0,0,0,1180,1156,396,950,279,20,20,19,50,8,35.4,1.0,8,1.1,0.026,448.59,Clear,0,950,1,0.96,1.0,1.065
2026-09-09,ATL-HUB,Outbound,Night,22,Wednesday,0,0,0,1190,1166,281,814,396,20,20,19,46,8,44.3,0.932,5,1.7,0.04,455.97,Clear,0,814,1,0.96,1.0,1.065
2026-09-09,ATL-HUB,Outbound,Night,23,Wednesday,0,0,0,1090,1068,352,972,143,21,20,19,54,8,27.9,0.948,5,0.3,0.039,414.93,Clear,0,972,2,0.82,1.0,1.065
2026-09-09,CHI-HUB,Inbound,Morning,6,Wednesday,0,0,0,1369,1208,242,1059,286,25,24,23,48,8,33.8,0.959,5,1.3,0.045,525.07,Clear,0,1059,0,0.96,1.0,1.065
2026-09-09,CHI-HUB,Inbound,Morning,7,Wednesday,0,0,0,1402,1237,284,1141,260,27,26,25,49,8,30.4,0.931,0,0.6,0.02,529.05,Clear,0,1141,1,1.2,1.0,1.065
2026-09-09,CHI-HUB,Inbound,Morning,8,Wednesday,0,0,1,1635,1442,520,1246,365,31,30,29,48,8,33.6,0.895,5,0.9,0.025,635.55,Clear,0,1246,4,1.2,1.0,1.065
2026-09-09,CHI-HUB,Inbound,Morning,9,Wednesday,0,0,1,1707,1506,307,1256,413,29,29,28,47,8,32.1,0.954,0,0.9,0.025,601.33,Clear,0,1256,2,1.2,1.0,1.065
2026-09-09,CHI-HUB,Inbound,Morning,10,Wednesday,0,0,0,1413,1247,390,1235,163,28,26,25,50,8,26.2,0.989,0,1.1,0.019,543.25,Clear,0,1235,2,1.08,1.0,1.065
2026-09-09,CHI-HUB,Inbound,Morning,11,Wednesday,0,0,0,1380,1217,434,968,391,25,25,24,42,8,41.3,0.961,6,1.5,0.046,553.55,Clear,0,968,0,1.08,1.0,1.065
2026-09-09,CHI-HUB,Inbound,Morning,12,Wednesday,0,0,0,1150,1015,268,918,222,22,21,20,48,8,30.7,0.957,10,1.1,0.038,473.1,Clear,0,918,2,0.96,1.0,1.065
2026-09-09,CHI-HUB,Inbound,Morning,13,Wednesday,0,0,0,1269,1120,241,853,402,22,22,21,43,8,44.2,0.945,10,1.5,0.038,505.91,Clear,0,853,0,0.96,1.0,1.065
2026-09-09,CHI-HUB,Inbound,Evening,14,Wednesday,0,0,0,1099,970,281,852,233,20,19,19,46,8,30.7,0.975,8,1.2,0.022,449.1,Clear,0,852,0,0.96,1.0,1.065
2026-09-09,CHI-HUB,Inbound,Evening,15,Wednesday,0,0,0,1437,1268,256,1072,347,25,25,24,46,8,34.9,0.972,3,1.5,0.034,544.96,Clear,0,1072,2,1.08,1.0,1.065
2026-09-09,CHI-HUB,Inbound,Evening,16,Wednesday,0,0,0,1260,1112,357,1027,202,25,24,23,47,8,29.1,0.95,6,1.0,0.032,517.95,Clear,0,1027,1,1.08,1.0,1.065
2026-09-09,CHI-HUB,Inbound,Evening,17,Wednesday,0,0,1,1646,1452,294,1196,409,27,28,26,46,8,35.5,1.0,2,1.9,0.061,595.65,Clear,0,1196,2,1.2,1.0,1.065
2026-09-09,CHI-HUB,Inbound,Evening,18,Wednesday,0,0,1,1832,1617,543,1535,269,36,34,33,50,8,27.7,0.931,9,0.5,0.034,718.65,Clear,0,1535,0,1.2,1.0,1.065
2026-09-09,CHI-HUB,Inbound,Evening,19,Wednesday,0,0,1,1763,1556,408,1370,372,32,31,30,49,8,32.6,0.932,9,1.1,0.025,675.72,Clear,0,1370,2,1.2,1.0,1.065
2026-09-09,CHI-HUB,Inbound,Evening,20,Wednesday,0,0,0,1471,1298,488,1261,187,28,26,25,51,8,27.5,0.989,6,0.6,0.023,549.47,Clear,0,1261,3,1.08,1.0,1.065
2026-09-09,CHI-HUB,Inbound,Evening,21,Wednesday,0,0,0,1122,990,309,962,135,20,20,19,51,8,23.1,0.993,10,1.3,0.035,458.7,Clear,0,962,1,0.96,1.0,1.065
2026-09-09,CHI-HUB,Inbound,Night,22,Wednesday,0,0,0,1254,1107,232,1039,185,24,23,22,50,8,28.8,0.945,4,0.3,0.05,476.77,Storm,0,1039,1,0.96,1.0,1.065
2026-09-09,CHI-HUB,Inbound,Night,23,Wednesday,0,0,0,996,879,281,752,234,16,16,16,50,8,32.8,0.94,2,0.5,0.029,349.99,Clear,0,752,0,0.82,1.0,1.065
2026-09-09,CHI-HUB,Sortation,Morning,6,Wednesday,0,0,0,1079,991,224,832,263,23,22,21,42,8,36.9,0.943,10,1.3,0.024,497.74,Clear,0,832,1,0.96,1.0,1.065
2026-09-09,CHI-HUB,Sortation,Morning,7,Wednesday,0,0,0,1616,1484,561,1306,345,35,34,33,40,8,35.5,0.99,3,1.1,0.04,713.58,Clear,0,1306,3,1.2,1.0,1.065
2026-09-09,CHI-HUB,Sortation,Morning,8,Wednesday,0,0,1,1801,1654,610,1473,375,39,37,35,45,8,34.2,0.936,10,0.9,0.045,772.78,Clear,0,1473,1,1.2,1.0,1.065
2026-09-09,CHI-HUB,Sortation,Morning,9,Wednesday,0,0,1,1861,1709,427,1677,231,42,39,39,44,8,27.6,0.978,3,0.6,0.013,821.08,Clear,0,1677,3,1.2,1.0,1.065
2026-09-09,CHI-HUB,Sortation,Morning,10,Wednesday,0,0,0,1387,1274,418,1116,322,29,29,27,43,8,35.7,0.961,5,0.5,0.052,581.99,Clear,0,1116,0,1.08,1.0,1.065
2026-09-09,CHI-HUB,Sortation,Morning,11,Wednesday,0,0,0,1489,1368,370,1163,363,32,31,30,41,8,37.6,0.946,2,1.7,0.032,666.36,Clear,0,1163,2,1.08,1.0,1.065
2026-09-09,CHI-HUB,Sortation,Morning,12,Wednesday,0,0,0,1427,1311,391,1190,277,32,31,30,42,8,31.6,0.945,1,1.4,0.045,653.63,Clear,0,1190,2,0.96,1.0,1.065
2026-09-09,CHI-HUB,Sortation,Morning,13,Wednesday,0,0,0,1236,1135,387,946,327,28,26,25,41,8,39.1,0.923,0,1.5,0.04,554.94,Heavy Rain,0,946,1,0.96,1.0,1.065
2026-09-09,CHI-HUB,Sortation,Evening,14,Wednesday,0,0,0,1234,1134,379,1037,233,28,27,26,43,8,28.6,0.928,3,0.9,0.034,564.48,Clear,0,1037,0,0.96,1.0,1.065
2026-09-09,CHI-HUB,Sortation,Evening,15,Wednesday,0,0,0,1353,1242,295,961,405,29,28,27,37,8,38.8,0.962,1,2.1,0.041,613.36,Clear,0,961,1,1.08,1.0,1.065
2026-09-09,CHI-HUB,Sortation,Evening,16,Wednesday,0,0,0,1437,1320,501,1204,258,31,29,28,45,8,30.4,0.956,5,1.3,0.033,624.81,Clear,0,1204,0,1.08,1.0,1.065
2026-09-09,CHI-HUB,Sortation,Evening,17,Wednesday,0,0,1,1861,1709,528,1482,430,39,39,38,39,8,33.8,1.0,8,1.3,0.03,837.18,Clear,0,1482,0,1.2,1.0,1.065
2026-09-09,CHI-HUB,Sortation,Evening,18,Wednesday,0,0,1,1730,1589,496,1482,283,40,39,38,39,8,32.2,1.0,2,1.1,0.035,816.35,Storm,0,1482,0,1.2,1.0,1.065
2026-09-09,CHI-HUB,Sortation,Evening,19,Wednesday,0,0,1,1808,1660,529,1499,350,39,38,37,42,8,28.5,0.965,9,1.3,0.032,819.91,Clear,0,1499,4,1.2,1.0,1.065
2026-09-09,CHI-HUB,Sortation,Evening,20,Wednesday,0,0,0,1525,1401,433,1309,252,35,34,32,42,8,27.6,0.974,4,0.7,0.045,684.43,Clear,0,1309,1,1.08,1.0,1.065
2026-09-09,CHI-HUB,Sortation,Evening,21,Wednesday,0,0,0,1364,1252,438,1132,287,32,30,29,42,8,34.4,0.93,1,0.7,0.034,613.36,Clear,0,1132,2,0.96,1.0,1.065
2026-09-09,CHI-HUB,Sortation,Night,22,Wednesday,0,0,0,1252,1150,279,960,322,25,25,23,44,8,35.9,0.949,4,1.6,0.061,529.1,Clear,0,960,1,0.96,1.0,1.065
2026-09-09,CHI-HUB,Sortation,Night,23,Wednesday,0,0,0,1113,1022,251,906,237,26,24,23,42,8,31.0,0.938,9,0.5,0.041,515.84,Storm,0,906,3,0.82,1.0,1.065
2026-09-09,CHI-HUB,Outbound,Morning,6,Wednesday,0,0,0,1148,1125,380,918,253,22,21,20,48,8,37.8,0.957,9,1.4,0.034,483.32,Storm,0,918,2,0.96,1.0,1.065
2026-09-09,CHI-HUB,Outbound,Morning,7,Wednesday,0,0,0,1452,1422,370,1143,349,27,25,24,49,8,35.4,0.973,7,0.7,0.034,536.68,Clear,0,1143,0,1.2,1.0,1.065
2026-09-09,CHI-HUB,Outbound,Morning,8,Wednesday,0,0,1,1502,1471,485,1283,251,29,27,26,51,8,29.5,0.968,0,0.9,0.043,559.79,Clear,0,1283,3,1.2,1.0,1.065
2026-09-09,CHI-HUB,Outbound,Morning,9,Wednesday,0,0,1,1596,1563,398,1304,314,30,29,28,51,8,32.7,0.914,2,1.0,0.04,609.72,Clear,0,1304,3,1.2,1.0,1.065
2026-09-09,CHI-HUB,Outbound,Morning,10,Wednesday,0,0,0,1368,1340,331,1258,139,28,27,26,50,8,17.6,0.968,3,0.4,0.03,557.95,Storm,0,1258,0,1.08,1.0,1.065
2026-09-09,CHI-HUB,Outbound,Morning,11,Wednesday,0,0,0,1293,1267,322,1059,257,23,23,22,49,8,32.7,0.983,1,1.0,0.026,483.96,Clear,0,1059,1,1.08,1.0,1.065
2026-09-09,CHI-HUB,Outbound,Morning,12,Wednesday,0,0,0,1121,1098,264,746,418,19,19,18,45,8,45.0,0.921,10,2.4,0.044,470.79,Clear,0,746,0,0.96,1.0,1.065
2026-09-09,CHI-HUB,Outbound,Morning,13,Wednesday,0,0,0,1123,1100,268,988,162,20,20,19,52,8,32.6,1.0,0,0.5,0.026,405.13,Clear,0,988,2,0.96,1.0,1.065
2026-09-09,CHI-HUB,Outbound,Evening,14,Wednesday,0,0,0,1220,1195,410,1008,245,22,22,21,49,8,31.9,0.98,7,0.8,0.028,476.71,Clear,0,1008,2,0.96,1.0,1.065
2026-09-09,CHI-HUB,Outbound,Evening,15,Wednesday,0,0,0,1305,1278,432,935,428,23,22,21,46,8,45.4,0.969,8,1.5,0.045,501.08,Clear,0,935,1,1.08,1.0,1.065
2026-09-09,CHI-HUB,Outbound,Evening,16,Wednesday,0,0,0,1182,1158,344,943,275,21,21,20,48,8,34.4,0.983,7,1.1,0.037,464.93,Clear,0,943,2,1.08,1.0,1.065
2026-09-09,CHI-HUB,Outbound,Evening,17,Wednesday,0,0,1,1572,1540,483,1405,200,29,28,27,53,8,26.6,0.982,2,0.5,0.022,581.57,Storm,0,1405,0,1.2,1.0,1.065
2026-09-09,CHI-HUB,Outbound,Evening,18,Wednesday,0,0,1,1691,1656,371,1298,444,32,30,29,47,8,39.6,0.953,7,1.2,0.041,652.57,Clear,0,1298,0,1.2,1.0,1.065
2026-09-09,CHI-HUB,Outbound,Evening,19,Wednesday,0,0,1,1490,1460,318,1225,299,29,27,26,50,8,28.7,0.943,7,1.3,0.034,593.18,Clear,0,1225,0,1.2,1.0,1.065
2026-09-09,CHI-HUB,Outbound,Evening,20,Wednesday,0,0,0,1224,1199,310,1244,0,25,24,23,55,8,19.2,0.983,10,0.2,0.059,508.58,Clear,0,1244,1,1.08,1.0,1.065
2026-09-09,CHI-HUB,Outbound,Evening,21,Wednesday,0,0,0,1178,1154,391,932,268,22,21,20,50,8,33.3,0.932,9,1.0,0.031,468.45,Clear,0,932,1,0.96,1.0,1.065
2026-09-09,CHI-HUB,Outbound,Night,22,Wednesday,0,0,0,1212,1187,395,1000,252,24,23,22,49,8,32.6,0.928,3,1.0,0.041,488.87,Clear,0,1000,3,0.96,1.0,1.065
2026-09-09,CHI-HUB,Outbound,Night,23,Wednesday,0,0,0,1043,1022,360,859,221,19,19,18,49,8,32.4,0.975,2,1.1,0.052,408.52,Rain,0,859,2,0.82,1.0,1.065
2026-09-09,DAL-HUB,Inbound,Morning,6,Wednesday,0,0,0,1165,1028,292,943,207,22,21,20,50,8,30.9,0.944,7,0.6,0.044,449.77,Clear,0,943,2,0.96,1.0,1.065
2026-09-09,DAL-HUB,Inbound,Morning,7,Wednesday,0,0,0,1038,916,243,735,283,18,18,17,45,8,41.6,0.961,0,1.3,0.035,386.22,Clear,0,735,2,1.2,1.0,1.065
2026-09-09,DAL-HUB,Inbound,Morning,8,Wednesday,0,0,1,1393,1229,318,1131,247,27,26,25,48,8,31.4,0.943,4,0.5,0.036,540.36,Rain,0,1131,0,1.2,1.0,1.065
2026-09-09,DAL-HUB,Inbound,Morning,9,Wednesday,0,0,1,1480,1305,313,1313,152,27,26,26,51,8,24.9,0.99,1,0.7,0.017,555.92,Clear,0,1313,0,1.2,1.0,1.065
2026-09-09,DAL-HUB,Inbound,Morning,10,Wednesday,0,0,0,1134,1000,213,957,154,22,22,21,48,8,29.4,0.95,3,0.4,0.048,452.72,Heavy Rain,0,957,2,1.08,1.0,1.065
2026-09-09,DAL-HUB,Inbound,Morning,11,Wednesday,0,0,0,1267,1118,225,1065,191,24,22,22,50,8,29.1,0.969,1,0.6,0.017,471.37,Clear,0,1065,0,1.08,1.0,1.065
2026-09-09,DAL-HUB,Inbound,Morning,12,Wednesday,0,0,0,919,810,198,682,242,17,17,16,44,8,38.4,0.969,6,1.2,0.054,381.02,Clear,0,682,1,0.96,1.0,1.065
2026-09-09,DAL-HUB,Inbound,Morning,13,Wednesday,0,0,0,1173,1035,261,876,282,20,21,20,44,8,36.5,0.996,0,1.2,0.045,444.3,Clear,0,876,2,0.96,1.0,1.065
2026-09-09,DAL-HUB,Inbound,Evening,14,Wednesday,0,0,0,1041,918,220,716,307,18,18,17,44,8,43.6,0.958,2,1.8,0.06,410.35,Storm,0,716,0,0.96,1.0,1.065
2026-09-09,DAL-HUB,Inbound,Evening,15,Wednesday,0,0,0,1189,1049,387,928,249,21,21,20,47,8,33.3,0.987,8,1.7,0.037,484.19,Clear,0,928,1,1.08,1.0,1.065
2026-09-09,DAL-HUB,Inbound,Evening,16,Wednesday,0,0,0,1024,903,197,814,194,18,19,18,46,8,31.0,0.984,6,0.8,0.041,410.67,Clear,0,814,0,1.08,1.0,1.065
2026-09-09,DAL-HUB,Inbound,Evening,17,Wednesday,0,0,1,1404,1239,466,1102,293,26,26,25,48,8,33.2,0.919,5,1.0,0.023,556.29,Clear,0,1102,2,1.2,1.0,1.065
2026-09-09,DAL-HUB,Inbound,Evening,18,Wednesday,0,0,1,1432,1263,414,1051,354,25,24,23,49,8,32.8,0.933,10,1.6,0.038,550.57,Clear,0,1051,2,1.2,1.0,1.065
2026-09-09,DAL-HUB,Inbound,Evening,19,Wednesday,0,0,1,1654,1459,552,1403,214,34,31,30,48,8,23.4,0.975,2,0.8,0.038,643.0,Clear,0,1403,0,1.2,1.0,1.065
2026-09-09,DAL-HUB,Inbound,Evening,20,Wednesday,0,0,0,1215,1072,403,879,326,22,21,20,47,8,38.7,0.936,1,1.1,0.042,445.46,Clear,0,879,2,1.08,1.0,1.065
2026-09-09,DAL-HUB,Inbound,Evening,21,Wednesday,0,0,0,1122,990,332,810,289,20,20,19,46,8,35.3,0.927,10,1.5,0.05,464.3,Clear,0,810,0,0.96,1.0,1.065
2026-09-09,DAL-HUB,Inbound,Night,22,Wednesday,0,0,0,967,854,312,846,121,17,17,16,54,8,25.9,0.98,3,0.4,0.059,349.88,Clear,0,846,1,0.96,1.0,1.065
2026-09-09,DAL-HUB,Inbound,Night,23,Wednesday,0,0,0,973,858,326,711,262,19,18,17,44,8,38.1,0.951,2,1.0,0.063,383.07,Clear,0,711,2,0.82,1.0,1.065
2026-09-09,DAL-HUB,Sortation,Morning,6,Wednesday,0,0,0,1092,1003,227,894,235,23,23,22,42,8,30.3,0.968,2,1.3,0.032,491.87,Clear,0,894,0,0.96,1.0,1.065
2026-09-09,DAL-HUB,Sortation,Morning,7,Wednesday,0,0,0,1395,1281,351,1199,235,30,29,28,47,8,29.4,0.912,5,0.4,0.041,598.83,Clear,0,1199,0,1.2,1.0,1.065
2026-09-09,DAL-HUB,Sortation,Morning,8,Wednesday,0,0,1,1416,1300,461,1251,216,30,28,27,47,8,26.9,0.986,9,0.7,0.036,600.91,Clear,0,1251,1,1.2,1.0,1.065
2026-09-09,DAL-HUB,Sortation,Morning,9,Wednesday,0,0,1,1497,1375,419,1083,464,33,31,30,39,8,42.9,0.926,10,2.0,0.039,700.5,Clear,0,1083,0,1.2,1.0,1.065
2026-09-09,DAL-HUB,Sortation,Morning,10,Wednesday,0,0,0,1212,1113,432,1096,158,28,26,26,44,8,24.2,0.958,4,0.3,0.01,550.47,Clear,0,1096,0,1.08,1.0,1.065
2026-09-09,DAL-HUB,Sortation,Morning,11,Wednesday,0,0,0,1161,1066,405,991,190,25,25,24,44,8,30.4,0.939,7,0.4,0.029,522.93,Clear,0,991,3,1.08,1.0,1.065
2026-09-09,DAL-HUB,Sortation,Morning,12,Wednesday,0,0,0,1030,946,350,765,305,21,20,19,41,8,42.1,0.983,0,1.8,0.043,439.84,Clear,0,765,2,0.96,1.0,1.065
2026-09-09,DAL-HUB,Sortation,Morning,13,Wednesday,0,0,0,996,915,301,840,175,21,21,20,45,8,30.9,0.934,10,0.6,0.036,457.11,Clear,0,840,0,0.96,1.0,1.065
2026-09-09,DAL-HUB,Sortation,Evening,14,Wednesday,0,0,0,1070,982,294,842,260,23,22,21,43,8,36.2,0.933,6,0.7,0.042,467.96,Clear,0,842,1,0.96,1.0,1.065
2026-09-09,DAL-HUB,Sortation,Evening,15,Wednesday,0,0,0,1132,1040,377,846,335,24,23,22,42,8,40.2,0.916,4,1.6,0.038,507.41,Clear,0,846,2,1.08,1.0,1.065
2026-09-09,DAL-HUB,Sortation,Evening,16,Wednesday,0,0,0,1300,1194,313,986,353,27,27,26,39,8,37.6,0.973,2,1.4,0.034,576.49,Clear,0,986,1,1.08,1.0,1.065
2026-09-09,DAL-HUB,Sortation,Evening,17,Wednesday,0,0,1,1392,1278,290,1181,244,29,29,28,44,8,29.5,0.959,7,0.8,0.026,616.38,Clear,0,1181,1,1.2,1.0,1.065
2026-09-09,DAL-HUB,Sortation,Evening,18,Wednesday,0,0,1,1631,1498,482,1548,106,37,34,33,47,8,22.3,0.998,9,0.6,0.019,719.07,Clear,0,1548,0,1.2,1.0,1.065
2026-09-09,DAL-HUB,Sortation,Evening,19,Wednesday,0,0,1,1462,1342,426,1139,361,29,29,28,42,8,39.6,0.969,6,1.4,0.051,636.63,Storm,0,1139,1,1.2,1.0,1.065
2026-09-09,DAL-HUB,Sortation,Evening,20,Wednesday,0,0,0,1127,1035,347,762,397,23,23,22,37,8,43.2,0.937,4,1.9,0.04,519.86,Storm,0,762,0,1.08,1.0,1.065
2026-09-09,DAL-HUB,Sortation,Evening,21,Wednesday,0,0,0,1086,998,291,947,169,25,22,22,44,8,28.8,0.979,0,0.9,0.019,474.16,Clear,0,947,0,0.96,1.0,1.065
2026-09-09,DAL-HUB,Sortation,Night,22,Wednesday,0,0,0,1078,990,303,805,312,23,22,21,42,8,41.0,0.914,0,1.5,0.045,471.3,Clear,0,805,0,0.96,1.0,1.065
2026-09-09,DAL-HUB,Sortation,Night,23,Wednesday,0,0,0,958,880,200,696,274,18,19,18,42,8,40.1,0.921,3,2.3,0.033,442.6,Clear,0,696,1,0.82,1.0,1.065
2026-09-09,DAL-HUB,Outbound,Morning,6,Wednesday,0,0,0,1029,1008,337,900,147,20,19,18,50,8,27.6,1.0,0,1.4,0.043,409.12,Clear,0,900,0,0.96,1.0,1.065
2026-09-09,DAL-HUB,Outbound,Morning,7,Wednesday,0,0,0,1194,1170,318,882,339,19,20,19,47,8,39.0,0.989,8,2.3,0.067,482.44,Clear,0,882,2,1.2,1.0,1.065
2026-09-09,DAL-HUB,Outbound,Morning,8,Wednesday,0,0,1,1313,1286,253,1400,0,26,25,25,56,8,20.4,1.0,8,0.7,0.011,556.82,Clear,0,1400,1,1.2,1.0,1.065
2026-09-09,DAL-HUB,Outbound,Morning,9,Wednesday,0,0,1,1372,1344,412,1185,219,26,25,24,50,8,26.7,0.988,6,1.3,0.035,548.82,Clear,0,1185,2,1.2,1.0,1.065
2026-09-09,DAL-HUB,Outbound,Morning,10,Wednesday,0,0,0,1043,1022,311,814,243,18,18,17,49,8,36.9,0.977,3,1.0,0.049,388.27,Clear,0,814,1,1.08,1.0,1.065
2026-09-09,DAL-HUB,Outbound,Morning,11,Wednesday,0,0,0,964,944,330,886,111,19,18,18,52,8,24.4,0.947,10,1.0,0.012,428.71,Clear,0,886,5,1.08,1.0,1.065
2026-09-09,DAL-HUB,Outbound,Morning,12,Wednesday,0,0,0,1007,986,336,810,237,19,18,17,51,8,32.8,0.935,8,1.0,0.029,403.6,Clear,0,810,0,0.96,1.0,1.065
2026-09-09,DAL-HUB,Outbound,Morning,13,Wednesday,0,0,0,957,937,341,727,262,18,17,16,48,8,37.2,0.948,8,1.8,0.032,405.59,Clear,0,727,1,0.96,1.0,1.065
2026-09-09,DAL-HUB,Outbound,Evening,14,Wednesday,0,0,0,1015,994,348,798,234,18,18,17,49,8,32.4,0.958,2,1.1,0.05,387.35,Clear,0,798,1,0.96,1.0,1.065
2026-09-09,DAL-HUB,Outbound,Evening,15,Wednesday,0,0,0,1153,1129,350,983,207,21,21,20,50,8,27.8,0.984,4,0.9,0.034,449.19,Clear,0,983,0,1.08,1.0,1.065
2026-09-09,DAL-HUB,Outbound,Evening,16,Wednesday,0,0,0,1213,1188,246,1048,195,22,22,21,52,8,26.4,0.96,5,0.6,0.031,464.58,Clear,0,1048,1,1.08,1.0,1.065
2026-09-09,DAL-HUB,Outbound,Evening,17,Wednesday,0,0,1,1293,1267,322,1033,310,23,22,21,51,8,35.7,0.965,7,1.4,0.029,494.86,Clear,0,1033,1,1.2,1.0,1.065
2026-09-09,DAL-HUB,Outbound,Evening,18,Wednesday,0,0,1,1271,1245,280,1129,147,24,24,23,52,8,28.6,0.944,5,1.0,0.035,515.85,Clear,0,1129,2,1.2,1.0,1.065
2026-09-09,DAL-HUB,Outbound,Evening,19,Wednesday,0,0,1,1322,1295,421,1101,272,25,24,24,47,8,31.1,0.976,10,1.0,0.01,552.28,Clear,0,1101,0,1.2,1.0,1.065
2026-09-09,DAL-HUB,Outbound,Evening,20,Wednesday,0,0,0,1127,1104,306,989,163,21,21,20,51,8,24.0,0.97,4,1.2,0.031,457.1,Clear,0,989,1,1.08,1.0,1.065
2026-09-09,DAL-HUB,Outbound,Evening,21,Wednesday,0,0,0,983,963,264,762,257,18,17,17,47,8,37.1,0.954,7,1.2,0.027,405.57,Clear,0,762,2,0.96,1.0,1.065
2026-09-09,DAL-HUB,Outbound,Night,22,Wednesday,0,0,0,869,851,202,715,167,15,16,15,51,8,31.2,0.935,1,1.1,0.032,342.47,Clear,0,715,0,0.96,1.0,1.065
2026-09-09,DAL-HUB,Outbound,Night,23,Wednesday,0,0,0,757,742,211,645,125,15,13,13,51,8,31.3,0.973,2,0.9,0.03,299.01,Clear,0,645,1,0.82,1.0,1.065
2026-09-10,ATL-HUB,Inbound,Morning,6,Thursday,0,0,0,1649,1455,329,1380,250,31,31,30,46,8,28.6,1.0,8,0.8,0.047,662.11,Clear,0,1380,1,0.96,1.15,1.08
2026-09-10,ATL-HUB,Inbound,Morning,7,Thursday,0,0,0,2235,1972,540,1946,249,45,42,40,52,8,21.6,0.936,10,0.9,0.041,876.66,Clear,0,1946,2,1.2,1.15,1.08
2026-09-10,ATL-HUB,Inbound,Morning,8,Thursday,0,0,1,2197,1938,680,1957,209,46,42,41,49,8,22.9,0.974,0,0.4,0.025,849.47,Clear,0,1957,3,1.2,1.15,1.08
2026-09-10,ATL-HUB,Inbound,Morning,9,Thursday,0,0,1,2485,2193,624,2146,297,49,49,47,48,8,25.5,0.951,9,0.6,0.034,1005.97,Clear,0,2146,3,1.2,1.15,1.08
2026-09-10,ATL-HUB,Inbound,Morning,10,Thursday,0,0,0,1805,1593,527,1516,261,35,35,34,49,8,31.4,0.91,2,0.2,0.041,706.86,Clear,0,1516,0,1.08,1.15,1.08
2026-09-10,ATL-HUB,Inbound,Morning,11,Thursday,0,0,0,1787,1576,381,1425,318,35,33,32,48,8,29.6,0.928,3,1.5,0.027,707.14,Clear,0,1425,0,1.08,1.15,1.08
2026-09-10,ATL-HUB,Inbound,Morning,12,Thursday,0,0,0,1615,1425,372,1225,354,31,30,28,46,8,35.3,0.952,9,1.4,0.065,642.51,Clear,0,1225,1,0.96,1.15,1.08
2026-09-10,ATL-HUB,Inbound,Morning,13,Thursday,0,0,0,1691,1492,564,1350,304,33,31,30,45,8,31.5,1.0,9,1.6,0.041,688.44,Clear,0,1350,0,0.96,1.15,1.08
2026-09-10,ATL-HUB,Inbound,Evening,14,Thursday,0,0,0,1554,1371,359,1218,300,28,27,26,49,8,32.9,0.957,8,1.3,0.032,596.43,Clear,0,1218,3,0.96,1.15,1.08
2026-09-10,ATL-HUB,Inbound,Evening,15,Thursday,0,0,0,1830,1615,469,1646,157,33,33,31,56,8,21.8,0.948,10,0.9,0.049,694.01,Clear,0,1646,3,1.08,1.15,1.08
2026-09-10,ATL-HUB,Inbound,Evening,16,Thursday,0,0,0,1718,1516,451,1533,154,35,34,33,50,8,25.9,0.929,2,0.4,0.034,691.43,Clear,0,1533,1,1.08,1.15,1.08
2026-09-10,ATL-HUB,Inbound,Evening,17,Thursday,0,0,1,2264,1998,611,1917,322,45,43,41,47,8,26.4,0.995,3,0.9,0.057,874.26,Clear,0,1917,3,1.2,1.15,1.08
2026-09-10,ATL-HUB,Inbound,Evening,18,Thursday,0,0,1,2209,1949,630,1936,220,44,41,40,49,8,25.1,0.988,0,0.3,0.029,827.39,Clear,0,1936,2,1.2,1.15,1.08
2026-09-10,ATL-HUB,Inbound,Evening,19,Thursday,0,0,1,2123,1873,543,1672,420,37,36,35,49,8,30.2,0.975,10,1.2,0.019,785.58,Clear,0,1672,1,1.2,1.15,1.08
2026-09-10,ATL-HUB,Inbound,Evening,20,Thursday,0,0,0,1772,1564,483,1462,272,33,34,32,49,8,29.5,0.932,10,1.6,0.049,732.08,Clear,0,1462,1,1.08,1.15,1.08
2026-09-10,ATL-HUB,Inbound,Evening,21,Thursday,0,0,0,1491,1315,279,1323,143,31,30,29,47,8,24.6,0.971,0,0.8,0.041,614.22,Clear,0,1323,1,0.96,1.15,1.08
2026-09-10,ATL-HUB,Inbound,Night,22,Thursday,0,0,0,1651,1457,479,1218,425,29,28,28,47,8,38.0,0.926,4,1.8,0.01,638.34,Clear,0,1218,2,0.96,1.15,1.08
2026-09-10,ATL-HUB,Inbound,Night,23,Thursday,0,0,0,1377,1215,402,1158,206,27,25,24,49,8,27.1,0.985,2,0.7,0.05,518.3,Clear,0,1158,0,0.82,1.15,1.08
2026-09-10,ATL-HUB,Sortation,Morning,6,Thursday,0,0,0,1550,1423,384,1209,381,34,32,31,39,8,32.2,1.0,3,1.4,0.029,681.78,Clear,0,1209,2,0.96,1.15,1.08
2026-09-10,ATL-HUB,Sortation,Morning,7,Thursday,0,0,0,1930,1773,663,1654,339,43,41,40,42,8,30.5,0.985,5,1.2,0.033,865.06,Clear,0,1654,1,1.2,1.15,1.08
2026-09-10,ATL-HUB,Sortation,Morning,8,Thursday,0,0,1,2418,2221,758,2308,180,57,57,54,43,8,22.2,0.994,2,0.4,0.045,1115.02,Clear,0,2308,4,1.2,1.15,1.08
2026-09-10,ATL-HUB,Sortation,Morning,9,Thursday,0,0,1,2246,2062,672,2016,268,48,47,46,45,8,25.1,0.974,0,0.9,0.025,963.46,Clear,0,2016,1,1.2,1.15,1.08
2026-09-10,ATL-HUB,Sortation,Morning,10,Thursday,0,0,0,1946,1787,651,1704,284,45,41,40,45,8,23.6,0.947,9,0.5,0.032,858.55,Clear,0,1704,3,1.08,1.15,1.08
2026-09-10,ATL-HUB,Sortation,Morning,11,Thursday,0,0,0,1766,1622,392,1439,371,38,36,35,44,8,36.6,0.935,10,1.0,0.039,774.95,Clear,0,1439,0,1.08,1.15,1.08
2026-09-10,ATL-HUB,Sortation,Morning,12,Thursday,0,0,0,1659,1523,432,1268,422,35,34,33,39,8,36.7,0.985,1,1.6,0.042,721.97,Clear,0,1268,2,0.96,1.15,1.08
2026-09-10,ATL-HUB,Sortation,Morning,13,Thursday,0,0,0,1581,1452,435,1399,215,37,35,33,44,8,23.8,0.964,5,0.8,0.051,710.95,Clear,0,1399,0,0.96,1.15,1.08
2026-09-10,ATL-HUB,Sortation,Evening,14,Thursday,0,0,0,1488,1367,507,1237,269,31,31,29,44,8,30.8,0.97,3,1.0,0.059,630.44,Clear,0,1237,0,0.96,1.15,1.08
2026-09-10,ATL-HUB,Sortation,Evening,15,Thursday,0,0,0,2037,1871,577,2017,57,45,46,44,47,8,19.6,0.975,6,0.6,0.047,931.42,Clear,0,2017,6,1.08,1.15,1.08
2026-09-10,ATL-HUB,Sortation,Evening,16,Thursday,0,0,0,1680,1543,355,1375,343,35,34,33,43,8,30.4,0.969,1,1.7,0.021,725.17,Clear,0,1375,3,1.08,1.15,1.08
2026-09-10,ATL-HUB,Sortation,Evening,17,Thursday,0,0,1,2278,2092,777,1803,543,53,48,47,41,8,38.6,0.936,10,0.8,0.026,1012.75,Clear,0,1803,2,1.2,1.15,1.08
2026-09-10,ATL-HUB,Sortation,Evening,18,Thursday,0,0,1,2203,2023,590,1696,556,50,46,45,40,8,36.3,0.942,5,1.6,0.019,978.76,Clear,0,1696,0,1.2,1.15,1.08
2026-09-10,ATL-HUB,Sortation,Evening,19,Thursday,0,0,1,2284,2097,637,2031,323,49,47,46,45,8,27.2,0.982,7,1.0,0.015,989.36,Clear,0,2031,1,1.2,1.15,1.08
2026-09-10,ATL-HUB,Sortation,Evening,20,Thursday,0,0,0,1829,1680,597,1297,583,37,37,36,38,8,43.2,0.949,4,1.6,0.039,793.21,Clear,0,1297,1,1.08,1.15,1.08
2026-09-10,ATL-HUB,Sortation,Evening,21,Thursday,0,0,0,1661,1525,340,1398,305,36,35,34,44,8,27.2,0.935,4,1.0,0.027,740.41,Storm,0,1398,0,0.96,1.15,1.08
2026-09-10,ATL-HUB,Sortation,Night,22,Thursday,0,0,0,1594,1464,540,1259,365,36,35,34,40,8,31.7,0.926,1,0.6,0.033,712.29,Clear,0,1259,0,0.96,1.15,1.08
2026-09-10,ATL-HUB,Sortation,Night,23,Thursday,0,0,0,1409,1294,318,1187,276,32,30,29,43,8,28.6,0.953,5,1.1,0.046,638.18,Clear,0,1187,0,0.82,1.15,1.08
2026-09-10,ATL-HUB,Outbound,Morning,6,Thursday,0,0,0,1496,1465,289,1302,233,29,29,27,52,8,27.7,0.928,3,0.4,0.055,574.79,Clear,0,1302,1,0.96,1.15,1.08
2026-09-10,ATL-HUB,Outbound,Morning,7,Thursday,0,0,0,1713,1678,437,1380,377,33,30,30,49,8,32.7,0.939,6,1.0,0.015,663.66,Clear,0,1380,1,1.2,1.15,1.08
2026-09-10,ATL-HUB,Outbound,Morning,8,Thursday,0,0,1,1881,1843,610,1522,393,34,34,32,50,8,29.2,0.952,5,1.2,0.048,708.16,Clear,0,1522,0,1.2,1.15,1.08
2026-09-10,ATL-HUB,Outbound,Morning,9,Thursday,0,0,1,2051,2009,395,1931,180,36,36,35,56,8,25.4,0.986,4,0.5,0.031,749.23,Rain,0,1931,4,1.2,1.15,1.08
2026-09-10,ATL-HUB,Outbound,Morning,10,Thursday,0,0,0,1489,1459,433,1258,278,27,26,26,50,8,32.6,0.968,3,1.2,0.013,579.2,Rain,0,1258,2,1.08,1.15,1.08
2026-09-10,ATL-HUB,Outbound,Morning,11,Thursday,0,0,0,1511,1480,485,1212,335,26,26,25,51,8,37.6,0.951,8,1.8,0.04,591.26,Clear,0,1212,1,1.08,1.15,1.08
2026-09-10,ATL-HUB,Outbound,Morning,12,Thursday,0,0,0,1489,1459,310,1336,202,28,26,26,53,8,26.4,0.97,5,1.2,0.013,583.96,Clear,0,1336,0,0.96,1.15,1.08
2026-09-10,ATL-HUB,Outbound,Morning,13,Thursday,0,0,0,1449,1419,405,1113,351,26,24,23,50,8,38.3,0.969,8,1.5,0.038,542.72,Clear,0,1113,3,0.96,1.15,1.08
2026-09-10,ATL-HUB,Outbound,Evening,14,Thursday,0,0,0,1431,1402,511,1251,201,29,27,26,50,8,22.2,0.963,2,0.5,0.027,553.7,Clear,0,1251,0,0.96,1.15,1.08
2026-09-10,ATL-HUB,Outbound,Evening,15,Thursday,0,0,0,1626,1593,354,1362,298,32,31,30,50,8,28.7,0.908,3,0.3,0.039,632.88,Clear,0,1362,2,1.08,1.15,1.08
2026-09-10,ATL-HUB,Outbound,Evening,16,Thursday,0,0,0,1535,1504,341,1276,284,29,27,26,51,8,30.7,0.962,10,0.7,0.041,586.81,Clear,0,1276,0,1.08,1.15,1.08
2026-09-10,ATL-HUB,Outbound,Evening,17,Thursday,0,0,1,1940,1900,600,1722,251,35,34,33,55,8,25.3,0.949,8,0.3,0.026,713.14,Clear,0,1722,1,1.2,1.15,1.08
2026-09-10,ATL-HUB,Outbound,Evening,18,Thursday,0,0,1,2002,1961,631,1540,500,37,36,34,49,8,33.9,0.925,7,0.7,0.042,749.13,Storm,0,1540,0,1.2,1.15,1.08
2026-09-10,ATL-HUB,Outbound,Evening,19,Thursday,0,0,1,2009,1968,400,1816,235,38,37,36,53,8,25.1,0.952,1,1.1,0.031,772.9,Clear,0,1816,3,1.2,1.15,1.08
2026-09-10,ATL-HUB,Outbound,Evening,20,Thursday,0,0,0,1498,1467,402,1131,409,27,26,25,48,8,39.8,0.943,4,1.2,0.038,561.42,Clear,0,1131,0,1.08,1.15,1.08
2026-09-10,ATL-HUB,Outbound,Evening,21,Thursday,0,0,0,1378,1350,367,1103,301,24,24,23,52,8,32.6,0.922,4,0.9,0.024,511.83,Clear,0,1103,0,0.96,1.15,1.08
2026-09-10,ATL-HUB,Outbound,Night,22,Thursday,0,0,0,1392,1364,283,1139,294,27,26,25,48,8,30.8,0.95,3,0.9,0.035,547.88,Clear,0,1139,2,0.96,1.15,1.08
2026-09-10,ATL-HUB,Outbound,Night,23,Thursday,0,0,0,1334,1307,443,1191,159,27,25,24,51,8,29.1,0.973,3,0.8,0.027,524.52,Clear,0,1191,1,0.82,1.15,1.08
2026-09-10,CHI-HUB,Inbound,Morning,6,Thursday,0,0,0,1269,1120,273,986,257,23,23,22,49,8,32.6,0.915,2,0.8,0.03,480.21,Clear,0,986,1,0.96,1.15,1.08
2026-09-10,CHI-HUB,Inbound,Morning,7,Thursday,0,0,0,1846,1629,505,1394,420,34,33,32,45,8,33.8,0.969,2,1.1,0.03,697.69,Heavy Rain,0,1394,1,1.2,1.15,1.08
2026-09-10,CHI-HUB,Inbound,Morning,8,Thursday,0,0,1,2031,1792,513,1524,459,39,37,36,44,8,36.5,0.963,8,1.1,0.026,794.26,Clear,0,1524,3,1.2,1.15,1.08
2026-09-10,CHI-HUB,Inbound,Morning,9,Thursday,0,0,1,2215,1954,415,1588,593,39,37,36,46,8,36.8,0.959,3,1.4,0.025,789.9,Clear,0,1588,1,1.2,1.15,1.08
2026-09-10,CHI-HUB,Inbound,Morning,10,Thursday,0,0,0,1562,1378,318,1193,324,29,29,28,47,8,32.4,0.907,8,0.7,0.034,618.78,Clear,0,1193,1,1.08,1.15,1.08
2026-09-10,CHI-HUB,Inbound,Morning,11,Thursday,0,0,0,1683,1485,442,1397,257,32,31,30,48,8,30.2,0.971,10,0.7,0.028,666.3,Clear,0,1397,0,1.08,1.15,1.08
2026-09-10,CHI-HUB,Inbound,Morning,12,Thursday,0,0,0,1485,1310,316,1048,420,26,24,23,49,8,40.1,0.93,3,1.4,0.037,523.51,Clear,0,1048,3,0.96,1.15,1.08
2026-09-10,CHI-HUB,Inbound,Morning,13,Thursday,0,0,0,1423,1256,368,1147,247,25,24,23,51,8,28.8,0.978,4,1.5,0.043,528.43,Clear,0,1147,1,0.96,1.15,1.08
2026-09-10,CHI-HUB,Inbound,Evening,14,Thursday,0,0,0,1404,1239,268,1106,281,27,25,24,49,8,30.1,0.941,10,1.0,0.045,552.79,Clear,0,1106,0,0.96,1.15,1.08
2026-09-10,CHI-HUB,Inbound,Evening,15,Thursday,0,0,0,1562,1378,398,1227,305,29,28,27,46,8,31.7,0.989,8,1.1,0.024,610.48,Clear,0,1227,2,1.08,1.15,1.08
2026-09-10,CHI-HUB,Inbound,Evening,16,Thursday,0,0,0,1607,1418,542,1292,277,32,30,29,47,8,29.1,0.949,1,1.0,0.037,625.07,Clear,0,1292,0,1.08,1.15,1.08
2026-09-10,CHI-HUB,Inbound,Evening,17,Thursday,0,0,1,1831,1616,425,1309,491,33,32,31,45,8,37.5,0.939,8,2.1,0.044,721.23,Clear,0,1309,0,1.2,1.15,1.08
2026-09-10,CHI-HUB,Inbound,Evening,18,Thursday,0,0,1,1814,1601,348,1549,226,35,33,32,50,8,24.8,0.968,10,0.8,0.027,710.42,Clear,0,1549,3,1.2,1.15,1.08
2026-09-10,CHI-HUB,Inbound,Evening,19,Thursday,0,0,1,2087,1842,661,1679,378,42,39,38,47,8,29.1,0.94,6,0.9,0.035,822.25,Clear,0,1679,0,1.2,1.15,1.08
2026-09-10,CHI-HUB,Inbound,Evening,20,Thursday,0,0,0,1689,1490,493,1276,407,31,30,29,44,8,37.2,1.0,9,1.4,0.04,663.31,Clear,0,1276,1,1.08,1.15,1.08
2026-09-10,CHI-HUB,Inbound,Evening,21,Thursday,0,0,0,1357,1197,365,944,381,24,23,22,45,8,35.8,0.954,2,1.8,0.03,509.76,Clear,0,944,0,0.96,1.15,1.08
2026-09-10,CHI-HUB,Inbound,Night,22,Thursday,0,0,0,1482,1307,324,1154,307,27,26,25,47,8,34.9,0.983,7,1.4,0.025,575.25,Clear,0,1154,3,0.96,1.15,1.08
2026-09-10,CHI-HUB,Inbound,Night,23,Thursday,0,0,0,1285,1134,414,1070,200,24,24,23,48,8,28.0,0.97,4,1.2,0.029,517.58,Clear,0,1070,0,0.82,1.15,1.08
2026-09-10,CHI-HUB,Sortation,Morning,6,Thursday,0,0,0,1343,1233,426,1149,223,30,29,28,43,8,29.1,0.954,1,1.0,0.05,601.88,Clear,0,1149,2,0.96,1.15,1.08
2026-09-10,CHI-HUB,Sortation,Morning,7,Thursday,0,0,0,1864,1712,529,1534,384,40,39,37,44,8,33.7,0.942,3,1.1,0.049,796.15,Clear,0,1534,0,1.2,1.15,1.08
2026-09-10,CHI-HUB,Sortation,Morning,8,Thursday,0,0,1,1955,1795,446,1392,597,40,40,39,39,8,38.5,0.916,10,1.0,0.017,856.41,Clear,0,1392,1,1.2,1.15,1.08
2026-09-10,CHI-HUB,Sortation,Morning,9,Thursday,0,0,1,1869,1717,504,1537,372,38,38,37,42,8,28.9,0.989,1,1.4,0.034,798.24,Clear,0,1537,2,1.2,1.15,1.08
2026-09-10,CHI-HUB,Sortation,Morning,10,Thursday,0,0,0,1627,1494,538,1526,159,39,36,35,44,8,24.3,0.991,9,0.2,0.029,746.8,Clear,0,1526,2,1.08,1.15,1.08
2026-09-10,CHI-HUB,Sortation,Morning,11,Thursday,0,0,0,1550,1423,354,1201,383,36,34,33,40,8,32.8,0.91,10,1.3,0.035,740.38,Clear,0,1201,0,1.08,1.15,1.08
2026-09-10,CHI-HUB,Sortation,Morning,12,Thursday,0,0,0,1491,1369,361,1278,242,32,30,29,45,8,29.6,0.98,6,1.4,0.036,651.3,Clear,0,1278,3,0.96,1.15,1.08
2026-09-10,CHI-HUB,Sortation,Morning,13,Thursday,0,0,0,1583,1454,444,1292,311,35,34,33,41,8,35.4,0.956,6,1.1,0.032,722.59,Clear,0,1292,4,0.96,1.15,1.08
2026-09-10,CHI-HUB,Sortation,Evening,14,Thursday,0,0,0,1527,1403,435,1244,334,33,32,31,42,8,31.1,0.956,4,1.4,0.04,684.56,Clear,0,1244,3,0.96,1.15,1.08
2026-09-10,CHI-HUB,Sortation,Evening,15,Thursday,0,0,0,1853,1701,347,1461,434,38,37,36,43,8,36.8,0.944,2,0.7,0.034,762.04,Clear,0,1461,0,1.08,1.15,1.08
2026-09-10,CHI-HUB,Sortation,Evening,16,Thursday,0,0,0,1507,1384,316,1213,334,32,30,29,44,8,29.5,0.951,3,1.0,0.026,630.78,Clear,0,1213,2,1.08,1.15,1.08
2026-09-10,CHI-HUB,Sortation,Evening,17,Thursday,0,0,1,2083,1913,657,2028,96,49,46,44,47,8,17.7,0.981,2,0.5,0.039,916.67,Clear,0,2028,4,1.2,1.15,1.08
2026-09-10,CHI-HUB,Sortation,Evening,18,Thursday,0,0,1,2125,1952,417,1757,406,48,47,44,40,8,33.9,0.998,8,1.4,0.053,961.84,Clear,0,1757,1,1.2,1.15,1.08
2026-09-10,CHI-HUB,Sortation,Evening,19,Thursday,0,0,1,2119,1946,521,1678,495,44,44,43,42,8,33.8,0.93,1,1.1,0.031,911.43,Clear,0,1678,2,1.2,1.15,1.08
2026-09-10,CHI-HUB,Sortation,Evening,20,Thursday,0,0,0,1716,1576,321,1432,332,39,36,35,45,8,31.8,0.91,3,0.3,0.025,732.04,Clear,0,1432,1,1.08,1.15,1.08
2026-09-10,CHI-HUB,Sortation,Evening,21,Thursday,0,0,0,1553,1426,316,1258,338,35,33,32,42,8,33.6,0.937,9,1.1,0.022,717.84,Storm,0,1258,1,0.96,1.15,1.08
2026-09-10,CHI-HUB,Sortation,Night,22,Thursday,0,0,0,1491,1369,296,1322,206,34,32,32,42,8,27.0,0.984,9,0.4,0.015,691.4,Clear,0,1322,1,0.96,1.15,1.08
2026-09-10,CHI-HUB,Sortation,Night,23,Thursday,0,0,0,1376,1264,362,1104,330,31,30,29,40,8,33.9,0.952,8,1.3,0.048,652.79,Clear,0,1104,1,0.82,1.15,1.08
2026-09-10,CHI-HUB,Outbound,Morning,6,Thursday,0,0,0,1321,1294,343,1008,349,26,23,23,48,8,38.4,0.913,6,0.9,0.01,517.16,Clear,0,1008,1,0.96,1.15,1.08
2026-09-10,CHI-HUB,Outbound,Morning,7,Thursday,0,0,0,1462,1432,463,1257,256,28,26,25,51,8,29.8,0.987,6,1.5,0.046,575.56,Clear,0,1257,2,1.2,1.15,1.08
2026-09-10,CHI-HUB,Outbound,Morning,8,Thursday,0,0,1,1906,1867,489,1562,369,35,36,34,47,8,33.5,0.978,2,1.5,0.048,746.41,Clear,0,1562,0,1.2,1.15,1.08
2026-09-10,CHI-HUB,Outbound,Morning,9,Thursday,0,0,1,1904,1865,423,1683,233,35,34,33,51,8,24.9,1.0,1,1.1,0.04,712.47,Clear,0,1683,4,1.2,1.15,1.08
2026-09-10,CHI-HUB,Outbound,Morning,10,Thursday,0,0,0,1528,1497,515,1392,155,31,29,28,51,8,23.8,0.975,7,0.5,0.036,610.48,Clear,0,1392,3,1.08,1.15,1.08
2026-09-10,CHI-HUB,Outbound,Morning,11,Thursday,0,0,0,1605,1572,552,1564,72,31,31,30,54,8,19.3,0.966,6,0.5,0.047,647.68,Clear,0,1564,0,1.08,1.15,1.08
2026-09-10,CHI-HUB,Outbound,Morning,12,Thursday,0,0,0,1338,1311,463,1034,342,26,25,24,46,8,36.6,0.937,9,1.2,0.035,554.99,Clear,0,1034,3,0.96,1.15,1.08
2026-09-10,CHI-HUB,Outbound,Morning,13,Thursday,0,0,0,1323,1296,342,1067,283,24,24,23,49,8,30.3,0.947,4,1.0,0.042,513.62,Clear,0,1067,0,0.96,1.15,1.08
2026-09-10,CHI-HUB,Outbound,Evening,14,Thursday,0,0,0,1430,1401,496,1154,309,27,26,25,48,8,33.3,0.962,0,1.0,0.048,541.78,Clear,0,1154,2,0.96,1.15,1.08
2026-09-10,CHI-HUB,Outbound,Evening,15,Thursday,0,0,0,1447,1417,461,1149,325,26,24,23,51,8,34.2,0.98,5,1.6,0.032,535.89,Clear,0,1149,0,1.08,1.15,1.08
2026-09-10,CHI-HUB,Outbound,Evening,16,Thursday,0,0,0,1424,1395,459,1134,333,23,23,22,54,8,33.9,0.955,7,1.5,0.045,519.57,Clear,0,1134,2,1.08,1.15,1.08
2026-09-10,CHI-HUB,Outbound,Evening,17,Thursday,0,0,1,1758,1722,336,1358,449,30,29,28,51,8,36.9,0.952,10,1.8,0.031,660.69,Clear,0,1358,0,1.2,1.15,1.08
2026-09-10,CHI-HUB,Outbound,Evening,18,Thursday,0,0,1,1814,1777,405,1701,171,35,34,33,52,8,27.3,0.991,5,0.6,0.037,713.64,Heavy Rain,0,1701,4,1.2,1.15,1.08
2026-09-10,CHI-HUB,Outbound,Evening,19,Thursday,0,0,1,1822,1785,401,1662,199,34,34,33,51,8,24.9,0.988,1,1.1,0.023,710.98,Clear,0,1662,2,1.2,1.15,1.08
2026-09-10,CHI-HUB,Outbound,Evening,20,Thursday,0,0,0,1528,1497,321,1296,261,30,27,27,48,8,25.4,1.0,9,1.1,0.01,614.18,Clear,0,1296,1,1.08,1.15,1.08
2026-09-10,CHI-HUB,Outbound,Evening,21,Thursday,0,0,0,1400,1371,454,1406,12,27,26,26,55,8,18.8,0.983,8,0.3,0.015,566.72,Clear,0,1406,1,0.96,1.15,1.08
2026-09-10,CHI-HUB,Outbound,Night,22,Thursday,0,0,0,1456,1426,321,1282,200,27,26,25,54,8,26.6,0.95,3,0.7,0.021,543.45,Clear,0,1282,0,0.96,1.15,1.08
2026-09-10,CHI-HUB,Outbound,Night,23,Thursday,0,0,0,1240,1215,342,1061,224,24,22,22,50,8,29.9,0.965,10,0.7,0.011,503.39,Clear,0,1061,0,0.82,1.15,1.08
2026-09-10,DAL-HUB,Inbound,Morning,6,Thursday,0,0,0,1232,1087,357,864,353,21,21,20,46,8,40.1,0.94,7,1.3,0.034,470.54,Clear,0,864,0,0.96,1.15,1.08
2026-09-10,DAL-HUB,Inbound,Morning,7,Thursday,0,0,0,1537,1356,406,1231,279,27,27,26,49,8,30.8,0.967,6,1.1,0.039,584.13,Clear,0,1231,1,1.2,1.15,1.08
2026-09-10,DAL-HUB,Inbound,Morning,8,Thursday,0,0,1,1799,1587,493,1363,398,34,32,32,44,8,35.8,0.968,0,1.1,0.014,686.55,Clear,0,1363,1,1.2,1.15,1.08
2026-09-10,DAL-HUB,Inbound,Morning,9,Thursday,0,0,1,1513,1335,375,1400,76,29,28,28,50,8,20.1,1.0,6,0.3,0.01,600.31,Clear,0,1400,1,1.2,1.15,1.08
2026-09-10,DAL-HUB,Inbound,Morning,10,Thursday,0,0,0,1355,1196,458,975,365,25,24,23,45,8,38.2,0.942,0,1.7,0.027,520.02,Clear,0,975,0,1.08,1.15,1.08
2026-09-10,DAL-HUB,Inbound,Morning,11,Thursday,0,0,0,1340,1182,311,987,346,22,23,22,47,8,38.5,0.955,0,1.7,0.043,500.25,Clear,0,987,1,1.08,1.15,1.08
2026-09-10,DAL-HUB,Inbound,Morning,12,Thursday,0,0,0,1411,1245,361,999,386,26,25,24,42,8,40.8,0.991,0,1.8,0.028,543.31,Clear,0,999,3,0.96,1.15,1.08
2026-09-10,DAL-HUB,Inbound,Morning,13,Thursday,0,0,0,1206,1064,341,1116,99,24,23,22,51,8,22.4,0.995,9,0.4,0.043,490.29,Clear,0,1116,0,0.96,1.15,1.08
2026-09-10,DAL-HUB,Inbound,Evening,14,Thursday,0,0,0,1247,1100,406,1065,152,26,25,24,46,8,27.4,0.965,8,1.2,0.046,549.21,Clear,0,1065,1,0.96,1.15,1.08
2026-09-10,DAL-HUB,Inbound,Evening,15,Thursday,0,0,0,1410,1244,440,1056,337,25,25,24,46,8,37.4,0.957,5,0.5,0.032,522.89,Clear,0,1056,0,1.08,1.15,1.08
2026-09-10,DAL-HUB,Inbound,Evening,16,Thursday,0,0,0,1321,1166,273,1178,115,28,25,25,50,8,27.0,0.942,9,0.6,0.01,556.43,Clear,0,1178,1,1.08,1.15,1.08
2026-09-10,DAL-HUB,Inbound,Evening,17,Thursday,0,0,1,1880,1659,643,1403,465,34,32,31,46,8,38.2,0.985,7,1.3,0.035,696.49,Clear,0,1403,2,1.2,1.15,1.08
2026-09-10,DAL-HUB,Inbound,Evening,18,Thursday,0,0,1,1614,1424,460,1189,387,29,28,26,47,8,37.6,0.973,4,1.2,0.068,581.89,Clear,0,1189,0,1.2,1.15,1.08
2026-09-10,DAL-HUB,Inbound,Evening,19,Thursday,0,0,1,1627,1436,332,1425,184,33,31,30,50,8,20.7,0.95,5,0.3,0.041,638.13,Clear,0,1425,1,1.2,1.15,1.08
2026-09-10,DAL-HUB,Inbound,Evening,20,Thursday,0,0,0,1440,1270,362,1172,254,27,26,25,47,8,29.0,0.998,10,0.9,0.04,570.12,Clear,0,1172,0,1.08,1.15,1.08
2026-09-10,DAL-HUB,Inbound,Evening,21,Thursday,0,0,0,1253,1106,387,960,280,22,21,20,48,8,32.2,1.0,5,1.6,0.044,472.92,Clear,0,960,0,0.96,1.15,1.08
2026-09-10,DAL-HUB,Inbound,Night,22,Thursday,0,0,0,1189,1049,395,1011,145,21,21,20,51,8,26.0,0.992,0,1.0,0.032,438.99,Clear,0,1011,1,0.96,1.15,1.08
2026-09-10,DAL-HUB,Inbound,Night,23,Thursday,0,0,0,1115,984,240,836,276,20,19,18,48,8,37.4,0.968,2,1.0,0.035,405.09,Clear,0,836,0,0.82,1.15,1.08
2026-09-10,DAL-HUB,Sortation,Morning,6,Thursday,0,0,0,1260,1157,436,920,371,25,25,23,43,8,41.4,0.931,7,1.3,0.06,530.45,Clear,0,920,0,0.96,1.15,1.08
2026-09-10,DAL-HUB,Sortation,Morning,7,Thursday,0,0,0,1721,1581,602,1507,243,40,38,37,43,8,25.0,0.948,8,0.6,0.029,795.53,Clear,0,1507,0,1.2,1.15,1.08
2026-09-10,DAL-HUB,Sortation,Morning,8,Thursday,0,0,1,1655,1520,563,1423,251,36,33,32,46,8,25.9,0.967,0,0.9,0.04,681.43,Rain,0,1423,2,1.2,1.15,1.08
2026-09-10,DAL-HUB,Sortation,Morning,9,Thursday,0,0,1,1909,1753,581,1645,301,44,41,40,42,8,28.2,0.979,0,1.0,0.025,843.06,Clear,0,1645,0,1.2,1.15,1.08
2026-09-10,DAL-HUB,Sortation,Morning,10,Thursday,0,0,0,1376,1264,404,1152,263,31,29,28,43,8,31.7,0.957,8,0.8,0.025,619.29,Clear,0,1152,1,1.08,1.15,1.08
2026-09-10,DAL-HUB,Sortation,Morning,11,Thursday,0,0,0,1376,1264,389,1166,240,28,28,27,44,8,31.0,0.982,1,0.4,0.042,566.19,Clear,0,1166,1,1.08,1.15,1.08
2026-09-10,DAL-HUB,Sortation,Morning,12,Thursday,0,0,0,1239,1138,428,1001,265,27,26,25,41,8,31.4,0.977,1,1.1,0.037,544.27,Clear,0,1001,1,0.96,1.15,1.08
2026-09-10,DAL-HUB,Sortation,Morning,13,Thursday,0,0,0,1332,1224,469,1024,326,29,29,27,40,8,32.8,0.949,6,1.5,0.054,613.65,Rain,0,1024,0,0.96,1.15,1.08
2026-09-10,DAL-HUB,Sortation,Evening,14,Thursday,0,0,0,1253,1151,429,939,351,28,26,25,39,8,41.1,0.963,5,1.9,0.029,579.72,Clear,0,939,0,0.96,1.15,1.08
2026-09-10,DAL-HUB,Sortation,Evening,15,Thursday,0,0,0,1524,1400,511,1160,402,32,30,29,42,8,39.0,0.953,5,1.7,0.03,660.47,Heavy Rain,0,1160,1,1.08,1.15,1.08
2026-09-10,DAL-HUB,Sortation,Evening,16,Thursday,0,0,0,1355,1244,276,1073,315,30,29,28,43,8,33.4,0.891,8,1.0,0.023,629.47,Storm,0,1073,0,1.08,1.15,1.08
2026-09-10,DAL-HUB,Sortation,Evening,17,Thursday,0,0,1,1713,1573,400,1459,293,36,36,35,43,8,27.2,0.97,5,1.4,0.029,769.16,Clear,0,1459,1,1.2,1.15,1.08
2026-09-10,DAL-HUB,Sortation,Evening,18,Thursday,0,0,1,1538,1413,426,1104,470,33,31,30,41,8,39.5,0.898,10,1.1,0.043,676.06,Clear,0,1104,1,1.2,1.15,1.08
2026-09-10,DAL-HUB,Sortation,Evening,19,Thursday,0,0,1,1851,1700,635,1293,604,38,38,36,39,8,41.9,0.922,6,1.0,0.053,783.2,Clear,0,1293,1,1.2,1.15,1.08
2026-09-10,DAL-HUB,Sortation,Evening,20,Thursday,0,0,0,1487,1366,405,1146,364,31,30,29,41,8,34.3,0.964,1,1.8,0.038,646.42,Clear,0,1146,1,1.08,1.15,1.08
2026-09-10,DAL-HUB,Sortation,Evening,21,Thursday,0,0,0,1256,1153,292,1038,260,26,25,24,44,8,31.9,0.984,3,1.1,0.025,531.48,Clear,0,1038,0,0.96,1.15,1.08
2026-09-10,DAL-HUB,Sortation,Night,22,Thursday,0,0,0,1236,1135,363,1042,228,28,26,25,45,8,29.9,0.926,0,0.3,0.043,521.34,Heavy Rain,0,1042,1,0.96,1.15,1.08
2026-09-10,DAL-HUB,Sortation,Night,23,Thursday,0,0,0,1038,954,285,831,222,23,22,21,41,8,33.6,0.966,5,1.2,0.039,478.18,Clear,0,831,2,0.82,1.15,1.08
2026-09-10,DAL-HUB,Outbound,Morning,6,Thursday,0,0,0,1094,1072,232,887,217,21,20,19,50,8,32.5,0.934,0,0.5,0.036,404.61,Clear,0,887,3,0.96,1.15,1.08
2026-09-10,DAL-HUB,Outbound,Morning,7,Thursday,0,0,0,1449,1419,438,1166,298,27,26,25,49,8,32.0,0.952,0,1.5,0.046,556.12,Clear,0,1166,3,1.2,1.15,1.08
2026-09-10,DAL-HUB,Outbound,Morning,8,Thursday,0,0,1,1610,1577,329,1284,362,29,30,28,47,8,34.2,0.976,0,1.1,0.057,606.37,Clear,0,1284,2,1.2,1.15,1.08
2026-09-10,DAL-HUB,Outbound,Morning,9,Thursday,0,0,1,1484,1454,438,1502,24,30,29,29,54,8,18.9,0.959,2,0.0,0.017,599.17,Clear,0,1502,0,1.2,1.15,1.08
2026-09-10,DAL-HUB,Outbound,Morning,10,Thursday,0,0,0,1277,1251,376,1214,94,26,25,24,52,8,21.6,0.974,8,0.7,0.038,536.67,Clear,0,1214,1,1.08,1.15,1.08
2026-09-10,DAL-HUB,Outbound,Morning,11,Thursday,0,0,0,1370,1342,434,1085,298,26,24,23,49,8,34.7,0.963,2,1.4,0.057,519.26,Clear,0,1085,0,1.08,1.15,1.08
2026-09-10,DAL-HUB,Outbound,Morning,12,Thursday,0,0,0,1192,1168,237,930,301,22,21,20,48,8,33.0,0.969,0,1.5,0.038,453.91,Clear,0,930,0,0.96,1.15,1.08
2026-09-10,DAL-HUB,Outbound,Morning,13,Thursday,0,0,0,1021,1000,298,727,325,18,18,17,47,8,44.4,0.911,8,1.7,0.035,423.46,Clear,0,727,1,0.96,1.15,1.08
2026-09-10,DAL-HUB,Outbound,Evening,14,Thursday,0,0,0,1015,994,319,744,295,18,18,17,46,8,39.3,0.952,6,1.9,0.036,422.55,Clear,0,744,2,0.96,1.15,1.08
2026-09-10,DAL-HUB,Outbound,Evening,15,Thursday,0,0,0,1259,1233,293,1026,241,23,23,22,49,8,31.1,0.952,5,1.0,0.028,496.13,Clear,0,1026,2,1.08,1.15,1.08
2026-09-10,DAL-HUB,Outbound,Evening,16,Thursday,0,0,0,1308,1281,350,1251,84,26,25,24,54,8,22.9,0.966,7,0.1,0.027,517.23,Clear,0,1251,2,1.08,1.15,1.08
2026-09-10,DAL-HUB,Outbound,Evening,17,Thursday,0,0,1,1612,1579,469,1411,228,29,29,28,51,8,30.4,0.989,10,0.7,0.02,627.21,Clear,0,1411,1,1.2,1.15,1.08
2026-09-10,DAL-HUB,Outbound,Evening,18,Thursday,0,0,1,1592,1560,314,1297,345,32,30,29,48,8,32.9,0.932,9,0.6,0.035,640.35,Clear,0,1297,2,1.2,1.15,1.08
2026-09-10,DAL-HUB,Outbound,Evening,19,Thursday,0,0,1,1546,1514,434,1270,311,28,28,27,50,8,32.0,0.941,5,1.0,0.033,598.9,Clear,0,1270,1,1.2,1.15,1.08
2026-09-10,DAL-HUB,Outbound,Evening,20,Thursday,0,0,0,1338,1311,379,1050,345,24,24,23,49,8,36.5,0.933,8,1.4,0.037,539.36,Rain,0,1050,1,1.08,1.15,1.08
2026-09-10,DAL-HUB,Outbound,Evening,21,Thursday,0,0,0,1124,1101,252,902,237,20,20,19,49,8,34.5,0.97,6,1.4,0.033,449.55,Clear,0,902,2,0.96,1.15,1.08
2026-09-10,DAL-HUB,Outbound,Night,22,Thursday,0,0,0,1228,1203,397,878,369,22,21,20,46,8,41.1,0.955,5,1.0,0.036,456.57,Clear,0,878,2,0.96,1.15,1.08
2026-09-10,DAL-HUB,Outbound,Night,23,Thursday,0,0,0,901,883,301,720,202,17,16,15,49,8,35.5,0.981,4,1.3,0.04,360.25,Heavy Rain,0,720,2,0.82,1.15,1.08
2026-09-11,ATL-HUB,Inbound,Morning,6,Friday,0,0,0,1534,1353,418,1185,329,29,28,27,45,8,34.0,0.976,6,1.6,0.038,617.57,Clear,0,1185,0,0.96,1.15,1.095
2026-09-11,ATL-HUB,Inbound,Morning,7,Friday,0,0,0,2119,1870,614,1808,274,42,40,39,48,8,24.3,0.966,1,1.0,0.033,829.1,Clear,0,1808,1,1.2,1.15,1.095
2026-09-11,ATL-HUB,Inbound,Morning,8,Friday,0,0,1,2128,1878,702,1709,380,41,38,38,47,8,29.2,0.957,3,1.0,0.01,816.17,Clear,0,1709,1,1.2,1.15,1.095
2026-09-11,ATL-HUB,Inbound,Morning,9,Friday,0,0,1,2239,1976,537,1912,304,40,40,38,53,8,27.0,0.949,2,0.7,0.06,806.53,Clear,0,1912,3,1.2,1.15,1.095
2026-09-11,ATL-HUB,Inbound,Morning,10,Friday,0,0,0,1885,1664,456,1665,209,38,35,34,49,8,24.9,1.0,4,0.3,0.02,717.48,Clear,0,1665,0,1.08,1.15,1.095
2026-09-11,ATL-HUB,Inbound,Morning,11,Friday,0,0,0,1923,1697,407,1429,458,33,33,32,47,8,35.9,0.95,10,1.0,0.036,717.95,Clear,0,1429,2,1.08,1.15,1.095
2026-09-11,ATL-HUB,Inbound,Morning,12,Friday,0,0,0,1498,1322,388,1081,392,28,27,26,44,8,38.9,0.946,2,1.3,0.028,576.24,Clear,0,1081,1,0.96,1.15,1.095
2026-09-11,ATL-HUB,Inbound,Morning,13,Friday,0,0,0,1397,1233,333,1173,208,28,26,25,50,8,30.9,0.939,3,0.6,0.044,538.56,Clear,0,1173,0,0.96,1.15,1.095
2026-09-11,ATL-HUB,Inbound,Evening,14,Friday,0,0,0,1615,1425,447,1371,213,34,32,31,46,8,25.7,0.962,2,0.8,0.038,661.81,Clear,0,1371,1,0.96,1.15,1.095
2026-09-11,ATL-HUB,Inbound,Evening,15,Friday,0,0,0,1804,1592,524,1479,305,33,33,31,50,8,27.7,0.955,10,0.8,0.054,690.74,Clear,0,1479,0,1.08,1.15,1.095
2026-09-11,ATL-HUB,Inbound,Evening,16,Friday,0,0,0,1915,1690,396,1377,499,34,34,32,45,8,38.2,0.956,1,1.3,0.054,697.4,Clear,0,1377,2,1.08,1.15,1.095
2026-09-11,ATL-HUB,Inbound,Evening,17,Friday,0,0,1,2066,1823,617,1676,352,39,39,37,48,8,31.5,0.944,3,0.5,0.055,783.76,Rain,0,1676,2,1.2,1.15,1.095
2026-09-11,ATL-HUB,Inbound,Evening,18,Friday,0,0,1,2223,1962,701,1708,479,41,39,37,48,8,31.3,0.962,8,1.7,0.04,833.94,Clear,0,1708,4,1.2,1.15,1.095
2026-09-11,ATL-HUB,Inbound,Evening,19,Friday,0,0,1,2170,1915,692,1478,650,38,37,36,44,8,43.8,0.933,3,2.0,0.017,805.9,Clear,0,1478,1,1.2,1.15,1.095
2026-09-11,ATL-HUB,Inbound,Evening,20,Friday,0,0,0,1803,1591,616,1420,353,34,32,31,48,8,33.2,0.955,4,1.3,0.026,689.34,Heavy Rain,0,1420,3,1.08,1.15,1.095
2026-09-11,ATL-HUB,Inbound,Evening,21,Friday,0,0,0,1489,1314,406,1109,359,29,28,27,44,8,37.1,0.934,1,1.0,0.048,583.98,Clear,0,1109,0,0.96,1.15,1.095
2026-09-11,ATL-HUB,Inbound,Night,22,Friday,0,0,0,1539,1358,477,1201,324,29,28,27,45,8,29.8,0.989,4,1.8,0.036,616.86,Clear,0,1201,0,0.96,1.15,1.095
2026-09-11,ATL-HUB,Inbound,Night,23,Friday,0,0,0,1271,1122,238,1009,240,22,22,21,50,8,32.5,0.962,1,1.0,0.051,463.15,Clear,0,1009,0,0.82,1.15,1.095
2026-09-11,ATL-HUB,Sortation,Morning,6,Friday,0,0,0,1679,1542,464,1393,328,34,35,33,43,8,30.6,0.982,1,1.4,0.049,716.75,Clear,0,1393,1,0.96,1.15,1.095
2026-09-11,ATL-HUB,Sortation,Morning,7,Friday,0,0,0,2190,2011,618,1788,459,47,46,44,41,8,31.3,0.991,8,1.2,0.042,965.48,Storm,0,1788,1,1.2,1.15,1.095
2026-09-11,ATL-HUB,Sortation,Morning,8,Friday,0,0,1,2392,2196,818,1895,559,54,52,50,41,8,30.4,0.925,2,1.2,0.03,1058.94,Clear,0,1895,4,1.2,1.15,1.095
2026-09-11,ATL-HUB,Sortation,Morning,9,Friday,0,0,1,2257,2073,464,1911,391,47,47,45,45,8,29.5,0.944,6,0.7,0.041,957.77,Clear,0,1911,1,1.2,1.15,1.095
2026-09-11,ATL-HUB,Sortation,Morning,10,Friday,0,0,0,1897,1742,460,1519,419,41,40,39,40,8,33.5,0.974,5,1.5,0.028,853.35,Clear,0,1519,4,1.08,1.15,1.095
2026-09-11,ATL-HUB,Sortation,Morning,11,Friday,0,0,0,1825,1676,366,1529,325,39,39,38,42,8,33.4,0.959,7,1.0,0.025,831.64,Storm,0,1529,1,1.08,1.15,1.095
2026-09-11,ATL-HUB,Sortation,Morning,12,Friday,0,0,0,1593,1463,459,1420,201,37,35,34,43,8,22.9,0.972,1,1.2,0.018,729.07,Clear,0,1420,0,0.96,1.15,1.095
2026-09-11,ATL-HUB,Sortation,Morning,13,Friday,0,0,0,1601,1470,372,1432,187,35,34,33,45,8,23.9,0.965,0,0.5,0.032,686.91,Clear,0,1432,0,0.96,1.15,1.095
2026-09-11,ATL-HUB,Sortation,Evening,14,Friday,0,0,0,1489,1368,488,1283,240,32,32,31,44,8,31.0,0.941,6,0.5,0.035,665.06,Clear,0,1283,1,0.96,1.15,1.095
2026-09-11,ATL-HUB,Sortation,Evening,15,Friday,0,0,0,1953,1793,402,1388,635,41,41,39,40,8,43.3,0.89,10,1.2,0.044,861.97,Clear,0,1388,2,1.08,1.15,1.095
2026-09-11,ATL-HUB,Sortation,Evening,16,Friday,0,0,0,1967,1807,682,1546,453,44,42,40,42,8,33.7,0.921,5,1.1,0.053,862.94,Clear,0,1546,0,1.08,1.15,1.095
2026-09-11,ATL-HUB,Sortation,Evening,17,Friday,0,0,1,2363,2170,589,1782,653,53,49,47,39,8,36.0,0.972,6,1.1,0.041,1018.6,Storm,0,1782,1,1.2,1.15,1.095
2026-09-11,ATL-HUB,Sortation,Evening,18,Friday,0,0,1,2255,2071,526,1872,424,50,50,48,41,8,29.6,0.951,0,1.1,0.034,1008.24,Clear,0,1872,0,1.2,1.15,1.095
2026-09-11,ATL-HUB,Sortation,Evening,19,Friday,0,0,1,2237,2054,540,1745,545,47,45,43,42,8,34.9,0.967,3,1.2,0.039,925.26,Rain,0,1745,0,1.2,1.15,1.095
2026-09-11,ATL-HUB,Sortation,Evening,20,Friday,0,0,0,1709,1569,385,1563,197,38,38,37,44,8,25.6,0.96,8,1.2,0.024,812.09,Clear,0,1563,2,1.08,1.15,1.095
2026-09-11,ATL-HUB,Sortation,Evening,21,Friday,0,0,0,1711,1571,351,1588,147,38,37,36,46,8,25.3,0.959,1,0.7,0.036,758.11,Rain,0,1588,1,0.96,1.15,1.095
2026-09-11,ATL-HUB,Sortation,Night,22,Friday,0,0,0,1705,1566,572,1326,417,34,35,33,42,8,33.7,0.957,1,1.2,0.045,711.62,Clear,0,1326,0,0.96,1.15,1.095
2026-09-11,ATL-HUB,Sortation,Night,23,Friday,0,0,0,1439,1322,435,1262,209,33,32,31,43,8,28.1,0.947,5,0.6,0.037,663.74,Clear,0,1262,1,0.82,1.15,1.095
2026-09-11,ATL-HUB,Outbound,Morning,6,Friday,0,0,0,1458,1428,423,1303,188,29,28,27,50,8,25.3,0.965,2,0.6,0.051,576.48,Clear,0,1303,0,0.96,1.15,1.095
2026-09-11,ATL-HUB,Outbound,Morning,7,Friday,0,0,0,1905,1866,453,1714,232,38,36,35,51,8,28.8,0.96,7,1.0,0.022,774.89,Storm,0,1714,1,1.2,1.15,1.095
2026-09-11,ATL-HUB,Outbound,Morning,8,Friday,0,0,1,2143,2099,506,1913,289,43,40,40,50,8,24.7,0.957,6,0.2,0.01,844.17,Clear,0,1913,4,1.2,1.15,1.095
2026-09-11,ATL-HUB,Outbound,Morning,9,Friday,0,0,1,2124,2081,499,1774,407,39,37,35,53,8,29.8,0.957,6,0.5,0.041,754.72,Clear,0,1774,1,1.2,1.15,1.095
2026-09-11,ATL-HUB,Outbound,Morning,10,Friday,0,0,0,1672,1638,385,1285,423,30,29,28,48,8,38.3,0.957,8,0.8,0.047,624.73,Clear,0,1285,4,1.08,1.15,1.095
2026-09-11,ATL-HUB,Outbound,Morning,11,Friday,0,0,0,1702,1667,569,1371,374,32,30,30,47,8,31.1,0.973,10,1.6,0.013,693.07,Clear,0,1371,0,1.08,1.15,1.095
2026-09-11,ATL-HUB,Outbound,Morning,12,Friday,0,0,0,1608,1575,518,1523,111,34,32,31,50,8,21.5,0.983,9,0.3,0.04,677.15,Storm,0,1523,1,0.96,1.15,1.095
2026-09-11,ATL-HUB,Outbound,Morning,13,Friday,0,0,0,1474,1444,311,1258,244,29,27,26,53,8,29.7,0.913,9,0.4,0.023,575.72,Rain,0,1258,2,0.96,1.15,1.095
2026-09-11,ATL-HUB,Outbound,Evening,14,Friday,0,0,0,1353,1325,336,1105,279,25,23,23,51,8,31.4,0.942,3,1.4,0.019,522.16,Clear,0,1105,0,0.96,1.15,1.095
2026-09-11,ATL-HUB,Outbound,Evening,15,Friday,0,0,0,1726,1691,491,1372,387,30,31,29,50,8,33.4,0.946,2,1.5,0.049,645.62,Clear,0,1372,0,1.08,1.15,1.095
2026-09-11,ATL-HUB,Outbound,Evening,16,Friday,0,0,0,1551,1519,315,1159,429,27,26,25,49,8,39.5,0.947,0,1.5,0.026,557.99,Clear,0,1159,1,1.08,1.15,1.095
2026-09-11,ATL-HUB,Outbound,Evening,17,Friday,0,0,1,2000,1959,612,1596,462,39,36,35,48,8,29.9,0.95,3,1.1,0.035,759.64,Clear,0,1596,0,1.2,1.15,1.095
2026-09-11,ATL-HUB,Outbound,Evening,18,Friday,0,0,1,1957,1917,372,1695,311,37,37,36,49,8,30.9,0.961,4,1.1,0.02,785.86,Heavy Rain,0,1695,1,1.2,1.15,1.095
2026-09-11,ATL-HUB,Outbound,Evening,19,Friday,0,0,1,2028,1987,532,1637,442,36,35,34,51,8,35.4,0.944,9,1.5,0.037,771.06,Clear,0,1637,4,1.2,1.15,1.095
2026-09-11,ATL-HUB,Outbound,Evening,20,Friday,0,0,0,1713,1678,327,1312,437,33,31,30,46,8,37.6,0.951,8,1.4,0.033,681.26,Clear,0,1312,0,1.08,1.15,1.095
2026-09-11,ATL-HUB,Outbound,Evening,21,Friday,0,0,0,1498,1467,376,1180,352,26,25,24,51,8,35.0,0.964,7,1.1,0.026,548.72,Clear,0,1180,1,0.96,1.15,1.095
2026-09-11,ATL-HUB,Outbound,Night,22,Friday,0,0,0,1623,1590,346,1394,266,31,29,28,53,8,33.0,0.94,8,0.8,0.038,623.83,Clear,0,1394,3,0.96,1.15,1.095
2026-09-11,ATL-HUB,Outbound,Night,23,Friday,0,0,0,1222,1197,245,931,320,23,22,21,46,8,34.6,0.964,7,1.6,0.024,499.15,Clear,0,931,0,0.82,1.15,1.095
2026-09-11,CHI-HUB,Inbound,Morning,6,Friday,0,0,0,1485,1310,504,1129,320,27,26,25,47,8,32.1,0.961,7,1.5,0.043,578.11,Clear,0,1129,1,0.96,1.15,1.095
2026-09-11,CHI-HUB,Inbound,Morning,7,Friday,0,0,0,1762,1555,403,1519,197,33,32,31,49,8,24.5,1.0,10,1.0,0.03,695.6,Clear,0,1519,0,1.2,1.15,1.095
2026-09-11,CHI-HUB,Inbound,Morning,8,Friday,0,0,1,1897,1674,520,1462,407,37,34,33,45,8,30.7,0.985,6,1.8,0.028,746.58,Clear,0,1462,2,1.2,1.15,1.095
2026-09-11,CHI-HUB,Inbound,Morning,9,Friday,0,0,1,1961,1730,413,1673,243,35,35,34,50,8,24.6,0.984,5,1.1,0.034,744.41,Clear,0,1673,2,1.2,1.15,1.095
2026-09-11,CHI-HUB,Inbound,Morning,10,Friday,0,0,0,1467,1295,365,1329,102,31,28,28,49,8,20.2,0.969,3,0.6,0.016,598.3,Clear,0,1329,0,1.08,1.15,1.095
2026-09-11,CHI-HUB,Inbound,Morning,11,Friday,0,0,0,1499,1323,282,1255,214,28,28,27,47,8,28.0,0.989,2,0.7,0.024,578.96,Clear,0,1255,2,1.08,1.15,1.095
2026-09-11,CHI-HUB,Inbound,Morning,12,Friday,0,0,0,1383,1220,346,1080,298,25,25,24,45,8,34.1,1.0,8,1.2,0.052,551.61,Clear,0,1080,0,0.96,1.15,1.095
2026-09-11,CHI-HUB,Inbound,Morning,13,Friday,0,0,0,1346,1188,401,1260,64,29,27,27,48,8,21.0,0.973,2,0.4,0.018,567.86,Clear,0,1260,0,0.96,1.15,1.095
2026-09-11,CHI-HUB,Inbound,Evening,14,Friday,0,0,0,1615,1425,323,1280,307,32,30,29,45,8,32.3,0.981,8,1.4,0.038,658.81,Clear,0,1280,1,0.96,1.15,1.095
2026-09-11,CHI-HUB,Inbound,Evening,15,Friday,0,0,0,1703,1503,301,1158,519,29,29,27,46,8,43.5,0.933,5,1.8,0.055,624.76,Rain,0,1158,1,1.08,1.15,1.095
2026-09-11,CHI-HUB,Inbound,Evening,16,Friday,0,0,0,1850,1632,330,1525,289,37,35,33,48,8,24.7,0.963,9,1.2,0.046,738.55,Clear,0,1525,1,1.08,1.15,1.095
2026-09-11,CHI-HUB,Inbound,Evening,17,Friday,0,0,1,2031,1792,635,1636,351,38,39,37,45,8,27.0,0.983,7,1.0,0.05,814.93,Storm,0,1636,1,1.2,1.15,1.095
2026-09-11,CHI-HUB,Inbound,Evening,18,Friday,0,0,1,2159,1905,483,1770,355,42,39,38,50,8,30.4,0.932,5,0.7,0.023,814.71,Clear,0,1770,1,1.2,1.15,1.095
2026-09-11,CHI-HUB,Inbound,Evening,19,Friday,0,0,1,1933,1706,506,1461,423,34,35,33,47,8,34.4,0.942,5,1.2,0.05,727.23,Clear,0,1461,3,1.2,1.15,1.095
2026-09-11,CHI-HUB,Inbound,Evening,20,Friday,0,0,0,1692,1493,375,1430,235,30,30,29,51,8,25.0,0.967,9,0.8,0.037,646.56,Clear,0,1430,1,1.08,1.15,1.095
2026-09-11,CHI-HUB,Inbound,Evening,21,Friday,0,0,0,1515,1337,414,1333,141,27,28,26,52,8,24.0,0.986,10,0.7,0.054,586.95,Rain,0,1333,1,0.96,1.15,1.095
2026-09-11,CHI-HUB,Inbound,Night,22,Friday,0,0,0,1422,1255,418,1032,386,25,25,24,43,8,40.1,1.0,4,1.7,0.042,553.51,Clear,0,1032,1,0.96,1.15,1.095
2026-09-11,CHI-HUB,Inbound,Night,23,Friday,0,0,0,1168,1031,388,857,289,21,21,20,44,8,37.4,0.975,10,1.3,0.05,479.03,Clear,0,857,1,0.82,1.15,1.095
2026-09-11,CHI-HUB,Sortation,Morning,6,Friday,0,0,0,1511,1387,425,1152,371,32,32,31,38,8,36.6,0.979,5,1.5,0.039,690.26,Clear,0,1152,2,0.96,1.15,1.095
2026-09-11,CHI-HUB,Sortation,Morning,7,Friday,0,0,0,1795,1648,548,1470,360,38,38,36,42,8,34.6,0.973,10,1.0,0.063,794.98,Clear,0,1470,1,1.2,1.15,1.095
2026-09-11,CHI-HUB,Sortation,Morning,8,Friday,0,0,1,2148,1972,469,1891,307,50,46,45,43,8,26.4,0.978,4,0.7,0.02,949.36,Clear,0,1891,3,1.2,1.15,1.095
2026-09-11,CHI-HUB,Sortation,Morning,9,Friday,0,0,1,2388,2193,789,1821,627,49,50,48,40,8,38.3,0.949,1,1.2,0.033,1025.44,Storm,0,1821,3,1.2,1.15,1.095
2026-09-11,CHI-HUB,Sortation,Morning,10,Friday,0,0,0,1517,1393,453,1252,305,34,32,31,41,8,33.3,0.986,9,1.3,0.038,697.56,Clear,0,1252,1,1.08,1.15,1.095
2026-09-11,CHI-HUB,Sortation,Morning,11,Friday,0,0,0,1499,1377,346,1251,291,31,31,30,43,8,30.5,0.97,8,1.5,0.028,680.14,Clear,0,1251,0,1.08,1.15,1.095
2026-09-11,CHI-HUB,Sortation,Morning,12,Friday,0,0,0,1481,1360,369,1089,438,32,32,31,37,8,39.8,0.95,3,1.7,0.023,688.92,Clear,0,1089,0,0.96,1.15,1.095
2026-09-11,CHI-HUB,Sortation,Morning,13,Friday,0,0,0,1582,1453,444,1326,313,36,34,32,44,8,31.5,0.942,6,0.6,0.047,692.56,Heavy Rain,0,1326,0,0.96,1.15,1.095
2026-09-11,CHI-HUB,Sortation,Evening,14,Friday,0,0,0,1510,1386,486,1284,250,32,31,30,44,8,29.2,0.973,6,1.3,0.032,668.34,Clear,0,1284,1,0.96,1.15,1.095
2026-09-11,CHI-HUB,Sortation,Evening,15,Friday,0,0,0,1702,1563,472,1532,220,37,37,36,44,8,25.6,0.967,3,0.2,0.017,748.47,Clear,0,1532,0,1.08,1.15,1.095
2026-09-11,CHI-HUB,Sortation,Evening,16,Friday,0,0,0,1768,1624,399,1310,500,35,35,33,42,8,40.2,0.946,2,1.3,0.049,718.79,Clear,0,1310,1,1.08,1.15,1.095
2026-09-11,CHI-HUB,Sortation,Evening,17,Friday,0,0,1,2189,2010,509,1861,377,50,48,47,42,8,29.3,0.943,6,1.0,0.016,1003.91,Clear,0,1861,2,1.2,1.15,1.095
2026-09-11,CHI-HUB,Sortation,Evening,18,Friday,0,0,1,2156,1980,406,1619,586,46,47,45,37,8,38.6,0.973,4,1.3,0.042,966.32,Clear,0,1619,1,1.2,1.15,1.095
2026-09-11,CHI-HUB,Sortation,Evening,19,Friday,0,0,1,2141,1966,552,1531,652,47,43,42,39,8,41.0,0.935,4,2.3,0.035,935.53,Clear,0,1531,2,1.2,1.15,1.095
2026-09-11,CHI-HUB,Sortation,Evening,20,Friday,0,0,0,1761,1617,370,1448,348,40,39,37,43,8,33.7,0.911,3,1.2,0.04,797.05,Clear,0,1448,1,1.08,1.15,1.095
2026-09-11,CHI-HUB,Sortation,Evening,21,Friday,0,0,0,1502,1379,333,1422,122,35,33,33,45,8,22.9,0.958,1,0.2,0.011,683.21,Heavy Rain,0,1422,0,0.96,1.15,1.095
2026-09-11,CHI-HUB,Sortation,Night,22,Friday,0,0,0,1519,1395,351,1267,277,33,31,30,44,8,30.9,0.961,2,0.7,0.021,638.9,Clear,0,1267,2,0.96,1.15,1.095
2026-09-11,CHI-HUB,Sortation,Night,23,Friday,0,0,0,1207,1108,355,921,298,25,26,24,40,8,32.7,0.96,3,1.8,0.058,550.18,Clear,0,921,3,0.82,1.15,1.095
2026-09-11,CHI-HUB,Outbound,Morning,6,Friday,0,0,0,1383,1355,279,1149,274,27,25,25,49,8,29.1,0.938,4,1.2,0.015,559.32,Clear,0,1149,0,0.96,1.15,1.095
2026-09-11,CHI-HUB,Outbound,Morning,7,Friday,0,0,0,1804,1767,415,1584,273,36,34,33,48,8,26.8,1.0,3,0.7,0.037,705.84,Clear,0,1584,1,1.2,1.15,1.095
2026-09-11,CHI-HUB,Outbound,Morning,8,Friday,0,0,1,1992,1951,574,1459,569,35,33,32,46,8,39.2,0.991,4,1.6,0.031,718.19,Clear,0,1459,0,1.2,1.15,1.095
2026-09-11,CHI-HUB,Outbound,Morning,9,Friday,0,0,1,1974,1934,573,1516,505,35,34,32,49,8,34.2,0.967,5,1.3,0.049,712.67,Clear,0,1516,3,1.2,1.15,1.095
2026-09-11,CHI-HUB,Outbound,Morning,10,Friday,0,0,0,1508,1477,356,1225,328,28,26,25,49,8,31.1,1.0,9,1.4,0.03,583.2,Clear,0,1225,2,1.08,1.15,1.095
2026-09-11,CHI-HUB,Outbound,Morning,11,Friday,0,0,0,1496,1465,519,1334,189,30,28,27,53,8,26.5,0.932,8,0.6,0.032,596.39,Clear,0,1334,2,1.08,1.15,1.095
2026-09-11,CHI-HUB,Outbound,Morning,12,Friday,0,0,0,1485,1455,404,1273,254,27,27,26,50,8,30.7,0.98,10,1.0,0.019,594.29,Clear,0,1273,1,0.96,1.15,1.095
2026-09-11,CHI-HUB,Outbound,Morning,13,Friday,0,0,0,1312,1285,313,1173,168,25,24,23,51,8,26.7,1.0,6,1.5,0.041,536.69,Heavy Rain,0,1173,1,0.96,1.15,1.095
2026-09-11,CHI-HUB,Outbound,Evening,14,Friday,0,0,0,1341,1314,297,1020,371,26,24,24,46,8,36.8,0.924,2,1.7,0.019,546.64,Clear,0,1020,2,0.96,1.15,1.095
2026-09-11,CHI-HUB,Outbound,Evening,15,Friday,0,0,0,1405,1376,312,1127,316,24,24,23,49,8,30.8,1.0,6,1.4,0.049,532.71,Clear,0,1127,1,1.08,1.15,1.095
2026-09-11,CHI-HUB,Outbound,Evening,16,Friday,0,0,0,1321,1294,443,1152,200,27,24,24,51,8,26.1,0.942,8,0.7,0.01,537.46,Clear,0,1152,1,1.08,1.15,1.095
2026-09-11,CHI-HUB,Outbound,Evening,17,Friday,0,0,1,2047,2005,566,1667,433,39,37,35,50,8,31.4,0.953,7,0.9,0.041,767.7,Clear,0,1667,1,1.2,1.15,1.095
2026-09-11,CHI-HUB,Outbound,Evening,18,Friday,0,0,1,2032,1991,663,1982,114,41,41,40,52,8,22.4,0.953,8,0.5,0.028,856.93,Clear,0,1982,1,1.2,1.15,1.095
2026-09-11,CHI-HUB,Outbound,Evening,19,Friday,0,0,1,1827,1790,348,1703,169,37,35,33,54,8,26.9,0.956,7,0.5,0.043,715.48,Rain,0,1703,0,1.2,1.15,1.095
2026-09-11,CHI-HUB,Outbound,Evening,20,Friday,0,0,0,1395,1367,332,1130,316,26,25,24,49,8,34.6,0.961,9,1.0,0.029,550.43,Clear,0,1130,0,1.08,1.15,1.095
2026-09-11,CHI-HUB,Outbound,Evening,21,Friday,0,0,0,1300,1273,300,1048,275,25,25,24,48,8,32.5,0.91,8,0.3,0.026,525.89,Clear,0,1048,1,0.96,1.15,1.095
2026-09-11,CHI-HUB,Outbound,Night,22,Friday,0,0,0,1402,1373,309,1164,280,27,26,25,48,8,31.8,0.97,9,1.2,0.049,580.81,Storm,0,1164,1,0.96,1.15,1.095
2026-09-11,CHI-HUB,Outbound,Night,23,Friday,0,0,0,1123,1100,332,914,238,21,20,19,49,8,36.1,0.982,8,0.6,0.04,433.53,Clear,0,914,0,0.82,1.15,1.095
2026-09-11,DAL-HUB,Inbound,Morning,6,Friday,0,0,0,1178,1039,318,859,304,21,21,20,45,8,37.7,0.955,4,1.4,0.031,462.79,Clear,0,859,1,0.96,1.15,1.095
2026-09-11,DAL-HUB,Inbound,Morning,7,Friday,0,0,0,1561,1377,285,1344,185,30,29,28,48,8,23.4,1.0,4,0.1,0.051,589.16,Clear,0,1344,1,1.2,1.15,1.095
2026-09-11,DAL-HUB,Inbound,Morning,8,Friday,0,0,1,1720,1518,506,1341,340,31,30,29,49,8,31.0,0.944,6,0.9,0.036,646.34,Storm,0,1341,1,1.2,1.15,1.095
2026-09-11,DAL-HUB,Inbound,Morning,9,Friday,0,0,1,1739,1534,385,1284,433,34,32,31,44,8,38.0,0.942,8,1.4,0.035,703.67,Heavy Rain,0,1284,0,1.2,1.15,1.095
2026-09-11,DAL-HUB,Inbound,Morning,10,Friday,0,0,0,1493,1317,340,1132,342,27,26,25,49,8,37.8,0.924,0,1.3,0.031,550.25,Clear,0,1132,1,1.08,1.15,1.095
2026-09-11,DAL-HUB,Inbound,Morning,11,Friday,0,0,0,1234,1089,332,838,373,22,21,20,44,8,45.9,0.953,2,2.1,0.038,476.98,Clear,0,838,1,1.08,1.15,1.095
2026-09-11,DAL-HUB,Inbound,Morning,12,Friday,0,0,0,1280,1129,393,995,247,22,22,21,48,8,27.7,0.988,9,1.6,0.033,505.69,Clear,0,995,0,0.96,1.15,1.095
2026-09-11,DAL-HUB,Inbound,Morning,13,Friday,0,0,0,1293,1141,353,1044,231,24,24,23,47,8,28.6,0.966,10,1.7,0.031,550.92,Clear,0,1044,0,0.96,1.15,1.095
2026-09-11,DAL-HUB,Inbound,Evening,14,Friday,0,0,0,1271,1122,415,963,306,23,23,22,45,8,36.2,0.973,1,1.4,0.043,493.85,Clear,0,963,0,0.96,1.15,1.095
2026-09-11,DAL-HUB,Inbound,Evening,15,Friday,0,0,0,1369,1208,299,1084,259,26,24,23,49,8,30.1,0.962,0,0.7,0.025,492.27,Clear,0,1084,1,1.08,1.15,1.095
2026-09-11,DAL-HUB,Inbound,Evening,16,Friday,0,0,0,1355,1196,282,1022,325,24,24,23,46,8,39.0,0.967,0,1.8,0.03,522.82,Clear,0,1022,0,1.08,1.15,1.095
2026-09-11,DAL-HUB,Inbound,Evening,17,Friday,0,0,1,1769,1561,359,1275,473,33,32,31,43,8,38.9,0.957,9,1.5,0.044,706.53,Clear,0,1275,2,1.2,1.15,1.095
2026-09-11,DAL-HUB,Inbound,Evening,18,Friday,0,0,1,1813,1600,557,1552,227,35,33,32,49,8,24.1,0.99,0,0.9,0.038,681.2,Clear,0,1552,1,1.2,1.15,1.095
2026-09-11,DAL-HUB,Inbound,Evening,19,Friday,0,0,1,1717,1515,545,1226,464,29,29,28,45,8,38.2,0.974,1,1.6,0.052,624.31,Clear,0,1226,0,1.2,1.15,1.095
2026-09-11,DAL-HUB,Inbound,Evening,20,Friday,0,0,0,1422,1255,259,1180,215,26,26,25,49,8,26.0,0.964,6,0.5,0.045,545.81,Clear,0,1180,1,1.08,1.15,1.095
2026-09-11,DAL-HUB,Inbound,Evening,21,Friday,0,0,0,1293,1141,437,1122,156,23,24,22,51,8,25.7,1.0,0,0.8,0.075,474.22,Clear,0,1122,0,0.96,1.15,1.095
2026-09-11,DAL-HUB,Inbound,Night,22,Friday,0,0,0,1221,1078,376,1038,149,23,22,22,50,8,25.9,0.944,3,0.7,0.014,479.76,Clear,0,1038,1,0.96,1.15,1.095
2026-09-11,DAL-HUB,Inbound,Night,23,Friday,0,0,0,1046,923,258,844,192,21,20,19,46,8,30.0,0.966,0,0.9,0.028,414.17,Clear,0,844,1,0.82,1.15,1.095
2026-09-11,DAL-HUB,Sortation,Morning,6,Friday,0,0,0,1239,1138,312,1041,231,27,27,26,42,8,28.6,0.954,8,1.4,0.045,595.94,Rain,0,1041,0,0.96,1.15,1.095
2026-09-11,DAL-HUB,Sortation,Morning,7,Friday,0,0,0,1717,1577,567,1580,181,39,37,36,47,8,23.9,0.934,10,0.6,0.026,782.35,Clear,0,1580,2,1.2,1.15,1.095
2026-09-11,DAL-HUB,Sortation,Morning,8,Friday,0,0,1,1690,1552,442,1418,301,38,36,35,43,8,28.5,0.943,10,1.0,0.019,779.76,Storm,0,1418,0,1.2,1.15,1.095
2026-09-11,DAL-HUB,Sortation,Morning,9,Friday,0,0,1,1886,1732,435,1581,343,41,40,38,43,8,28.2,0.968,10,0.8,0.049,830.05,Clear,0,1581,2,1.2,1.15,1.095
2026-09-11,DAL-HUB,Sortation,Morning,10,Friday,0,0,0,1375,1263,309,1066,335,29,28,26,41,8,33.3,1.0,6,1.8,0.054,601.87,Clear,0,1066,1,1.08,1.15,1.095
2026-09-11,DAL-HUB,Sortation,Morning,11,Friday,0,0,0,1334,1225,409,1039,306,28,28,26,43,8,34.3,0.929,0,0.9,0.068,556.72,Clear,0,1039,2,1.08,1.15,1.095
2026-09-11,DAL-HUB,Sortation,Morning,12,Friday,0,0,0,1217,1117,418,945,300,26,25,24,40,8,38.4,0.984,2,1.7,0.035,544.36,Clear,0,945,0,0.96,1.15,1.095
2026-09-11,DAL-HUB,Sortation,Morning,13,Friday,0,0,0,1271,1167,336,1133,178,30,29,28,42,8,26.1,0.964,7,0.9,0.035,616.95,Clear,0,1133,2,0.96,1.15,1.095
2026-09-11,DAL-HUB,Sortation,Evening,14,Friday,0,0,0,1212,1113,232,992,254,26,25,24,45,8,31.7,0.919,5,1.0,0.031,534.27,Clear,0,992,0,0.96,1.15,1.095
2026-09-11,DAL-HUB,Sortation,Evening,15,Friday,0,0,0,1497,1375,431,1073,455,32,30,29,38,8,39.8,0.974,6,1.7,0.039,659.8,Clear,0,1073,0,1.08,1.15,1.095
2026-09-11,DAL-HUB,Sortation,Evening,16,Friday,0,0,0,1283,1179,304,1072,243,29,28,27,41,8,30.6,0.969,4,1.5,0.03,604.88,Clear,0,1072,2,1.08,1.15,1.095
2026-09-11,DAL-HUB,Sortation,Evening,17,Friday,0,0,1,1718,1578,464,1255,504,35,35,34,40,8,33.7,0.923,8,1.4,0.033,759.37,Clear,0,1255,0,1.2,1.15,1.095
2026-09-11,DAL-HUB,Sortation,Evening,18,Friday,0,0,1,1894,1739,387,1586,365,45,42,41,40,8,30.1,0.967,5,0.7,0.031,869.89,Clear,0,1586,1,1.2,1.15,1.095
2026-09-11,DAL-HUB,Sortation,Evening,19,Friday,0,0,1,1775,1630,512,1483,333,39,38,37,42,8,31.1,0.955,8,1.8,0.036,830.12,Clear,0,1483,0,1.2,1.15,1.095
2026-09-11,DAL-HUB,Sortation,Evening,20,Friday,0,0,0,1427,1311,436,1110,372,30,30,28,44,8,36.5,0.902,7,0.7,0.05,617.37,Heavy Rain,0,1110,1,1.08,1.15,1.095
2026-09-11,DAL-HUB,Sortation,Evening,21,Friday,0,0,0,1224,1124,361,1013,232,25,25,24,44,8,29.3,0.959,8,0.9,0.048,541.28,Clear,0,1013,0,0.96,1.15,1.095
2026-09-11,DAL-HUB,Sortation,Night,22,Friday,0,0,0,1368,1256,402,1114,295,32,30,29,41,8,34.2,0.938,4,0.8,0.027,625.83,Clear,0,1114,0,0.96,1.15,1.095
2026-09-11,DAL-HUB,Sortation,Night,23,Friday,0,0,0,1089,1000,295,847,264,24,24,23,39,8,32.2,0.944,8,1.1,0.041,524.92,Clear,0,847,0,0.82,1.15,1.095
2026-09-11,DAL-HUB,Outbound,Morning,6,Friday,0,0,0,1120,1097,361,971,172,23,21,21,48,8,26.4,0.964,5,0.5,0.019,460.07,Clear,0,971,0,0.96,1.15,1.095
2026-09-11,DAL-HUB,Outbound,Morning,7,Friday,0,0,0,1512,1481,447,1315,217,29,28,27,50,8,23.8,0.974,1,0.1,0.039,565.83,Storm,0,1315,0,1.2,1.15,1.095
2026-09-11,DAL-HUB,Outbound,Morning,8,Friday,0,0,1,1606,1573,440,1456,173,28,28,27,56,8,26.4,0.963,4,0.7,0.039,588.4,Clear,0,1456,1,1.2,1.15,1.095
2026-09-11,DAL-HUB,Outbound,Morning,9,Friday,0,0,1,1523,1492,344,1163,401,28,27,26,46,8,35.5,0.973,2,2.0,0.045,597.39,Clear,0,1163,1,1.2,1.15,1.095
2026-09-11,DAL-HUB,Outbound,Morning,10,Friday,0,0,0,1483,1453,411,1295,229,27,27,26,53,8,29.0,0.94,2,0.4,0.053,551.85,Clear,0,1295,0,1.08,1.15,1.095
2026-09-11,DAL-HUB,Outbound,Morning,11,Friday,0,0,0,1180,1156,225,991,214,21,21,20,51,8,31.5,0.972,6,0.6,0.034,447.69,Clear,0,991,1,1.08,1.15,1.095
2026-09-11,DAL-HUB,Outbound,Morning,12,Friday,0,0,0,1013,992,249,732,308,17,17,17,45,8,40.4,0.958,2,2.0,0.018,414.75,Heavy Rain,0,732,0,0.96,1.15,1.095
2026-09-11,DAL-HUB,Outbound,Morning,13,Friday,0,0,0,1162,1138,336,917,268,23,21,21,47,8,33.2,0.93,9,1.0,0.011,487.65,Clear,0,917,1,0.96,1.15,1.095
2026-09-11,DAL-HUB,Outbound,Evening,14,Friday,0,0,0,1122,1099,359,954,206,22,21,21,51,8,30.6,0.892,1,0.6,0.022,450.11,Clear,0,954,0,0.96,1.15,1.095
2026-09-11,DAL-HUB,Outbound,Evening,15,Friday,0,0,0,1179,1155,217,1060,137,22,21,20,53,8,24.6,1.0,8,1.2,0.055,470.87,Clear,0,1060,0,1.08,1.15,1.095
2026-09-11,DAL-HUB,Outbound,Evening,16,Friday,0,0,0,1314,1287,317,1055,283,24,23,23,47,8,33.2,0.976,2,1.8,0.01,529.44,Clear,0,1055,1,1.08,1.15,1.095
2026-09-11,DAL-HUB,Outbound,Evening,17,Friday,0,0,1,1733,1698,361,1526,261,36,34,33,49,8,28.2,0.944,2,0.4,0.034,692.94,Clear,0,1526,0,1.2,1.15,1.095
2026-09-11,DAL-HUB,Outbound,Evening,18,Friday,0,0,1,1671,1637,530,1379,317,30,29,28,50,8,28.7,0.986,4,1.3,0.046,625.91,Clear,0,1379,0,1.2,1.15,1.095
2026-09-11,DAL-HUB,Outbound,Evening,19,Friday,0,0,1,1741,1705,515,1394,382,33,31,30,47,8,35.1,0.989,6,1.7,0.029,683.79,Clear,0,1394,3,1.2,1.15,1.095
2026-09-11,DAL-HUB,Outbound,Evening,20,Friday,0,0,0,1275,1249,335,1104,214,24,24,23,48,8,29.1,1.0,5,0.8,0.049,510.34,Clear,0,1104,0,1.08,1.15,1.095
2026-09-11,DAL-HUB,Outbound,Evening,21,Friday,0,0,0,1066,1044,237,909,174,19,19,18,51,8,28.1,0.99,1,0.9,0.054,398.98,Clear,0,909,2,0.96,1.15,1.095
2026-09-11,DAL-HUB,Outbound,Night,22,Friday,0,0,0,1157,1133,376,996,193,23,22,21,50,8,26.8,0.949,4,0.3,0.054,454.51,Heavy Rain,0,996,2,0.96,1.15,1.095
2026-09-11,DAL-HUB,Outbound,Night,23,Friday,0,0,0,944,925,188,810,167,18,18,17,49,8,28.5,0.973,9,0.7,0.031,397.25,Clear,0,810,1,0.82,1.15,1.095
2026-09-12,ATL-HUB,Inbound,Morning,6,Saturday,1,0,0,1010,891,255,845,149,18,19,18,50,8,28.0,0.94,0,1.1,0.034,399.64,Clear,0,845,1,0.96,0.82,1.05
2026-09-12,ATL-HUB,Inbound,Morning,7,Saturday,1,0,0,1380,1217,262,1214,122,27,26,25,50,8,26.1,0.972,9,0.6,0.044,557.45,Clear,0,1214,2,1.2,0.82,1.05
2026-09-12,ATL-HUB,Inbound,Morning,8,Saturday,1,0,1,1430,1261,258,1236,171,28,27,27,49,8,26.1,0.934,7,0.7,0.018,593.74,Clear,0,1236,1,1.2,0.82,1.05
2026-09-12,ATL-HUB,Inbound,Morning,9,Saturday,1,0,1,1453,1282,476,1224,215,27,26,25,50,8,28.4,0.98,4,0.4,0.044,537.15,Clear,0,1224,1,1.2,0.82,1.05
2026-09-12,ATL-HUB,Inbound,Morning,10,Saturday,1,0,0,1209,1067,343,947,233,23,22,21,47,8,31.3,0.96,1,1.6,0.025,478.85,Clear,0,947,1,1.08,0.82,1.05
2026-09-12,ATL-HUB,Inbound,Morning,11,Saturday,1,0,0,1270,1121,258,932,316,25,23,22,44,8,35.2,0.963,8,1.5,0.041,519.03,Clear,0,932,0,1.08,0.82,1.05
2026-09-12,ATL-HUB,Inbound,Morning,12,Saturday,1,0,0,1093,964,225,802,264,19,19,18,47,8,35.9,0.948,8,1.5,0.028,437.9,Clear,0,802,0,0.96,0.82,1.05
2026-09-12,ATL-HUB,Inbound,Morning,13,Saturday,1,0,0,1035,913,328,783,230,19,19,18,45,8,35.5,0.968,9,1.5,0.028,440.07,Clear,0,783,1,0.96,0.82,1.05
2026-09-12,ATL-HUB,Inbound,Evening,14,Saturday,1,0,0,1113,982,246,905,200,21,20,19,49,8,28.6,0.972,2,1.0,0.037,424.56,Clear,0,905,2,0.96,0.82,1.05
2026-09-12,ATL-HUB,Inbound,Evening,15,Saturday,1,0,0,1202,1061,213,802,381,21,20,19,43,8,43.8,0.982,5,1.5,0.053,449.72,Clear,0,802,0,1.08,0.82,1.05
2026-09-12,ATL-HUB,Inbound,Evening,16,Saturday,1,0,0,1220,1077,298,935,257,22,21,20,49,8,34.5,0.954,7,1.8,0.04,484.35,Clear,0,935,0,1.08,0.82,1.05
2026-09-12,ATL-HUB,Inbound,Evening,17,Saturday,1,0,1,1555,1372,406,1255,272,27,27,26,50,8,32.4,0.966,9,0.2,0.025,568.85,Clear,0,1255,1,1.2,0.82,1.05
2026-09-12,ATL-HUB,Inbound,Evening,18,Saturday,1,0,1,1593,1405,398,1326,257,31,29,28,49,8,25.7,0.967,2,0.9,0.047,607.4,Rain,0,1326,0,1.2,0.82,1.05
2026-09-12,ATL-HUB,Inbound,Evening,19,Saturday,1,0,1,1468,1296,430,1260,186,29,28,27,49,8,28.5,0.953,7,0.1,0.034,577.62,Clear,0,1260,0,1.2,0.82,1.05
2026-09-12,ATL-HUB,Inbound,Evening,20,Saturday,1,0,0,1235,1089,336,1048,169,23,23,22,48,8,24.5,0.993,9,1.1,0.041,510.4,Clear,0,1048,0,1.08,0.82,1.05
2026-09-12,ATL-HUB,Inbound,Evening,21,Saturday,1,0,0,1102,972,365,825,259,20,19,18,47,8,32.9,0.976,6,1.8,0.041,440.06,Clear,0,825,1,0.96,0.82,1.05
2026-09-12,ATL-HUB,Inbound,Night,22,Saturday,1,0,0,1039,917,288,806,210,19,19,18,48,8,30.4,0.933,9,0.7,0.06,417.74,Clear,0,806,1,0.96,0.82,1.05
2026-09-12,ATL-HUB,Inbound,Night,23,Saturday,1,0,0,914,807,167,686,199,17,16,15,48,8,35.1,0.953,4,0.7,0.037,342.01,Rain,0,686,1,0.82,0.82,1.05
2026-09-12,ATL-HUB,Sortation,Morning,6,Saturday,1,0,0,1206,1107,307,966,272,28,26,25,40,8,36.6,0.967,3,1.3,0.037,558.32,Heavy Rain,0,966,0,0.96,0.82,1.05
2026-09-12,ATL-HUB,Sortation,Morning,7,Saturday,1,0,0,1515,1391,498,1195,358,32,31,30,41,8,35.9,0.972,8,1.5,0.045,680.43,Clear,0,1195,0,1.2,0.82,1.05
2026-09-12,ATL-HUB,Sortation,Morning,8,Saturday,1,0,1,1486,1365,323,1281,239,34,32,31,43,8,28.8,0.961,3,1.2,0.031,675.01,Clear,0,1281,2,1.2,0.82,1.05
2026-09-12,ATL-HUB,Sortation,Morning,9,Saturday,1,0,1,1577,1449,377,1542,67,37,34,34,47,8,21.3,0.965,6,0.1,0.013,713.98,Clear,0,1542,1,1.2,0.82,1.05
2026-09-12,ATL-HUB,Sortation,Morning,10,Saturday,1,0,0,1388,1275,492,1089,338,30,29,28,40,8,33.9,0.973,4,1.9,0.028,637.51,Clear,0,1089,0,1.08,0.82,1.05
2026-09-12,ATL-HUB,Sortation,Morning,11,Saturday,1,0,0,1370,1258,458,1160,232,30,31,29,40,8,27.2,1.0,5,0.9,0.062,631.86,Clear,0,1160,2,1.08,0.82,1.05
2026-09-12,ATL-HUB,Sortation,Morning,12,Saturday,1,0,0,1122,1030,212,1005,141,24,24,23,45,8,22.7,0.971,6,0.8,0.041,510.71,Clear,0,1005,4,0.96,0.82,1.05
2026-09-12,ATL-HUB,Sortation,Morning,13,Saturday,1,0,0,1130,1038,361,859,306,23,23,22,40,8,37.2,0.977,1,2.2,0.042,514.57,Clear,0,859,3,0.96,0.82,1.05
2026-09-12,ATL-HUB,Sortation,Evening,14,Saturday,1,0,0,1144,1051,325,837,353,24,24,22,40,8,40.2,0.952,10,1.8,0.063,532.42,Clear,0,837,1,0.96,0.82,1.05
2026-09-12,ATL-HUB,Sortation,Evening,15,Saturday,1,0,0,1282,1178,345,1159,139,28,26,25,49,8,24.8,0.947,0,0.8,0.037,536.29,Heavy Rain,0,1159,1,1.08,0.82,1.05
2026-09-12,ATL-HUB,Sortation,Evening,16,Saturday,1,0,0,1257,1154,325,997,305,25,25,24,43,8,32.2,0.966,9,1.2,0.025,553.49,Clear,0,997,3,1.08,0.82,1.05
2026-09-12,ATL-HUB,Sortation,Evening,17,Saturday,1,0,1,1541,1415,472,1271,319,33,33,32,41,8,34.1,0.969,8,1.1,0.038,708.71,Clear,0,1271,2,1.2,0.82,1.05
2026-09-12,ATL-HUB,Sortation,Evening,18,Saturday,1,0,1,1603,1472,302,1196,451,35,34,33,38,8,38.1,0.954,1,1.4,0.021,715.35,Clear,0,1196,0,1.2,0.82,1.05
2026-09-12,ATL-HUB,Sortation,Evening,19,Saturday,1,0,1,1417,1301,373,1147,312,29,29,28,44,8,29.9,0.931,0,0.9,0.042,597.23,Clear,0,1147,0,1.2,0.82,1.05
2026-09-12,ATL-HUB,Sortation,Evening,20,Saturday,1,0,0,1395,1281,348,1261,176,30,28,28,46,8,24.2,0.98,7,0.5,0.013,608.03,Clear,0,1261,1,1.08,0.82,1.05
2026-09-12,ATL-HUB,Sortation,Evening,21,Saturday,1,0,0,1209,1110,237,1064,187,25,25,24,47,8,25.8,0.944,4,1.0,0.028,531.01,Clear,0,1064,2,0.96,0.82,1.05
2026-09-12,ATL-HUB,Sortation,Night,22,Saturday,1,0,0,1222,1122,339,926,305,27,25,25,38,8,34.7,0.975,2,2.0,0.01,572.35,Clear,0,926,0,0.96,0.82,1.05
2026-09-12,ATL-HUB,Sortation,Night,23,Saturday,1,0,0,944,867,298,857,121,23,22,21,43,8,23.7,0.95,9,0.8,0.037,478.05,Clear,0,857,1,0.82,0.82,1.05
2026-09-12,ATL-HUB,Outbound,Morning,6,Saturday,1,0,0,930,911,252,740,212,18,17,16,50,8,34.7,0.925,9,1.3,0.043,394.28,Clear,0,740,1,0.96,0.82,1.05
2026-09-12,ATL-HUB,Outbound,Morning,7,Saturday,1,0,0,1267,1241,443,1167,126,24,23,22,54,8,22.3,0.983,9,1.0,0.033,509.07,Clear,0,1167,0,1.2,0.82,1.05
2026-09-12,ATL-HUB,Outbound,Morning,8,Saturday,1,0,1,1583,1551,310,1345,247,30,29,28,49,8,28.7,0.981,4,1.0,0.046,615.89,Clear,0,1345,2,1.2,0.82,1.05
2026-09-12,ATL-HUB,Outbound,Morning,9,Saturday,1,0,1,1341,1314,463,1200,163,24,25,24,51,8,22.1,0.981,9,1.1,0.029,552.24,Clear,0,1200,0,1.2,0.82,1.05
2026-09-12,ATL-HUB,Outbound,Morning,10,Saturday,1,0,0,1121,1098,266,989,142,22,20,20,52,8,26.2,0.951,2,1.1,0.023,447.79,Clear,0,989,0,1.08,0.82,1.05
2026-09-12,ATL-HUB,Outbound,Morning,11,Saturday,1,0,0,1097,1075,343,819,302,18,18,17,50,8,36.3,0.964,8,1.3,0.032,413.66,Clear,0,819,1,1.08,0.82,1.05
2026-09-12,ATL-HUB,Outbound,Morning,12,Saturday,1,0,0,1012,991,205,942,85,19,20,19,51,8,24.1,0.973,3,0.6,0.033,415.49,Clear,0,942,2,0.96,0.82,1.05
2026-09-12,ATL-HUB,Outbound,Morning,13,Saturday,1,0,0,1010,989,231,866,175,18,18,17,55,8,31.9,0.927,8,0.7,0.031,395.26,Clear,0,866,0,0.96,0.82,1.05
2026-09-12,ATL-HUB,Outbound,Evening,14,Saturday,1,0,0,1037,1016,202,885,175,20,20,19,48,8,27.1,0.971,6,0.7,0.036,428.36,Clear,0,885,0,0.96,0.82,1.05
2026-09-12,ATL-HUB,Outbound,Evening,15,Saturday,1,0,0,1085,1063,276,874,219,19,19,18,50,8,29.8,0.971,7,1.5,0.038,437.74,Heavy Rain,0,874,1,1.08,0.82,1.05
2026-09-12,ATL-HUB,Outbound,Evening,16,Saturday,1,0,0,1131,1108,255,1007,153,19,20,19,53,8,27.8,1.0,7,0.4,0.041,424.89,Clear,0,1007,2,1.08,0.82,1.05
2026-09-12,ATL-HUB,Outbound,Evening,17,Saturday,1,0,1,1434,1405,358,1133,347,26,25,24,50,8,34.1,0.944,0,1.0,0.037,522.35,Clear,0,1133,0,1.2,0.82,1.05
2026-09-12,ATL-HUB,Outbound,Evening,18,Saturday,1,0,1,1336,1309,280,1042,344,26,24,23,49,8,38.3,0.925,2,1.1,0.032,510.25,Clear,0,1042,2,1.2,0.82,1.05
2026-09-12,ATL-HUB,Outbound,Evening,19,Saturday,1,0,1,1324,1297,323,1095,263,26,25,24,49,8,32.8,0.932,1,0.8,0.022,517.94,Clear,0,1095,2,1.2,0.82,1.05
2026-09-12,ATL-HUB,Outbound,Evening,20,Saturday,1,0,0,1151,1128,259,809,362,21,20,19,44,8,41.8,0.968,7,2.5,0.027,484.05,Clear,0,809,2,1.08,0.82,1.05
2026-09-12,ATL-HUB,Outbound,Evening,21,Saturday,1,0,0,993,973,322,819,192,19,18,18,47,8,31.2,0.969,5,0.7,0.013,404.85,Clear,0,819,1,0.96,0.82,1.05
2026-09-12,ATL-HUB,Outbound,Night,22,Saturday,1,0,0,1034,1013,254,808,241,18,18,17,50,8,34.3,0.951,4,0.9,0.032,388.51,Clear,0,808,1,0.96,0.82,1.05
2026-09-12,ATL-HUB,Outbound,Night,23,Saturday,1,0,0,853,836,272,644,234,15,15,14,48,8,38.1,0.959,5,1.5,0.034,346.68,Clear,0,644,1,0.82,0.82,1.05
2026-09-12,CHI-HUB,Inbound,Morning,6,Saturday,1,0,0,954,842,209,722,204,18,18,17,45,8,33.9,0.944,7,1.6,0.041,417.57,Heavy Rain,0,722,0,0.96,0.82,1.05
2026-09-12,CHI-HUB,Inbound,Morning,7,Saturday,1,0,0,1079,952,343,789,272,19,19,18,45,8,34.4,0.974,10,1.5,0.03,444.04,Clear,0,789,1,1.2,0.82,1.05
2026-09-12,CHI-HUB,Inbound,Morning,8,Saturday,1,0,1,1357,1197,269,1011,307,24,23,23,48,8,33.2,0.917,2,1.1,0.021,509.66,Clear,0,1011,3,1.2,0.82,1.05
2026-09-12,CHI-HUB,Inbound,Morning,9,Saturday,1,0,1,1501,1324,273,1255,202,27,27,26,49,8,26.1,0.986,2,0.5,0.032,553.9,Clear,0,1255,2,1.2,0.82,1.05
2026-09-12,CHI-HUB,Inbound,Morning,10,Saturday,1,0,0,1114,983,212,848,249,21,20,19,47,8,33.6,0.95,1,1.1,0.047,424.17,Clear,0,848,2,1.08,0.82,1.05
2026-09-12,CHI-HUB,Inbound,Morning,11,Saturday,1,0,0,1191,1051,366,961,193,21,21,20,50,8,31.2,0.962,0,0.8,0.028,433.42,Clear,0,961,0,1.08,0.82,1.05
2026-09-12,CHI-HUB,Inbound,Morning,12,Saturday,1,0,0,911,804,310,736,155,17,17,16,46,8,30.9,1.0,10,1.5,0.041,404.02,Heavy Rain,0,736,1,0.96,0.82,1.05
2026-09-12,CHI-HUB,Inbound,Morning,13,Saturday,1,0,0,1004,886,213,776,221,17,17,16,50,8,30.6,0.971,9,0.9,0.032,383.73,Clear,0,776,0,0.96,0.82,1.05
2026-09-12,CHI-HUB,Inbound,Evening,14,Saturday,1,0,0,913,806,273,716,191,17,16,15,48,8,31.8,0.996,9,1.4,0.041,376.63,Clear,0,716,0,0.96,0.82,1.05
2026-09-12,CHI-HUB,Inbound,Evening,15,Saturday,1,0,0,1119,988,322,855,227,21,20,19,46,8,31.1,0.979,9,2.3,0.039,483.46,Clear,0,855,2,1.08,0.82,1.05
2026-09-12,CHI-HUB,Inbound,Evening,16,Saturday,1,0,0,1123,990,346,857,254,20,20,19,47,8,35.1,0.961,8,1.1,0.042,446.72,Clear,0,857,0,1.08,0.82,1.05
2026-09-12,CHI-HUB,Inbound,Evening,17,Saturday,1,0,1,1450,1279,431,1012,408,27,26,25,43,8,38.2,0.942,4,1.6,0.037,575.82,Storm,0,1012,1,1.2,0.82,1.05
2026-09-12,CHI-HUB,Inbound,Evening,18,Saturday,1,0,1,1363,1203,410,973,362,24,23,22,46,8,38.8,0.962,0,1.1,0.039,483.87,Clear,0,973,1,1.2,0.82,1.05
2026-09-12,CHI-HUB,Inbound,Evening,19,Saturday,1,0,1,1446,1276,449,1187,252,28,28,27,45,8,30.6,0.978,7,0.8,0.027,596.82,Clear,0,1187,0,1.2,0.82,1.05
2026-09-12,CHI-HUB,Inbound,Evening,20,Saturday,1,0,0,1120,989,363,846,246,19,20,19,46,8,30.6,0.969,5,1.1,0.035,437.08,Clear,0,846,1,1.08,0.82,1.05
2026-09-12,CHI-HUB,Inbound,Evening,21,Saturday,1,0,0,957,845,294,842,107,20,19,19,47,8,24.2,0.944,1,0.0,0.02,390.6,Clear,0,842,1,0.96,0.82,1.05
2026-09-12,CHI-HUB,Inbound,Night,22,Saturday,1,0,0,1071,945,318,698,345,20,19,18,42,8,46.2,0.924,3,1.6,0.067,424.3,Clear,0,698,1,0.96,0.82,1.05
2026-09-12,CHI-HUB,Inbound,Night,23,Saturday,1,0,0,897,792,188,743,126,16,17,16,49,8,30.8,0.948,5,0.9,0.031,369.04,Clear,0,743,1,0.82,0.82,1.05
2026-09-12,CHI-HUB,Sortation,Morning,6,Saturday,1,0,0,1010,927,259,831,200,21,21,20,43,8,32.7,0.967,7,1.3,0.039,467.36,Clear,0,831,0,0.96,0.82,1.05
2026-09-12,CHI-HUB,Sortation,Morning,7,Saturday,1,0,0,1460,1341,382,1227,276,30,30,29,44,8,30.8,0.962,2,1.0,0.027,626.72,Clear,0,1227,0,1.2,0.82,1.05
2026-09-12,CHI-HUB,Sortation,Morning,8,Saturday,1,0,1,1481,1360,353,1395,140,34,32,31,45,8,25.1,1.0,2,0.8,0.037,660.52,Clear,0,1395,0,1.2,0.82,1.05
2026-09-12,CHI-HUB,Sortation,Morning,9,Saturday,1,0,1,1410,1295,465,1134,317,30,30,28,42,8,34.7,0.965,6,1.3,0.051,627.5,Clear,0,1134,3,1.2,0.82,1.05
2026-09-12,CHI-HUB,Sortation,Morning,10,Saturday,1,0,0,1117,1026,225,983,181,25,23,23,43,8,27.8,0.994,0,0.6,0.021,485.82,Clear,0,983,0,1.08,0.82,1.05
2026-09-12,CHI-HUB,Sortation,Morning,11,Saturday,1,0,0,1062,975,362,795,278,22,21,20,41,8,37.4,0.97,2,1.7,0.036,463.51,Clear,0,795,1,1.08,0.82,1.05
2026-09-12,CHI-HUB,Sortation,Morning,12,Saturday,1,0,0,1027,943,231,930,120,24,23,22,44,8,24.3,0.961,9,0.0,0.038,476.66,Clear,0,930,0,0.96,0.82,1.05
2026-09-12,CHI-HUB,Sortation,Morning,13,Saturday,1,0,0,923,847,245,733,198,18,18,17,44,8,33.5,0.98,5,0.8,0.035,386.86,Clear,0,733,2,0.96,0.82,1.05
2026-09-12,CHI-HUB,Sortation,Evening,14,Saturday,1,0,0,1016,933,210,925,118,25,23,23,41,8,26.1,0.982,2,0.9,0.02,498.77,Clear,0,925,0,0.96,0.82,1.05
2026-09-12,CHI-HUB,Sortation,Evening,15,Saturday,1,0,0,991,910,346,821,212,20,20,19,45,8,32.7,0.961,1,1.3,0.05,428.32,Clear,0,821,0,1.08,0.82,1.05
2026-09-12,CHI-HUB,Sortation,Evening,16,Saturday,1,0,0,1134,1042,224,847,308,26,24,23,39,8,34.2,0.944,8,1.2,0.052,528.54,Clear,0,847,1,1.08,0.82,1.05
2026-09-12,CHI-HUB,Sortation,Evening,17,Saturday,1,0,1,1437,1320,350,1082,377,30,30,29,41,8,34.7,0.91,0,1.7,0.031,639.51,Clear,0,1082,1,1.2,0.82,1.05
2026-09-12,CHI-HUB,Sortation,Evening,18,Saturday,1,0,1,1395,1281,273,1352,71,34,33,31,45,8,19.4,0.97,9,0.9,0.052,684.13,Clear,0,1352,0,1.2,0.82,1.05
2026-09-12,CHI-HUB,Sortation,Evening,19,Saturday,1,0,1,1326,1218,445,1205,154,28,28,27,46,8,27.3,0.97,6,0.5,0.05,585.53,Rain,0,1205,0,1.2,0.82,1.05
2026-09-12,CHI-HUB,Sortation,Evening,20,Saturday,1,0,0,1201,1103,403,1050,171,27,25,24,44,8,26.7,0.995,9,1.5,0.049,560.87,Clear,0,1050,1,1.08,0.82,1.05
2026-09-12,CHI-HUB,Sortation,Evening,21,Saturday,1,0,0,1039,954,324,892,173,22,22,21,43,8,25.6,0.988,8,1.2,0.05,487.8,Clear,0,892,0,0.96,0.82,1.05
2026-09-12,CHI-HUB,Sortation,Night,22,Saturday,1,0,0,1142,1049,244,989,177,26,24,23,44,8,28.7,0.978,10,1.0,0.021,529.49,Clear,0,989,0,0.96,0.82,1.05
2026-09-12,CHI-HUB,Sortation,Night,23,Saturday,1,0,0,922,846,243,845,106,21,20,20,43,8,24.1,0.983,7,0.7,0.025,448.94,Clear,0,845,0,0.82,0.82,1.05
2026-09-12,CHI-HUB,Outbound,Morning,6,Saturday,1,0,0,892,874,169,702,209,15,16,15,47,8,33.8,0.997,2,1.5,0.06,357.3,Clear,0,702,1,0.96,0.82,1.05
2026-09-12,CHI-HUB,Outbound,Morning,7,Saturday,1,0,0,1170,1146,369,989,205,22,21,21,50,8,29.0,0.942,2,1.0,0.018,465.39,Clear,0,989,2,1.2,0.82,1.05
2026-09-12,CHI-HUB,Outbound,Morning,8,Saturday,1,0,1,1349,1321,392,1304,73,28,26,26,54,8,23.0,0.929,10,0.3,0.019,572.19,Clear,0,1304,0,1.2,0.82,1.05
2026-09-12,CHI-HUB,Outbound,Morning,9,Saturday,1,0,1,1384,1356,456,1182,238,26,25,24,50,8,29.6,0.985,5,1.3,0.033,545.83,Clear,0,1182,1,1.2,0.82,1.05
2026-09-12,CHI-HUB,Outbound,Morning,10,Saturday,1,0,0,981,961,282,730,282,19,18,17,44,8,39.0,0.976,1,1.5,0.052,394.74,Clear,0,730,1,1.08,0.82,1.05
2026-09-12,CHI-HUB,Outbound,Morning,11,Saturday,1,0,0,968,948,186,768,233,19,18,17,48,8,33.2,0.941,7,1.5,0.048,413.68,Clear,0,768,1,1.08,0.82,1.05
2026-09-12,CHI-HUB,Outbound,Morning,12,Saturday,1,0,0,842,825,290,709,167,15,15,14,53,8,30.2,0.956,0,0.6,0.036,305.28,Clear,0,709,0,0.96,0.82,1.05
2026-09-12,CHI-HUB,Outbound,Morning,13,Saturday,1,0,0,948,929,304,736,237,17,16,16,48,8,38.4,0.96,4,1.6,0.013,387.02,Clear,0,736,0,0.96,0.82,1.05
2026-09-12,CHI-HUB,Outbound,Evening,14,Saturday,1,0,0,870,852,286,714,165,17,15,15,50,8,32.0,0.952,2,1.6,0.032,359.68,Clear,0,714,1,0.96,0.82,1.05
2026-09-12,CHI-HUB,Outbound,Evening,15,Saturday,1,0,0,1059,1037,344,859,224,20,19,19,49,8,32.4,0.923,7,0.6,0.014,433.05,Storm,0,859,1,1.08,0.82,1.05
2026-09-12,CHI-HUB,Outbound,Evening,16,Saturday,1,0,0,1103,1080,339,950,185,19,19,18,53,8,29.2,0.997,6,1.0,0.031,418.47,Clear,0,950,0,1.08,0.82,1.05
2026-09-12,CHI-HUB,Outbound,Evening,17,Saturday,1,0,1,1347,1320,412,986,407,24,24,23,45,8,39.8,0.953,2,1.9,0.062,532.85,Clear,0,986,1,1.2,0.82,1.05
2026-09-12,CHI-HUB,Outbound,Evening,18,Saturday,1,0,1,1434,1405,370,1456,0,27,27,26,56,8,20.4,1.0,5,0.7,0.023,568.95,Clear,0,1456,0,1.2,0.82,1.05
2026-09-12,CHI-HUB,Outbound,Evening,19,Saturday,1,0,1,1238,1213,343,1079,196,22,22,21,55,8,30.3,0.934,8,0.8,0.042,480.25,Clear,0,1079,3,1.2,0.82,1.05
2026-09-12,CHI-HUB,Outbound,Evening,20,Saturday,1,0,0,1052,1031,212,862,209,19,19,18,50,8,32.5,0.959,5,0.9,0.03,412.69,Rain,0,862,0,1.08,0.82,1.05
2026-09-12,CHI-HUB,Outbound,Evening,21,Saturday,1,0,0,845,828,206,708,168,15,14,14,51,8,29.6,0.992,3,1.4,0.017,337.33,Clear,0,708,0,0.96,0.82,1.05
2026-09-12,CHI-HUB,Outbound,Night,22,Saturday,1,0,0,981,961,296,706,305,16,16,15,49,8,41.9,0.961,9,2.2,0.04,400.94,Clear,0,706,0,0.96,0.82,1.05
2026-09-12,CHI-HUB,Outbound,Night,23,Saturday,1,0,0,734,719,233,637,110,14,14,13,50,8,27.6,0.98,7,0.1,0.054,292.18,Clear,0,637,4,0.82,0.82,1.05
2026-09-12,DAL-HUB,Inbound,Morning,6,Saturday,1,0,0,833,735,242,629,185,15,15,14,47,8,37.5,0.956,7,1.8,0.038,360.51,Clear,0,629,1,0.96,0.82,1.05
2026-09-12,DAL-HUB,Inbound,Morning,7,Saturday,1,0,0,1013,894,266,798,197,20,19,18,47,8,28.1,0.944,9,1.9,0.034,450.89,Clear,0,798,0,1.2,0.82,1.05
2026-09-12,DAL-HUB,Inbound,Morning,8,Saturday,1,0,1,1164,1027,380,1030,109,24,22,22,49,8,23.8,0.956,5,0.8,0.022,490.42,Heavy Rain,0,1030,1,1.2,0.82,1.05
2026-09-12,DAL-HUB,Inbound,Morning,9,Saturday,1,0,1,1242,1096,407,914,327,25,24,23,44,8,37.1,0.904,6,0.7,0.032,509.22,Clear,0,914,1,1.2,0.82,1.05
2026-09-12,DAL-HUB,Inbound,Morning,10,Saturday,1,0,0,921,812,293,758,147,17,16,16,50,8,28.1,0.948,2,0.5,0.026,348.65,Clear,0,758,1,1.08,0.82,1.05
2026-09-12,DAL-HUB,Inbound,Morning,11,Saturday,1,0,0,957,845,313,688,265,17,17,16,43,8,38.0,1.0,3,1.8,0.034,388.9,Clear,0,688,1,1.08,0.82,1.05
2026-09-12,DAL-HUB,Inbound,Morning,12,Saturday,1,0,0,795,702,166,509,284,14,14,13,41,8,47.6,0.956,8,2.4,0.049,360.34,Clear,0,509,0,0.96,0.82,1.05
2026-09-12,DAL-HUB,Inbound,Morning,13,Saturday,1,0,0,860,759,280,644,212,18,16,16,46,8,37.1,0.875,8,0.9,0.03,377.99,Clear,0,644,1,0.96,0.82,1.05
2026-09-12,DAL-HUB,Inbound,Evening,14,Saturday,1,0,0,821,724,279,594,212,15,14,14,47,8,37.4,0.904,3,0.5,0.013,311.09,Clear,0,594,0,0.96,0.82,1.05
2026-09-12,DAL-HUB,Inbound,Evening,15,Saturday,1,0,0,905,799,211,609,285,15,15,14,46,8,41.5,0.946,3,2.0,0.051,354.58,Clear,0,609,2,1.08,0.82,1.05
2026-09-12,DAL-HUB,Inbound,Evening,16,Saturday,1,0,0,935,825,212,640,277,17,16,15,46,8,46.0,0.928,4,1.6,0.036,366.61,Clear,0,640,1,1.08,0.82,1.05
2026-09-12,DAL-HUB,Inbound,Evening,17,Saturday,1,0,1,1251,1104,369,960,289,21,21,20,48,8,36.2,1.0,2,1.6,0.045,463.29,Clear,0,960,1,1.2,0.82,1.05
2026-09-12,DAL-HUB,Inbound,Evening,18,Saturday,1,0,1,1250,1103,228,1046,202,23,22,22,50,8,27.4,0.951,10,0.3,0.013,491.47,Clear,0,1046,0,1.2,0.82,1.05
2026-09-12,DAL-HUB,Inbound,Evening,19,Saturday,1,0,1,1237,1091,389,936,276,24,24,23,44,8,35.0,0.926,0,1.0,0.025,498.33,Clear,0,936,1,1.2,0.82,1.05
2026-09-12,DAL-HUB,Inbound,Evening,20,Saturday,1,0,0,988,872,303,760,209,19,18,17,47,8,31.1,0.951,6,1.7,0.036,415.74,Clear,0,760,1,1.08,0.82,1.05
2026-09-12,DAL-HUB,Inbound,Evening,21,Saturday,1,0,0,859,758,176,701,132,15,15,15,49,8,27.0,0.954,9,0.4,0.027,347.67,Clear,0,701,1,0.96,0.82,1.05
2026-09-12,DAL-HUB,Inbound,Night,22,Saturday,1,0,0,822,725,180,692,117,15,14,14,50,8,23.4,0.99,0,0.4,0.026,298.71,Clear,0,692,2,0.96,0.82,1.05
2026-09-12,DAL-HUB,Inbound,Night,23,Saturday,1,0,0,655,578,128,490,171,11,12,11,48,8,37.6,0.93,6,0.9,0.042,270.47,Clear,0,490,3,0.82,0.82,1.05
2026-09-12,DAL-HUB,Sortation,Morning,6,Saturday,1,0,0,949,872,319,679,287,18,18,17,42,8,43.2,0.951,4,1.9,0.05,414.94,Clear,0,679,1,0.96,0.82,1.05
2026-09-12,DAL-HUB,Sortation,Morning,7,Saturday,1,0,0,1184,1088,338,936,280,24,24,23,42,8,32.4,0.969,2,1.2,0.046,511.57,Rain,0,936,1,1.2,0.82,1.05
2026-09-12,DAL-HUB,Sortation,Morning,8,Saturday,1,0,1,1206,1107,284,934,307,27,26,25,39,8,36.5,0.959,3,1.4,0.044,558.46,Clear,0,934,2,1.2,0.82,1.05
2026-09-12,DAL-HUB,Sortation,Morning,9,Saturday,1,0,1,1263,1160,411,1127,166,27,27,26,44,8,25.8,0.985,10,0.7,0.021,581.8,Clear,0,1127,2,1.2,0.82,1.05
2026-09-12,DAL-HUB,Sortation,Morning,10,Saturday,1,0,0,910,836,291,792,145,19,19,18,44,8,27.7,1.0,2,1.3,0.037,410.52,Clear,0,792,2,1.08,0.82,1.05
2026-09-12,DAL-HUB,Sortation,Morning,11,Saturday,1,0,0,937,861,269,833,125,20,21,20,43,8,26.8,0.969,2,0.3,0.043,422.03,Clear,0,833,0,1.08,0.82,1.05
2026-09-12,DAL-HUB,Sortation,Morning,12,Saturday,1,0,0,915,840,168,822,95,20,20,19,45,8,26.4,0.962,10,0.4,0.041,430.51,Clear,0,822,4,0.96,0.82,1.05
2026-09-12,DAL-HUB,Sortation,Morning,13,Saturday,1,0,0,900,827,203,768,148,20,19,19,41,8,29.8,0.986,1,1.2,0.024,423.84,Clear,0,768,1,0.96,0.82,1.05
2026-09-12,DAL-HUB,Sortation,Evening,14,Saturday,1,0,0,908,834,246,785,116,21,19,19,43,8,27.3,0.961,1,0.8,0.015,412.79,Clear,0,785,2,0.96,0.82,1.05
2026-09-12,DAL-HUB,Sortation,Evening,15,Saturday,1,0,0,1012,929,313,893,148,21,21,20,46,8,28.9,0.971,2,0.8,0.029,437.39,Clear,0,893,0,1.08,0.82,1.05
2026-09-12,DAL-HUB,Sortation,Evening,16,Saturday,1,0,0,1128,1036,246,865,262,24,24,23,40,8,33.4,0.941,2,1.2,0.027,509.24,Clear,0,865,1,1.08,0.82,1.05
2026-09-12,DAL-HUB,Sortation,Evening,17,Saturday,1,0,1,1259,1156,389,1097,199,29,26,26,44,8,28.3,0.959,7,0.4,0.01,563.73,Clear,0,1097,1,1.2,0.82,1.05
2026-09-12,DAL-HUB,Sortation,Evening,18,Saturday,1,0,1,1259,1156,403,1085,231,29,27,26,43,8,28.1,0.971,8,1.0,0.031,583.73,Clear,0,1085,1,1.2,0.82,1.05
2026-09-12,DAL-HUB,Sortation,Evening,19,Saturday,1,0,1,1290,1185,319,938,379,29,27,26,37,8,39.5,0.976,7,1.5,0.047,597.95,Heavy Rain,0,938,0,1.2,0.82,1.05
2026-09-12,DAL-HUB,Sortation,Evening,20,Saturday,1,0,0,1095,1006,266,894,225,24,24,23,41,8,32.5,0.948,9,1.5,0.037,539.42,Clear,0,894,0,1.08,0.82,1.05
2026-09-12,DAL-HUB,Sortation,Evening,21,Saturday,1,0,0,840,772,255,582,289,18,17,16,39,8,46.7,0.934,9,2.0,0.051,412.24,Clear,0,582,4,0.96,0.82,1.05
2026-09-12,DAL-HUB,Sortation,Night,22,Saturday,1,0,0,916,841,186,844,99,23,21,21,41,8,24.7,0.981,5,0.4,0.021,455.55,Heavy Rain,0,844,2,0.96,0.82,1.05
2026-09-12,DAL-HUB,Sortation,Night,23,Saturday,1,0,0,756,694,230,590,184,16,16,15,41,8,38.3,0.96,5,1.1,0.048,353.2,Clear,0,590,0,0.82,0.82,1.05
2026-09-12,DAL-HUB,Outbound,Morning,6,Saturday,1,0,0,798,782,257,590,212,13,14,13,49,8,36.6,0.928,8,1.8,0.038,344.17,Clear,0,590,0,0.96,0.82,1.05
2026-09-12,DAL-HUB,Outbound,Morning,7,Saturday,1,0,0,926,907,328,719,240,17,17,16,47,8,37.4,0.956,4,1.5,0.057,383.81,Clear,0,719,0,1.2,0.82,1.05
2026-09-12,DAL-HUB,Outbound,Morning,8,Saturday,1,0,1,1168,1144,231,1071,125,23,22,21,52,8,25.0,0.981,2,1.1,0.026,470.73,Heavy Rain,0,1071,2,1.2,0.82,1.05
2026-09-12,DAL-HUB,Outbound,Morning,9,Saturday,1,0,1,1149,1126,306,833,328,20,20,19,45,8,40.3,0.975,9,2.0,0.048,476.41,Clear,0,833,2,1.2,0.82,1.05
2026-09-12,DAL-HUB,Outbound,Morning,10,Saturday,1,0,0,832,815,247,708,162,15,15,15,50,8,27.5,0.945,8,1.4,0.033,372.58,Clear,0,708,2,1.08,0.82,1.05
2026-09-12,DAL-HUB,Outbound,Morning,11,Saturday,1,0,0,852,835,251,624,236,14,15,14,48,8,38.0,0.93,7,1.7,0.043,358.66,Clear,0,624,0,1.08,0.82,1.05
2026-09-12,DAL-HUB,Outbound,Morning,12,Saturday,1,0,0,855,838,254,715,168,16,16,15,49,8,32.0,0.974,3,1.1,0.041,348.61,Clear,0,715,2,0.96,0.82,1.05
2026-09-12,DAL-HUB,Outbound,Morning,13,Saturday,1,0,0,869,851,234,599,296,15,15,14,44,8,47.0,0.974,2,1.8,0.04,348.96,Storm,0,599,1,0.96,0.82,1.05
2026-09-12,DAL-HUB,Outbound,Evening,14,Saturday,1,0,0,812,795,265,694,131,14,15,14,51,8,25.4,0.973,2,1.1,0.053,325.12,Clear,0,694,3,0.96,0.82,1.05
2026-09-12,DAL-HUB,Outbound,Evening,15,Saturday,1,0,0,890,872,202,735,162,16,16,15,49,8,30.0,1.0,8,0.8,0.055,356.86,Clear,0,735,2,1.08,0.82,1.05
2026-09-12,DAL-HUB,Outbound,Evening,16,Saturday,1,0,0,871,853,192,825,75,16,15,15,55,8,24.4,1.0,8,0.4,0.02,345.3,Clear,0,825,1,1.08,0.82,1.05
2026-09-12,DAL-HUB,Outbound,Evening,17,Saturday,1,0,1,1130,1107,359,1020,134,22,22,22,49,8,25.2,0.947,4,0.6,0.018,479.37,Clear,0,1020,1,1.2,0.82,1.05
2026-09-12,DAL-HUB,Outbound,Evening,18,Saturday,1,0,1,1016,995,248,871,184,19,18,17,53,8,28.2,0.967,7,1.1,0.041,403.37,Clear,0,871,2,1.2,0.82,1.05
2026-09-12,DAL-HUB,Outbound,Evening,19,Saturday,1,0,1,1049,1028,305,809,275,19,18,17,50,8,33.5,0.952,10,1.1,0.04,413.58,Clear,0,809,1,1.2,0.82,1.05
2026-09-12,DAL-HUB,Outbound,Evening,20,Saturday,1,0,0,799,783,266,685,141,15,14,14,50,8,27.6,0.979,6,1.2,0.014,340.49,Clear,0,685,1,1.08,0.82,1.05
2026-09-12,DAL-HUB,Outbound,Evening,21,Saturday,1,0,0,773,757,186,598,185,13,13,12,52,8,38.2,0.96,9,0.7,0.042,296.6,Clear,0,598,0,0.96,0.82,1.05
2026-09-12,DAL-HUB,Outbound,Night,22,Saturday,1,0,0,782,766,214,611,191,12,13,12,53,8,37.2,0.962,9,1.2,0.063,313.64,Storm,0,611,2,0.96,0.82,1.05
2026-09-12,DAL-HUB,Outbound,Night,23,Saturday,1,0,0,649,636,154,611,68,13,12,12,53,8,28.0,0.962,4,0.3,0.029,267.13,Clear,0,611,1,0.82,0.82,1.05
2026-09-13,ATL-HUB,Inbound,Morning,6,Sunday,1,0,0,963,850,309,897,49,19,18,18,53,8,22.5,0.941,7,0.6,0.013,407.21,Clear,0,897,1,0.96,0.82,1.065
2026-09-13,ATL-HUB,Inbound,Morning,7,Sunday,1,0,0,1366,1206,333,1029,317,23,23,22,48,8,39.5,0.975,0,1.3,0.05,489.52,Clear,0,1029,0,1.2,0.82,1.065
2026-09-13,ATL-HUB,Inbound,Morning,8,Sunday,1,0,1,1538,1357,320,1133,374,30,28,27,46,8,36.4,0.913,0,0.8,0.03,576.04,Clear,0,1133,1,1.2,0.82,1.065
2026-09-13,ATL-HUB,Inbound,Morning,9,Sunday,1,0,1,1537,1356,296,1157,355,29,27,27,46,8,34.3,0.932,7,0.7,0.015,595.63,Clear,0,1157,0,1.2,0.82,1.065
2026-09-13,ATL-HUB,Inbound,Morning,10,Sunday,1,0,0,1267,1118,385,1030,229,23,23,22,48,8,27.2,0.976,10,0.5,0.048,497.37,Clear,0,1030,0,1.08,0.82,1.065
2026-09-13,ATL-HUB,Inbound,Morning,11,Sunday,1,0,0,1289,1137,242,936,341,24,23,22,44,8,37.3,0.968,4,1.2,0.028,498.15,Clear,0,936,0,1.08,0.82,1.065
2026-09-13,ATL-HUB,Inbound,Morning,12,Sunday,1,0,0,1078,951,243,1000,53,21,21,20,50,8,22.5,1.0,4,0.0,0.037,421.83,Clear,0,1000,1,0.96,0.82,1.065
2026-09-13,ATL-HUB,Inbound,Morning,13,Sunday,1,0,0,1038,916,248,829,185,20,20,19,45,8,30.7,0.97,0,0.7,0.04,408.42,Clear,0,829,1,0.96,0.82,1.065
2026-09-13,ATL-HUB,Inbound,Evening,14,Sunday,1,0,0,1166,1029,269,834,317,20,20,19,48,8,36.5,0.915,3,1.4,0.036,442.36,Heavy Rain,0,834,0,0.96,0.82,1.065
2026-09-13,ATL-HUB,Inbound,Evening,15,Sunday,1,0,0,1218,1075,255,912,281,21,20,19,51,8,34.1,0.942,4,1.4,0.041,444.01,Clear,0,912,0,1.08,0.82,1.065
2026-09-13,ATL-HUB,Inbound,Evening,16,Sunday,1,0,0,1193,1053,326,879,293,21,21,20,45,8,37.3,0.978,2,1.7,0.035,465.06,Clear,0,879,0,1.08,0.82,1.065
2026-09-13,ATL-HUB,Inbound,Evening,17,Sunday,1,0,1,1570,1386,293,1123,432,30,28,27,44,8,40.5,0.945,5,1.5,0.053,612.22,Clear,0,1123,1,1.2,0.82,1.065
2026-09-13,ATL-HUB,Inbound,Evening,18,Sunday,1,0,1,1594,1406,475,1410,173,31,29,28,51,8,25.0,0.988,6,1.1,0.027,624.13,Clear,0,1410,1,1.2,0.82,1.065
2026-09-13,ATL-HUB,Inbound,Evening,19,Sunday,1,0,1,1468,1296,384,1412,26,29,29,28,53,8,17.2,0.952,9,0.3,0.034,609.12,Clear,0,1412,3,1.2,0.82,1.065
2026-09-13,ATL-HUB,Inbound,Evening,20,Sunday,1,0,0,1329,1172,339,1047,276,24,23,22,48,8,33.3,0.992,6,1.1,0.058,502.45,Clear,0,1047,3,1.08,0.82,1.065
2026-09-13,ATL-HUB,Inbound,Evening,21,Sunday,1,0,0,1026,905,276,716,286,19,18,17,44,8,41.6,0.958,9,1.1,0.031,409.21,Clear,0,716,2,0.96,0.82,1.065
2026-09-13,ATL-HUB,Inbound,Night,22,Sunday,1,0,0,1034,912,336,749,261,19,19,18,46,8,38.5,0.905,7,1.3,0.049,428.05,Clear,0,749,3,0.96,0.82,1.065
2026-09-13,ATL-HUB,Inbound,Night,23,Sunday,1,0,0,987,871,245,704,272,18,18,17,44,8,40.4,0.942,1,1.4,0.045,391.32,Clear,0,704,1,0.82,0.82,1.065
2026-09-13,ATL-HUB,Sortation,Morning,6,Sunday,1,0,0,1208,1109,284,1076,148,25,25,24,45,8,26.6,0.996,8,0.5,0.06,529.79,Clear,0,1076,1,0.96,0.82,1.065
2026-09-13,ATL-HUB,Sortation,Morning,7,Sunday,1,0,0,1509,1386,486,1252,290,36,33,32,42,8,29.3,0.932,3,0.5,0.036,675.32,Clear,0,1252,0,1.2,0.82,1.065
2026-09-13,ATL-HUB,Sortation,Morning,8,Sunday,1,0,1,1566,1438,405,1289,309,35,33,33,42,8,33.1,0.931,4,0.7,0.01,704.66,Clear,0,1289,2,1.2,0.82,1.065
2026-09-13,ATL-HUB,Sortation,Morning,9,Sunday,1,0,1,1570,1442,494,1428,180,37,36,34,42,8,27.1,1.0,4,1.0,0.047,732.65,Clear,0,1428,0,1.2,0.82,1.065
2026-09-13,ATL-HUB,Sortation,Morning,10,Sunday,1,0,0,1224,1124,379,1093,178,27,26,25,46,8,27.4,0.95,1,1.3,0.03,549.58,Clear,0,1093,1,1.08,0.82,1.065
2026-09-13,ATL-HUB,Sortation,Morning,11,Sunday,1,0,0,1349,1239,277,915,475,28,28,27,36,8,50.6,0.942,3,2.1,0.024,619.69,Clear,0,915,0,1.08,0.82,1.065
2026-09-13,ATL-HUB,Sortation,Morning,12,Sunday,1,0,0,1167,1071,262,913,283,24,23,22,43,8,34.3,0.966,1,1.2,0.059,487.24,Clear,0,913,3,0.96,0.82,1.065
2026-09-13,ATL-HUB,Sortation,Morning,13,Sunday,1,0,0,1145,1052,327,1053,139,25,25,24,46,8,26.9,0.954,0,1.0,0.043,517.04,Clear,0,1053,0,0.96,0.82,1.065
2026-09-13,ATL-HUB,Sortation,Evening,14,Sunday,1,0,0,1152,1058,331,957,226,26,25,24,42,8,30.2,0.95,7,1.0,0.041,539.57,Clear,0,957,1,0.96,0.82,1.065
2026-09-13,ATL-HUB,Sortation,Evening,15,Sunday,1,0,0,1260,1157,234,972,341,26,25,24,43,8,36.9,0.942,7,1.8,0.034,563.95,Clear,0,972,1,1.08,0.82,1.065
2026-09-13,ATL-HUB,Sortation,Evening,16,Sunday,1,0,0,1202,1104,232,1139,98,28,28,27,44,8,25.2,0.959,10,0.6,0.032,597.39,Clear,0,1139,1,1.08,0.82,1.065
2026-09-13,ATL-HUB,Sortation,Evening,17,Sunday,1,0,1,1429,1313,335,1074,392,30,29,28,40,8,36.8,0.959,6,1.7,0.023,639.06,Clear,0,1074,0,1.2,0.82,1.065
2026-09-13,ATL-HUB,Sortation,Evening,18,Sunday,1,0,1,1562,1434,372,1431,169,36,35,34,44,8,24.3,0.957,3,0.4,0.038,712.49,Clear,0,1431,1,1.2,0.82,1.065
2026-09-13,ATL-HUB,Sortation,Evening,19,Sunday,1,0,1,1662,1526,352,1233,481,36,35,34,40,8,42.8,0.907,6,0.9,0.027,737.93,Clear,0,1233,1,1.2,0.82,1.065
2026-09-13,ATL-HUB,Sortation,Evening,20,Sunday,1,0,0,1338,1229,340,1148,202,31,29,28,41,8,26.3,1.0,8,1.2,0.05,629.79,Clear,0,1148,0,1.08,0.82,1.065
2026-09-13,ATL-HUB,Sortation,Evening,21,Sunday,1,0,0,1274,1170,282,1110,182,27,26,25,45,8,27.2,0.987,6,1.0,0.023,558.12,Clear,0,1110,0,0.96,0.82,1.065
2026-09-13,ATL-HUB,Sortation,Night,22,Sunday,1,0,0,1131,1039,246,951,214,24,24,23,44,8,32.3,0.94,0,0.9,0.024,494.49,Clear,0,951,1,0.96,0.82,1.065
2026-09-13,ATL-HUB,Sortation,Night,23,Sunday,1,0,0,917,842,186,736,215,19,19,18,44,8,30.5,0.93,1,0.9,0.045,396.25,Clear,0,736,0,0.82,0.82,1.065
2026-09-13,ATL-HUB,Outbound,Morning,6,Sunday,1,0,0,1004,984,299,927,94,21,19,19,52,8,18.8,0.939,4,0.7,0.01,421.35,Clear,0,927,2,0.96,0.82,1.065
2026-09-13,ATL-HUB,Outbound,Morning,7,Sunday,1,0,0,1235,1210,367,1098,184,23,23,22,51,8,25.9,0.979,8,0.6,0.05,494.1,Clear,0,1098,1,1.2,0.82,1.065
2026-09-13,ATL-HUB,Outbound,Morning,8,Sunday,1,0,1,1361,1333,280,1150,248,26,26,25,46,8,30.0,1.0,7,1.0,0.057,567.9,Storm,0,1150,2,1.2,0.82,1.065
2026-09-13,ATL-HUB,Outbound,Morning,9,Sunday,1,0,1,1333,1306,456,1166,184,27,26,25,51,8,26.9,0.915,9,0.9,0.042,566.0,Clear,0,1166,1,1.2,0.82,1.065
2026-09-13,ATL-HUB,Outbound,Morning,10,Sunday,1,0,0,1163,1139,410,1080,113,23,21,21,53,8,24.4,0.971,4,1.2,0.019,477.27,Clear,0,1080,2,1.08,0.82,1.065
2026-09-13,ATL-HUB,Outbound,Morning,11,Sunday,1,0,0,1195,1171,320,984,242,23,23,22,48,8,30.8,0.932,8,1.5,0.046,518.56,Clear,0,984,2,1.08,0.82,1.065
2026-09-13,ATL-HUB,Outbound,Morning,12,Sunday,1,0,0,940,921,240,750,225,16,17,16,47,8,33.5,0.998,1,1.3,0.049,368.88,Clear,0,750,2,0.96,0.82,1.065
2026-09-13,ATL-HUB,Outbound,Morning,13,Sunday,1,0,0,1216,1191,266,960,286,21,20,20,49,8,35.2,0.98,4,1.4,0.014,464.34,Clear,0,960,0,0.96,0.82,1.065
2026-09-13,ATL-HUB,Outbound,Evening,14,Sunday,1,0,0,1091,1069,298,857,257,21,19,19,46,8,37.1,0.981,3,0.8,0.019,424.96,Heavy Rain,0,857,1,0.96,0.82,1.065
2026-09-13,ATL-HUB,Outbound,Evening,15,Sunday,1,0,0,1137,1114,336,1088,92,22,22,21,53,8,25.8,0.978,2,0.1,0.032,440.85,Rain,0,1088,0,1.08,0.82,1.065
2026-09-13,ATL-HUB,Outbound,Evening,16,Sunday,1,0,0,1127,1104,232,816,341,19,19,18,49,8,43.0,0.925,3,1.5,0.042,423.3,Clear,0,816,0,1.08,0.82,1.065
2026-09-13,ATL-HUB,Outbound,Evening,17,Sunday,1,0,1,1489,1459,341,1121,398,28,27,26,46,8,39.6,0.937,5,1.5,0.035,592.36,Clear,0,1121,1,1.2,0.82,1.065
2026-09-13,ATL-HUB,Outbound,Evening,18,Sunday,1,0,1,1465,1435,287,1079,407,24,24,23,49,8,39.0,0.958,7,1.7,0.05,545.41,Clear,0,1079,4,1.2,0.82,1.065
2026-09-13,ATL-HUB,Outbound,Evening,19,Sunday,1,0,1,1322,1295,426,1104,244,27,24,24,47,8,32.1,0.979,4,1.1,0.019,535.88,Clear,0,1104,0,1.2,0.82,1.065
2026-09-13,ATL-HUB,Outbound,Evening,20,Sunday,1,0,0,1177,1153,326,1007,180,23,22,21,48,8,28.6,0.999,9,0.9,0.036,485.14,Clear,0,1007,0,1.08,0.82,1.065
2026-09-13,ATL-HUB,Outbound,Evening,21,Sunday,1,0,0,997,977,191,721,316,18,17,16,47,8,43.7,0.96,2,2.0,0.041,392.72,Clear,0,721,1,0.96,0.82,1.065
2026-09-13,ATL-HUB,Outbound,Night,22,Sunday,1,0,0,1093,1071,336,854,264,19,19,18,50,8,33.6,0.949,5,1.2,0.055,420.69,Clear,0,854,1,0.96,0.82,1.065
2026-09-13,ATL-HUB,Outbound,Night,23,Sunday,1,0,0,894,876,188,674,244,16,16,15,48,8,39.2,0.937,10,1.1,0.051,371.73,Clear,0,674,2,0.82,0.82,1.065
2026-09-13,CHI-HUB,Inbound,Morning,6,Sunday,1,0,0,951,839,301,707,224,18,17,16,45,8,35.1,0.983,0,1.3,0.046,365.19,Clear,0,707,0,0.96,0.82,1.065
2026-09-13,CHI-HUB,Inbound,Morning,7,Sunday,1,0,0,1328,1171,288,975,334,25,24,23,46,8,38.1,0.922,9,1.5,0.038,542.74,Clear,0,975,3,1.2,0.82,1.065
2026-09-13,CHI-HUB,Inbound,Morning,8,Sunday,1,0,1,1621,1431,376,1236,362,29,29,28,45,8,33.1,0.981,10,1.8,0.032,657.02,Clear,0,1236,1,1.2,0.82,1.065
2026-09-13,CHI-HUB,Inbound,Morning,9,Sunday,1,0,1,1439,1269,322,949,457,26,24,23,45,8,44.6,0.918,8,2.0,0.026,555.5,Clear,0,949,1,1.2,0.82,1.065
2026-09-13,CHI-HUB,Inbound,Morning,10,Sunday,1,0,0,1124,991,223,970,125,23,22,22,45,8,23.8,0.98,2,0.4,0.016,466.44,Clear,0,970,0,1.08,0.82,1.065
2026-09-13,CHI-HUB,Inbound,Morning,11,Sunday,1,0,0,1245,1098,318,1014,221,23,22,21,50,8,31.0,0.966,9,0.7,0.041,479.88,Clear,0,1014,2,1.08,0.82,1.065
2026-09-13,CHI-HUB,Inbound,Morning,12,Sunday,1,0,0,981,865,277,782,199,19,17,17,47,8,31.6,0.98,1,1.4,0.018,391.22,Clear,0,782,1,0.96,0.82,1.065
2026-09-13,CHI-HUB,Inbound,Morning,13,Sunday,1,0,0,978,863,197,767,202,17,17,16,50,8,32.8,0.96,9,1.3,0.035,394.46,Clear,0,767,3,0.96,0.82,1.065
2026-09-13,CHI-HUB,Inbound,Evening,14,Sunday,1,0,0,1138,1004,319,946,173,21,20,19,51,8,27.6,0.977,0,1.0,0.053,418.59,Clear,0,946,2,0.96,0.82,1.065
2026-09-13,CHI-HUB,Inbound,Evening,15,Sunday,1,0,0,1213,1071,282,969,211,24,23,22,46,8,29.2,0.958,0,0.9,0.035,475.62,Clear,0,969,0,1.08,0.82,1.065
2026-09-13,CHI-HUB,Inbound,Evening,16,Sunday,1,0,0,1158,1022,278,961,183,23,22,21,47,8,27.5,0.974,1,0.9,0.031,458.35,Clear,0,961,0,1.08,0.82,1.065
2026-09-13,CHI-HUB,Inbound,Evening,17,Sunday,1,0,1,1382,1219,255,1006,347,27,26,25,43,8,35.5,0.936,2,1.6,0.045,563.09,Clear,0,1006,0,1.2,0.82,1.065
2026-09-13,CHI-HUB,Inbound,Evening,18,Sunday,1,0,1,1457,1286,414,1149,274,27,27,26,46,8,28.7,0.961,1,1.0,0.035,563.92,Clear,0,1149,1,1.2,0.82,1.065
2026-09-13,CHI-HUB,Inbound,Evening,19,Sunday,1,0,1,1549,1367,338,1188,342,27,27,26,47,8,35.5,0.973,10,1.8,0.02,616.74,Clear,0,1188,1,1.2,0.82,1.065
2026-09-13,CHI-HUB,Inbound,Evening,20,Sunday,1,0,0,1161,1025,241,885,267,23,22,22,44,8,36.8,0.915,4,1.2,0.015,495.9,Clear,0,885,2,1.08,0.82,1.065
2026-09-13,CHI-HUB,Inbound,Evening,21,Sunday,1,0,0,1067,942,232,790,259,18,18,17,50,8,36.6,0.93,5,1.7,0.043,417.72,Storm,0,790,1,0.96,0.82,1.065
2026-09-13,CHI-HUB,Inbound,Night,22,Sunday,1,0,0,1042,919,339,834,189,18,19,18,48,8,30.7,0.966,7,1.1,0.075,422.6,Clear,0,834,2,0.96,0.82,1.065
2026-09-13,CHI-HUB,Inbound,Night,23,Sunday,1,0,0,825,728,222,588,223,15,15,14,44,8,40.2,0.956,8,1.5,0.036,355.16,Clear,0,588,0,0.82,0.82,1.065
2026-09-13,CHI-HUB,Sortation,Morning,6,Sunday,1,0,0,1196,1098,252,901,330,25,25,24,40,8,36.2,0.939,3,1.7,0.02,547.18,Clear,0,901,0,0.96,0.82,1.065
2026-09-13,CHI-HUB,Sortation,Morning,7,Sunday,1,0,0,1186,1089,362,920,307,26,24,23,40,8,37.9,1.0,6,1.6,0.024,534.3,Clear,0,920,0,1.2,0.82,1.065
2026-09-13,CHI-HUB,Sortation,Morning,8,Sunday,1,0,1,1448,1330,368,1275,191,33,31,30,44,8,27.1,0.966,5,0.6,0.028,644.4,Clear,0,1275,0,1.2,0.82,1.065
2026-09-13,CHI-HUB,Sortation,Morning,9,Sunday,1,0,1,1595,1465,558,1279,356,35,34,32,41,8,34.2,0.975,9,1.3,0.044,718.5,Clear,0,1279,1,1.2,0.82,1.065
2026-09-13,CHI-HUB,Sortation,Morning,10,Sunday,1,0,0,1171,1075,275,996,199,27,26,25,42,8,29.5,0.949,6,1.0,0.047,556.21,Clear,0,996,3,1.08,0.82,1.065
2026-09-13,CHI-HUB,Sortation,Morning,11,Sunday,1,0,0,1195,1098,263,1044,181,27,27,26,42,8,28.8,0.956,1,0.9,0.038,557.36,Clear,0,1044,1,1.08,0.82,1.065
2026-09-13,CHI-HUB,Sortation,Morning,12,Sunday,1,0,0,1002,920,288,857,165,22,21,20,45,8,28.8,0.953,6,0.3,0.03,436.01,Clear,0,857,4,0.96,0.82,1.065
2026-09-13,CHI-HUB,Sortation,Morning,13,Sunday,1,0,0,1042,957,338,761,323,20,20,19,42,8,40.4,0.954,2,1.1,0.029,426.85,Clear,0,761,0,0.96,0.82,1.065
2026-09-13,CHI-HUB,Sortation,Evening,14,Sunday,1,0,0,1101,1011,379,837,305,23,23,22,40,8,38.4,0.951,2,1.7,0.046,503.23,Clear,0,837,1,0.96,0.82,1.065
2026-09-13,CHI-HUB,Sortation,Evening,15,Sunday,1,0,0,1173,1077,276,903,288,26,25,24,41,8,33.5,0.918,9,0.3,0.033,526.75,Clear,0,903,2,1.08,0.82,1.065
2026-09-13,CHI-HUB,Sortation,Evening,16,Sunday,1,0,0,1211,1112,343,942,302,27,26,25,40,8,36.2,0.943,7,0.7,0.033,551.75,Clear,0,942,1,1.08,0.82,1.065
2026-09-13,CHI-HUB,Sortation,Evening,17,Sunday,1,0,1,1479,1359,455,1253,282,29,29,28,46,8,30.9,0.973,10,1.1,0.049,635.98,Clear,0,1253,1,1.2,0.82,1.065
2026-09-13,CHI-HUB,Sortation,Evening,18,Sunday,1,0,1,1448,1330,423,1220,256,31,31,30,43,8,27.4,0.946,6,0.8,0.042,653.2,Clear,0,1220,1,1.2,0.82,1.065
2026-09-13,CHI-HUB,Sortation,Evening,19,Sunday,1,0,1,1465,1345,402,1204,290,32,30,29,42,8,31.0,0.989,3,1.4,0.038,642.82,Rain,0,1204,2,1.2,0.82,1.065
2026-09-13,CHI-HUB,Sortation,Evening,20,Sunday,1,0,0,1128,1036,354,897,269,25,24,23,39,8,33.2,1.0,2,1.3,0.043,512.04,Clear,0,897,1,1.08,0.82,1.065
2026-09-13,CHI-HUB,Sortation,Evening,21,Sunday,1,0,0,1031,947,291,1053,0,23,23,22,50,8,18.9,0.96,1,0.2,0.035,456.75,Clear,0,1053,0,0.96,0.82,1.065
2026-09-13,CHI-HUB,Sortation,Night,22,Sunday,1,0,0,1125,1033,270,885,294,23,23,22,41,8,38.9,0.982,3,1.2,0.027,492.86,Clear,0,885,0,0.96,0.82,1.065
2026-09-13,CHI-HUB,Sortation,Night,23,Sunday,1,0,0,899,826,230,679,258,18,18,17,42,8,42.0,0.952,4,1.4,0.055,400.02,Clear,0,679,1,0.82,0.82,1.065
2026-09-13,CHI-HUB,Outbound,Morning,6,Sunday,1,0,0,953,934,308,777,193,19,18,18,46,8,32.6,0.939,1,1.1,0.018,402.51,Clear,0,777,0,0.96,0.82,1.065
2026-09-13,CHI-HUB,Outbound,Morning,7,Sunday,1,0,0,1140,1117,327,891,262,21,20,19,50,8,33.5,0.938,4,0.8,0.04,426.65,Clear,0,891,1,1.2,0.82,1.065
2026-09-13,CHI-HUB,Outbound,Morning,8,Sunday,1,0,1,1267,1241,381,1131,193,24,23,23,50,8,28.0,0.984,9,0.4,0.01,511.77,Clear,0,1131,1,1.2,0.82,1.065
2026-09-13,CHI-HUB,Outbound,Morning,9,Sunday,1,0,1,1205,1180,336,909,354,23,22,21,47,8,40.9,0.921,2,2.1,0.032,501.27,Storm,0,909,2,1.2,0.82,1.065
2026-09-13,CHI-HUB,Outbound,Morning,10,Sunday,1,0,0,973,953,181,705,277,17,17,16,46,8,38.7,0.958,3,2.1,0.032,398.27,Clear,0,705,1,1.08,0.82,1.065
2026-09-13,CHI-HUB,Outbound,Morning,11,Sunday,1,0,0,1046,1025,363,833,244,19,18,18,48,8,35.1,0.965,2,0.8,0.027,399.02,Clear,0,833,1,1.08,0.82,1.065
2026-09-13,CHI-HUB,Outbound,Morning,12,Sunday,1,0,0,1073,1051,349,933,171,20,20,19,50,8,30.2,0.982,0,1.3,0.052,426.61,Clear,0,933,0,0.96,0.82,1.065
2026-09-13,CHI-HUB,Outbound,Morning,13,Sunday,1,0,0,919,900,288,750,192,19,18,17,47,8,29.8,0.94,1,1.0,0.042,379.58,Clear,0,750,1,0.96,0.82,1.065
2026-09-13,CHI-HUB,Outbound,Evening,14,Sunday,1,0,0,870,852,281,639,257,16,15,15,46,8,40.3,0.926,7,1.5,0.01,372.88,Clear,0,639,1,0.96,0.82,1.065
2026-09-13,CHI-HUB,Outbound,Evening,15,Sunday,1,0,0,1071,1049,292,936,163,21,20,20,50,8,29.2,0.936,6,0.8,0.02,451.27,Clear,0,936,1,1.08,0.82,1.065
2026-09-13,CHI-HUB,Outbound,Evening,16,Sunday,1,0,0,1124,1101,305,855,294,19,19,18,48,8,41.2,0.99,2,1.4,0.044,417.25,Clear,0,855,0,1.08,0.82,1.065
2026-09-13,CHI-HUB,Outbound,Evening,17,Sunday,1,0,1,1396,1368,376,970,459,25,24,23,45,8,41.6,0.937,3,2.0,0.022,539.75,Clear,0,970,0,1.2,0.82,1.065
2026-09-13,CHI-HUB,Outbound,Evening,18,Sunday,1,0,1,1326,1299,247,1042,312,24,23,22,50,8,33.7,0.948,1,1.5,0.054,498.57,Clear,0,1042,1,1.2,0.82,1.065
2026-09-13,CHI-HUB,Outbound,Evening,19,Sunday,1,0,1,1309,1282,348,1042,285,24,23,22,51,8,32.4,0.929,4,1.1,0.047,496.65,Clear,0,1042,1,1.2,0.82,1.065
2026-09-13,CHI-HUB,Outbound,Evening,20,Sunday,1,0,0,1088,1066,277,924,217,22,21,20,48,8,30.0,0.963,5,1.0,0.045,454.0,Clear,0,924,1,1.08,0.82,1.065
2026-09-13,CHI-HUB,Outbound,Evening,21,Sunday,1,0,0,919,900,217,662,276,16,16,15,49,8,37.6,0.902,7,2.0,0.05,387.78,Clear,0,662,1,0.96,0.82,1.065
2026-09-13,CHI-HUB,Outbound,Night,22,Sunday,1,0,0,1000,980,258,767,263,18,19,18,44,8,35.8,0.97,5,1.3,0.028,421.78,Clear,0,767,0,0.96,0.82,1.065
2026-09-13,CHI-HUB,Outbound,Night,23,Sunday,1,0,0,762,746,235,646,139,14,13,13,52,8,30.0,0.956,10,0.9,0.036,327.5,Storm,0,646,1,0.82,0.82,1.065
2026-09-13,DAL-HUB,Inbound,Morning,6,Sunday,1,0,0,821,724,147,611,192,14,15,14,46,8,33.8,0.95,5,1.3,0.042,339.89,Clear,0,611,2,0.96,0.82,1.065
2026-09-13,DAL-HUB,Inbound,Morning,7,Sunday,1,0,0,1073,946,261,801,263,20,19,18,48,8,35.1,0.927,4,1.0,0.044,410.74,Clear,0,801,2,1.2,0.82,1.065
2026-09-13,DAL-HUB,Inbound,Morning,8,Sunday,1,0,1,1051,927,199,833,209,21,19,19,46,8,29.6,0.953,8,0.5,0.022,428.66,Clear,0,833,0,1.2,0.82,1.065
2026-09-13,DAL-HUB,Inbound,Morning,9,Sunday,1,0,1,1273,1124,368,1013,249,23,22,22,47,8,30.5,0.98,10,0.8,0.022,505.88,Clear,0,1013,0,1.2,0.82,1.065
2026-09-13,DAL-HUB,Inbound,Morning,10,Sunday,1,0,0,960,847,193,702,247,17,16,16,46,8,36.3,0.955,7,1.4,0.02,390.56,Clear,0,702,1,1.08,0.82,1.065
2026-09-13,DAL-HUB,Inbound,Morning,11,Sunday,1,0,0,1062,937,207,921,103,19,19,18,53,8,24.9,0.966,4,1.2,0.033,416.16,Clear,0,921,1,1.08,0.82,1.065
2026-09-13,DAL-HUB,Inbound,Morning,12,Sunday,1,0,0,812,717,259,655,155,16,15,15,46,8,33.2,0.95,8,1.1,0.024,363.25,Clear,0,655,1,0.96,0.82,1.065
2026-09-13,DAL-HUB,Inbound,Morning,13,Sunday,1,0,0,792,699,235,742,37,14,15,14,53,8,21.5,1.0,4,0.1,0.034,302.59,Clear,0,742,1,0.96,0.82,1.065
2026-09-13,DAL-HUB,Inbound,Evening,14,Sunday,1,0,0,852,752,160,620,233,16,15,15,44,8,35.7,0.941,7,1.2,0.025,365.35,Heavy Rain,0,620,2,0.96,0.82,1.065
2026-09-13,DAL-HUB,Inbound,Evening,15,Sunday,1,0,0,940,829,234,714,206,17,17,16,46,8,34.2,0.97,9,1.3,0.03,393.8,Clear,0,714,1,1.08,0.82,1.065
2026-09-13,DAL-HUB,Inbound,Evening,16,Sunday,1,0,0,1060,936,273,818,226,20,19,19,44,8,33.2,0.979,5,1.2,0.016,438.82,Clear,0,818,0,1.08,0.82,1.065
2026-09-13,DAL-HUB,Inbound,Evening,17,Sunday,1,0,1,1252,1105,410,845,402,21,21,20,46,8,42.0,0.919,9,1.6,0.033,490.12,Storm,0,845,0,1.2,0.82,1.065
2026-09-13,DAL-HUB,Inbound,Evening,18,Sunday,1,0,1,1249,1102,424,993,241,23,23,22,47,8,30.1,0.961,10,0.9,0.027,508.25,Clear,0,993,1,1.2,0.82,1.065
2026-09-13,DAL-HUB,Inbound,Evening,19,Sunday,1,0,1,1133,999,256,1000,107,22,21,20,53,8,25.4,0.944,0,1.3,0.046,446.4,Clear,0,1000,2,1.2,0.82,1.065
2026-09-13,DAL-HUB,Inbound,Evening,20,Sunday,1,0,0,1045,922,354,883,128,22,21,20,46,8,23.1,0.961,1,0.4,0.038,423.96,Rain,0,883,3,1.08,0.82,1.065
2026-09-13,DAL-HUB,Inbound,Evening,21,Sunday,1,0,0,859,758,240,682,155,16,16,15,49,8,30.3,0.928,8,0.7,0.044,352.87,Clear,0,682,1,0.96,0.82,1.065
2026-09-13,DAL-HUB,Inbound,Night,22,Sunday,1,0,0,793,700,199,618,151,14,14,14,46,8,33.8,0.961,7,1.2,0.022,343.0,Clear,0,618,0,0.96,0.82,1.065
2026-09-13,DAL-HUB,Inbound,Night,23,Sunday,1,0,0,705,622,199,544,158,14,13,13,45,8,35.3,0.931,0,1.0,0.014,293.96,Clear,0,544,0,0.82,0.82,1.065
2026-09-13,DAL-HUB,Sortation,Morning,6,Sunday,1,0,0,902,828,272,790,136,20,19,18,44,8,26.4,0.998,3,0.8,0.046,399.58,Clear,0,790,2,0.96,0.82,1.065
2026-09-13,DAL-HUB,Sortation,Morning,7,Sunday,1,0,0,1130,1038,275,897,264,22,22,21,44,8,34.2,0.971,9,1.1,0.027,491.12,Rain,0,897,0,1.2,0.82,1.065
2026-09-13,DAL-HUB,Sortation,Morning,8,Sunday,1,0,1,1151,1057,388,985,203,24,24,23,45,8,33.1,0.952,5,1.0,0.025,516.19,Heavy Rain,0,985,1,1.2,0.82,1.065
2026-09-13,DAL-HUB,Sortation,Morning,9,Sunday,1,0,1,1179,1083,338,995,221,26,25,24,44,8,31.0,0.943,6,0.8,0.043,531.27,Clear,0,995,0,1.2,0.82,1.065
2026-09-13,DAL-HUB,Sortation,Morning,10,Sunday,1,0,0,956,878,258,750,223,20,19,18,44,8,33.0,0.947,1,1.2,0.035,407.48,Heavy Rain,0,750,0,1.08,0.82,1.065
2026-09-13,DAL-HUB,Sortation,Morning,11,Sunday,1,0,0,995,914,236,763,246,20,20,19,44,8,35.6,0.913,9,1.1,0.037,448.39,Clear,0,763,0,1.08,0.82,1.065
2026-09-13,DAL-HUB,Sortation,Morning,12,Sunday,1,0,0,836,768,226,672,181,17,17,16,43,8,34.4,0.978,2,1.0,0.037,361.77,Clear,0,672,0,0.96,0.82,1.065
2026-09-13,DAL-HUB,Sortation,Morning,13,Sunday,1,0,0,861,791,176,681,193,20,19,18,39,8,37.5,0.97,9,1.5,0.038,437.62,Clear,0,681,0,0.96,0.82,1.065
2026-09-13,DAL-HUB,Sortation,Evening,14,Sunday,1,0,0,906,832,289,897,14,22,20,20,45,8,19.2,0.998,3,0.2,0.01,425.18,Storm,0,897,5,0.96,0.82,1.065
2026-09-13,DAL-HUB,Sortation,Evening,15,Sunday,1,0,0,1045,960,257,797,285,22,21,20,41,8,39.6,0.972,7,1.3,0.033,468.01,Clear,0,797,2,1.08,0.82,1.065
2026-09-13,DAL-HUB,Sortation,Evening,16,Sunday,1,0,0,999,918,352,838,206,21,22,20,43,8,29.8,0.975,3,0.7,0.068,437.56,Clear,0,838,1,1.08,0.82,1.065
2026-09-13,DAL-HUB,Sortation,Evening,17,Sunday,1,0,1,1271,1167,447,1078,217,25,25,24,46,8,29.8,0.977,0,1.0,0.037,524.02,Storm,0,1078,0,1.2,0.82,1.065
2026-09-13,DAL-HUB,Sortation,Evening,18,Sunday,1,0,1,1134,1042,254,924,234,23,23,22,44,8,33.8,0.955,8,1.0,0.032,503.44,Clear,0,924,0,1.2,0.82,1.065
2026-09-13,DAL-HUB,Sortation,Evening,19,Sunday,1,0,1,1311,1204,422,956,405,28,26,25,40,8,39.8,0.957,9,1.6,0.044,585.18,Clear,0,956,1,1.2,0.82,1.065
2026-09-13,DAL-HUB,Sortation,Evening,20,Sunday,1,0,0,998,917,314,844,176,23,22,21,43,8,28.8,0.935,1,0.9,0.038,456.24,Clear,0,844,2,1.08,0.82,1.065
2026-09-13,DAL-HUB,Sortation,Evening,21,Sunday,1,0,0,931,855,328,676,278,19,18,17,44,8,38.4,0.904,7,1.5,0.038,414.05,Rain,0,676,3,0.96,0.82,1.065
2026-09-13,DAL-HUB,Sortation,Night,22,Sunday,1,0,0,941,864,206,813,125,22,21,20,42,8,26.5,0.968,2,1.2,0.038,447.3,Clear,0,813,1,0.96,0.82,1.065
2026-09-13,DAL-HUB,Sortation,Night,23,Sunday,1,0,0,751,690,180,494,279,16,15,14,37,8,47.4,0.955,4,1.8,0.056,350.01,Clear,0,494,2,0.82,0.82,1.065
2026-09-13,DAL-HUB,Outbound,Morning,6,Sunday,1,0,0,830,813,257,690,166,16,15,15,48,8,32.0,0.959,6,1.0,0.023,354.95,Clear,0,690,0,0.96,0.82,1.065
2026-09-13,DAL-HUB,Outbound,Morning,7,Sunday,1,0,0,1074,1052,241,922,189,20,20,19,50,8,28.3,0.971,7,1.3,0.037,449.03,Clear,0,922,2,1.2,0.82,1.065
2026-09-13,DAL-HUB,Outbound,Morning,8,Sunday,1,0,1,1121,1098,323,835,302,20,20,19,46,8,37.8,0.956,9,0.9,0.054,446.33,Rain,0,835,2,1.2,0.82,1.065
2026-09-13,DAL-HUB,Outbound,Morning,9,Sunday,1,0,1,1022,1001,328,820,222,18,19,18,49,8,31.4,0.931,2,1.2,0.028,409.77,Clear,0,820,3,1.2,0.82,1.065
2026-09-13,DAL-HUB,Outbound,Morning,10,Sunday,1,0,0,820,803,204,690,141,15,15,14,51,8,31.0,0.968,1,1.3,0.037,327.67,Clear,0,690,1,1.08,0.82,1.065
2026-09-13,DAL-HUB,Outbound,Morning,11,Sunday,1,0,0,922,903,283,772,157,17,17,16,51,8,29.2,0.947,2,1.6,0.042,380.14,Clear,0,772,3,1.08,0.82,1.065
2026-09-13,DAL-HUB,Outbound,Morning,12,Sunday,1,0,0,742,727,241,597,162,12,13,12,53,8,33.3,0.939,5,1.7,0.047,313.97,Storm,0,597,1,0.96,0.82,1.065
2026-09-13,DAL-HUB,Outbound,Morning,13,Sunday,1,0,0,792,776,254,656,157,15,14,14,48,8,29.2,0.976,0,1.3,0.01,323.96,Clear,0,656,0,0.96,0.82,1.065
2026-09-13,DAL-HUB,Outbound,Evening,14,Sunday,1,0,0,709,695,174,511,215,12,12,11,49,8,38.9,0.948,5,1.5,0.056,285.53,Clear,0,511,5,0.96,0.82,1.065
2026-09-13,DAL-HUB,Outbound,Evening,15,Sunday,1,0,0,948,929,186,846,134,18,18,17,50,8,25.4,0.996,5,0.8,0.041,387.32,Clear,0,846,3,1.08,0.82,1.065
2026-09-13,DAL-HUB,Outbound,Evening,16,Sunday,1,0,0,882,864,164,790,109,16,17,16,52,8,25.0,0.95,3,0.5,0.041,351.8,Clear,0,790,0,1.08,0.82,1.065
2026-09-13,DAL-HUB,Outbound,Evening,17,Sunday,1,0,1,1061,1039,352,869,212,19,19,18,51,8,33.3,0.948,9,1.2,0.037,432.89,Clear,0,869,1,1.2,0.82,1.065
2026-09-13,DAL-HUB,Outbound,Evening,18,Sunday,1,0,1,1051,1030,327,873,202,21,19,19,47,8,29.4,0.979,0,0.8,0.019,412.21,Clear,0,873,0,1.2,0.82,1.065
2026-09-13,DAL-HUB,Outbound,Evening,19,Sunday,1,0,1,1146,1123,306,980,189,21,21,20,49,8,28.6,1.0,9,1.2,0.05,473.46,Clear,0,980,0,1.2,0.82,1.065
2026-09-13,DAL-HUB,Outbound,Evening,20,Sunday,1,0,0,872,854,218,684,210,16,15,15,48,8,35.7,0.951,3,1.0,0.02,346.12,Clear,0,684,3,1.08,0.82,1.065
2026-09-13,DAL-HUB,Outbound,Evening,21,Sunday,1,0,0,735,720,196,572,183,15,14,14,43,8,36.7,0.951,9,1.3,0.026,351.7,Clear,0,572,1,0.96,0.82,1.065
2026-09-13,DAL-HUB,Outbound,Night,22,Sunday,1,0,0,844,827,240,663,195,16,16,15,48,8,34.1,0.922,0,1.0,0.045,336.02,Clear,0,663,1,0.96,0.82,1.065
2026-09-13,DAL-HUB,Outbound,Night,23,Sunday,1,0,0,624,611,215,487,151,12,11,11,47,8,33.1,0.944,3,1.1,0.01,266.37,Clear,0,487,0,0.82,0.82,1.065
2026-09-14,ATL-HUB,Inbound,Morning,6,Monday,0,0,0,1291,1139,397,911,360,23,22,21,45,8,40.8,0.964,9,1.6,0.045,505.89,Clear,0,911,1,0.96,1.0,1.08
2026-09-14,ATL-HUB,Inbound,Morning,7,Monday,0,0,0,1777,1568,580,1378,367,32,32,31,47,8,33.2,0.946,9,0.9,0.022,689.87,Clear,0,1378,3,1.2,1.0,1.08
2026-09-14,ATL-HUB,Inbound,Morning,8,Monday,0,0,1,1808,1595,482,1336,437,33,33,31,47,8,36.5,0.917,8,1.3,0.052,698.41,Clear,0,1336,1,1.2,1.0,1.08
2026-09-14,ATL-HUB,Inbound,Morning,9,Monday,0,0,1,1796,1584,613,1280,499,36,33,32,42,8,39.6,0.953,2,1.4,0.028,701.3,Clear,0,1280,2,1.2,1.0,1.08
2026-09-14,ATL-HUB,Inbound,Morning,10,Monday,0,0,0,1581,1395,401,1297,262,30,29,28,48,8,27.1,0.965,0,0.5,0.032,587.9,Clear,0,1297,1,1.08,1.0,1.08
2026-09-14,ATL-HUB,Inbound,Morning,11,Monday,0,0,0,1335,1178,256,1143,167,25,25,24,48,8,26.8,0.993,7,0.7,0.046,533.56,Clear,0,1143,2,1.08,1.0,1.08
2026-09-14,ATL-HUB,Inbound,Morning,12,Monday,0,0,0,1462,1290,418,1166,271,29,27,26,45,8,27.7,0.997,10,1.4,0.042,604.01,Clear,0,1166,0,0.96,1.0,1.08
2026-09-14,ATL-HUB,Inbound,Morning,13,Monday,0,0,0,1440,1270,458,1072,345,26,25,24,47,8,35.2,0.951,2,1.8,0.041,553.27,Heavy Rain,0,1072,1,0.96,1.0,1.08
2026-09-14,ATL-HUB,Inbound,Evening,14,Monday,0,0,0,1428,1260,459,1110,306,28,26,25,46,8,32.3,0.965,5,1.3,0.036,565.1,Clear,0,1110,2,0.96,1.0,1.08
2026-09-14,ATL-HUB,Inbound,Evening,15,Monday,0,0,0,1591,1404,497,1162,390,32,30,29,43,8,38.7,0.933,9,1.1,0.042,653.18,Clear,0,1162,0,1.08,1.0,1.08
2026-09-14,ATL-HUB,Inbound,Evening,16,Monday,0,0,0,1557,1374,354,1091,452,27,26,25,44,8,41.4,0.992,5,1.6,0.021,575.79,Clear,0,1091,0,1.08,1.0,1.08
2026-09-14,ATL-HUB,Inbound,Evening,17,Monday,0,0,1,2116,1867,714,1890,203,43,40,39,49,8,23.6,0.989,5,0.1,0.03,816.65,Clear,0,1890,0,1.2,1.0,1.08
2026-09-14,ATL-HUB,Inbound,Evening,18,Monday,0,0,1,2055,1813,573,1611,388,41,40,38,46,8,29.2,0.922,2,1.0,0.047,811.67,Clear,0,1611,1,1.2,1.0,1.08
2026-09-14,ATL-HUB,Inbound,Evening,19,Monday,0,0,1,1827,1612,512,1500,284,34,33,32,48,8,28.7,0.977,9,0.6,0.022,701.86,Clear,0,1500,2,1.2,1.0,1.08
2026-09-14,ATL-HUB,Inbound,Evening,20,Monday,0,0,0,1605,1416,326,1112,472,28,27,26,45,8,38.6,0.951,1,1.7,0.033,586.13,Clear,0,1112,1,1.08,1.0,1.08
2026-09-14,ATL-HUB,Inbound,Evening,21,Monday,0,0,0,1354,1195,405,1234,100,27,26,25,51,8,24.0,0.968,1,0.2,0.047,524.98,Storm,0,1234,1,0.96,1.0,1.08
2026-09-14,ATL-HUB,Inbound,Night,22,Monday,0,0,0,1298,1145,334,910,381,23,23,22,45,8,41.2,0.92,8,1.3,0.037,513.91,Clear,0,910,2,0.96,1.0,1.08
2026-09-14,ATL-HUB,Inbound,Night,23,Monday,0,0,0,1094,965,351,906,160,20,20,19,48,8,30.0,0.994,5,0.9,0.027,431.01,Clear,0,906,1,0.82,1.0,1.08
2026-09-14,ATL-HUB,Sortation,Morning,6,Monday,0,0,0,1302,1196,403,1148,172,27,26,25,49,8,24.6,0.938,6,0.8,0.031,554.46,Rain,0,1148,0,0.96,1.0,1.08
2026-09-14,ATL-HUB,Sortation,Morning,7,Monday,0,0,0,1762,1618,537,1399,398,39,38,36,41,8,30.4,0.948,2,1.2,0.058,774.36,Clear,0,1399,2,1.2,1.0,1.08
2026-09-14,ATL-HUB,Sortation,Morning,8,Monday,0,0,1,2001,1837,368,1525,527,45,43,42,39,8,38.4,0.932,10,1.2,0.016,923.56,Rain,0,1525,2,1.2,1.0,1.08
2026-09-14,ATL-HUB,Sortation,Morning,9,Monday,0,0,1,1914,1758,487,1513,445,43,40,39,43,8,32.5,0.902,0,0.7,0.013,815.27,Clear,0,1513,2,1.2,1.0,1.08
2026-09-14,ATL-HUB,Sortation,Morning,10,Monday,0,0,0,1760,1616,609,1408,399,38,37,35,42,8,33.5,0.958,9,1.1,0.042,774.43,Clear,0,1408,1,1.08,1.0,1.08
2026-09-14,ATL-HUB,Sortation,Morning,11,Monday,0,0,0,1676,1539,315,1392,311,36,35,34,45,8,31.0,0.91,10,0.3,0.039,734.2,Clear,0,1392,0,1.08,1.0,1.08
2026-09-14,ATL-HUB,Sortation,Morning,12,Monday,0,0,0,1388,1275,483,1158,263,30,29,28,42,8,32.8,0.985,7,0.8,0.037,616.31,Clear,0,1158,1,0.96,1.0,1.08
2026-09-14,ATL-HUB,Sortation,Morning,13,Monday,0,0,0,1516,1392,301,1320,231,32,31,30,45,8,27.5,0.978,10,1.2,0.027,678.45,Clear,0,1320,2,0.96,1.0,1.08
2026-09-14,ATL-HUB,Sortation,Evening,14,Monday,0,0,0,1403,1288,374,1337,107,33,31,30,46,8,23.1,0.969,6,0.6,0.044,646.78,Clear,0,1337,0,0.96,1.0,1.08
2026-09-14,ATL-HUB,Sortation,Evening,15,Monday,0,0,0,1543,1417,348,1133,442,32,33,31,39,8,38.1,0.937,3,1.4,0.05,681.65,Clear,0,1133,3,1.08,1.0,1.08
2026-09-14,ATL-HUB,Sortation,Evening,16,Monday,0,0,0,1682,1545,413,1375,351,37,35,33,45,8,34.1,0.926,9,0.8,0.047,725.61,Clear,0,1375,1,1.08,1.0,1.08
2026-09-14,ATL-HUB,Sortation,Evening,17,Monday,0,0,1,2000,1836,540,1494,566,38,38,36,43,8,39.3,0.966,8,1.7,0.049,811.94,Clear,0,1494,0,1.2,1.0,1.08
2026-09-14,ATL-HUB,Sortation,Evening,18,Monday,0,0,1,1778,1633,429,1553,268,40,38,36,45,8,29.6,0.959,3,0.7,0.049,763.87,Clear,0,1553,3,1.2,1.0,1.08
2026-09-14,ATL-HUB,Sortation,Evening,19,Monday,0,0,1,2020,1855,379,1515,552,44,43,41,39,8,35.4,0.948,6,1.5,0.038,897.82,Clear,0,1515,2,1.2,1.0,1.08
2026-09-14,ATL-HUB,Sortation,Evening,20,Monday,0,0,0,1582,1453,457,1216,412,35,34,33,39,8,38.9,0.945,1,1.6,0.033,722.31,Rain,0,1216,1,1.08,1.0,1.08
2026-09-14,ATL-HUB,Sortation,Evening,21,Monday,0,0,0,1331,1223,371,998,389,28,27,26,40,8,39.6,0.96,7,1.7,0.021,601.46,Clear,0,998,2,0.96,1.0,1.08
2026-09-14,ATL-HUB,Sortation,Night,22,Monday,0,0,0,1355,1244,319,1082,289,28,28,26,42,8,35.7,0.991,9,1.8,0.057,611.09,Clear,0,1082,4,0.96,1.0,1.08
2026-09-14,ATL-HUB,Sortation,Night,23,Monday,0,0,0,1248,1146,248,980,302,27,26,25,42,8,31.7,0.933,1,1.3,0.041,550.03,Clear,0,980,1,0.82,1.0,1.08
2026-09-14,ATL-HUB,Outbound,Morning,6,Monday,0,0,0,1215,1190,339,961,274,22,22,21,49,8,31.5,0.935,6,1.3,0.024,487.42,Clear,0,961,1,0.96,1.0,1.08
2026-09-14,ATL-HUB,Outbound,Morning,7,Monday,0,0,0,1470,1440,420,1218,278,27,27,26,49,8,30.5,0.956,10,0.7,0.021,585.62,Clear,0,1218,2,1.2,1.0,1.08
2026-09-14,ATL-HUB,Outbound,Morning,8,Monday,0,0,1,1737,1702,338,1502,283,33,31,30,53,8,28.5,0.945,4,0.2,0.045,635.31,Clear,0,1502,0,1.2,1.0,1.08
2026-09-14,ATL-HUB,Outbound,Morning,9,Monday,0,0,1,1675,1641,515,1512,200,32,31,30,53,8,25.4,0.952,6,0.2,0.038,646.74,Storm,0,1512,0,1.2,1.0,1.08
2026-09-14,ATL-HUB,Outbound,Morning,10,Monday,0,0,0,1591,1559,422,1325,295,29,28,27,50,8,27.5,0.982,4,1.0,0.02,598.29,Rain,0,1325,0,1.08,1.0,1.08
2026-09-14,ATL-HUB,Outbound,Morning,11,Monday,0,0,0,1275,1249,355,1041,264,24,23,22,48,8,34.5,0.986,4,1.5,0.026,507.24,Clear,0,1041,2,1.08,1.0,1.08
2026-09-14,ATL-HUB,Outbound,Morning,12,Monday,0,0,0,1400,1371,371,1010,426,24,24,23,47,8,42.2,0.935,2,1.9,0.03,533.82,Clear,0,1010,1,0.96,1.0,1.08
2026-09-14,ATL-HUB,Outbound,Morning,13,Monday,0,0,0,1136,1113,231,1004,162,22,21,20,52,8,27.7,0.966,6,1.1,0.057,460.88,Clear,0,1004,0,0.96,1.0,1.08
2026-09-14,ATL-HUB,Outbound,Evening,14,Monday,0,0,0,1257,1231,400,1022,260,27,24,24,46,8,27.8,0.926,10,1.6,0.01,567.89,Clear,0,1022,0,0.96,1.0,1.08
2026-09-14,ATL-HUB,Outbound,Evening,15,Monday,0,0,0,1527,1496,349,1364,185,27,28,26,53,8,23.7,0.99,4,0.8,0.058,570.26,Clear,0,1364,3,1.08,1.0,1.08
2026-09-14,ATL-HUB,Outbound,Evening,16,Monday,0,0,0,1364,1336,286,1127,265,25,25,24,49,8,30.0,0.959,4,1.5,0.06,547.86,Clear,0,1127,0,1.08,1.0,1.08
2026-09-14,ATL-HUB,Outbound,Evening,17,Monday,0,0,1,1834,1797,588,1244,624,33,33,32,44,8,42.6,0.884,6,1.7,0.039,724.5,Clear,0,1244,1,1.2,1.0,1.08
2026-09-14,ATL-HUB,Outbound,Evening,18,Monday,0,0,1,1662,1628,546,1469,242,31,31,30,50,8,28.1,0.98,6,1.3,0.042,671.13,Clear,0,1469,0,1.2,1.0,1.08
2026-09-14,ATL-HUB,Outbound,Evening,19,Monday,0,0,1,1685,1651,593,1586,139,32,31,29,58,8,22.9,0.943,10,0.1,0.049,631.26,Clear,0,1586,1,1.2,1.0,1.08
2026-09-14,ATL-HUB,Outbound,Evening,20,Monday,0,0,0,1519,1488,405,1251,312,31,29,29,45,8,32.7,0.959,10,1.1,0.011,656.2,Clear,0,1251,6,1.08,1.0,1.08
2026-09-14,ATL-HUB,Outbound,Evening,21,Monday,0,0,0,1300,1273,348,1029,322,22,22,21,52,8,36.0,0.942,10,0.8,0.053,487.79,Clear,0,1029,1,0.96,1.0,1.08
2026-09-14,ATL-HUB,Outbound,Night,22,Monday,0,0,0,1340,1313,381,1206,151,26,25,24,52,8,26.6,0.967,0,1.5,0.038,534.62,Clear,0,1206,0,0.96,1.0,1.08
2026-09-14,ATL-HUB,Outbound,Night,23,Monday,0,0,0,1062,1040,315,892,205,20,19,18,53,8,30.0,0.936,3,0.9,0.039,409.21,Storm,0,892,0,0.82,1.0,1.08
2026-09-14,CHI-HUB,Inbound,Morning,6,Monday,0,0,0,1147,1012,279,861,279,20,20,19,47,8,33.8,0.965,7,1.7,0.025,460.75,Clear,0,861,0,0.96,1.0,1.08
2026-09-14,CHI-HUB,Inbound,Morning,7,Monday,0,0,0,1696,1496,352,1262,423,28,28,27,47,8,37.5,0.995,8,1.6,0.038,626.83,Clear,0,1262,0,1.2,1.0,1.08
2026-09-14,CHI-HUB,Inbound,Morning,8,Monday,0,0,1,1844,1627,501,1552,265,36,35,34,47,8,25.0,0.972,7,1.5,0.031,759.94,Clear,0,1552,0,1.2,1.0,1.08
2026-09-14,CHI-HUB,Inbound,Morning,9,Monday,0,0,1,1635,1442,452,1204,405,29,28,27,45,8,37.2,0.992,1,1.7,0.018,606.15,Clear,0,1204,1,1.2,1.0,1.08
2026-09-14,CHI-HUB,Inbound,Morning,10,Monday,0,0,0,1340,1182,258,1005,303,26,25,24,44,8,35.3,0.952,5,1.3,0.052,544.05,Clear,0,1005,1,1.08,1.0,1.08
2026-09-14,CHI-HUB,Inbound,Morning,11,Monday,0,0,0,1267,1118,304,1044,208,24,24,23,47,8,29.6,0.966,0,1.3,0.026,507.27,Clear,0,1044,0,1.08,1.0,1.08
2026-09-14,CHI-HUB,Inbound,Morning,12,Monday,0,0,0,1302,1149,330,1065,211,24,24,23,49,8,26.4,0.945,4,0.7,0.024,503.89,Clear,0,1065,0,0.96,1.0,1.08
2026-09-14,CHI-HUB,Inbound,Morning,13,Monday,0,0,0,1342,1184,356,1135,196,24,23,22,53,8,30.6,0.973,0,1.0,0.046,480.69,Clear,0,1135,0,0.96,1.0,1.08
2026-09-14,CHI-HUB,Inbound,Evening,14,Monday,0,0,0,1081,954,212,803,256,19,19,18,47,8,36.1,0.95,9,1.4,0.028,438.08,Clear,0,803,1,0.96,1.0,1.08
2026-09-14,CHI-HUB,Inbound,Evening,15,Monday,0,0,0,1454,1283,489,1198,241,27,27,26,47,8,26.4,0.98,3,1.3,0.037,578.67,Clear,0,1198,1,1.08,1.0,1.08
2026-09-14,CHI-HUB,Inbound,Evening,16,Monday,0,0,0,1295,1143,369,986,287,23,23,22,46,8,34.1,0.975,4,1.3,0.038,501.06,Clear,0,986,0,1.08,1.0,1.08
2026-09-14,CHI-HUB,Inbound,Evening,17,Monday,0,0,1,1761,1554,519,1394,356,32,31,30,50,8,34.0,0.929,0,1.0,0.03,644.09,Clear,0,1394,0,1.2,1.0,1.08
2026-09-14,CHI-HUB,Inbound,Evening,18,Monday,0,0,1,1721,1519,410,1511,183,33,32,31,51,8,21.2,0.956,5,0.5,0.04,664.88,Clear,0,1511,4,1.2,1.0,1.08
2026-09-14,CHI-HUB,Inbound,Evening,19,Monday,0,0,1,1857,1638,412,1555,281,36,34,33,50,8,25.3,0.943,7,1.3,0.024,735.08,Clear,0,1555,1,1.2,1.0,1.08
2026-09-14,CHI-HUB,Inbound,Evening,20,Monday,0,0,0,1380,1217,390,1206,163,27,27,26,47,8,25.4,0.987,3,0.2,0.031,546.55,Clear,0,1206,1,1.08,1.0,1.08
2026-09-14,CHI-HUB,Inbound,Evening,21,Monday,0,0,0,1191,1051,364,852,319,21,20,19,48,8,40.1,0.935,0,1.9,0.037,444.72,Clear,0,852,1,0.96,1.0,1.08
2026-09-14,CHI-HUB,Inbound,Night,22,Monday,0,0,0,1301,1148,248,1035,262,22,22,21,53,8,31.6,0.93,7,1.3,0.029,491.27,Clear,0,1035,0,0.96,1.0,1.08
2026-09-14,CHI-HUB,Inbound,Night,23,Monday,0,0,0,1133,999,332,851,282,20,20,19,46,8,39.9,0.974,10,1.2,0.029,456.1,Clear,0,851,0,0.82,1.0,1.08
2026-09-14,CHI-HUB,Sortation,Morning,6,Monday,0,0,0,1325,1217,352,1046,309,29,29,28,39,8,34.7,0.959,4,0.7,0.042,602.75,Clear,0,1046,0,0.96,1.0,1.08
2026-09-14,CHI-HUB,Sortation,Morning,7,Monday,0,0,0,1559,1431,351,1222,380,32,32,31,40,8,36.5,0.985,2,1.4,0.028,678.74,Clear,0,1222,1,1.2,1.0,1.08
2026-09-14,CHI-HUB,Sortation,Morning,8,Monday,0,0,1,1907,1751,555,1650,296,42,39,38,46,8,25.4,0.944,5,0.6,0.038,808.83,Clear,0,1650,3,1.2,1.0,1.08
2026-09-14,CHI-HUB,Sortation,Morning,9,Monday,0,0,1,1710,1570,496,1328,407,35,34,33,43,8,34.7,0.936,4,1.4,0.039,726.91,Clear,0,1328,1,1.2,1.0,1.08
2026-09-14,CHI-HUB,Sortation,Morning,10,Monday,0,0,0,1482,1361,456,1140,379,32,32,31,39,8,37.1,0.943,1,1.3,0.032,671.33,Clear,0,1140,2,1.08,1.0,1.08
2026-09-14,CHI-HUB,Sortation,Morning,11,Monday,0,0,0,1445,1327,513,1098,363,32,30,29,40,8,37.9,0.947,8,1.9,0.033,670.85,Clear,0,1098,1,1.08,1.0,1.08
2026-09-14,CHI-HUB,Sortation,Morning,12,Monday,0,0,0,1406,1291,305,1122,321,33,31,30,41,8,35.3,0.913,4,1.2,0.024,660.33,Heavy Rain,0,1122,1,0.96,1.0,1.08
2026-09-14,CHI-HUB,Sortation,Morning,13,Monday,0,0,0,1247,1145,370,1011,258,26,26,25,42,8,32.3,0.963,2,1.1,0.027,547.61,Clear,0,1011,2,0.96,1.0,1.08
2026-09-14,CHI-HUB,Sortation,Evening,14,Monday,0,0,0,1230,1130,334,870,373,27,26,25,39,8,40.3,0.893,3,1.4,0.033,560.26,Rain,0,870,3,0.96,1.0,1.08
2026-09-14,CHI-HUB,Sortation,Evening,15,Monday,0,0,0,1530,1405,393,1199,365,33,32,30,41,8,34.9,0.975,10,1.6,0.054,689.92,Clear,0,1199,2,1.08,1.0,1.08
2026-09-14,CHI-HUB,Sortation,Evening,16,Monday,0,0,0,1266,1162,427,1116,155,29,28,27,44,8,24.8,0.94,6,0.3,0.033,577.36,Clear,0,1116,1,1.08,1.0,1.08
2026-09-14,CHI-HUB,Sortation,Evening,17,Monday,0,0,1,1910,1754,519,1606,345,42,40,38,45,8,29.4,0.94,7,0.4,0.04,809.68,Clear,0,1606,0,1.2,1.0,1.08
2026-09-14,CHI-HUB,Sortation,Evening,18,Monday,0,0,1,1821,1673,343,1411,439,36,35,35,42,8,35.1,0.96,8,1.1,0.014,772.36,Clear,0,1411,2,1.2,1.0,1.08
2026-09-14,CHI-HUB,Sortation,Evening,19,Monday,0,0,1,1890,1736,492,1738,192,43,40,39,46,8,26.0,0.969,5,0.4,0.031,829.37,Storm,0,1738,2,1.2,1.0,1.08
2026-09-14,CHI-HUB,Sortation,Evening,20,Monday,0,0,0,1357,1246,331,1177,219,29,29,28,43,8,29.7,0.978,0,1.5,0.039,612.93,Clear,0,1177,0,1.08,1.0,1.08
2026-09-14,CHI-HUB,Sortation,Evening,21,Monday,0,0,0,1305,1198,341,1150,191,30,28,28,42,8,23.9,0.979,2,1.1,0.01,607.18,Clear,0,1150,1,0.96,1.0,1.08
2026-09-14,CHI-HUB,Sortation,Night,22,Monday,0,0,0,1304,1197,366,1050,286,27,26,24,44,8,32.6,0.994,4,1.1,0.06,535.56,Clear,0,1050,3,0.96,1.0,1.08
2026-09-14,CHI-HUB,Sortation,Night,23,Monday,0,0,0,1061,974,329,921,173,24,23,22,42,8,28.0,0.997,8,1.0,0.057,502.09,Clear,0,921,0,0.82,1.0,1.08
2026-09-14,CHI-HUB,Outbound,Morning,6,Monday,0,0,0,1212,1187,416,1035,208,24,23,22,50,8,32.4,0.941,2,0.4,0.024,471.54,Heavy Rain,0,1035,3,0.96,1.0,1.08
2026-09-14,CHI-HUB,Outbound,Morning,7,Monday,0,0,0,1495,1464,324,1204,346,27,26,26,49,8,35.3,0.945,3,1.2,0.01,577.67,Clear,0,1204,0,1.2,1.0,1.08
2026-09-14,CHI-HUB,Outbound,Morning,8,Monday,0,0,1,1702,1667,338,1523,238,34,32,32,50,8,25.9,0.952,10,0.4,0.011,698.47,Clear,0,1523,2,1.2,1.0,1.08
2026-09-14,CHI-HUB,Outbound,Morning,9,Monday,0,0,1,1748,1712,520,1716,69,34,33,33,52,8,22.6,1.0,1,0.8,0.01,701.21,Clear,0,1716,0,1.2,1.0,1.08
2026-09-14,CHI-HUB,Outbound,Morning,10,Monday,0,0,0,1421,1392,426,1243,204,26,26,25,50,8,26.2,0.995,1,0.5,0.046,530.8,Clear,0,1243,0,1.08,1.0,1.08
2026-09-14,CHI-HUB,Outbound,Morning,11,Monday,0,0,0,1355,1327,279,1028,372,22,22,21,51,8,38.8,0.961,5,1.8,0.045,502.29,Rain,0,1028,3,1.08,1.0,1.08
2026-09-14,CHI-HUB,Outbound,Morning,12,Monday,0,0,0,1157,1133,233,1093,94,23,22,21,54,8,21.8,0.964,0,0.3,0.056,439.16,Clear,0,1093,0,0.96,1.0,1.08
2026-09-14,CHI-HUB,Outbound,Morning,13,Monday,0,0,0,1230,1205,339,1026,230,23,23,22,49,8,31.2,0.952,3,0.4,0.039,472.41,Clear,0,1026,1,0.96,1.0,1.08
2026-09-14,CHI-HUB,Outbound,Evening,14,Monday,0,0,0,1205,1180,404,949,299,22,22,21,48,8,36.1,0.942,5,1.2,0.04,481.24,Clear,0,949,1,0.96,1.0,1.08
2026-09-14,CHI-HUB,Outbound,Evening,15,Monday,0,0,0,1348,1320,394,1163,204,25,24,23,51,8,28.2,0.992,4,0.9,0.031,511.27,Clear,0,1163,3,1.08,1.0,1.08
2026-09-14,CHI-HUB,Outbound,Evening,16,Monday,0,0,0,1468,1438,489,1047,441,26,25,24,48,8,42.7,0.91,9,1.5,0.049,565.76,Clear,0,1047,2,1.08,1.0,1.08
2026-09-14,CHI-HUB,Outbound,Evening,17,Monday,0,0,1,1626,1593,518,1536,133,31,30,30,52,8,24.7,0.985,9,0.8,0.016,666.08,Clear,0,1536,0,1.2,1.0,1.08
2026-09-14,CHI-HUB,Outbound,Evening,18,Monday,0,0,1,1620,1587,335,1342,316,31,29,28,52,8,31.8,0.922,5,0.9,0.038,616.97,Clear,0,1342,1,1.2,1.0,1.08
2026-09-14,CHI-HUB,Outbound,Evening,19,Monday,0,0,1,1582,1550,422,1458,158,30,29,28,54,8,19.9,0.964,4,1.1,0.022,618.67,Clear,0,1458,0,1.2,1.0,1.08
2026-09-14,CHI-HUB,Outbound,Evening,20,Monday,0,0,0,1247,1222,418,970,304,23,23,22,46,8,35.5,0.959,9,1.6,0.055,525.51,Clear,0,970,1,1.08,1.0,1.08
2026-09-14,CHI-HUB,Outbound,Evening,21,Monday,0,0,0,1066,1044,225,828,269,18,18,17,51,8,36.4,0.955,0,1.4,0.044,390.28,Clear,0,828,1,0.96,1.0,1.08
2026-09-14,CHI-HUB,Outbound,Night,22,Monday,0,0,0,1269,1243,324,1092,201,22,22,21,52,8,27.4,1.0,5,1.1,0.051,479.61,Clear,0,1092,0,0.96,1.0,1.08
2026-09-14,CHI-HUB,Outbound,Night,23,Monday,0,0,0,1087,1065,323,931,187,20,19,18,52,8,28.5,0.995,2,0.7,0.028,396.98,Clear,0,931,2,0.82,1.0,1.08
2026-09-14,DAL-HUB,Inbound,Morning,6,Monday,0,0,0,1102,972,292,950,143,20,20,19,50,8,25.5,1.0,2,1.3,0.046,432.76,Clear,0,950,2,0.96,1.0,1.08
2026-09-14,DAL-HUB,Inbound,Morning,7,Monday,0,0,0,1262,1114,387,920,317,21,21,20,46,8,35.0,1.0,4,1.9,0.032,478.28,Clear,0,920,0,1.2,1.0,1.08
2026-09-14,DAL-HUB,Inbound,Morning,8,Monday,0,0,1,1611,1422,503,1355,240,29,29,28,51,8,31.4,0.949,6,0.7,0.029,613.24,Clear,0,1355,0,1.2,1.0,1.08
2026-09-14,DAL-HUB,Inbound,Morning,9,Monday,0,0,1,1451,1280,270,1220,204,26,26,25,51,8,29.5,0.957,6,0.8,0.046,554.71,Clear,0,1220,1,1.2,1.0,1.08
2026-09-14,DAL-HUB,Inbound,Morning,10,Monday,0,0,0,1270,1121,296,1082,169,24,23,22,50,8,28.3,0.984,10,1.3,0.048,519.83,Clear,0,1082,2,1.08,1.0,1.08
2026-09-14,DAL-HUB,Inbound,Morning,11,Monday,0,0,0,1170,1033,353,925,213,23,22,22,43,8,31.7,0.978,0,1.2,0.022,483.26,Clear,0,925,2,1.08,1.0,1.08
2026-09-14,DAL-HUB,Inbound,Morning,12,Monday,0,0,0,1081,954,310,830,233,20,20,19,45,8,32.9,0.972,2,1.4,0.046,435.18,Clear,0,830,1,0.96,1.0,1.08
2026-09-14,DAL-HUB,Inbound,Morning,13,Monday,0,0,0,1047,924,219,799,228,19,18,17,47,8,36.2,1.0,6,1.2,0.035,402.79,Clear,0,799,4,0.96,1.0,1.08
2026-09-14,DAL-HUB,Inbound,Evening,14,Monday,0,0,0,1001,883,222,736,248,16,17,16,47,8,42.0,0.979,9,1.6,0.04,403.28,Clear,0,736,2,0.96,1.0,1.08
2026-09-14,DAL-HUB,Inbound,Evening,15,Monday,0,0,0,1151,1016,373,942,182,24,23,22,44,8,30.3,0.973,1,0.4,0.027,463.72,Clear,0,942,1,1.08,1.0,1.08
2026-09-14,DAL-HUB,Inbound,Evening,16,Monday,0,0,0,1150,1015,305,855,274,21,20,19,48,8,37.2,0.938,4,1.5,0.047,445.6,Clear,0,855,2,1.08,1.0,1.08
2026-09-14,DAL-HUB,Inbound,Evening,17,Monday,0,0,1,1505,1328,310,1113,369,26,26,25,46,8,35.4,0.969,4,1.0,0.034,554.87,Clear,0,1113,2,1.2,1.0,1.08
2026-09-14,DAL-HUB,Inbound,Evening,18,Monday,0,0,1,1558,1375,486,1217,309,29,27,26,49,8,30.3,0.956,1,1.3,0.04,575.75,Rain,0,1217,1,1.2,1.0,1.08
2026-09-14,DAL-HUB,Inbound,Evening,19,Monday,0,0,1,1629,1438,360,1330,282,32,30,29,48,8,32.8,0.956,10,1.3,0.028,664.39,Rain,0,1330,0,1.2,1.0,1.08
2026-09-14,DAL-HUB,Inbound,Evening,20,Monday,0,0,0,1278,1127,270,808,432,21,20,19,46,8,48.2,0.925,3,2.0,0.045,458.65,Clear,0,808,2,1.08,1.0,1.08
2026-09-14,DAL-HUB,Inbound,Evening,21,Monday,0,0,0,1024,903,220,715,298,19,18,18,41,8,39.5,0.969,1,1.6,0.017,417.07,Clear,0,715,0,0.96,1.0,1.08
2026-09-14,DAL-HUB,Inbound,Night,22,Monday,0,0,0,992,875,184,737,246,18,18,17,45,8,37.1,0.964,0,1.1,0.038,381.92,Heavy Rain,0,737,1,0.96,1.0,1.08
2026-09-14,DAL-HUB,Inbound,Night,23,Monday,0,0,0,831,733,283,593,226,16,15,14,46,8,39.0,0.921,7,1.8,0.041,360.47,Clear,0,593,1,0.82,1.0,1.08
2026-09-14,DAL-HUB,Sortation,Morning,6,Monday,0,0,0,1096,1007,279,950,180,24,23,22,44,8,27.2,0.982,0,0.7,0.023,468.74,Clear,0,950,1,0.96,1.0,1.08
2026-09-14,DAL-HUB,Sortation,Morning,7,Monday,0,0,0,1316,1208,321,998,357,27,26,25,40,8,38.8,0.999,9,1.5,0.027,582.47,Clear,0,998,0,1.2,1.0,1.08
2026-09-14,DAL-HUB,Sortation,Morning,8,Monday,0,0,1,1545,1419,524,1374,212,34,34,33,44,8,23.9,0.946,4,0.6,0.038,701.49,Clear,0,1374,2,1.2,1.0,1.08
2026-09-14,DAL-HUB,Sortation,Morning,9,Monday,0,0,1,1451,1332,486,1320,167,34,32,32,43,8,25.9,0.96,5,0.2,0.01,672.26,Clear,0,1320,0,1.2,1.0,1.08
2026-09-14,DAL-HUB,Sortation,Morning,10,Monday,0,0,0,1184,1088,261,1081,143,27,26,25,45,8,25.9,0.961,4,0.8,0.054,544.46,Clear,0,1081,1,1.08,1.0,1.08
2026-09-14,DAL-HUB,Sortation,Morning,11,Monday,0,0,0,1118,1026,277,946,207,24,22,22,43,8,30.3,1.0,5,1.5,0.02,507.54,Clear,0,946,1,1.08,1.0,1.08
2026-09-14,DAL-HUB,Sortation,Morning,12,Monday,0,0,0,1122,1030,311,840,309,22,22,21,40,8,37.9,1.0,4,2.1,0.051,501.71,Clear,0,840,1,0.96,1.0,1.08
2026-09-14,DAL-HUB,Sortation,Morning,13,Monday,0,0,0,1079,991,246,900,205,23,22,21,45,8,30.2,0.953,3,0.9,0.036,464.14,Clear,0,900,2,0.96,1.0,1.08
2026-09-14,DAL-HUB,Sortation,Evening,14,Monday,0,0,0,1053,967,237,823,255,21,21,20,43,8,34.1,0.957,8,1.3,0.041,471.35,Clear,0,823,0,0.96,1.0,1.08
2026-09-14,DAL-HUB,Sortation,Evening,15,Monday,0,0,0,1299,1193,421,1221,118,29,28,28,45,8,23.6,0.969,8,0.6,0.01,612.27,Clear,0,1221,0,1.08,1.0,1.08
2026-09-14,DAL-HUB,Sortation,Evening,16,Monday,0,0,0,1207,1108,404,1017,219,25,24,23,45,8,29.5,0.983,7,0.6,0.035,509.88,Clear,0,1017,1,1.08,1.0,1.08
2026-09-14,DAL-HUB,Sortation,Evening,17,Monday,0,0,1,1409,1294,422,1128,326,31,30,29,40,8,32.9,0.973,4,1.5,0.04,646.18,Clear,0,1128,0,1.2,1.0,1.08
2026-09-14,DAL-HUB,Sortation,Evening,18,Monday,0,0,1,1490,1368,351,1298,227,32,31,31,44,8,27.8,0.952,6,0.9,0.015,676.28,Clear,0,1298,1,1.2,1.0,1.08
2026-09-14,DAL-HUB,Sortation,Evening,19,Monday,0,0,1,1446,1328,478,1128,355,30,29,28,43,8,37.4,0.938,1,1.0,0.035,603.77,Clear,0,1128,0,1.2,1.0,1.08
2026-09-14,DAL-HUB,Sortation,Evening,20,Monday,0,0,0,1256,1153,426,1067,228,28,27,26,42,8,25.7,0.978,1,0.8,0.024,555.68,Clear,0,1067,2,1.08,1.0,1.08
2026-09-14,DAL-HUB,Sortation,Evening,21,Monday,0,0,0,1040,955,221,903,169,23,21,21,43,8,26.4,1.0,7,1.0,0.023,479.02,Clear,0,903,1,0.96,1.0,1.08
2026-09-14,DAL-HUB,Sortation,Night,22,Monday,0,0,0,1123,1031,261,998,146,25,24,24,44,8,26.8,0.945,4,1.1,0.019,533.47,Rain,0,998,1,0.96,1.0,1.08
2026-09-14,DAL-HUB,Sortation,Night,23,Monday,0,0,0,863,792,272,669,226,18,18,17,41,8,35.6,0.961,8,1.4,0.047,412.16,Clear,0,669,1,0.82,1.0,1.08
2026-09-14,DAL-HUB,Outbound,Morning,6,Monday,0,0,0,956,936,232,901,85,19,17,17,53,8,24.7,1.0,9,0.5,0.025,391.87,Clear,0,901,1,0.96,1.0,1.08
2026-09-14,DAL-HUB,Outbound,Morning,7,Monday,0,0,0,1157,1133,340,940,238,20,20,19,53,8,33.0,0.934,4,1.1,0.044,435.36,Clear,0,940,1,1.2,1.0,1.08
2026-09-14,DAL-HUB,Outbound,Morning,8,Monday,0,0,1,1358,1330,386,1053,350,24,23,22,49,8,35.7,0.977,4,1.7,0.058,514.35,Clear,0,1053,1,1.2,1.0,1.08
2026-09-14,DAL-HUB,Outbound,Morning,9,Monday,0,0,1,1418,1389,441,1167,290,27,26,25,48,8,34.0,0.973,2,1.2,0.023,553.55,Clear,0,1167,0,1.2,1.0,1.08
2026-09-14,DAL-HUB,Outbound,Morning,10,Monday,0,0,0,1090,1068,327,787,326,20,20,19,44,8,43.4,0.942,6,1.4,0.053,448.93,Clear,0,787,0,1.08,1.0,1.08
2026-09-14,DAL-HUB,Outbound,Morning,11,Monday,0,0,0,1072,1050,347,1039,58,21,20,20,53,8,24.4,0.98,9,0.0,0.023,438.49,Clear,0,1039,2,1.08,1.0,1.08
2026-09-14,DAL-HUB,Outbound,Morning,12,Monday,0,0,0,967,947,265,746,248,17,17,16,49,8,38.8,0.952,9,1.2,0.043,392.17,Clear,0,746,0,0.96,1.0,1.08
2026-09-14,DAL-HUB,Outbound,Morning,13,Monday,0,0,0,921,902,185,693,241,17,15,15,49,8,35.5,0.944,3,2.0,0.022,375.02,Clear,0,693,0,0.96,1.0,1.08
2026-09-14,DAL-HUB,Outbound,Evening,14,Monday,0,0,0,948,929,212,765,230,16,16,15,51,8,32.5,1.0,6,1.1,0.044,362.01,Heavy Rain,0,765,1,0.96,1.0,1.08
2026-09-14,DAL-HUB,Outbound,Evening,15,Monday,0,0,0,1122,1099,302,851,297,20,19,18,49,8,39.0,0.965,2,1.3,0.041,418.53,Storm,0,851,1,1.08,1.0,1.08
2026-09-14,DAL-HUB,Outbound,Evening,16,Monday,0,0,0,1149,1126,222,851,329,20,19,18,48,8,38.1,0.986,5,1.6,0.034,432.91,Clear,0,851,1,1.08,1.0,1.08
2026-09-14,DAL-HUB,Outbound,Evening,17,Monday,0,0,1,1250,1224,301,1048,231,23,22,21,52,8,32.1,0.96,5,1.4,0.035,487.67,Clear,0,1048,0,1.2,1.0,1.08
2026-09-14,DAL-HUB,Outbound,Evening,18,Monday,0,0,1,1385,1357,268,1079,357,24,25,23,49,8,37.8,0.958,4,1.8,0.064,537.15,Clear,0,1079,1,1.2,1.0,1.08
2026-09-14,DAL-HUB,Outbound,Evening,19,Monday,0,0,1,1354,1326,328,1137,254,26,25,24,48,8,32.4,0.987,2,1.1,0.047,530.08,Clear,0,1137,1,1.2,1.0,1.08
2026-09-14,DAL-HUB,Outbound,Evening,20,Monday,0,0,0,1140,1117,354,842,330,20,19,18,50,8,40.9,0.936,3,1.2,0.044,415.15,Clear,0,842,2,1.08,1.0,1.08
2026-09-14,DAL-HUB,Outbound,Evening,21,Monday,0,0,0,1047,1026,196,714,359,18,18,17,45,8,45.7,0.934,10,1.3,0.056,419.14,Clear,0,714,0,0.96,1.0,1.08
2026-09-14,DAL-HUB,Outbound,Night,22,Monday,0,0,0,1008,987,331,750,292,19,17,17,46,8,35.8,0.96,3,1.8,0.02,413.73,Storm,0,750,0,0.96,1.0,1.08
2026-09-14,DAL-HUB,Outbound,Night,23,Monday,0,0,0,822,805,201,661,165,16,14,14,48,8,30.8,0.985,0,1.1,0.034,318.9,Clear,0,661,4,0.82,1.0,1.08
