date,facility_id,operation,shift,hour_of_day,day_of_week,is_weekend,is_holiday,is_peak_period,inbound_volume,outbound_volume,inventory_volume,processed_volume,backlog_volume,available_workers,scheduled_workers,actual_workers,worker_capacity_per_hour,shift_hours,avg_cycle_time_minutes,equipment_availability,downtime_minutes,overtime_hours,absenteeism_rate,operational_cost,weather_impact,special_event,throughput_packages_per_hour,error_misroute_packages,traffic_hour_factor,weekly_pattern_factor,seasonal_pattern_factor
2026-09-01,ATL-HUB,Inbound,Morning,6,Tuesday,0,0,0,1499,1323,509,734,727,20,20,19,44,8,73.5,0.879,2,2.8,0.048,481.76,Clear,0,734,0,0.96,1.0,1.065
2026-09-01,ATL-HUB,Inbound,Morning,7,Tuesday,0,0,0,1989,1755,413,1258,683,28,28,27,49,8,47.6,0.952,3,2.6,0.051,644.0,Clear,0,1258,0,1.2,1.0,1.065
2026-09-01,ATL-HUB,Inbound,Morning,8,Tuesday,0,0,1,2046,1805,526,1224,785,29,29,28,47,8,55.7,0.93,1,2.0,0.025,641.31,Clear,0,1224,0,1.2,1.0,1.065
2026-09-01,ATL-HUB,Inbound,Morning,9,Tuesday,0,0,1,2247,1982,494,1601,621,32,33,31,52,8,37.7,0.994,3,1.7,0.047,701.35,Clear,0,1601,2,1.2,1.0,1.065
2026-09-01,ATL-HUB,Inbound,Morning,10,Tuesday,0,0,0,1609,1420,467,1013,573,23,22,21,50,8,49.1,0.965,7,2.1,0.05,519.1,Clear,0,1013,1,1.08,1.0,1.065
2026-09-01,ATL-HUB,Inbound,Morning,11,Tuesday,0,0,0,1589,1402,330,940,620,21,20,19,50,8,54.3,0.99,6,2.8,0.036,496.14,Clear,0,940,2,1.08,1.0,1.065
2026-09-01,ATL-HUB,Inbound,Morning,12,Tuesday,0,0,0,1384,1221,343,854,519,21,19,19,48,8,49.2,0.937,4,2.2,0.025,469.33,Clear,0,854,3,0.96,1.0,1.065
2026-09-01,ATL-HUB,Inbound,Morning,13,Tuesday,0,0,0,1420,1253,350,877,525,19,19,18,51,8,51.9,0.956,1,3.1,0.053,466.07,Clear,0,877,3,0.96,1.0,1.065
2026-09-01,ATL-HUB,Inbound,Evening,14,Tuesday,0,0,0,1394,1230,378,751,629,18,18,17,46,8,66.1,0.961,2,3.1,0.029,449.31,Clear,0,751,2,0.96,1.0,1.065
2026-09-01,ATL-HUB,Inbound,Evening,15,Tuesday,0,0,0,1673,1476,527,911,734,22,22,21,46,8,58.0,0.943,1,3.3,0.035,534.64,Clear,0,911,0,1.08,1.0,1.065
2026-09-01,ATL-HUB,Inbound,Evening,16,Tuesday,0,0,0,1751,1545,331,1104,619,23,23,22,52,8,49.7,0.966,8,2.4,0.028,552.71,Clear,0,1104,1,1.08,1.0,1.065
2026-09-01,ATL-HUB,Inbound,Evening,17,Tuesday,0,0,1,2008,1772,422,1234,743,29,28,27,48,8,51.9,0.953,8,2.4,0.045,654.74,Clear,0,1234,0,1.2,1.0,1.065
2026-09-01,ATL-HUB,Inbound,Evening,18,Tuesday,0,0,1,2235,1972,659,1260,933,31,29,28,46,8,58.9,0.979,6,2.9,0.034,685.86,Clear,0,1260,2,1.2,1.0,1.065
2026-09-01,ATL-HUB,Inbound,Evening,19,Tuesday,0,0,1,2083,1838,617,1164,883,28,28,27,47,8,56.9,0.918,5,2.8,0.047,657.67,Clear,0,1164,1,1.2,1.0,1.065
2026-09-01,ATL-HUB,Inbound,Evening,20,Tuesday,0,0,0,1678,1481,357,1059,597,23,23,22,50,8,48.1,0.963,0,1.9,0.038,511.83,Clear,0,1059,4,1.08,1.0,1.065
2026-09-01,ATL-HUB,Inbound,Evening,21,Tuesday,0,0,0,1293,1141,329,832,451,19,18,18,47,8,50.1,0.984,4,2.4,0.027,453.82,Clear,0,832,1,0.96,1.0,1.065
2026-09-01,ATL-HUB,Inbound,Night,22,Tuesday,0,0,0,1497,1321,350,866,603,20,20,19,46,8,58.4,0.991,4,2.7,0.03,485.32,Clear,0,866,0,0.96,1.0,1.065
2026-09-01,ATL-HUB,Inbound,Night,23,Tuesday,0,0,0,1304,1151,369,652,653,17,17,16,43,8,72.3,0.948,9,3.2,0.045,453.42,Clear,0,652,2,0.82,1.0,1.065
2026-09-01,ATL-HUB,Sortation,Morning,6,Tuesday,0,0,0,1537,1412,486,979,589,23,23,22,46,8,50.7,0.968,3,2.2,0.029,528.44,Clear,0,979,1,0.96,1.0,1.065
2026-09-01,ATL-HUB,Sortation,Morning,7,Tuesday,0,0,0,1745,1602,428,978,815,27,26,25,41,8,63.8,0.955,5,2.8,0.051,613.96,Clear,0,978,1,1.2,1.0,1.065
2026-09-01,ATL-HUB,Sortation,Morning,8,Tuesday,0,0,1,2186,2007,488,1448,790,35,34,34,45,8,48.8,0.947,5,2.0,0.01,775.16,Clear,0,1448,2,1.2,1.0,1.065
2026-09-01,ATL-HUB,Sortation,Morning,9,Tuesday,0,0,1,2096,1925,657,1074,1054,31,32,30,38,8,70.6,0.943,2,3.5,0.05,727.9,Clear,0,1074,3,1.2,1.0,1.065
2026-09-01,ATL-HUB,Sortation,Morning,10,Tuesday,0,0,0,1768,1624,389,1227,589,31,31,30,43,8,44.2,0.952,7,2.0,0.027,695.89,Clear,0,1227,1,1.08,1.0,1.065
2026-09-01,ATL-HUB,Sortation,Morning,11,Tuesday,0,0,0,1649,1514,341,1084,589,27,27,26,43,8,47.0,0.97,3,1.7,0.047,594.49,Clear,0,1084,1,1.08,1.0,1.065
2026-09-01,ATL-HUB,Sortation,Morning,12,Tuesday,0,0,0,1482,1361,477,963,563,24,24,23,44,8,49.8,0.952,5,2.4,0.03,558.93,Clear,0,963,3,0.96,1.0,1.065
2026-09-01,ATL-HUB,Sortation,Morning,13,Tuesday,0,0,0,1459,1340,388,979,508,24,24,23,43,8,47.7,0.99,3,1.8,0.049,535.3,Clear,0,979,0,0.96,1.0,1.065
2026-09-01,ATL-HUB,Sortation,Evening,14,Tuesday,0,0,0,1707,1567,445,1152,609,26,26,25,47,8,48.9,0.981,0,2.0,0.024,574.86,Clear,0,1152,1,0.96,1.0,1.065
2026-09-01,ATL-HUB,Sortation,Evening,15,Tuesday,0,0,0,1671,1535,369,1054,641,29,27,26,43,8,47.3,0.943,3,2.4,0.037,614.51,Clear,0,1054,1,1.08,1.0,1.065
2026-09-01,ATL-HUB,Sortation,Evening,16,Tuesday,0,0,0,1835,1685,575,1108,772,31,30,29,41,8,55.4,0.932,2,2.8,0.038,684.01,Clear,0,1108,1,1.08,1.0,1.065
2026-09-01,ATL-HUB,Sortation,Evening,17,Tuesday,0,0,1,2108,1936,434,1211,941,34,33,32,39,8,61.0,0.971,4,3.2,0.023,765.14,Clear,0,1211,0,1.2,1.0,1.065
2026-09-01,ATL-HUB,Sortation,Evening,18,Tuesday,0,0,1,2187,2008,668,1419,817,35,35,33,43,8,49.7,1.0,10,2.6,0.049,788.48,Clear,0,1419,1,1.2,1.0,1.065
2026-09-01,ATL-HUB,Sortation,Evening,19,Tuesday,0,0,1,2185,2007,591,1449,776,38,36,35,43,8,45.3,0.963,10,2.4,0.023,821.84,Clear,0,1449,0,1.2,1.0,1.065
2026-09-01,ATL-HUB,Sortation,Evening,20,Tuesday,0,0,0,1657,1521,348,1142,538,27,27,26,45,8,44.0,0.976,1,2.1,0.036,599.44,Clear,0,1142,2,1.08,1.0,1.065
2026-09-01,ATL-HUB,Sortation,Evening,21,Tuesday,0,0,0,1434,1317,450,879,576,24,24,23,42,8,55.2,0.91,1,2.0,0.049,534.05,Clear,0,879,1,0.96,1.0,1.065
2026-09-01,ATL-HUB,Sortation,Night,22,Tuesday,0,0,0,1541,1415,356,852,743,24,23,22,39,8,67.8,0.993,6,3.3,0.037,568.91,Clear,0,852,2,0.96,1.0,1.065
2026-09-01,ATL-HUB,Sortation,Night,23,Tuesday,0,0,0,1288,1183,456,775,545,19,19,18,45,8,53.2,0.958,4,3.3,0.035,479.87,Clear,0,775,0,0.82,1.0,1.065
2026-09-01,ATL-HUB,Outbound,Morning,6,Tuesday,0,0,0,1324,1297,454,857,485,19,18,18,49,8,50.0,0.972,5,2.4,0.026,458.54,Clear,0,857,2,0.96,1.0,1.065
2026-09-01,ATL-HUB,Outbound,Morning,7,Tuesday,0,0,0,1679,1645,365,1098,624,24,23,22,51,8,50.9,0.979,3,2.4,0.062,536.65,Clear,0,1098,0,1.2,1.0,1.065
2026-09-01,ATL-HUB,Outbound,Morning,8,Tuesday,0,0,1,1820,1783,580,1108,744,28,26,25,47,8,53.1,0.943,8,2.9,0.053,627.74,Clear,0,1108,2,1.2,1.0,1.065
2026-09-01,ATL-HUB,Outbound,Morning,9,Tuesday,0,0,1,2037,1995,557,1244,834,26,26,25,50,8,54.7,0.996,0,2.6,0.028,599.97,Rain,0,1244,0,1.2,1.0,1.065
2026-09-01,ATL-HUB,Outbound,Morning,10,Tuesday,0,0,0,1655,1621,525,974,724,22,22,21,48,8,59.0,0.966,10,3.0,0.045,555.9,Clear,0,974,2,1.08,1.0,1.065
2026-09-01,ATL-HUB,Outbound,Morning,11,Tuesday,0,0,0,1605,1572,371,1009,631,24,23,22,46,8,52.5,0.997,4,3.0,0.026,555.28,Clear,0,1009,2,1.08,1.0,1.065
2026-09-01,ATL-HUB,Outbound,Morning,12,Tuesday,0,0,0,1308,1281,352,796,537,19,18,17,48,8,55.4,0.977,6,3.3,0.045,467.13,Clear,0,796,1,0.96,1.0,1.065
2026-09-01,ATL-HUB,Outbound,Morning,13,Tuesday,0,0,0,1396,1368,310,930,491,19,19,18,52,8,47.7,0.994,2,2.3,0.033,447.45,Clear,0,930,0,0.96,1.0,1.065
2026-09-01,ATL-HUB,Outbound,Evening,14,Tuesday,0,0,0,1525,1494,477,908,650,21,21,20,48,8,55.7,0.946,4,2.4,0.029,498.03,Clear,0,908,1,0.96,1.0,1.065
2026-09-01,ATL-HUB,Outbound,Evening,15,Tuesday,0,0,0,1568,1536,328,1059,545,23,22,21,52,8,47.4,0.97,7,2.2,0.035,522.3,Clear,0,1059,1,1.08,1.0,1.065
2026-09-01,ATL-HUB,Outbound,Evening,16,Tuesday,0,0,0,1510,1479,428,893,644,20,20,19,47,8,58.8,1.0,8,2.9,0.03,505.04,Clear,0,893,1,1.08,1.0,1.065
2026-09-01,ATL-HUB,Outbound,Evening,17,Tuesday,0,0,1,1777,1741,606,941,869,24,24,23,44,8,68.2,0.93,8,3.7,0.032,610.35,Clear,0,941,2,1.2,1.0,1.065
2026-09-01,ATL-HUB,Outbound,Evening,18,Tuesday,0,0,1,1776,1740,330,1008,796,23,23,22,47,8,61.7,0.975,2,3.1,0.037,554.83,Clear,0,1008,2,1.2,1.0,1.065
2026-09-01,ATL-HUB,Outbound,Evening,19,Tuesday,0,0,1,1995,1954,489,1300,741,27,27,26,50,8,49.9,1.0,1,2.7,0.039,622.45,Clear,0,1300,1,1.2,1.0,1.065
2026-09-01,ATL-HUB,Outbound,Evening,20,Tuesday,0,0,0,1644,1610,506,1175,517,24,23,23,52,8,42.2,0.983,6,1.8,0.018,548.3,Clear,0,1175,2,1.08,1.0,1.065
2026-09-01,ATL-HUB,Outbound,Evening,21,Tuesday,0,0,0,1403,1374,274,837,584,19,19,18,49,8,54.0,0.949,2,2.6,0.043,455.98,Clear,0,837,2,0.96,1.0,1.065
2026-09-01,ATL-HUB,Outbound,Night,22,Tuesday,0,0,0,1370,1342,254,869,530,20,19,19,48,8,52.4,0.953,4,2.4,0.01,475.66,Clear,0,869,0,0.96,1.0,1.065
2026-09-01,ATL-HUB,Outbound,Night,23,Tuesday,0,0,0,1188,1164,404,778,418,18,17,17,48,8,45.7,0.954,7,2.5,0.025,448.35,Heavy Rain,0,778,2,0.82,1.0,1.065
2026-09-01,CHI-HUB,Inbound,Morning,6,Tuesday,0,0,0,1358,1198,243,786,559,17,18,17,48,8,55.9,0.964,8,2.8,0.05,459.48,Clear,0,786,0,0.96,1.0,1.065
2026-09-01,CHI-HUB,Inbound,Morning,7,Tuesday,0,0,0,1708,1507,497,1053,640,23,23,22,50,8,50.4,0.958,8,2.5,0.031,554.75,Clear,0,1053,1,1.2,1.0,1.065
2026-09-01,CHI-HUB,Inbound,Morning,8,Tuesday,0,0,1,1826,1611,333,902,895,24,23,22,45,8,71.6,0.912,5,3.4,0.028,578.89,Storm,0,902,1,1.2,1.0,1.065
2026-09-01,CHI-HUB,Inbound,Morning,9,Tuesday,0,0,1,1901,1677,377,1085,771,26,25,24,49,8,54.9,0.923,4,2.1,0.029,579.86,Storm,0,1085,0,1.2,1.0,1.065
2026-09-01,CHI-HUB,Inbound,Morning,10,Tuesday,0,0,0,1489,1314,323,808,669,21,21,20,44,8,66.1,0.919,8,2.6,0.036,514.68,Clear,0,808,3,1.08,1.0,1.065
2026-09-01,CHI-HUB,Inbound,Morning,11,Tuesday,0,0,0,1646,1452,335,1062,552,23,22,22,50,8,45.2,0.966,10,2.2,0.01,555.14,Heavy Rain,0,1062,4,1.08,1.0,1.065
2026-09-01,CHI-HUB,Inbound,Morning,12,Tuesday,0,0,0,1422,1255,262,794,582,18,18,17,49,8,59.6,0.953,5,2.7,0.05,448.21,Clear,0,794,3,0.96,1.0,1.065
2026-09-01,CHI-HUB,Inbound,Morning,13,Tuesday,0,0,0,1281,1130,282,674,585,18,17,16,45,8,65.3,0.936,3,3.4,0.037,439.41,Clear,0,674,1,0.96,1.0,1.065
2026-09-01,CHI-HUB,Inbound,Evening,14,Tuesday,0,0,0,1336,1179,270,674,610,18,18,17,42,8,70.9,0.945,1,3.6,0.049,459.08,Clear,0,674,1,0.96,1.0,1.065
2026-09-01,CHI-HUB,Inbound,Evening,15,Tuesday,0,0,0,1598,1410,475,1032,529,23,22,21,51,8,46.8,0.964,0,2.1,0.035,496.51,Clear,0,1032,0,1.08,1.0,1.065
2026-09-01,CHI-HUB,Inbound,Evening,16,Tuesday,0,0,0,1537,1356,519,948,563,20,20,19,50,8,50.1,0.999,1,2.5,0.032,470.83,Clear,0,948,1,1.08,1.0,1.065
2026-09-01,CHI-HUB,Inbound,Evening,17,Tuesday,0,0,1,2069,1826,524,1213,834,27,27,26,49,8,52.1,0.953,3,2.9,0.038,634.32,Clear,0,1213,0,1.2,1.0,1.065
2026-09-01,CHI-HUB,Inbound,Evening,18,Tuesday,0,0,1,1854,1636,383,1088,735,24,24,23,48,8,57.6,0.986,4,3.2,0.043,583.62,Clear,0,1088,2,1.2,1.0,1.065
2026-09-01,CHI-HUB,Inbound,Evening,19,Tuesday,0,0,1,2041,1800,652,1266,738,29,27,27,49,8,46.3,0.957,2,2.2,0.013,634.84,Heavy Rain,0,1266,0,1.2,1.0,1.065
2026-09-01,CHI-HUB,Inbound,Evening,20,Tuesday,0,0,0,1570,1386,369,925,622,20,21,20,48,8,55.8,0.964,4,2.5,0.039,500.52,Clear,0,925,1,1.08,1.0,1.065
2026-09-01,CHI-HUB,Inbound,Evening,21,Tuesday,0,0,0,1347,1188,338,875,452,20,19,18,50,8,44.6,0.973,3,2.7,0.037,459.98,Clear,0,875,1,0.96,1.0,1.065
2026-09-01,CHI-HUB,Inbound,Night,22,Tuesday,0,0,0,1383,1220,314,803,553,18,18,17,48,8,53.9,0.985,9,3.0,0.063,468.71,Clear,0,803,0,0.96,1.0,1.065
2026-09-01,CHI-HUB,Inbound,Night,23,Tuesday,0,0,0,1161,1025,336,712,442,16,16,15,50,8,54.0,0.95,2,2.6,0.045,392.2,Clear,0,712,1,0.82,1.0,1.065
2026-09-01,CHI-HUB,Sortation,Morning,6,Tuesday,0,0,0,1388,1275,396,824,608,21,21,20,43,8,59.6,0.959,2,2.9,0.032,503.11,Clear,0,824,1,0.96,1.0,1.065
2026-09-01,CHI-HUB,Sortation,Morning,7,Tuesday,0,0,0,1621,1489,434,975,688,25,25,24,43,8,58.5,0.946,8,2.1,0.022,582.19,Clear,0,975,0,1.2,1.0,1.065
2026-09-01,CHI-HUB,Sortation,Morning,8,Tuesday,0,0,1,2002,1838,450,1294,761,35,32,31,45,8,47.8,0.928,2,2.7,0.035,723.27,Clear,0,1294,0,1.2,1.0,1.065
2026-09-01,CHI-HUB,Sortation,Morning,9,Tuesday,0,0,1,1898,1743,375,1175,748,29,29,27,45,8,51.9,0.967,5,2.8,0.062,655.77,Clear,0,1175,0,1.2,1.0,1.065
2026-09-01,CHI-HUB,Sortation,Morning,10,Tuesday,0,0,0,1558,1431,399,941,657,26,25,24,40,8,57.6,0.981,5,3.2,0.022,602.22,Clear,0,941,1,1.08,1.0,1.065
2026-09-01,CHI-HUB,Sortation,Morning,11,Tuesday,0,0,0,1415,1299,322,868,578,22,22,21,44,8,54.5,0.939,3,2.9,0.063,526.29,Clear,0,868,0,1.08,1.0,1.065
2026-09-01,CHI-HUB,Sortation,Morning,12,Tuesday,0,0,0,1470,1350,430,877,607,23,22,22,43,8,57.7,0.927,2,2.6,0.012,535.2,Clear,0,877,2,0.96,1.0,1.065
2026-09-01,CHI-HUB,Sortation,Morning,13,Tuesday,0,0,0,1455,1336,365,901,583,24,23,22,44,8,53.6,0.932,7,2.5,0.031,548.13,Clear,0,901,0,0.96,1.0,1.065
2026-09-01,CHI-HUB,Sortation,Evening,14,Tuesday,0,0,0,1397,1283,330,801,622,23,22,21,40,8,62.6,0.954,5,3.1,0.037,537.97,Clear,0,801,0,0.96,1.0,1.065
2026-09-01,CHI-HUB,Sortation,Evening,15,Tuesday,0,0,0,1552,1425,351,903,669,24,23,22,42,8,57.8,0.977,9,3.5,0.046,584.31,Clear,0,903,1,1.08,1.0,1.065
2026-09-01,CHI-HUB,Sortation,Evening,16,Tuesday,0,0,0,1542,1416,399,917,656,26,25,24,42,8,54.7,0.91,2,2.0,0.031,558.73,Clear,0,917,1,1.08,1.0,1.065
2026-09-01,CHI-HUB,Sortation,Evening,17,Tuesday,0,0,1,1928,1771,462,1047,945,29,29,28,41,8,70.2,0.912,7,3.3,0.049,696.22,Clear,0,1047,1,1.2,1.0,1.065
2026-09-01,CHI-HUB,Sortation,Evening,18,Tuesday,0,0,1,2133,1959,559,1231,939,35,34,33,41,8,59.0,0.911,8,2.6,0.022,781.09,Clear,0,1231,3,1.2,1.0,1.065
2026-09-01,CHI-HUB,Sortation,Evening,19,Tuesday,0,0,1,1952,1792,630,1362,619,33,31,30,48,8,44.3,0.946,5,2.0,0.029,692.86,Clear,0,1362,2,1.2,1.0,1.065
2026-09-01,CHI-HUB,Sortation,Evening,20,Tuesday,0,0,0,1582,1453,314,958,657,26,25,24,40,8,54.4,0.998,4,3.2,0.036,599.47,Clear,0,958,0,1.08,1.0,1.065
2026-09-01,CHI-HUB,Sortation,Evening,21,Tuesday,0,0,0,1241,1140,360,698,594,19,19,18,41,8,63.1,0.946,3,2.6,0.027,456.21,Clear,0,698,1,0.96,1.0,1.065
2026-09-01,CHI-HUB,Sortation,Night,22,Tuesday,0,0,0,1435,1318,454,908,551,22,22,21,46,8,53.7,0.941,2,2.7,0.037,517.87,Clear,0,908,4,0.96,1.0,1.065
2026-09-01,CHI-HUB,Sortation,Night,23,Tuesday,0,0,0,1141,1048,267,810,358,21,19,19,45,8,40.7,0.948,3,1.5,0.022,443.07,Clear,0,810,1,0.82,1.0,1.065
2026-09-01,CHI-HUB,Outbound,Morning,6,Tuesday,0,0,0,1233,1208,254,736,523,15,15,14,55,8,57.5,0.957,7,2.7,0.049,393.66,Clear,0,736,0,0.96,1.0,1.065
2026-09-01,CHI-HUB,Outbound,Morning,7,Tuesday,0,0,0,1668,1634,424,962,734,22,21,20,49,8,55.6,0.983,8,3.2,0.058,535.85,Clear,0,962,0,1.2,1.0,1.065
2026-09-01,CHI-HUB,Outbound,Morning,8,Tuesday,0,0,1,1897,1858,520,1084,850,25,25,24,46,8,61.1,0.983,7,3.4,0.043,620.45,Clear,0,1084,0,1.2,1.0,1.065
2026-09-01,CHI-HUB,Outbound,Morning,9,Tuesday,0,0,1,1723,1688,325,1070,693,23,23,22,50,8,52.0,0.973,0,2.7,0.024,536.26,Clear,0,1070,0,1.2,1.0,1.065
2026-09-01,CHI-HUB,Outbound,Morning,10,Tuesday,0,0,0,1441,1412,288,887,589,22,21,20,45,8,52.2,0.986,0,3.3,0.042,510.47,Rain,0,887,1,1.08,1.0,1.065
2026-09-01,CHI-HUB,Outbound,Morning,11,Tuesday,0,0,0,1568,1536,313,1122,457,24,22,22,51,8,43.0,1.0,3,2.1,0.01,526.22,Clear,0,1122,2,1.08,1.0,1.065
2026-09-01,CHI-HUB,Outbound,Morning,12,Tuesday,0,0,0,1212,1187,418,637,606,16,16,15,44,8,69.6,0.966,9,3.7,0.039,447.17,Clear,0,637,1,0.96,1.0,1.065
2026-09-01,CHI-HUB,Outbound,Morning,13,Tuesday,0,0,0,1342,1315,377,771,608,20,18,18,47,8,64.2,0.911,3,2.7,0.022,460.86,Clear,0,771,0,0.96,1.0,1.065
2026-09-01,CHI-HUB,Outbound,Evening,14,Tuesday,0,0,0,1203,1178,248,758,473,18,16,16,49,8,50.0,0.968,1,2.5,0.021,407.3,Clear,0,758,1,0.96,1.0,1.065
2026-09-01,CHI-HUB,Outbound,Evening,15,Tuesday,0,0,0,1485,1455,457,927,595,22,21,20,49,8,50.7,0.947,5,2.2,0.035,494.89,Clear,0,927,0,1.08,1.0,1.065
2026-09-01,CHI-HUB,Outbound,Evening,16,Tuesday,0,0,0,1356,1328,444,750,632,18,18,17,47,8,60.6,0.939,1,3.3,0.03,452.01,Clear,0,750,1,1.08,1.0,1.065
2026-09-01,CHI-HUB,Outbound,Evening,17,Tuesday,0,0,1,1746,1710,525,993,789,24,24,23,46,8,60.7,0.939,5,2.9,0.049,577.78,Clear,0,993,2,1.2,1.0,1.065
2026-09-01,CHI-HUB,Outbound,Evening,18,Tuesday,0,0,1,1872,1834,626,1072,843,25,24,23,48,8,60.6,0.972,7,3.0,0.054,591.36,Rain,0,1072,0,1.2,1.0,1.065
2026-09-01,CHI-HUB,Outbound,Evening,19,Tuesday,0,0,1,1711,1676,450,1024,749,25,24,23,46,8,59.7,0.968,10,2.9,0.041,593.13,Clear,0,1024,1,1.2,1.0,1.065
2026-09-01,CHI-HUB,Outbound,Evening,20,Tuesday,0,0,0,1517,1486,432,886,665,19,19,18,50,8,56.7,0.985,1,3.2,0.037,471.66,Clear,0,886,1,1.08,1.0,1.065
2026-09-01,CHI-HUB,Outbound,Evening,21,Tuesday,0,0,0,1338,1311,282,795,566,18,18,17,47,8,57.7,0.996,9,2.8,0.046,464.76,Rain,0,795,1,0.96,1.0,1.065
2026-09-01,CHI-HUB,Outbound,Night,22,Tuesday,0,0,0,1356,1328,372,908,473,19,18,18,52,8,48.7,0.97,8,2.2,0.025,463.11,Clear,0,908,0,0.96,1.0,1.065
2026-09-01,CHI-HUB,Outbound,Night,23,Tuesday,0,0,0,1103,1080,230,628,512,14,14,13,49,8,61.9,0.986,9,3.5,0.036,403.0,Heavy Rain,0,628,0,0.82,1.0,1.065
2026-09-01,DAL-HUB,Inbound,Morning,6,Tuesday,0,0,0,1313,1159,364,840,453,17,18,17,52,8,44.4,0.951,1,2.5,0.048,432.52,Storm,0,840,0,0.96,1.0,1.065
2026-09-01,DAL-HUB,Inbound,Morning,7,Tuesday,0,0,0,1491,1315,280,941,523,20,20,19,50,8,48.5,0.991,10,2.4,0.051,496.02,Clear,0,941,0,1.2,1.0,1.065
2026-09-01,DAL-HUB,Inbound,Morning,8,Tuesday,0,0,1,1520,1341,300,998,509,23,22,21,49,8,42.0,0.97,5,2.1,0.04,511.14,Clear,0,998,2,1.2,1.0,1.065
2026-09-01,DAL-HUB,Inbound,Morning,9,Tuesday,0,0,1,1639,1446,310,915,702,24,23,22,44,8,62.5,0.946,5,3.1,0.058,560.73,Clear,0,915,2,1.2,1.0,1.065
2026-09-01,DAL-HUB,Inbound,Morning,10,Tuesday,0,0,0,1264,1116,305,735,524,18,17,16,49,8,56.8,0.938,1,3.0,0.031,421.52,Clear,0,735,2,1.08,1.0,1.065
2026-09-01,DAL-HUB,Inbound,Morning,11,Tuesday,0,0,0,1406,1241,366,892,501,21,20,19,48,8,51.5,0.978,4,2.3,0.041,472.52,Clear,0,892,2,1.08,1.0,1.065
2026-09-01,DAL-HUB,Inbound,Morning,12,Tuesday,0,0,0,1088,960,281,693,386,16,15,15,48,8,52.6,0.963,9,2.3,0.016,404.91,Clear,0,693,2,0.96,1.0,1.065
2026-09-01,DAL-HUB,Inbound,Morning,13,Tuesday,0,0,0,1152,1017,335,650,474,15,14,14,47,8,59.7,0.988,5,3.3,0.031,401.74,Clear,0,650,1,0.96,1.0,1.065
2026-09-01,DAL-HUB,Inbound,Evening,14,Tuesday,0,0,0,1129,996,382,633,500,14,14,13,50,8,63.1,0.975,5,2.8,0.04,367.83,Clear,0,633,1,0.96,1.0,1.065
2026-09-01,DAL-HUB,Inbound,Evening,15,Tuesday,0,0,0,1339,1181,345,720,617,18,17,17,45,8,69.0,0.942,8,3.4,0.019,480.66,Storm,0,720,1,1.08,1.0,1.065
2026-09-01,DAL-HUB,Inbound,Evening,16,Tuesday,0,0,0,1291,1139,432,845,427,19,18,17,50,8,46.3,0.995,5,1.8,0.035,420.69,Clear,0,845,1,1.08,1.0,1.065
2026-09-01,DAL-HUB,Inbound,Evening,17,Tuesday,0,0,1,1574,1389,335,969,576,23,21,21,49,8,47.9,0.942,5,2.6,0.019,531.65,Storm,0,969,1,1.2,1.0,1.065
2026-09-01,DAL-HUB,Inbound,Evening,18,Tuesday,0,0,1,1567,1383,286,966,579,23,22,21,46,8,50.2,1.0,2,2.4,0.057,516.3,Storm,0,966,0,1.2,1.0,1.065
2026-09-01,DAL-HUB,Inbound,Evening,19,Tuesday,0,0,1,1672,1476,449,1008,622,24,23,22,47,8,52.5,0.976,8,3.2,0.046,573.72,Clear,0,1008,1,1.2,1.0,1.065
2026-09-01,DAL-HUB,Inbound,Evening,20,Tuesday,0,0,0,1315,1161,435,730,553,19,18,17,46,8,58.3,0.934,5,3.0,0.046,454.72,Clear,0,730,0,1.08,1.0,1.065
2026-09-01,DAL-HUB,Inbound,Evening,21,Tuesday,0,0,0,1088,960,235,682,401,15,14,14,49,8,51.6,0.994,0,3.0,0.028,376.21,Clear,0,682,0,0.96,1.0,1.065
2026-09-01,DAL-HUB,Inbound,Night,22,Tuesday,0,0,0,1160,1024,385,693,443,17,16,15,49,8,51.9,0.943,9,2.8,0.041,420.18,Clear,0,693,0,0.96,1.0,1.065
2026-09-01,DAL-HUB,Inbound,Night,23,Tuesday,0,0,0,998,881,307,551,417,13,13,12,48,8,58.1,0.958,3,2.6,0.051,334.02,Clear,0,551,0,0.82,1.0,1.065
2026-09-01,DAL-HUB,Sortation,Morning,6,Tuesday,0,0,0,1386,1273,384,827,589,22,22,21,43,8,58.1,0.916,4,2.5,0.048,517.77,Clear,0,827,1,0.96,1.0,1.065
2026-09-01,DAL-HUB,Sortation,Morning,7,Tuesday,0,0,0,1445,1327,309,857,639,23,22,21,42,8,61.9,0.973,2,2.8,0.026,520.85,Clear,0,857,1,1.2,1.0,1.065
2026-09-01,DAL-HUB,Sortation,Morning,8,Tuesday,0,0,1,1656,1521,469,986,702,26,26,25,41,8,55.8,0.963,6,2.7,0.039,612.72,Clear,0,986,0,1.2,1.0,1.065
2026-09-01,DAL-HUB,Sortation,Morning,9,Tuesday,0,0,1,1638,1504,507,1144,535,29,28,27,45,8,44.7,0.942,6,1.9,0.043,629.0,Clear,0,1144,0,1.2,1.0,1.065
2026-09-01,DAL-HUB,Sortation,Morning,10,Tuesday,0,0,0,1371,1259,413,960,439,26,23,23,44,8,46.5,0.949,6,2.2,0.021,554.48,Clear,0,960,0,1.08,1.0,1.065
2026-09-01,DAL-HUB,Sortation,Morning,11,Tuesday,0,0,0,1371,1259,427,877,543,22,21,20,46,8,55.0,0.954,8,2.5,0.036,510.78,Clear,0,877,1,1.08,1.0,1.065
2026-09-01,DAL-HUB,Sortation,Morning,12,Tuesday,0,0,0,1109,1018,247,700,431,18,17,17,42,8,50.6,0.981,2,2.6,0.029,431.08,Clear,0,700,1,0.96,1.0,1.065
2026-09-01,DAL-HUB,Sortation,Morning,13,Tuesday,0,0,0,1382,1269,358,868,544,23,22,21,43,8,52.8,0.962,0,2.2,0.041,496.5,Clear,0,868,1,0.96,1.0,1.065
2026-09-01,DAL-HUB,Sortation,Evening,14,Tuesday,0,0,0,1243,1142,371,756,523,19,19,18,42,8,56.5,1.0,1,2.4,0.044,444.24,Clear,0,756,1,0.96,1.0,1.065
2026-09-01,DAL-HUB,Sortation,Evening,15,Tuesday,0,0,0,1276,1172,420,825,475,22,20,20,42,8,50.2,0.983,4,2.8,0.02,504.65,Clear,0,825,1,1.08,1.0,1.065
2026-09-01,DAL-HUB,Sortation,Evening,16,Tuesday,0,0,0,1407,1292,326,759,691,22,22,21,39,8,70.8,0.928,7,2.8,0.032,539.25,Heavy Rain,0,759,1,1.08,1.0,1.065
2026-09-01,DAL-HUB,Sortation,Evening,17,Tuesday,0,0,1,1498,1376,287,988,550,26,25,24,43,8,48.0,0.958,4,2.0,0.034,564.32,Clear,0,988,2,1.2,1.0,1.065
2026-09-01,DAL-HUB,Sortation,Evening,18,Tuesday,0,0,1,1666,1530,561,947,757,28,26,25,39,8,63.7,0.971,3,3.4,0.03,622.92,Clear,0,947,1,1.2,1.0,1.065
2026-09-01,DAL-HUB,Sortation,Evening,19,Tuesday,0,0,1,1736,1594,448,1103,684,27,26,25,45,8,51.4,0.981,5,2.8,0.031,613.8,Clear,0,1103,1,1.2,1.0,1.065
2026-09-01,DAL-HUB,Sortation,Evening,20,Tuesday,0,0,0,1274,1170,374,709,592,19,19,18,41,8,62.7,0.961,1,2.8,0.028,456.0,Clear,0,709,0,1.08,1.0,1.065
2026-09-01,DAL-HUB,Sortation,Evening,21,Tuesday,0,0,0,1158,1063,299,808,383,17,18,17,50,8,43.5,0.952,6,2.2,0.043,433.58,Clear,0,808,1,0.96,1.0,1.065
2026-09-01,DAL-HUB,Sortation,Night,22,Tuesday,0,0,0,1186,1089,304,658,566,19,18,18,38,8,65.1,0.963,6,3.5,0.017,490.0,Clear,0,658,0,0.96,1.0,1.065
2026-09-01,DAL-HUB,Sortation,Night,23,Tuesday,0,0,0,1107,1017,216,667,466,17,17,16,43,8,55.0,0.97,0,2.8,0.054,411.96,Rain,0,667,2,0.82,1.0,1.065
2026-09-01,DAL-HUB,Outbound,Morning,6,Tuesday,0,0,0,974,954,303,568,436,13,12,12,48,8,58.5,0.986,10,2.9,0.031,365.09,Clear,0,568,0,0.96,1.0,1.065
2026-09-01,DAL-HUB,Outbound,Morning,7,Tuesday,0,0,0,1434,1405,510,883,583,20,19,19,49,8,56.4,0.949,0,2.3,0.016,461.25,Clear,0,883,1,1.2,1.0,1.065
2026-09-01,DAL-HUB,Outbound,Morning,8,Tuesday,0,0,1,1395,1367,463,827,607,17,18,17,50,8,56.2,0.973,2,3.2,0.04,453.13,Clear,0,827,1,1.2,1.0,1.065
2026-09-01,DAL-HUB,Outbound,Morning,9,Tuesday,0,0,1,1396,1368,465,868,552,19,19,18,49,8,51.8,0.984,1,3.1,0.033,466.65,Clear,0,868,0,1.2,1.0,1.065
2026-09-01,DAL-HUB,Outbound,Morning,10,Tuesday,0,0,0,1226,1201,283,741,501,17,17,16,48,8,58.5,0.966,10,2.8,0.036,447.64,Heavy Rain,0,741,1,1.08,1.0,1.065
2026-09-01,DAL-HUB,Outbound,Morning,11,Tuesday,0,0,0,1099,1077,375,717,429,16,15,14,53,8,49.4,0.967,6,2.0,0.043,368.4,Clear,0,717,4,1.08,1.0,1.065
2026-09-01,DAL-HUB,Outbound,Morning,12,Tuesday,0,0,0,1066,1044,377,698,371,16,15,15,48,8,44.7,0.97,10,2.3,0.022,408.48,Clear,0,698,0,0.96,1.0,1.065
2026-09-01,DAL-HUB,Outbound,Morning,13,Tuesday,0,0,0,1050,1029,193,636,453,14,14,13,49,8,57.4,0.998,1,2.6,0.055,348.8,Clear,0,636,1,0.96,1.0,1.065
2026-09-01,DAL-HUB,Outbound,Evening,14,Tuesday,0,0,0,995,975,222,713,302,15,14,14,55,8,39.9,0.927,6,1.6,0.029,355.29,Clear,0,713,1,0.96,1.0,1.065
2026-09-01,DAL-HUB,Outbound,Evening,15,Tuesday,0,0,0,1192,1168,405,769,434,17,16,16,51,8,51.1,0.943,3,2.5,0.025,413.51,Clear,0,769,2,1.08,1.0,1.065
2026-09-01,DAL-HUB,Outbound,Evening,16,Tuesday,0,0,0,1172,1148,283,640,568,15,15,14,48,8,64.3,0.953,4,3.5,0.04,405.33,Clear,0,640,2,1.08,1.0,1.065
2026-09-01,DAL-HUB,Outbound,Evening,17,Tuesday,0,0,1,1608,1575,448,960,677,22,22,21,47,8,59.4,0.973,6,2.7,0.048,533.84,Clear,0,960,1,1.2,1.0,1.065
2026-09-01,DAL-HUB,Outbound,Evening,18,Tuesday,0,0,1,1571,1539,350,1024,590,21,21,20,54,8,47.1,0.949,7,1.9,0.037,494.47,Clear,0,1024,0,1.2,1.0,1.065
2026-09-01,DAL-HUB,Outbound,Evening,19,Tuesday,0,0,1,1413,1384,327,830,626,17,18,17,49,8,56.4,0.996,1,3.3,0.053,453.06,Clear,0,830,1,1.2,1.0,1.065
2026-09-01,DAL-HUB,Outbound,Evening,20,Tuesday,0,0,0,1269,1243,422,827,474,18,18,17,49,8,48.6,0.994,3,2.1,0.035,423.21,Clear,0,827,1,1.08,1.0,1.065
2026-09-01,DAL-HUB,Outbound,Evening,21,Tuesday,0,0,0,1067,1045,222,587,502,13,14,13,47,8,63.6,0.962,8,3.1,0.037,389.42,Storm,0,587,0,0.96,1.0,1.065
2026-09-01,DAL-HUB,Outbound,Night,22,Tuesday,0,0,0,1040,1019,351,587,488,13,14,13,48,8,66.0,0.941,10,3.0,0.051,388.62,Clear,0,587,0,0.96,1.0,1.065
2026-09-01,DAL-HUB,Outbound,Night,23,Tuesday,0,0,0,869,851,240,593,298,13,12,12,51,8,49.7,0.97,3,2.0,0.035,315.57,Clear,0,593,1,0.82,1.0,1.065
2026-09-02,ATL-HUB,Inbound,Morning,6,Wednesday,0,0,0,1492,1316,368,826,640,20,20,19,45,8,59.0,0.967,0,3.3,0.032,489.23,Clear,0,826,2,0.96,1.0,1.08
2026-09-02,ATL-HUB,Inbound,Morning,7,Wednesday,0,0,0,2010,1773,482,1261,698,30,28,27,49,8,47.2,0.953,7,1.7,0.038,631.98,Clear,0,1261,2,1.2,1.0,1.08
2026-09-02,ATL-HUB,Inbound,Morning,8,Wednesday,0,0,1,2043,1802,531,1277,744,27,27,26,51,8,49.4,0.963,2,2.7,0.022,625.05,Clear,0,1277,0,1.2,1.0,1.08
2026-09-02,ATL-HUB,Inbound,Morning,9,Wednesday,0,0,1,2055,1813,654,1214,804,31,29,28,47,8,54.8,0.923,2,2.9,0.046,669.87,Clear,0,1214,0,1.2,1.0,1.08
2026-09-02,ATL-HUB,Inbound,Morning,10,Wednesday,0,0,0,1579,1394,522,873,689,21,21,20,45,8,58.6,0.97,6,3.2,0.048,526.68,Clear,0,873,2,1.08,1.0,1.08
2026-09-02,ATL-HUB,Inbound,Morning,11,Wednesday,0,0,0,1697,1497,331,1138,527,25,23,23,52,8,43.7,0.952,1,2.1,0.016,540.45,Clear,0,1138,0,1.08,1.0,1.08
2026-09-02,ATL-HUB,Inbound,Morning,12,Wednesday,0,0,0,1565,1381,438,922,618,21,21,20,50,8,54.8,0.922,4,2.8,0.033,508.83,Clear,0,922,1,0.96,1.0,1.08
2026-09-02,ATL-HUB,Inbound,Morning,13,Wednesday,0,0,0,1451,1280,390,932,488,20,20,19,51,8,47.1,0.962,5,1.7,0.039,459.71,Clear,0,932,0,0.96,1.0,1.08
2026-09-02,ATL-HUB,Inbound,Evening,14,Wednesday,0,0,0,1392,1228,282,794,565,17,18,17,47,8,54.9,0.994,3,3.2,0.049,455.27,Clear,0,794,0,0.96,1.0,1.08
2026-09-02,ATL-HUB,Inbound,Evening,15,Wednesday,0,0,0,1675,1478,558,994,643,22,22,21,48,8,53.3,0.987,9,3.0,0.039,551.87,Clear,0,994,1,1.08,1.0,1.08
2026-09-02,ATL-HUB,Inbound,Evening,16,Wednesday,0,0,0,1512,1334,356,893,581,20,20,19,49,8,54.5,0.96,8,2.6,0.029,495.59,Clear,0,893,1,1.08,1.0,1.08
2026-09-02,ATL-HUB,Inbound,Evening,17,Wednesday,0,0,1,1972,1740,425,1158,777,29,28,27,44,8,55.7,0.975,3,2.7,0.022,646.51,Clear,0,1158,1,1.2,1.0,1.08
2026-09-02,ATL-HUB,Inbound,Evening,18,Wednesday,0,0,1,2260,1994,447,1452,768,34,33,32,46,8,46.1,0.987,1,2.1,0.029,725.89,Clear,0,1452,0,1.2,1.0,1.08
2026-09-02,ATL-HUB,Inbound,Evening,19,Wednesday,0,0,1,2038,1799,437,1213,791,31,28,28,47,8,55.1,0.922,7,2.3,0.01,668.78,Clear,0,1213,0,1.2,1.0,1.08
2026-09-02,ATL-HUB,Inbound,Evening,20,Wednesday,0,0,0,1796,1584,429,994,782,24,24,23,44,8,61.5,0.983,3,3.5,0.033,587.8,Clear,0,994,1,1.08,1.0,1.08
2026-09-02,ATL-HUB,Inbound,Evening,21,Wednesday,0,0,0,1500,1323,414,867,619,20,20,19,47,8,56.3,0.972,6,3.5,0.048,514.18,Clear,0,867,1,0.96,1.0,1.08
2026-09-02,ATL-HUB,Inbound,Night,22,Wednesday,0,0,0,1690,1491,555,946,724,23,22,21,47,8,64.5,0.959,6,2.2,0.031,520.13,Clear,0,946,0,0.96,1.0,1.08
2026-09-02,ATL-HUB,Inbound,Night,23,Wednesday,0,0,0,1407,1242,254,887,495,20,19,19,49,8,51.2,0.953,1,2.5,0.026,468.54,Clear,0,887,1,0.82,1.0,1.08
2026-09-02,ATL-HUB,Sortation,Morning,6,Wednesday,0,0,0,1468,1348,401,823,691,21,22,21,40,8,64.0,0.98,9,3.1,0.043,552.06,Clear,0,823,0,0.96,1.0,1.08
2026-09-02,ATL-HUB,Sortation,Morning,7,Wednesday,0,0,0,1859,1707,651,1250,647,33,32,31,43,8,45.8,0.938,8,1.7,0.038,711.85,Clear,0,1250,2,1.2,1.0,1.08
2026-09-02,ATL-HUB,Sortation,Morning,8,Wednesday,0,0,1,2300,2112,614,1465,880,36,37,35,42,8,49.1,0.997,2,2.7,0.043,806.75,Clear,0,1465,0,1.2,1.0,1.08
2026-09-02,ATL-HUB,Sortation,Morning,9,Wednesday,0,0,1,2190,2011,771,1342,890,34,35,33,44,8,54.3,0.925,1,2.3,0.051,751.33,Clear,0,1342,0,1.2,1.0,1.08
2026-09-02,ATL-HUB,Sortation,Morning,10,Wednesday,0,0,0,1691,1553,457,1077,656,29,27,26,44,8,52.6,0.942,4,2.3,0.028,615.27,Clear,0,1077,1,1.08,1.0,1.08
2026-09-02,ATL-HUB,Sortation,Morning,11,Wednesday,0,0,0,1996,1833,484,1242,786,32,31,31,42,8,56.7,0.954,2,2.3,0.01,711.97,Clear,0,1242,2,1.08,1.0,1.08
2026-09-02,ATL-HUB,Sortation,Morning,12,Wednesday,0,0,0,1618,1486,549,895,762,24,24,23,43,8,65.7,0.905,10,3.4,0.041,605.44,Clear,0,895,0,0.96,1.0,1.08
2026-09-02,ATL-HUB,Sortation,Morning,13,Wednesday,0,0,0,1498,1376,356,803,724,23,23,22,39,8,68.3,0.937,4,3.2,0.029,558.92,Clear,0,803,1,0.96,1.0,1.08
2026-09-02,ATL-HUB,Sortation,Evening,14,Wednesday,0,0,0,1495,1373,438,920,605,23,23,22,43,8,54.1,0.974,7,2.5,0.027,548.87,Clear,0,920,2,0.96,1.0,1.08
2026-09-02,ATL-HUB,Sortation,Evening,15,Wednesday,0,0,0,1557,1430,552,907,673,24,23,22,42,8,57.3,0.982,4,3.2,0.034,561.72,Rain,0,907,0,1.08,1.0,1.08
2026-09-02,ATL-HUB,Sortation,Evening,16,Wednesday,0,0,0,1502,1379,332,1010,530,25,24,23,44,8,47.4,0.999,5,2.6,0.021,564.89,Clear,0,1010,0,1.08,1.0,1.08
2026-09-02,ATL-HUB,Sortation,Evening,17,Wednesday,0,0,1,2124,1951,470,1274,901,32,32,30,45,8,55.0,0.944,9,3.4,0.051,748.02,Clear,0,1274,1,1.2,1.0,1.08
2026-09-02,ATL-HUB,Sortation,Evening,18,Wednesday,0,0,1,2176,1998,494,1400,815,38,35,34,44,8,49.1,0.936,1,2.4,0.029,773.38,Clear,0,1400,0,1.2,1.0,1.08
2026-09-02,ATL-HUB,Sortation,Evening,19,Wednesday,0,0,1,2188,2009,577,1480,760,34,34,33,46,8,44.1,0.975,3,2.4,0.017,760.49,Clear,0,1480,1,1.2,1.0,1.08
2026-09-02,ATL-HUB,Sortation,Evening,20,Wednesday,0,0,0,1642,1508,338,950,730,27,25,24,40,8,57.3,0.991,0,3.6,0.037,598.97,Clear,0,950,1,1.08,1.0,1.08
2026-09-02,ATL-HUB,Sortation,Evening,21,Wednesday,0,0,0,1650,1515,321,1084,594,27,27,26,45,8,47.9,0.927,9,1.9,0.03,619.31,Clear,0,1084,1,0.96,1.0,1.08
2026-09-02,ATL-HUB,Sortation,Night,22,Wednesday,0,0,0,1582,1453,519,934,697,25,25,23,43,8,58.5,0.945,3,3.2,0.06,576.77,Clear,0,934,1,0.96,1.0,1.08
2026-09-02,ATL-HUB,Sortation,Night,23,Wednesday,0,0,0,1393,1279,316,873,550,21,20,19,47,8,50.9,0.978,2,3.2,0.029,492.1,Clear,0,873,4,0.82,1.0,1.08
2026-09-02,ATL-HUB,Outbound,Morning,6,Wednesday,0,0,0,1314,1287,296,805,552,19,18,17,50,8,56.1,0.948,6,3.4,0.055,470.04,Clear,0,805,1,0.96,1.0,1.08
2026-09-02,ATL-HUB,Outbound,Morning,7,Wednesday,0,0,0,1743,1707,399,952,839,24,23,22,46,8,67.2,0.941,6,3.1,0.047,567.02,Clear,0,952,2,1.2,1.0,1.08
2026-09-02,ATL-HUB,Outbound,Morning,8,Wednesday,0,0,1,1950,1910,360,1073,921,26,25,24,47,8,62.7,0.952,3,3.2,0.04,603.02,Clear,0,1073,0,1.2,1.0,1.08
2026-09-02,ATL-HUB,Outbound,Morning,9,Wednesday,0,0,1,2102,2059,736,1445,701,30,28,28,54,8,45.7,0.956,7,2.1,0.014,665.81,Clear,0,1445,3,1.2,1.0,1.08
2026-09-02,ATL-HUB,Outbound,Morning,10,Wednesday,0,0,0,1559,1527,443,864,721,20,20,19,47,8,62.7,0.968,0,3.3,0.034,491.54,Clear,0,864,1,1.08,1.0,1.08
2026-09-02,ATL-HUB,Outbound,Morning,11,Wednesday,0,0,0,1721,1686,348,1042,719,23,23,22,49,8,56.8,0.967,7,2.3,0.041,547.43,Clear,0,1042,1,1.08,1.0,1.08
2026-09-02,ATL-HUB,Outbound,Morning,12,Wednesday,0,0,0,1365,1337,478,897,481,20,18,18,52,8,47.7,0.959,10,2.7,0.018,483.67,Clear,0,897,1,0.96,1.0,1.08
2026-09-02,ATL-HUB,Outbound,Morning,13,Wednesday,0,0,0,1399,1370,469,842,591,19,19,18,50,8,56.9,0.936,1,2.5,0.029,449.9,Clear,0,842,0,0.96,1.0,1.08
2026-09-02,ATL-HUB,Outbound,Evening,14,Wednesday,0,0,0,1385,1357,400,805,605,20,19,18,47,8,59.2,0.953,1,3.2,0.032,469.25,Clear,0,805,2,0.96,1.0,1.08
2026-09-02,ATL-HUB,Outbound,Evening,15,Wednesday,0,0,0,1672,1638,319,967,739,25,23,22,48,8,59.3,0.916,5,3.3,0.034,574.27,Storm,0,967,3,1.08,1.0,1.08
2026-09-02,ATL-HUB,Outbound,Evening,16,Wednesday,0,0,0,1518,1487,423,877,679,21,20,19,48,8,61.5,0.962,5,3.0,0.043,498.38,Clear,0,877,2,1.08,1.0,1.08
2026-09-02,ATL-HUB,Outbound,Evening,17,Wednesday,0,0,1,2001,1960,642,1208,836,28,27,26,49,8,58.8,0.949,7,2.8,0.039,644.56,Clear,0,1208,0,1.2,1.0,1.08
2026-09-02,ATL-HUB,Outbound,Evening,18,Wednesday,0,0,1,1841,1803,380,1127,760,25,25,24,49,8,57.8,0.959,3,2.2,0.029,573.02,Clear,0,1127,1,1.2,1.0,1.08
2026-09-02,ATL-HUB,Outbound,Evening,19,Wednesday,0,0,1,1775,1739,569,1044,766,25,23,22,50,8,56.6,0.949,5,3.1,0.045,564.42,Clear,0,1044,0,1.2,1.0,1.08
2026-09-02,ATL-HUB,Outbound,Evening,20,Wednesday,0,0,0,1534,1503,386,924,652,21,21,20,47,8,56.9,0.984,1,3.4,0.04,516.59,Clear,0,924,1,1.08,1.0,1.08
2026-09-02,ATL-HUB,Outbound,Evening,21,Wednesday,0,0,0,1505,1474,282,990,546,20,19,19,53,8,46.0,0.984,4,2.7,0.022,486.55,Clear,0,990,0,0.96,1.0,1.08
2026-09-02,ATL-HUB,Outbound,Night,22,Wednesday,0,0,0,1349,1321,467,798,592,19,18,17,47,8,59.1,1.0,2,3.3,0.043,455.09,Clear,0,798,0,0.96,1.0,1.08
2026-09-02,ATL-HUB,Outbound,Night,23,Wednesday,0,0,0,1253,1227,317,815,482,18,17,17,50,8,46.3,0.959,10,2.9,0.01,467.72,Clear,0,815,1,0.82,1.0,1.08
2026-09-02,CHI-HUB,Inbound,Morning,6,Wednesday,0,0,0,1388,1224,348,810,558,19,19,18,46,8,55.4,0.979,9,3.0,0.056,488.3,Clear,0,810,1,0.96,1.0,1.08
2026-09-02,CHI-HUB,Inbound,Morning,7,Wednesday,0,0,0,1718,1516,517,1097,591,25,24,23,49,8,45.3,0.974,0,2.2,0.031,540.43,Clear,0,1097,0,1.2,1.0,1.08
2026-09-02,CHI-HUB,Inbound,Morning,8,Wednesday,0,0,1,1816,1602,331,1224,561,26,25,24,51,8,40.5,1.0,9,1.5,0.029,570.86,Clear,0,1224,0,1.2,1.0,1.08
2026-09-02,CHI-HUB,Inbound,Morning,9,Wednesday,0,0,1,1782,1573,563,1133,611,24,24,24,50,8,46.3,0.945,4,2.0,0.017,568.26,Clear,0,1133,2,1.2,1.0,1.08
2026-09-02,CHI-HUB,Inbound,Morning,10,Wednesday,0,0,0,1588,1401,329,844,731,22,21,20,45,8,66.3,0.939,9,3.2,0.028,536.43,Clear,0,844,1,1.08,1.0,1.08
2026-09-02,CHI-HUB,Inbound,Morning,11,Wednesday,0,0,0,1549,1367,411,841,681,22,20,20,44,8,63.3,0.956,10,3.1,0.022,536.14,Clear,0,841,2,1.08,1.0,1.08
2026-09-02,CHI-HUB,Inbound,Morning,12,Wednesday,0,0,0,1256,1108,233,816,419,18,18,17,48,8,48.1,1.0,7,2.5,0.04,446.08,Clear,0,816,1,0.96,1.0,1.08
2026-09-02,CHI-HUB,Inbound,Morning,13,Wednesday,0,0,0,1133,999,350,694,416,15,15,15,47,8,48.3,0.984,5,3.2,0.028,418.1,Clear,0,694,2,0.96,1.0,1.08
2026-09-02,CHI-HUB,Inbound,Evening,14,Wednesday,0,0,0,1396,1232,372,797,567,20,18,18,46,8,57.9,0.963,7,3.0,0.014,482.04,Clear,0,797,2,0.96,1.0,1.08
2026-09-02,CHI-HUB,Inbound,Evening,15,Wednesday,0,0,0,1535,1354,277,962,538,23,22,21,50,8,46.1,0.917,0,2.1,0.028,495.39,Clear,0,962,1,1.08,1.0,1.08
2026-09-02,CHI-HUB,Inbound,Evening,16,Wednesday,0,0,0,1439,1269,280,862,556,21,20,19,47,8,53.3,0.966,2,2.4,0.027,469.5,Clear,0,862,1,1.08,1.0,1.08
2026-09-02,CHI-HUB,Inbound,Evening,17,Wednesday,0,0,1,1972,1740,419,1136,822,28,27,26,47,8,56.5,0.93,2,2.3,0.037,612.61,Clear,0,1136,1,1.2,1.0,1.08
2026-09-02,CHI-HUB,Inbound,Evening,18,Wednesday,0,0,1,1928,1701,471,1301,598,27,26,25,55,8,45.6,0.947,2,2.1,0.036,586.74,Clear,0,1301,0,1.2,1.0,1.08
2026-09-02,CHI-HUB,Inbound,Evening,19,Wednesday,0,0,1,1699,1499,321,1118,552,24,23,22,52,8,47.5,0.978,1,2.5,0.035,532.19,Clear,0,1118,0,1.2,1.0,1.08
2026-09-02,CHI-HUB,Inbound,Evening,20,Wednesday,0,0,0,1419,1252,343,886,524,20,20,19,48,8,49.7,0.972,1,2.2,0.04,460.36,Clear,0,886,0,1.08,1.0,1.08
2026-09-02,CHI-HUB,Inbound,Evening,21,Wednesday,0,0,0,1331,1174,361,788,504,18,18,17,48,8,53.8,0.967,4,2.4,0.028,434.99,Clear,0,788,1,0.96,1.0,1.08
2026-09-02,CHI-HUB,Inbound,Night,22,Wednesday,0,0,0,1474,1301,399,902,554,20,19,19,48,8,49.8,0.989,2,2.8,0.023,486.53,Storm,0,902,1,0.96,1.0,1.08
2026-09-02,CHI-HUB,Inbound,Night,23,Wednesday,0,0,0,1259,1111,285,614,625,17,17,16,42,8,73.4,0.914,7,3.9,0.036,465.83,Clear,0,614,2,0.82,1.0,1.08
2026-09-02,CHI-HUB,Sortation,Morning,6,Wednesday,0,0,0,1279,1175,313,833,474,22,21,21,43,8,51.0,0.923,1,2.4,0.024,503.41,Clear,0,833,0,0.96,1.0,1.08
2026-09-02,CHI-HUB,Sortation,Morning,7,Wednesday,0,0,0,1686,1548,537,1029,699,26,26,24,43,8,54.0,0.998,4,2.8,0.059,590.18,Clear,0,1029,0,1.2,1.0,1.08
2026-09-02,CHI-HUB,Sortation,Morning,8,Wednesday,0,0,1,1948,1789,569,1260,724,31,31,29,46,8,48.9,0.945,4,1.9,0.054,667.28,Clear,0,1260,2,1.2,1.0,1.08
2026-09-02,CHI-HUB,Sortation,Morning,9,Wednesday,0,0,1,1909,1753,411,1140,807,31,31,30,38,8,56.1,1.0,6,2.7,0.026,714.86,Clear,0,1140,1,1.2,1.0,1.08
2026-09-02,CHI-HUB,Sortation,Morning,10,Wednesday,0,0,0,1607,1476,329,958,679,27,26,25,41,8,54.9,0.935,7,2.7,0.027,615.02,Clear,0,958,1,1.08,1.0,1.08
2026-09-02,CHI-HUB,Sortation,Morning,11,Wednesday,0,0,0,1707,1567,505,1092,652,31,29,28,39,8,48.4,1.0,10,2.9,0.05,690.56,Clear,0,1092,1,1.08,1.0,1.08
2026-09-02,CHI-HUB,Sortation,Morning,12,Wednesday,0,0,0,1505,1382,476,924,619,24,23,22,42,8,55.9,1.0,9,2.9,0.05,566.65,Clear,0,924,0,0.96,1.0,1.08
2026-09-02,CHI-HUB,Sortation,Morning,13,Wednesday,0,0,0,1422,1306,419,737,711,21,21,20,39,8,70.6,0.945,5,3.9,0.048,541.34,Clear,0,737,0,0.96,1.0,1.08
2026-09-02,CHI-HUB,Sortation,Evening,14,Wednesday,0,0,0,1317,1209,425,680,690,21,20,19,39,8,71.5,0.919,10,4.2,0.038,547.2,Heavy Rain,0,680,3,0.96,1.0,1.08
2026-09-02,CHI-HUB,Sortation,Evening,15,Wednesday,0,0,0,1615,1483,394,1068,584,25,25,24,47,8,49.9,0.947,0,2.4,0.039,564.86,Clear,0,1068,2,1.08,1.0,1.08
2026-09-02,CHI-HUB,Sortation,Evening,16,Wednesday,0,0,0,1460,1341,300,999,469,25,24,24,44,8,43.8,0.946,2,1.8,0.01,551.62,Clear,0,999,1,1.08,1.0,1.08
2026-09-02,CHI-HUB,Sortation,Evening,17,Wednesday,0,0,1,1914,1758,583,1251,717,33,31,30,43,8,47.9,0.97,6,2.4,0.034,706.57,Clear,0,1251,3,1.2,1.0,1.08
2026-09-02,CHI-HUB,Sortation,Evening,18,Wednesday,0,0,1,2210,2030,722,1458,801,38,37,36,43,8,51.5,0.942,7,2.7,0.033,840.61,Clear,0,1458,0,1.2,1.0,1.08
2026-09-02,CHI-HUB,Sortation,Evening,19,Wednesday,0,0,1,2049,1881,399,1343,763,36,34,33,44,8,49.8,0.925,3,2.2,0.034,752.34,Clear,0,1343,1,1.2,1.0,1.08
2026-09-02,CHI-HUB,Sortation,Evening,20,Wednesday,0,0,0,1673,1537,352,1013,695,27,27,26,42,8,55.9,0.928,6,3.0,0.035,640.94,Clear,0,1013,1,1.08,1.0,1.08
2026-09-02,CHI-HUB,Sortation,Evening,21,Wednesday,0,0,0,1593,1463,324,1041,593,25,24,23,48,8,45.9,0.943,7,2.0,0.026,556.17,Clear,0,1041,0,0.96,1.0,1.08
2026-09-02,CHI-HUB,Sortation,Night,22,Wednesday,0,0,0,1403,1288,327,814,622,23,22,21,39,8,60.5,0.994,10,3.5,0.065,565.28,Clear,0,814,1,0.96,1.0,1.08
2026-09-02,CHI-HUB,Sortation,Night,23,Wednesday,0,0,0,1138,1045,271,718,437,18,18,17,44,8,51.8,0.96,9,2.9,0.028,462.42,Clear,0,718,1,0.82,1.0,1.08
2026-09-02,CHI-HUB,Outbound,Morning,6,Wednesday,0,0,0,1290,1264,237,733,577,17,17,16,47,8,59.4,0.976,7,3.5,0.037,456.11,Clear,0,733,1,0.96,1.0,1.08
2026-09-02,CHI-HUB,Outbound,Morning,7,Wednesday,0,0,0,1588,1556,546,1073,560,26,23,23,48,8,49.6,0.973,9,2.5,0.013,576.48,Clear,0,1073,0,1.2,1.0,1.08
2026-09-02,CHI-HUB,Outbound,Morning,8,Wednesday,0,0,1,1979,1939,653,1255,773,29,28,27,49,8,50.8,0.949,5,2.7,0.03,654.46,Clear,0,1255,0,1.2,1.0,1.08
2026-09-02,CHI-HUB,Outbound,Morning,9,Wednesday,0,0,1,1781,1745,548,1275,550,27,26,25,51,8,41.5,1.0,3,1.9,0.047,589.57,Storm,0,1275,0,1.2,1.0,1.08
2026-09-02,CHI-HUB,Outbound,Morning,10,Wednesday,0,0,0,1438,1409,419,852,624,20,20,19,48,8,60.5,0.935,5,2.7,0.029,488.52,Clear,0,852,0,1.08,1.0,1.08
2026-09-02,CHI-HUB,Outbound,Morning,11,Wednesday,0,0,0,1530,1499,292,969,607,21,20,19,51,8,52.9,1.0,8,2.7,0.044,499.82,Clear,0,969,1,1.08,1.0,1.08
2026-09-02,CHI-HUB,Outbound,Morning,12,Wednesday,0,0,0,1317,1290,270,775,577,19,18,17,48,8,58.9,0.95,3,2.7,0.052,440.89,Clear,0,775,0,0.96,1.0,1.08
2026-09-02,CHI-HUB,Outbound,Morning,13,Wednesday,0,0,0,1107,1084,236,743,389,16,15,15,53,8,45.6,0.935,3,2.1,0.029,381.24,Clear,0,743,1,0.96,1.0,1.08
2026-09-02,CHI-HUB,Outbound,Evening,14,Wednesday,0,0,0,1318,1291,260,849,496,17,18,17,52,8,52.0,0.961,1,2.6,0.043,431.71,Clear,0,849,1,0.96,1.0,1.08
2026-09-02,CHI-HUB,Outbound,Evening,15,Wednesday,0,0,0,1425,1396,457,773,698,18,18,17,49,8,69.8,0.928,10,3.5,0.029,487.69,Clear,0,773,1,1.08,1.0,1.08
2026-09-02,CHI-HUB,Outbound,Evening,16,Wednesday,0,0,0,1392,1364,283,938,502,20,19,19,52,8,47.8,0.95,1,1.7,0.013,448.41,Rain,0,938,1,1.08,1.0,1.08
2026-09-02,CHI-HUB,Outbound,Evening,17,Wednesday,0,0,1,1770,1734,446,1018,792,23,23,22,51,8,63.1,0.907,7,3.3,0.027,576.33,Clear,0,1018,1,1.2,1.0,1.08
2026-09-02,CHI-HUB,Outbound,Evening,18,Wednesday,0,0,1,1683,1649,466,1002,712,23,23,22,49,8,56.0,0.93,3,2.8,0.044,547.92,Clear,0,1002,0,1.2,1.0,1.08
2026-09-02,CHI-HUB,Outbound,Evening,19,Wednesday,0,0,1,1879,1841,387,1012,901,26,26,25,44,8,64.0,0.921,2,3.4,0.032,623.62,Clear,0,1012,1,1.2,1.0,1.08
2026-09-02,CHI-HUB,Outbound,Evening,20,Wednesday,0,0,0,1388,1360,366,917,501,19,19,18,52,8,47.4,0.98,1,2.7,0.033,455.31,Clear,0,917,0,1.08,1.0,1.08
2026-09-02,CHI-HUB,Outbound,Evening,21,Wednesday,0,0,0,1274,1248,347,757,528,17,18,17,48,8,55.5,0.928,2,2.9,0.041,445.31,Heavy Rain,0,757,1,0.96,1.0,1.08
2026-09-02,CHI-HUB,Outbound,Night,22,Wednesday,0,0,0,1293,1267,363,754,563,16,17,16,48,8,56.5,0.982,9,3.0,0.064,448.56,Clear,0,754,1,0.96,1.0,1.08
2026-09-02,CHI-HUB,Outbound,Night,23,Wednesday,0,0,0,1061,1039,259,663,427,14,14,13,51,8,51.7,1.0,2,2.9,0.039,360.59,Clear,0,663,1,0.82,1.0,1.08
2026-09-02,DAL-HUB,Inbound,Morning,6,Wednesday,0,0,0,1186,1046,267,706,459,18,17,16,46,8,54.3,0.96,5,2.3,0.048,417.52,Storm,0,706,1,0.96,1.0,1.08
2026-09-02,DAL-HUB,Inbound,Morning,7,Wednesday,0,0,0,1399,1234,336,775,606,18,18,17,48,8,60.6,0.951,3,2.8,0.05,444.2,Clear,0,775,1,1.2,1.0,1.08
2026-09-02,DAL-HUB,Inbound,Morning,8,Wednesday,0,0,1,1694,1494,440,1179,479,26,24,24,52,8,36.3,0.945,3,1.8,0.016,557.9,Clear,0,1179,1,1.2,1.0,1.08
2026-09-02,DAL-HUB,Inbound,Morning,9,Wednesday,0,0,1,1656,1461,356,904,726,23,23,22,45,8,63.2,0.913,7,3.0,0.022,564.63,Clear,0,904,0,1.2,1.0,1.08
2026-09-02,DAL-HUB,Inbound,Morning,10,Wednesday,0,0,0,1373,1212,372,785,586,20,19,19,44,8,57.2,0.94,8,3.0,0.018,504.35,Clear,0,785,1,1.08,1.0,1.08
2026-09-02,DAL-HUB,Inbound,Morning,11,Wednesday,0,0,0,1230,1085,251,681,532,16,16,15,47,8,61.0,0.967,0,3.3,0.049,406.61,Clear,0,681,2,1.08,1.0,1.08
2026-09-02,DAL-HUB,Inbound,Morning,12,Wednesday,0,0,0,1153,1017,347,576,554,15,15,14,44,8,71.6,0.935,3,3.4,0.034,398.16,Clear,0,576,0,0.96,1.0,1.08
2026-09-02,DAL-HUB,Inbound,Morning,13,Wednesday,0,0,0,1149,1014,209,697,437,17,15,15,49,8,52.6,0.949,9,2.1,0.029,400.39,Clear,0,697,1,0.96,1.0,1.08
2026-09-02,DAL-HUB,Inbound,Evening,14,Wednesday,0,0,0,1156,1020,226,746,401,17,16,16,49,8,47.6,0.953,4,2.3,0.024,409.61,Clear,0,746,0,0.96,1.0,1.08
2026-09-02,DAL-HUB,Inbound,Evening,15,Wednesday,0,0,0,1295,1143,317,612,662,15,16,15,42,8,77.6,0.972,4,4.8,0.039,462.56,Clear,0,612,1,1.08,1.0,1.08
2026-09-02,DAL-HUB,Inbound,Evening,16,Wednesday,0,0,0,1394,1230,441,874,473,19,19,18,51,8,48.7,0.952,10,2.2,0.029,469.21,Clear,0,874,2,1.08,1.0,1.08
2026-09-02,DAL-HUB,Inbound,Evening,17,Wednesday,0,0,1,1699,1499,360,1071,609,23,23,22,50,8,48.5,0.974,3,2.1,0.049,527.39,Clear,0,1071,1,1.2,1.0,1.08
2026-09-02,DAL-HUB,Inbound,Evening,18,Wednesday,0,0,1,1702,1502,329,1057,610,26,24,23,47,8,49.1,0.978,5,2.5,0.022,564.54,Clear,0,1057,1,1.2,1.0,1.08
2026-09-02,DAL-HUB,Inbound,Evening,19,Wednesday,0,0,1,1485,1310,355,831,625,20,20,19,45,8,57.8,0.972,7,2.8,0.037,497.51,Clear,0,831,3,1.2,1.0,1.08
2026-09-02,DAL-HUB,Inbound,Evening,20,Wednesday,0,0,0,1309,1155,312,860,434,20,18,18,50,8,48.0,0.956,10,1.6,0.023,450.91,Clear,0,860,0,1.08,1.0,1.08
2026-09-02,DAL-HUB,Inbound,Evening,21,Wednesday,0,0,0,1202,1061,277,709,473,17,16,16,48,8,51.1,0.924,4,2.4,0.015,413.22,Clear,0,709,1,0.96,1.0,1.08
2026-09-02,DAL-HUB,Inbound,Night,22,Wednesday,0,0,0,1081,954,315,700,382,14,14,14,50,8,47.2,1.0,8,2.4,0.032,384.88,Clear,0,700,3,0.96,1.0,1.08
2026-09-02,DAL-HUB,Inbound,Night,23,Wednesday,0,0,0,960,847,305,501,446,12,13,12,46,8,66.0,0.908,10,2.9,0.05,364.16,Clear,0,501,1,0.82,1.0,1.08
2026-09-02,DAL-HUB,Sortation,Morning,6,Wednesday,0,0,0,1249,1147,387,759,525,21,20,19,42,8,55.7,0.952,10,2.7,0.048,501.05,Clear,0,759,1,0.96,1.0,1.08
2026-09-02,DAL-HUB,Sortation,Morning,7,Wednesday,0,0,0,1541,1415,414,959,627,25,24,23,44,8,54.0,0.948,4,2.5,0.051,559.61,Clear,0,959,0,1.2,1.0,1.08
2026-09-02,DAL-HUB,Sortation,Morning,8,Wednesday,0,0,1,1735,1593,489,1061,745,26,26,25,45,8,54.1,0.943,3,2.8,0.035,613.75,Storm,0,1061,1,1.2,1.0,1.08
2026-09-02,DAL-HUB,Sortation,Morning,9,Wednesday,0,0,1,1872,1719,344,1035,887,30,29,28,40,8,63.9,0.925,10,3.2,0.033,702.0,Clear,0,1035,1,1.2,1.0,1.08
2026-09-02,DAL-HUB,Sortation,Morning,10,Wednesday,0,0,0,1307,1200,446,770,574,21,21,20,42,8,59.3,0.918,8,3.3,0.027,536.81,Storm,0,770,0,1.08,1.0,1.08
2026-09-02,DAL-HUB,Sortation,Morning,11,Wednesday,0,0,0,1311,1204,248,858,479,20,20,20,44,8,49.7,0.976,7,2.5,0.013,506.48,Clear,0,858,1,1.08,1.0,1.08
2026-09-02,DAL-HUB,Sortation,Morning,12,Wednesday,0,0,0,1044,959,310,613,465,17,16,16,39,8,60.3,0.983,10,3.2,0.013,452.79,Clear,0,613,1,0.96,1.0,1.08
2026-09-02,DAL-HUB,Sortation,Morning,13,Wednesday,0,0,0,1251,1149,335,779,508,20,19,18,47,8,51.0,0.921,10,2.3,0.03,470.39,Clear,0,779,4,0.96,1.0,1.08
2026-09-02,DAL-HUB,Sortation,Evening,14,Wednesday,0,0,0,1133,1041,232,686,468,18,18,17,42,8,54.2,0.961,6,2.6,0.039,444.33,Clear,0,686,1,0.96,1.0,1.08
2026-09-02,DAL-HUB,Sortation,Evening,15,Wednesday,0,0,0,1317,1209,391,803,544,21,21,20,43,8,55.8,0.934,6,2.3,0.036,497.79,Clear,0,803,4,1.08,1.0,1.08
2026-09-02,DAL-HUB,Sortation,Evening,16,Wednesday,0,0,0,1286,1181,254,772,552,20,20,19,42,8,59.8,0.969,6,2.9,0.054,494.53,Clear,0,772,0,1.08,1.0,1.08
2026-09-02,DAL-HUB,Sortation,Evening,17,Wednesday,0,0,1,1618,1486,576,1012,660,25,25,24,44,8,53.8,0.959,7,2.4,0.037,587.34,Clear,0,1012,1,1.2,1.0,1.08
2026-09-02,DAL-HUB,Sortation,Evening,18,Wednesday,0,0,1,1732,1591,426,998,781,29,27,26,39,8,59.6,0.984,2,2.9,0.027,626.42,Clear,0,998,2,1.2,1.0,1.08
2026-09-02,DAL-HUB,Sortation,Evening,19,Wednesday,0,0,1,1699,1560,415,1020,720,29,28,27,42,8,58.8,0.9,1,2.9,0.032,642.11,Clear,0,1020,2,1.2,1.0,1.08
2026-09-02,DAL-HUB,Sortation,Evening,20,Wednesday,0,0,0,1250,1148,239,673,595,18,18,17,41,8,68.1,0.967,10,3.3,0.042,478.87,Clear,0,673,0,1.08,1.0,1.08
2026-09-02,DAL-HUB,Sortation,Evening,21,Wednesday,0,0,0,1236,1135,262,754,512,20,20,19,42,8,53.8,0.946,9,2.8,0.048,500.42,Clear,0,754,1,0.96,1.0,1.08
2026-09-02,DAL-HUB,Sortation,Night,22,Wednesday,0,0,0,1253,1151,373,816,446,19,20,19,44,8,47.6,0.976,4,2.1,0.039,465.12,Clear,0,816,0,0.96,1.0,1.08
2026-09-02,DAL-HUB,Sortation,Night,23,Wednesday,0,0,0,1065,978,353,541,557,16,16,15,38,8,73.4,0.95,9,4.3,0.051,461.27,Clear,0,541,0,0.82,1.0,1.08
2026-09-02,DAL-HUB,Outbound,Morning,6,Wednesday,0,0,0,942,923,192,541,423,12,13,12,46,8,58.8,0.981,8,2.5,0.047,346.92,Clear,0,541,2,0.96,1.0,1.08
2026-09-02,DAL-HUB,Outbound,Morning,7,Wednesday,0,0,0,1440,1411,435,875,593,20,19,18,50,8,53.8,0.973,6,3.3,0.044,494.35,Storm,0,875,1,1.2,1.0,1.08
2026-09-02,DAL-HUB,Outbound,Morning,8,Wednesday,0,0,1,1531,1500,486,910,672,21,20,19,50,8,57.2,0.958,1,3.0,0.033,485.83,Clear,0,910,1,1.2,1.0,1.08
2026-09-02,DAL-HUB,Outbound,Morning,9,Wednesday,0,0,1,1511,1480,490,919,636,20,20,19,50,8,55.8,0.967,0,2.1,0.028,457.06,Clear,0,919,3,1.2,1.0,1.08
2026-09-02,DAL-HUB,Outbound,Morning,10,Wednesday,0,0,0,1136,1113,386,704,453,16,16,15,50,8,52.4,0.94,9,2.7,0.047,417.78,Clear,0,704,0,1.08,1.0,1.08
2026-09-02,DAL-HUB,Outbound,Morning,11,Wednesday,0,0,0,1115,1092,239,671,463,17,16,15,48,8,55.4,0.933,8,2.4,0.046,407.01,Rain,0,671,3,1.08,1.0,1.08
2026-09-02,DAL-HUB,Outbound,Morning,12,Wednesday,0,0,0,1050,1029,268,640,448,15,14,14,47,8,53.4,0.974,4,2.6,0.018,379.05,Rain,0,640,2,0.96,1.0,1.08
2026-09-02,DAL-HUB,Outbound,Morning,13,Wednesday,0,0,0,1052,1031,283,615,485,15,14,14,46,8,58.9,0.955,7,2.9,0.033,397.09,Rain,0,615,0,0.96,1.0,1.08
2026-09-02,DAL-HUB,Outbound,Evening,14,Wednesday,0,0,0,1123,1100,219,675,471,16,16,15,45,8,56.7,1.0,6,3.2,0.065,421.93,Clear,0,675,0,0.96,1.0,1.08
2026-09-02,DAL-HUB,Outbound,Evening,15,Wednesday,0,0,0,1270,1244,341,820,474,18,18,17,51,8,50.9,0.947,4,2.0,0.037,423.63,Clear,0,820,1,1.08,1.0,1.08
2026-09-02,DAL-HUB,Outbound,Evening,16,Wednesday,0,0,0,1211,1186,311,957,300,18,17,17,57,8,35.4,0.988,4,1.4,0.027,408.42,Heavy Rain,0,957,1,1.08,1.0,1.08
2026-09-02,DAL-HUB,Outbound,Evening,17,Wednesday,0,0,1,1582,1550,347,912,723,20,20,19,52,8,62.4,0.923,3,2.8,0.032,487.57,Clear,0,912,1,1.2,1.0,1.08
2026-09-02,DAL-HUB,Outbound,Evening,18,Wednesday,0,0,1,1593,1560,384,1081,551,23,22,21,53,8,44.3,0.971,10,2.3,0.043,535.17,Clear,0,1081,0,1.2,1.0,1.08
2026-09-02,DAL-HUB,Outbound,Evening,19,Wednesday,0,0,1,1470,1440,334,921,582,21,20,19,50,8,50.1,0.97,9,2.7,0.033,501.92,Clear,0,921,2,1.2,1.0,1.08
2026-09-02,DAL-HUB,Outbound,Evening,20,Wednesday,0,0,0,1189,1165,412,748,462,16,16,15,52,8,53.9,0.96,8,2.5,0.038,409.95,Clear,0,748,2,1.08,1.0,1.08
2026-09-02,DAL-HUB,Outbound,Evening,21,Wednesday,0,0,0,945,926,281,541,409,13,13,12,47,8,58.5,0.959,2,2.7,0.048,333.37,Clear,0,541,1,0.96,1.0,1.08
2026-09-02,DAL-HUB,Outbound,Night,22,Wednesday,0,0,0,1124,1101,379,749,413,17,17,16,48,8,48.8,0.976,3,2.6,0.039,415.05,Clear,0,749,1,0.96,1.0,1.08
2026-09-02,DAL-HUB,Outbound,Night,23,Wednesday,0,0,0,912,893,307,512,423,12,11,11,48,8,61.8,0.971,0,3.4,0.032,326.46,Clear,0,512,2,0.82,1.0,1.08
2026-09-03,ATL-HUB,Inbound,Morning,6,Thursday,0,0,0,1607,1418,297,813,761,22,21,20,43,8,68.9,0.946,1,3.3,0.043,513.97,Clear,0,813,1,0.96,1.15,1.095
2026-09-03,ATL-HUB,Inbound,Morning,7,Thursday,0,0,0,2391,2110,503,1416,938,34,33,32,47,8,55.3,0.942,0,2.8,0.037,744.61,Clear,0,1416,2,1.2,1.15,1.095
2026-09-03,ATL-HUB,Inbound,Morning,8,Thursday,0,0,1,2311,2039,716,1410,849,31,32,30,47,8,51.6,1.0,3,2.2,0.052,696.99,Clear,0,1410,1,1.2,1.15,1.095
2026-09-03,ATL-HUB,Inbound,Morning,9,Thursday,0,0,1,2047,1806,537,1111,907,30,29,28,43,8,65.1,0.923,9,2.7,0.019,686.53,Clear,0,1111,1,1.2,1.15,1.095
2026-09-03,ATL-HUB,Inbound,Morning,10,Thursday,0,0,0,1927,1701,623,1274,624,27,27,26,49,8,46.0,1.0,5,2.3,0.026,621.42,Clear,0,1274,2,1.08,1.15,1.095
2026-09-03,ATL-HUB,Inbound,Morning,11,Thursday,0,0,0,1880,1659,514,1083,761,24,24,23,51,8,54.3,0.924,4,3.2,0.04,584.09,Clear,0,1083,1,1.08,1.15,1.095
2026-09-03,ATL-HUB,Inbound,Morning,12,Thursday,0,0,0,1789,1578,447,1228,532,26,25,24,53,8,41.6,0.965,9,1.8,0.036,578.77,Clear,0,1228,0,0.96,1.15,1.095
2026-09-03,ATL-HUB,Inbound,Morning,13,Thursday,0,0,0,1955,1725,615,1233,672,28,27,26,48,8,48.8,0.988,1,2.9,0.038,625.91,Clear,0,1233,0,0.96,1.15,1.095
2026-09-03,ATL-HUB,Inbound,Evening,14,Thursday,0,0,0,1690,1491,312,1046,624,23,22,21,50,8,51.3,0.997,5,2.0,0.026,513.12,Rain,0,1046,0,0.96,1.15,1.095
2026-09-03,ATL-HUB,Inbound,Evening,15,Thursday,0,0,0,1961,1730,502,1104,813,28,27,26,46,8,55.9,0.924,3,2.2,0.026,612.81,Clear,0,1104,1,1.08,1.15,1.095
2026-09-03,ATL-HUB,Inbound,Evening,16,Thursday,0,0,0,2123,1873,670,1282,820,30,29,28,48,8,51.4,0.954,0,2.5,0.017,653.48,Clear,0,1282,2,1.08,1.15,1.095
2026-09-03,ATL-HUB,Inbound,Evening,17,Thursday,0,0,1,2387,2106,537,1246,1093,32,30,29,44,8,64.8,0.976,3,3.6,0.039,723.09,Heavy Rain,0,1246,1,1.2,1.15,1.095
2026-09-03,ATL-HUB,Inbound,Evening,18,Thursday,0,0,1,2638,2328,567,1418,1178,37,36,35,41,8,66.7,0.988,2,3.4,0.04,830.67,Clear,0,1418,0,1.2,1.15,1.095
2026-09-03,ATL-HUB,Inbound,Evening,19,Thursday,0,0,1,2742,2420,496,1699,983,39,38,36,48,8,49.6,0.984,4,3.0,0.055,847.2,Clear,0,1699,4,1.2,1.15,1.095
2026-09-03,ATL-HUB,Inbound,Evening,20,Thursday,0,0,0,1914,1689,651,1273,617,28,27,26,52,8,46.1,0.942,10,1.1,0.021,603.59,Clear,0,1273,1,1.08,1.15,1.095
2026-09-03,ATL-HUB,Inbound,Evening,21,Thursday,0,0,0,1698,1498,450,1105,577,23,22,21,55,8,43.7,0.957,10,2.3,0.052,535.87,Clear,0,1105,1,0.96,1.15,1.095
2026-09-03,ATL-HUB,Inbound,Night,22,Thursday,0,0,0,1622,1431,301,911,684,22,22,21,45,8,56.1,0.965,1,3.0,0.027,525.34,Clear,0,911,1,0.96,1.15,1.095
2026-09-03,ATL-HUB,Inbound,Night,23,Thursday,0,0,0,1373,1212,302,856,504,21,19,19,47,8,51.9,0.959,2,2.5,0.019,471.15,Clear,0,856,2,0.82,1.15,1.095
2026-09-03,ATL-HUB,Sortation,Morning,6,Thursday,0,0,0,1800,1653,387,1169,676,31,30,29,41,8,51.0,0.984,9,2.5,0.045,697.37,Clear,0,1169,1,0.96,1.15,1.095
2026-09-03,ATL-HUB,Sortation,Morning,7,Thursday,0,0,0,2478,2276,572,1394,1133,41,39,38,38,8,62.7,0.965,2,3.2,0.036,882.52,Clear,0,1394,0,1.2,1.15,1.095
2026-09-03,ATL-HUB,Sortation,Morning,8,Thursday,0,0,1,2663,2446,783,1493,1214,40,38,37,42,8,63.1,0.961,9,3.0,0.033,883.22,Clear,0,1493,1,1.2,1.15,1.095
2026-09-03,ATL-HUB,Sortation,Morning,9,Thursday,0,0,1,2541,2333,737,1617,974,43,40,39,45,8,53.0,0.922,4,2.6,0.03,892.77,Clear,0,1617,0,1.2,1.15,1.095
2026-09-03,ATL-HUB,Sortation,Morning,10,Thursday,0,0,0,1915,1759,627,1181,774,30,30,29,42,8,52.2,0.97,6,3.0,0.044,710.93,Storm,0,1181,0,1.08,1.15,1.095
2026-09-03,ATL-HUB,Sortation,Morning,11,Thursday,0,0,0,2114,1942,561,1209,959,34,32,31,39,8,59.6,1.0,0,3.0,0.039,727.34,Clear,0,1209,1,1.08,1.15,1.095
2026-09-03,ATL-HUB,Sortation,Morning,12,Thursday,0,0,0,1765,1621,476,1138,665,30,28,28,43,8,47.4,0.945,7,2.7,0.015,680.33,Heavy Rain,0,1138,1,0.96,1.15,1.095
2026-09-03,ATL-HUB,Sortation,Morning,13,Thursday,0,0,0,1715,1575,461,986,762,28,27,26,39,8,60.3,0.973,3,3.0,0.03,632.1,Clear,0,986,1,0.96,1.15,1.095
2026-09-03,ATL-HUB,Sortation,Evening,14,Thursday,0,0,0,1742,1600,548,947,824,27,27,26,39,8,67.3,0.935,1,3.4,0.047,637.4,Clear,0,947,2,0.96,1.15,1.095
2026-09-03,ATL-HUB,Sortation,Evening,15,Thursday,0,0,0,2094,1923,605,1137,1001,33,32,31,41,8,67.0,0.895,1,3.5,0.026,744.17,Clear,0,1137,0,1.08,1.15,1.095
2026-09-03,ATL-HUB,Sortation,Evening,16,Thursday,0,0,0,2053,1885,455,1312,793,35,33,32,41,8,51.8,1.0,3,2.2,0.033,732.91,Clear,0,1312,1,1.08,1.15,1.095
2026-09-03,ATL-HUB,Sortation,Evening,17,Thursday,0,0,1,2569,2359,679,1795,843,44,42,41,46,8,40.9,0.952,1,2.4,0.03,917.1,Clear,0,1795,1,1.2,1.15,1.095
2026-09-03,ATL-HUB,Sortation,Evening,18,Thursday,0,0,1,2800,2572,926,1708,1166,44,44,42,43,8,58.7,0.946,1,2.5,0.043,943.64,Clear,0,1708,3,1.2,1.15,1.095
2026-09-03,ATL-HUB,Sortation,Evening,19,Thursday,0,0,1,2422,2224,566,1300,1165,38,38,36,37,8,66.1,0.977,2,4.1,0.06,876.6,Storm,0,1300,0,1.2,1.15,1.095
2026-09-03,ATL-HUB,Sortation,Evening,20,Thursday,0,0,0,2191,2012,778,1263,966,33,33,31,43,8,60.9,0.948,1,3.0,0.057,731.95,Clear,0,1263,1,1.08,1.15,1.095
2026-09-03,ATL-HUB,Sortation,Evening,21,Thursday,0,0,0,1938,1780,616,1335,656,33,31,31,44,8,47.8,0.979,1,1.8,0.015,697.98,Heavy Rain,0,1335,3,0.96,1.15,1.095
2026-09-03,ATL-HUB,Sortation,Night,22,Thursday,0,0,0,1854,1702,529,1162,735,31,30,29,43,8,51.1,0.933,0,2.3,0.05,663.96,Clear,0,1162,0,0.96,1.15,1.095
2026-09-03,ATL-HUB,Sortation,Night,23,Thursday,0,0,0,1512,1388,415,943,597,25,25,24,42,8,50.0,0.936,8,2.5,0.052,591.37,Clear,0,943,1,0.82,1.15,1.095
2026-09-03,ATL-HUB,Outbound,Morning,6,Thursday,0,0,0,1733,1698,517,1041,736,24,24,23,50,8,56.9,0.906,1,2.4,0.044,550.74,Clear,0,1041,0,0.96,1.15,1.095
2026-09-03,ATL-HUB,Outbound,Morning,7,Thursday,0,0,0,2169,2125,436,1399,819,32,32,30,49,8,49.8,0.952,1,2.4,0.055,695.25,Clear,0,1399,1,1.2,1.15,1.095
2026-09-03,ATL-HUB,Outbound,Morning,8,Thursday,0,0,1,2341,2293,483,1540,866,37,34,33,49,8,47.9,0.952,8,1.9,0.02,765.3,Clear,0,1540,2,1.2,1.15,1.095
2026-09-03,ATL-HUB,Outbound,Morning,9,Thursday,0,0,1,2206,2161,452,1215,1024,29,27,26,49,8,61.1,0.954,8,3.5,0.042,671.14,Clear,0,1215,1,1.2,1.15,1.095
2026-09-03,ATL-HUB,Outbound,Morning,10,Thursday,0,0,0,1671,1637,415,1027,699,24,23,22,49,8,51.2,0.953,4,3.0,0.026,556.51,Clear,0,1027,1,1.08,1.15,1.095
2026-09-03,ATL-HUB,Outbound,Morning,11,Thursday,0,0,0,1722,1687,417,1125,639,24,24,23,49,8,50.2,0.998,5,2.4,0.047,565.24,Rain,0,1125,0,1.08,1.15,1.095
2026-09-03,ATL-HUB,Outbound,Morning,12,Thursday,0,0,0,1629,1596,486,1047,611,24,23,22,50,8,50.9,0.952,7,2.1,0.052,540.13,Clear,0,1047,1,0.96,1.15,1.095
2026-09-03,ATL-HUB,Outbound,Morning,13,Thursday,0,0,0,1600,1567,570,972,674,21,20,19,52,8,56.8,0.984,0,3.2,0.035,493.02,Heavy Rain,0,972,0,0.96,1.15,1.095
2026-09-03,ATL-HUB,Outbound,Evening,14,Thursday,0,0,0,1554,1522,487,843,754,20,20,19,47,8,67.3,0.945,0,3.5,0.06,497.05,Clear,0,843,4,0.96,1.15,1.095
2026-09-03,ATL-HUB,Outbound,Evening,15,Thursday,0,0,0,1969,1929,496,1264,745,30,28,27,48,8,48.2,0.976,1,2.4,0.046,633.08,Clear,0,1264,2,1.08,1.15,1.095
2026-09-03,ATL-HUB,Outbound,Evening,16,Thursday,0,0,0,1967,1927,545,1204,818,29,27,26,49,8,55.5,0.946,9,2.1,0.029,630.74,Clear,0,1204,1,1.08,1.15,1.095
2026-09-03,ATL-HUB,Outbound,Evening,17,Thursday,0,0,1,2267,2221,505,1500,821,33,31,30,50,8,46.8,1.0,4,2.2,0.033,701.05,Clear,0,1500,0,1.2,1.15,1.095
2026-09-03,ATL-HUB,Outbound,Evening,18,Thursday,0,0,1,2152,2108,652,1240,966,27,27,26,51,8,61.2,0.936,9,2.7,0.04,650.93,Clear,0,1240,1,1.2,1.15,1.095
2026-09-03,ATL-HUB,Outbound,Evening,19,Thursday,0,0,1,2210,2165,454,1325,942,30,31,29,48,8,57.1,0.952,1,2.9,0.054,690.51,Clear,0,1325,0,1.2,1.15,1.095
2026-09-03,ATL-HUB,Outbound,Evening,20,Thursday,0,0,0,1913,1874,412,1183,776,26,26,25,49,8,53.8,0.966,0,2.6,0.027,595.45,Clear,0,1183,1,1.08,1.15,1.095
2026-09-03,ATL-HUB,Outbound,Evening,21,Thursday,0,0,0,1636,1603,519,1044,651,25,23,22,49,8,51.7,0.969,2,2.5,0.034,535.46,Clear,0,1044,0,0.96,1.15,1.095
2026-09-03,ATL-HUB,Outbound,Night,22,Thursday,0,0,0,1720,1685,331,1062,710,25,24,23,48,8,53.0,0.962,8,2.7,0.037,581.31,Clear,0,1062,1,0.96,1.15,1.095
2026-09-03,ATL-HUB,Outbound,Night,23,Thursday,0,0,0,1303,1276,398,748,589,18,18,17,44,8,60.0,1.0,7,3.2,0.038,467.44,Clear,0,748,1,0.82,1.15,1.095
2026-09-03,CHI-HUB,Inbound,Morning,6,Thursday,0,0,0,1570,1386,525,935,623,22,22,21,46,8,52.8,0.969,6,3.2,0.053,546.02,Clear,0,935,3,0.96,1.15,1.095
2026-09-03,CHI-HUB,Inbound,Morning,7,Thursday,0,0,0,1939,1710,517,1166,726,26,25,24,51,8,48.5,0.953,5,2.3,0.05,582.62,Clear,0,1166,0,1.2,1.15,1.095
2026-09-03,CHI-HUB,Inbound,Morning,8,Thursday,0,0,1,2369,2090,570,1457,868,32,32,31,48,8,50.8,0.979,1,1.8,0.03,699.91,Clear,0,1457,0,1.2,1.15,1.095
2026-09-03,CHI-HUB,Inbound,Morning,9,Thursday,0,0,1,2297,2026,606,1258,1011,32,30,29,46,8,58.4,0.943,3,2.9,0.048,696.84,Clear,0,1258,1,1.2,1.15,1.095
2026-09-03,CHI-HUB,Inbound,Morning,10,Thursday,0,0,0,1972,1740,605,1144,817,27,28,26,48,8,58.1,0.917,6,2.7,0.061,636.61,Clear,0,1144,0,1.08,1.15,1.095
2026-09-03,CHI-HUB,Inbound,Morning,11,Thursday,0,0,0,1738,1533,465,1042,665,26,23,23,48,8,54.0,0.945,3,2.1,0.01,547.57,Clear,0,1042,0,1.08,1.15,1.095
2026-09-03,CHI-HUB,Inbound,Morning,12,Thursday,0,0,0,1659,1464,384,1080,575,25,24,23,47,8,48.1,0.999,6,2.0,0.051,552.99,Clear,0,1080,2,0.96,1.15,1.095
2026-09-03,CHI-HUB,Inbound,Morning,13,Thursday,0,0,0,1792,1581,549,988,770,23,23,22,47,8,61.7,0.956,0,2.7,0.053,536.23,Clear,0,988,0,0.96,1.15,1.095
2026-09-03,CHI-HUB,Inbound,Evening,14,Thursday,0,0,0,1483,1308,451,878,590,22,21,20,48,8,53.7,0.915,9,2.5,0.049,514.97,Clear,0,878,0,0.96,1.15,1.095
2026-09-03,CHI-HUB,Inbound,Evening,15,Thursday,0,0,0,1897,1674,413,1086,779,27,26,25,45,8,54.7,0.966,4,3.2,0.037,627.4,Heavy Rain,0,1086,0,1.08,1.15,1.095
2026-09-03,CHI-HUB,Inbound,Evening,16,Thursday,0,0,0,1878,1657,529,1100,750,26,26,25,47,8,54.1,0.937,5,2.8,0.027,615.06,Clear,0,1100,3,1.08,1.15,1.095
2026-09-03,CHI-HUB,Inbound,Evening,17,Thursday,0,0,1,2285,2016,627,1429,816,32,31,29,51,8,53.1,0.967,10,3.0,0.05,724.26,Rain,0,1429,1,1.2,1.15,1.095
2026-09-03,CHI-HUB,Inbound,Evening,18,Thursday,0,0,1,2206,1946,405,1199,964,30,29,28,47,8,64.4,0.911,3,2.9,0.026,675.73,Clear,0,1199,0,1.2,1.15,1.095
2026-09-03,CHI-HUB,Inbound,Evening,19,Thursday,0,0,1,2217,1956,501,1274,901,33,31,30,45,8,56.9,0.944,2,3.3,0.043,722.93,Clear,0,1274,2,1.2,1.15,1.095
2026-09-03,CHI-HUB,Inbound,Evening,20,Thursday,0,0,0,1714,1512,476,1026,642,23,23,22,48,8,54.0,0.972,1,2.9,0.047,543.66,Clear,0,1026,1,1.08,1.15,1.095
2026-09-03,CHI-HUB,Inbound,Evening,21,Thursday,0,0,0,1573,1388,290,1002,548,23,22,21,49,8,49.8,0.974,8,2.7,0.042,538.47,Clear,0,1002,1,0.96,1.15,1.095
2026-09-03,CHI-HUB,Inbound,Night,22,Thursday,0,0,0,1699,1499,565,1126,549,25,24,24,48,8,41.5,0.978,8,2.9,0.019,604.79,Clear,0,1126,1,0.96,1.15,1.095
2026-09-03,CHI-HUB,Inbound,Night,23,Thursday,0,0,0,1383,1220,278,812,560,19,18,17,50,8,53.0,0.956,0,2.6,0.05,428.71,Clear,0,812,1,0.82,1.15,1.095
2026-09-03,CHI-HUB,Sortation,Morning,6,Thursday,0,0,0,1764,1620,597,1027,783,29,29,28,39,8,60.7,0.941,8,3.0,0.04,688.0,Clear,0,1027,0,0.96,1.15,1.095
2026-09-03,CHI-HUB,Sortation,Morning,7,Thursday,0,0,0,1869,1717,442,1165,738,30,29,29,42,8,51.6,0.957,3,2.1,0.01,668.24,Clear,0,1165,0,1.2,1.15,1.095
2026-09-03,CHI-HUB,Sortation,Morning,8,Thursday,0,0,1,2119,1946,719,1290,871,37,35,33,41,8,55.9,0.954,7,2.6,0.051,777.63,Clear,0,1290,0,1.2,1.15,1.095
2026-09-03,CHI-HUB,Sortation,Morning,9,Thursday,0,0,1,2120,1947,636,1471,710,35,34,33,46,8,44.3,0.969,3,2.3,0.033,756.45,Clear,0,1471,1,1.2,1.15,1.095
2026-09-03,CHI-HUB,Sortation,Morning,10,Thursday,0,0,0,1800,1653,585,1105,734,30,28,27,43,8,54.0,0.952,4,2.5,0.044,642.37,Clear,0,1105,0,1.08,1.15,1.095
2026-09-03,CHI-HUB,Sortation,Morning,11,Thursday,0,0,0,1750,1607,362,1117,669,26,26,25,47,8,53.1,0.951,4,2.6,0.034,605.25,Clear,0,1117,0,1.08,1.15,1.095
2026-09-03,CHI-HUB,Sortation,Morning,12,Thursday,0,0,0,1757,1613,543,1131,666,27,27,26,46,8,48.6,0.946,1,2.5,0.041,612.47,Clear,0,1131,0,0.96,1.15,1.095
2026-09-03,CHI-HUB,Sortation,Morning,13,Thursday,0,0,0,1717,1577,512,1098,659,28,28,27,42,8,49.9,0.969,0,2.9,0.03,639.25,Clear,0,1098,0,0.96,1.15,1.095
2026-09-03,CHI-HUB,Sortation,Evening,14,Thursday,0,0,0,1919,1763,597,1192,765,31,31,30,41,8,56.6,0.97,1,2.5,0.02,693.46,Clear,0,1192,0,0.96,1.15,1.095
2026-09-03,CHI-HUB,Sortation,Evening,15,Thursday,0,0,0,1748,1605,548,1045,748,28,27,26,41,8,58.5,0.981,0,3.0,0.024,623.11,Clear,0,1045,5,1.08,1.15,1.095
2026-09-03,CHI-HUB,Sortation,Evening,16,Thursday,0,0,0,1772,1628,517,996,800,27,27,26,41,8,61.7,0.935,0,3.2,0.034,629.16,Clear,0,996,0,1.08,1.15,1.095
2026-09-03,CHI-HUB,Sortation,Evening,17,Thursday,0,0,1,2440,2241,808,1536,978,42,40,38,42,8,52.9,0.962,9,2.6,0.039,887.42,Clear,0,1536,3,1.2,1.15,1.095
2026-09-03,CHI-HUB,Sortation,Evening,18,Thursday,0,0,1,2364,2171,467,1424,996,37,37,35,43,8,54.9,0.946,6,2.0,0.049,801.13,Clear,0,1424,0,1.2,1.15,1.095
2026-09-03,CHI-HUB,Sortation,Evening,19,Thursday,0,0,1,2276,2090,581,1254,1096,38,36,34,38,8,65.0,0.971,3,3.7,0.046,818.01,Clear,0,1254,1,1.2,1.15,1.095
2026-09-03,CHI-HUB,Sortation,Evening,20,Thursday,0,0,0,1793,1647,385,1069,754,32,30,29,39,8,59.5,0.946,3,2.8,0.026,686.44,Clear,0,1069,0,1.08,1.15,1.095
2026-09-03,CHI-HUB,Sortation,Evening,21,Thursday,0,0,0,1610,1478,356,1033,614,27,27,26,43,8,49.3,0.925,6,1.9,0.028,608.97,Clear,0,1033,0,0.96,1.15,1.095
2026-09-03,CHI-HUB,Sortation,Night,22,Thursday,0,0,0,1692,1554,396,1135,590,29,27,26,45,8,46.3,0.97,3,1.8,0.037,598.09,Clear,0,1135,2,0.96,1.15,1.095
2026-09-03,CHI-HUB,Sortation,Night,23,Thursday,0,0,0,1248,1146,255,875,401,22,21,20,46,8,46.1,0.952,9,2.1,0.028,500.53,Clear,0,875,0,0.82,1.15,1.095
2026-09-03,CHI-HUB,Outbound,Morning,6,Thursday,0,0,0,1499,1468,397,917,605,22,20,20,48,8,57.3,0.956,0,2.7,0.022,493.14,Clear,0,917,1,0.96,1.15,1.095
2026-09-03,CHI-HUB,Outbound,Morning,7,Thursday,0,0,0,1800,1763,468,1019,826,24,24,23,48,8,61.8,0.923,3,3.5,0.024,589.17,Clear,0,1019,1,1.2,1.15,1.095
2026-09-03,CHI-HUB,Outbound,Morning,8,Thursday,0,0,1,2057,2015,651,1254,846,28,27,26,52,8,55.5,0.928,4,2.2,0.022,619.18,Clear,0,1254,2,1.2,1.15,1.095
2026-09-03,CHI-HUB,Outbound,Morning,9,Thursday,0,0,1,2242,2196,577,1420,877,30,29,28,52,8,50.8,0.976,0,3.0,0.039,671.18,Clear,0,1420,0,1.2,1.15,1.095
2026-09-03,CHI-HUB,Outbound,Morning,10,Thursday,0,0,0,1655,1621,576,1070,605,24,23,22,52,8,49.3,0.935,9,1.6,0.034,533.0,Clear,0,1070,1,1.08,1.15,1.095
2026-09-03,CHI-HUB,Outbound,Morning,11,Thursday,0,0,0,1675,1641,415,1018,718,23,22,22,47,8,55.9,0.985,2,2.9,0.017,547.38,Clear,0,1018,3,1.08,1.15,1.095
2026-09-03,CHI-HUB,Outbound,Morning,12,Thursday,0,0,0,1435,1406,512,839,633,18,18,17,52,8,56.5,0.949,9,3.0,0.033,470.67,Clear,0,839,0,0.96,1.15,1.095
2026-09-03,CHI-HUB,Outbound,Morning,13,Thursday,0,0,0,1525,1494,484,873,686,21,20,20,47,8,62.5,0.93,1,3.1,0.017,511.39,Heavy Rain,0,873,2,0.96,1.15,1.095
2026-09-03,CHI-HUB,Outbound,Evening,14,Thursday,0,0,0,1593,1560,494,947,678,22,22,21,48,8,55.9,0.94,4,2.8,0.038,529.97,Clear,0,947,0,0.96,1.15,1.095
2026-09-03,CHI-HUB,Outbound,Evening,15,Thursday,0,0,0,1712,1677,417,1064,698,21,22,21,53,8,54.4,0.956,6,2.1,0.037,518.95,Clear,0,1064,2,1.08,1.15,1.095
2026-09-03,CHI-HUB,Outbound,Evening,16,Thursday,0,0,0,1506,1475,376,984,561,21,19,19,55,8,48.9,0.942,9,2.9,0.02,508.17,Clear,0,984,0,1.08,1.15,1.095
2026-09-03,CHI-HUB,Outbound,Evening,17,Thursday,0,0,1,2002,1961,619,1193,862,30,28,27,48,8,56.9,0.921,2,2.9,0.045,650.87,Clear,0,1193,1,1.2,1.15,1.095
2026-09-03,CHI-HUB,Outbound,Evening,18,Thursday,0,0,1,2138,2094,556,1271,911,30,29,28,49,8,58.5,0.926,1,2.1,0.02,647.28,Clear,0,1271,2,1.2,1.15,1.095
2026-09-03,CHI-HUB,Outbound,Evening,19,Thursday,0,0,1,2123,2080,397,1182,982,30,28,27,47,8,65.6,0.932,4,3.5,0.022,676.31,Clear,0,1182,0,1.2,1.15,1.095
2026-09-03,CHI-HUB,Outbound,Evening,20,Thursday,0,0,0,1769,1733,525,1037,773,23,23,22,50,8,57.7,0.943,2,2.7,0.031,543.51,Clear,0,1037,0,1.08,1.15,1.095
2026-09-03,CHI-HUB,Outbound,Evening,21,Thursday,0,0,0,1476,1446,445,943,574,22,21,20,50,8,53.3,0.943,2,2.7,0.04,499.13,Clear,0,943,1,0.96,1.15,1.095
2026-09-03,CHI-HUB,Outbound,Night,22,Thursday,0,0,0,1466,1436,428,854,647,22,21,20,46,8,57.6,0.929,4,3.3,0.04,522.13,Clear,0,854,1,0.96,1.15,1.095
2026-09-03,CHI-HUB,Outbound,Night,23,Thursday,0,0,0,1382,1354,254,838,574,19,19,18,51,8,53.3,0.913,8,2.4,0.036,469.2,Clear,0,838,1,0.82,1.15,1.095
2026-09-03,DAL-HUB,Inbound,Morning,6,Thursday,0,0,0,1369,1208,423,859,483,20,19,19,48,8,52.2,0.942,8,2.7,0.014,495.87,Clear,0,859,1,0.96,1.15,1.095
2026-09-03,DAL-HUB,Inbound,Morning,7,Thursday,0,0,0,1707,1506,477,1079,609,25,24,23,49,8,46.4,0.957,6,2.5,0.034,567.83,Clear,0,1079,1,1.2,1.15,1.095
2026-09-03,DAL-HUB,Inbound,Morning,8,Thursday,0,0,1,1908,1683,451,1165,718,27,26,25,50,8,51.5,0.932,2,2.3,0.029,591.98,Clear,0,1165,2,1.2,1.15,1.095
2026-09-03,DAL-HUB,Inbound,Morning,9,Thursday,0,0,1,1954,1724,399,1141,797,26,26,25,48,8,57.1,0.951,7,2.5,0.032,614.39,Clear,0,1141,0,1.2,1.15,1.095
2026-09-03,DAL-HUB,Inbound,Morning,10,Thursday,0,0,0,1668,1472,323,1052,586,25,23,23,47,8,51.2,0.974,9,2.0,0.019,562.75,Clear,0,1052,0,1.08,1.15,1.095
2026-09-03,DAL-HUB,Inbound,Morning,11,Thursday,0,0,0,1518,1340,408,844,648,23,21,21,44,8,59.0,0.914,6,3.4,0.01,550.7,Clear,0,844,4,1.08,1.15,1.095
2026-09-03,DAL-HUB,Inbound,Morning,12,Thursday,0,0,0,1283,1132,381,732,528,19,18,17,46,8,59.5,0.936,3,3.1,0.046,450.54,Clear,0,732,0,0.96,1.15,1.095
2026-09-03,DAL-HUB,Inbound,Morning,13,Thursday,0,0,0,1558,1375,370,848,682,22,21,20,44,8,64.1,0.964,7,2.7,0.044,515.5,Clear,0,848,3,0.96,1.15,1.095
2026-09-03,DAL-HUB,Inbound,Evening,14,Thursday,0,0,0,1507,1330,281,815,671,20,20,19,46,8,65.6,0.933,1,3.1,0.057,487.1,Clear,0,815,0,0.96,1.15,1.095
2026-09-03,DAL-HUB,Inbound,Evening,15,Thursday,0,0,0,1504,1327,343,851,612,20,19,18,50,8,58.3,0.946,0,3.1,0.042,464.35,Clear,0,851,1,1.08,1.15,1.095
2026-09-03,DAL-HUB,Inbound,Evening,16,Thursday,0,0,0,1592,1404,304,916,666,23,22,22,43,8,59.6,0.968,4,3.1,0.017,556.7,Clear,0,916,0,1.08,1.15,1.095
2026-09-03,DAL-HUB,Inbound,Evening,17,Thursday,0,0,1,1771,1563,567,1140,603,26,25,24,50,8,47.2,0.951,5,2.1,0.021,574.07,Clear,0,1140,1,1.2,1.15,1.095
2026-09-03,DAL-HUB,Inbound,Evening,18,Thursday,0,0,1,2012,1775,430,1132,843,29,29,28,45,8,55.5,0.899,1,2.4,0.039,651.91,Clear,0,1132,1,1.2,1.15,1.095
2026-09-03,DAL-HUB,Inbound,Evening,19,Thursday,0,0,1,1912,1687,480,1336,542,26,26,25,54,8,39.4,0.99,3,1.5,0.023,572.85,Clear,0,1336,2,1.2,1.15,1.095
2026-09-03,DAL-HUB,Inbound,Evening,20,Thursday,0,0,0,1503,1326,376,899,583,21,20,19,49,8,53.2,0.966,3,2.8,0.043,485.03,Clear,0,899,1,1.08,1.15,1.095
2026-09-03,DAL-HUB,Inbound,Evening,21,Thursday,0,0,0,1300,1147,389,800,472,18,18,17,50,8,45.7,0.942,2,2.2,0.036,422.45,Clear,0,800,0,0.96,1.15,1.095
2026-09-03,DAL-HUB,Inbound,Night,22,Thursday,0,0,0,1302,1149,251,742,540,17,17,16,49,8,56.5,0.948,7,2.4,0.038,424.59,Clear,0,742,0,0.96,1.15,1.095
2026-09-03,DAL-HUB,Inbound,Night,23,Thursday,0,0,0,1316,1161,407,852,423,20,18,18,49,8,45.4,0.967,6,1.7,0.025,441.04,Clear,0,852,0,0.82,1.15,1.095
2026-09-03,DAL-HUB,Sortation,Morning,6,Thursday,0,0,0,1318,1210,424,822,508,20,20,19,44,8,51.1,0.984,4,2.7,0.029,483.11,Clear,0,822,0,0.96,1.15,1.095
2026-09-03,DAL-HUB,Sortation,Morning,7,Thursday,0,0,0,1919,1763,409,1101,864,29,30,28,41,8,61.5,0.959,7,2.9,0.054,684.86,Clear,0,1101,0,1.2,1.15,1.095
2026-09-03,DAL-HUB,Sortation,Morning,8,Thursday,0,0,1,2140,1965,529,1387,787,34,35,33,44,8,49.4,0.956,7,2.5,0.043,775.21,Clear,0,1387,0,1.2,1.15,1.095
2026-09-03,DAL-HUB,Sortation,Morning,9,Thursday,0,0,1,1976,1815,654,1364,649,35,31,31,44,8,45.1,1.0,10,2.7,0.011,748.41,Clear,0,1364,3,1.2,1.15,1.095
2026-09-03,DAL-HUB,Sortation,Morning,10,Thursday,0,0,0,1624,1492,300,957,706,24,24,23,42,8,58.5,0.991,3,3.1,0.028,578.33,Heavy Rain,0,957,0,1.08,1.15,1.095
2026-09-03,DAL-HUB,Sortation,Morning,11,Thursday,0,0,0,1692,1554,524,922,800,26,26,25,37,8,65.3,0.997,1,3.7,0.025,625.39,Clear,0,922,0,1.08,1.15,1.095
2026-09-03,DAL-HUB,Sortation,Morning,12,Thursday,0,0,0,1522,1398,485,1021,533,25,24,23,47,8,46.8,0.945,2,2.1,0.023,541.67,Clear,0,1021,3,0.96,1.15,1.095
2026-09-03,DAL-HUB,Sortation,Morning,13,Thursday,0,0,0,1575,1447,335,823,793,24,24,23,39,8,73.1,0.918,9,3.6,0.051,607.04,Clear,0,823,1,0.96,1.15,1.095
2026-09-03,DAL-HUB,Sortation,Evening,14,Thursday,0,0,0,1314,1206,404,802,546,22,21,20,43,8,53.1,0.934,3,2.6,0.043,499.43,Heavy Rain,0,802,0,0.96,1.15,1.095
2026-09-03,DAL-HUB,Sortation,Evening,15,Thursday,0,0,0,1534,1409,491,919,652,25,24,23,43,8,58.4,0.93,1,2.6,0.042,552.69,Clear,0,919,2,1.08,1.15,1.095
2026-09-03,DAL-HUB,Sortation,Evening,16,Thursday,0,0,0,1595,1465,397,990,653,28,25,25,44,8,53.7,0.901,8,2.2,0.01,604.0,Clear,0,990,0,1.08,1.15,1.095
2026-09-03,DAL-HUB,Sortation,Evening,17,Thursday,0,0,1,1882,1728,625,1180,752,29,28,27,46,8,51.6,0.95,8,2.4,0.045,653.88,Clear,0,1180,1,1.2,1.15,1.095
2026-09-03,DAL-HUB,Sortation,Evening,18,Thursday,0,0,1,2082,1912,683,1373,753,36,33,32,45,8,46.2,0.954,7,2.0,0.042,740.65,Clear,0,1373,1,1.2,1.15,1.095
2026-09-03,DAL-HUB,Sortation,Evening,19,Thursday,0,0,1,1931,1773,432,1239,731,31,29,28,46,8,48.3,0.962,1,2.7,0.03,660.28,Clear,0,1239,2,1.2,1.15,1.095
2026-09-03,DAL-HUB,Sortation,Evening,20,Thursday,0,0,0,1430,1314,290,908,555,24,23,22,43,8,54.4,0.961,7,2.7,0.03,553.28,Clear,0,908,1,1.08,1.15,1.095
2026-09-03,DAL-HUB,Sortation,Evening,21,Thursday,0,0,0,1469,1349,334,1094,414,25,24,24,48,8,37.8,0.95,4,1.5,0.021,549.78,Clear,0,1094,2,0.96,1.15,1.095
2026-09-03,DAL-HUB,Sortation,Night,22,Thursday,0,0,0,1396,1282,290,910,534,26,23,23,40,8,49.3,0.99,9,2.7,0.018,578.55,Clear,0,910,1,0.96,1.15,1.095
2026-09-03,DAL-HUB,Sortation,Night,23,Thursday,0,0,0,1186,1089,379,728,481,19,18,18,43,8,56.7,0.941,5,2.9,0.022,470.0,Clear,0,728,0,0.82,1.15,1.095
2026-09-03,DAL-HUB,Outbound,Morning,6,Thursday,0,0,0,1298,1272,416,806,527,18,17,17,51,8,53.5,0.93,5,2.4,0.029,438.55,Clear,0,806,0,0.96,1.15,1.095
2026-09-03,DAL-HUB,Outbound,Morning,7,Thursday,0,0,0,1489,1459,447,905,629,22,20,20,47,8,54.1,0.963,9,2.0,0.021,502.16,Clear,0,905,1,1.2,1.15,1.095
2026-09-03,DAL-HUB,Outbound,Morning,8,Thursday,0,0,1,1735,1700,364,1023,752,23,22,21,51,8,58.9,0.955,3,2.7,0.025,526.58,Clear,0,1023,0,1.2,1.15,1.095
2026-09-03,DAL-HUB,Outbound,Morning,9,Thursday,0,0,1,1731,1696,320,868,882,20,20,19,47,8,77.4,0.972,10,4.1,0.041,549.11,Clear,0,868,2,1.2,1.15,1.095
2026-09-03,DAL-HUB,Outbound,Morning,10,Thursday,0,0,0,1332,1305,281,829,542,19,19,18,49,8,53.2,0.941,5,2.0,0.045,447.48,Clear,0,829,0,1.08,1.15,1.095
2026-09-03,DAL-HUB,Outbound,Morning,11,Thursday,0,0,0,1506,1475,378,927,621,22,21,20,47,8,57.0,0.987,9,3.6,0.035,547.27,Clear,0,927,1,1.08,1.15,1.095
2026-09-03,DAL-HUB,Outbound,Morning,12,Thursday,0,0,0,1342,1315,417,793,607,19,18,17,49,8,60.5,0.953,5,3.1,0.039,458.96,Clear,0,793,0,0.96,1.15,1.095
2026-09-03,DAL-HUB,Outbound,Morning,13,Thursday,0,0,0,1299,1272,318,770,571,18,18,17,47,8,60.5,0.965,10,2.9,0.062,468.57,Clear,0,770,2,0.96,1.15,1.095
2026-09-03,DAL-HUB,Outbound,Evening,14,Thursday,0,0,0,1236,1211,415,759,510,17,17,16,50,8,53.8,0.95,0,2.4,0.065,401.92,Clear,0,759,1,0.96,1.15,1.095
2026-09-03,DAL-HUB,Outbound,Evening,15,Thursday,0,0,0,1374,1346,291,856,551,19,20,19,47,8,52.7,0.959,7,2.6,0.049,490.95,Clear,0,856,0,1.08,1.15,1.095
2026-09-03,DAL-HUB,Outbound,Evening,16,Thursday,0,0,0,1421,1392,316,847,599,19,19,18,50,8,55.7,0.942,8,2.9,0.036,483.9,Clear,0,847,3,1.08,1.15,1.095
2026-09-03,DAL-HUB,Outbound,Evening,17,Thursday,0,0,1,1778,1742,351,965,851,24,23,22,44,8,66.3,0.997,8,3.6,0.034,588.07,Clear,0,965,1,1.2,1.15,1.095
2026-09-03,DAL-HUB,Outbound,Evening,18,Thursday,0,0,1,1626,1593,373,1044,624,24,22,22,50,8,48.3,0.95,4,2.4,0.022,538.88,Clear,0,1044,0,1.2,1.15,1.095
2026-09-03,DAL-HUB,Outbound,Evening,19,Thursday,0,0,1,1834,1797,651,1097,773,26,25,23,50,8,57.0,0.954,4,3.0,0.06,579.0,Clear,0,1097,1,1.2,1.15,1.095
2026-09-03,DAL-HUB,Outbound,Evening,20,Thursday,0,0,0,1486,1456,311,1016,527,22,21,20,53,8,47.1,0.959,7,1.8,0.033,491.74,Rain,0,1016,2,1.08,1.15,1.095
2026-09-03,DAL-HUB,Outbound,Evening,21,Thursday,0,0,0,1252,1226,366,714,557,16,16,15,49,8,60.0,0.972,9,4.0,0.034,456.3,Clear,0,714,0,0.96,1.15,1.095
2026-09-03,DAL-HUB,Outbound,Night,22,Thursday,0,0,0,1087,1065,231,644,473,15,15,14,46,8,60.2,1.0,6,2.8,0.04,394.58,Storm,0,644,1,0.96,1.15,1.095
2026-09-03,DAL-HUB,Outbound,Night,23,Thursday,0,0,0,1035,1014,229,610,446,15,14,14,47,8,58.2,0.928,3,3.3,0.032,394.03,Clear,0,610,2,0.82,1.15,1.095
2026-09-04,ATL-HUB,Inbound,Morning,6,Friday,0,0,0,1772,1564,330,1091,653,25,25,24,47,8,53.0,0.968,2,3.1,0.025,596.24,Heavy Rain,0,1091,1,0.96,1.15,1.05
2026-09-04,ATL-HUB,Inbound,Morning,7,Friday,0,0,0,2204,1944,681,1212,949,30,29,28,46,8,59.3,0.942,5,3.1,0.045,687.7,Clear,0,1212,0,1.2,1.15,1.05
2026-09-04,ATL-HUB,Inbound,Morning,8,Friday,0,0,1,2454,2165,676,1497,920,33,32,31,51,8,49.5,0.947,8,2.3,0.045,737.81,Clear,0,1497,1,1.2,1.15,1.05
2026-09-04,ATL-HUB,Inbound,Morning,9,Friday,0,0,1,2195,1936,395,1501,657,32,31,30,53,8,41.4,0.944,7,1.6,0.028,690.94,Clear,0,1501,0,1.2,1.15,1.05
2026-09-04,ATL-HUB,Inbound,Morning,10,Friday,0,0,0,2117,1868,679,1136,947,26,26,25,47,8,64.6,0.967,5,2.5,0.04,618.34,Storm,0,1136,0,1.08,1.15,1.05
2026-09-04,ATL-HUB,Inbound,Morning,11,Friday,0,0,0,1703,1503,513,1108,580,23,23,22,52,8,47.9,0.969,3,1.7,0.051,516.26,Clear,0,1108,0,1.08,1.15,1.05
2026-09-04,ATL-HUB,Inbound,Morning,12,Friday,0,0,0,1798,1586,486,1300,474,26,26,25,55,8,37.2,0.946,5,1.2,0.026,568.83,Clear,0,1300,0,0.96,1.15,1.05
2026-09-04,ATL-HUB,Inbound,Morning,13,Friday,0,0,0,1624,1433,371,903,686,23,22,21,46,8,56.8,0.935,3,2.9,0.041,528.97,Clear,0,903,1,0.96,1.15,1.05
2026-09-04,ATL-HUB,Inbound,Evening,14,Friday,0,0,0,1545,1363,526,863,655,21,21,20,46,8,60.4,0.939,2,2.6,0.037,496.47,Clear,0,863,4,0.96,1.15,1.05
2026-09-04,ATL-HUB,Inbound,Evening,15,Friday,0,0,0,1854,1636,559,1160,668,25,24,24,50,8,49.5,0.967,7,2.2,0.01,584.72,Clear,0,1160,1,1.08,1.15,1.05
2026-09-04,ATL-HUB,Inbound,Evening,16,Friday,0,0,0,1891,1668,481,1168,684,27,26,25,48,8,52.8,0.974,7,2.1,0.041,602.07,Clear,0,1168,1,1.08,1.15,1.05
2026-09-04,ATL-HUB,Inbound,Evening,17,Friday,0,0,1,2264,1998,637,1431,791,35,32,31,49,8,49.9,0.943,6,2.3,0.032,728.06,Clear,0,1431,0,1.2,1.15,1.05
2026-09-04,ATL-HUB,Inbound,Evening,18,Friday,0,0,1,2480,2188,736,1239,1191,32,31,30,44,8,70.4,0.939,3,4.1,0.036,753.18,Clear,0,1239,2,1.2,1.15,1.05
2026-09-04,ATL-HUB,Inbound,Evening,19,Friday,0,0,1,2301,2030,568,1400,868,35,32,32,47,8,53.7,0.931,8,2.4,0.01,757.41,Clear,0,1400,2,1.2,1.15,1.05
2026-09-04,ATL-HUB,Inbound,Evening,20,Friday,0,0,0,1872,1652,580,1290,569,26,26,25,52,8,44.1,0.993,5,2.7,0.047,612.15,Clear,0,1290,2,1.08,1.15,1.05
2026-09-04,ATL-HUB,Inbound,Evening,21,Friday,0,0,0,1808,1595,474,1171,607,28,25,25,48,8,43.9,0.976,5,2.6,0.01,608.21,Clear,0,1171,2,0.96,1.15,1.05
2026-09-04,ATL-HUB,Inbound,Night,22,Friday,0,0,0,1701,1501,515,1003,693,24,23,22,48,8,54.8,0.951,2,3.2,0.046,555.02,Clear,0,1003,0,0.96,1.15,1.05
2026-09-04,ATL-HUB,Inbound,Night,23,Friday,0,0,0,1353,1194,416,744,576,18,17,17,46,8,61.2,0.953,9,3.5,0.026,482.19,Clear,0,744,0,0.82,1.15,1.05
2026-09-04,ATL-HUB,Sortation,Morning,6,Friday,0,0,0,1673,1537,476,956,748,26,26,25,39,8,60.1,0.981,2,3.5,0.04,628.79,Storm,0,956,0,0.96,1.15,1.05
2026-09-04,ATL-HUB,Sortation,Morning,7,Friday,0,0,0,2220,2039,439,1385,873,38,36,35,41,8,52.8,0.965,6,2.3,0.038,806.89,Clear,0,1385,0,1.2,1.15,1.05
2026-09-04,ATL-HUB,Sortation,Morning,8,Friday,0,0,1,2480,2277,464,1420,1138,41,38,38,38,8,60.3,0.984,2,3.1,0.013,879.76,Clear,0,1420,0,1.2,1.15,1.05
2026-09-04,ATL-HUB,Sortation,Morning,9,Friday,0,0,1,2549,2341,688,1601,1002,42,42,40,41,8,54.2,0.976,3,2.7,0.044,917.66,Heavy Rain,0,1601,3,1.2,1.15,1.05
2026-09-04,ATL-HUB,Sortation,Morning,10,Friday,0,0,0,2086,1916,704,1235,882,34,31,30,42,8,56.2,0.98,1,2.5,0.047,696.52,Clear,0,1235,0,1.08,1.15,1.05
2026-09-04,ATL-HUB,Sortation,Morning,11,Friday,0,0,0,1890,1736,499,1168,760,32,30,29,42,8,53.4,0.96,6,2.6,0.03,694.31,Rain,0,1168,0,1.08,1.15,1.05
2026-09-04,ATL-HUB,Sortation,Morning,12,Friday,0,0,0,1827,1678,436,1076,795,28,28,27,44,8,59.3,0.906,6,2.6,0.034,652.07,Clear,0,1076,1,0.96,1.15,1.05
2026-09-04,ATL-HUB,Sortation,Morning,13,Friday,0,0,0,1606,1475,468,1032,616,27,27,26,41,8,49.6,0.968,9,2.5,0.031,635.3,Clear,0,1032,0,0.96,1.15,1.05
2026-09-04,ATL-HUB,Sortation,Evening,14,Friday,0,0,0,1597,1467,553,1175,433,28,28,27,45,8,36.1,0.967,5,1.7,0.049,619.44,Clear,0,1175,1,0.96,1.15,1.05
2026-09-04,ATL-HUB,Sortation,Evening,15,Friday,0,0,0,1925,1768,686,1350,613,33,31,30,45,8,41.2,1.0,9,1.8,0.022,699.57,Clear,0,1350,1,1.08,1.15,1.05
2026-09-04,ATL-HUB,Sortation,Evening,16,Friday,0,0,0,1864,1712,583,1042,869,30,29,28,38,8,63.6,0.98,1,3.3,0.036,675.85,Clear,0,1042,0,1.08,1.15,1.05
2026-09-04,ATL-HUB,Sortation,Evening,17,Friday,0,0,1,2140,1965,437,1197,1001,35,34,33,39,8,66.5,0.93,6,2.6,0.034,774.81,Clear,0,1197,1,1.2,1.15,1.05
2026-09-04,ATL-HUB,Sortation,Evening,18,Friday,0,0,1,2058,1890,717,1101,1004,29,29,28,41,8,66.5,0.959,3,3.4,0.037,688.6,Clear,0,1101,0,1.2,1.15,1.05
2026-09-04,ATL-HUB,Sortation,Evening,19,Friday,0,0,1,2410,2214,477,1768,714,43,40,39,46,8,44.3,0.986,4,1.6,0.031,862.38,Clear,0,1768,1,1.2,1.15,1.05
2026-09-04,ATL-HUB,Sortation,Evening,20,Friday,0,0,0,1843,1692,587,1180,710,31,30,29,42,8,50.3,0.97,3,2.4,0.025,676.16,Clear,0,1180,0,1.08,1.15,1.05
2026-09-04,ATL-HUB,Sortation,Evening,21,Friday,0,0,0,1508,1385,391,954,601,25,24,23,42,8,51.7,0.988,6,2.6,0.033,568.2,Clear,0,954,1,0.96,1.15,1.05
2026-09-04,ATL-HUB,Sortation,Night,22,Friday,0,0,0,1853,1701,617,1182,733,32,30,29,42,8,51.0,0.971,0,2.5,0.024,669.54,Clear,0,1182,0,0.96,1.15,1.05
2026-09-04,ATL-HUB,Sortation,Night,23,Friday,0,0,0,1321,1213,398,834,513,22,21,20,44,8,52.2,0.948,0,2.6,0.024,488.52,Rain,0,834,2,0.82,1.15,1.05
2026-09-04,ATL-HUB,Outbound,Morning,6,Friday,0,0,0,1519,1488,495,989,567,23,22,21,48,8,48.4,0.982,4,2.7,0.045,525.82,Clear,0,989,0,0.96,1.15,1.05
2026-09-04,ATL-HUB,Outbound,Morning,7,Friday,0,0,0,2165,2121,437,1360,876,31,30,29,47,8,52.1,0.998,7,2.5,0.034,697.68,Clear,0,1360,2,1.2,1.15,1.05
2026-09-04,ATL-HUB,Outbound,Morning,8,Friday,0,0,1,2017,1976,460,1340,737,28,27,26,52,8,46.8,0.992,2,2.2,0.025,612.06,Clear,0,1340,0,1.2,1.15,1.05
2026-09-04,ATL-HUB,Outbound,Morning,9,Friday,0,0,1,2063,2021,552,1241,879,30,28,28,47,8,57.9,0.943,10,2.5,0.01,685.91,Clear,0,1241,0,1.2,1.15,1.05
2026-09-04,ATL-HUB,Outbound,Morning,10,Friday,0,0,0,1735,1700,421,946,830,23,22,21,48,8,63.5,0.939,6,3.2,0.027,550.18,Clear,0,946,1,1.08,1.15,1.05
2026-09-04,ATL-HUB,Outbound,Morning,11,Friday,0,0,0,1611,1578,333,1036,608,23,22,21,53,8,56.2,0.932,6,2.4,0.044,525.49,Clear,0,1036,0,1.08,1.15,1.05
2026-09-04,ATL-HUB,Outbound,Morning,12,Friday,0,0,0,1634,1601,518,919,743,20,20,19,52,8,63.4,0.931,8,2.8,0.038,504.52,Clear,0,919,0,0.96,1.15,1.05
2026-09-04,ATL-HUB,Outbound,Morning,13,Friday,0,0,0,1556,1524,446,1004,581,21,21,20,54,8,50.8,0.93,3,2.1,0.046,486.98,Clear,0,1004,1,0.96,1.15,1.05
2026-09-04,ATL-HUB,Outbound,Evening,14,Friday,0,0,0,1646,1612,552,1118,576,24,24,23,50,8,47.3,0.973,7,2.1,0.028,559.94,Clear,0,1118,1,0.96,1.15,1.05
2026-09-04,ATL-HUB,Outbound,Evening,15,Friday,0,0,0,1845,1807,352,1206,669,27,25,25,51,8,49.2,0.947,0,2.4,0.01,588.59,Clear,0,1206,0,1.08,1.15,1.05
2026-09-04,ATL-HUB,Outbound,Evening,16,Friday,0,0,0,1882,1844,651,972,957,24,23,22,47,8,73.8,0.941,10,3.9,0.036,604.78,Clear,0,972,0,1.08,1.15,1.05
2026-09-04,ATL-HUB,Outbound,Evening,17,Friday,0,0,1,1771,1735,493,1257,557,27,26,25,55,8,42.8,0.915,5,1.7,0.051,583.64,Clear,0,1257,0,1.2,1.15,1.05
2026-09-04,ATL-HUB,Outbound,Evening,18,Friday,0,0,1,2156,2112,667,1374,840,28,28,27,52,8,50.5,0.979,7,2.2,0.03,650.1,Clear,0,1374,1,1.2,1.15,1.05
2026-09-04,ATL-HUB,Outbound,Evening,19,Friday,0,0,1,1951,1911,582,1062,932,25,25,24,48,8,64.9,0.922,7,2.8,0.029,604.64,Clear,0,1062,1,1.2,1.15,1.05
2026-09-04,ATL-HUB,Outbound,Evening,20,Friday,0,0,0,1679,1645,490,1077,638,24,24,23,51,8,52.4,0.918,0,2.1,0.033,538.15,Clear,0,1077,3,1.08,1.15,1.05
2026-09-04,ATL-HUB,Outbound,Evening,21,Friday,0,0,0,1520,1489,332,811,755,22,21,20,43,8,69.0,0.943,7,3.7,0.062,543.94,Clear,0,811,1,0.96,1.15,1.05
2026-09-04,ATL-HUB,Outbound,Night,22,Friday,0,0,0,1662,1628,509,995,710,21,21,20,50,8,58.7,0.996,9,3.1,0.031,536.13,Clear,0,995,0,0.96,1.15,1.05
2026-09-04,ATL-HUB,Outbound,Night,23,Friday,0,0,0,1266,1240,285,843,449,19,17,17,53,8,49.2,0.937,0,1.9,0.021,407.96,Clear,0,843,0,0.82,1.15,1.05
2026-09-04,CHI-HUB,Inbound,Morning,6,Friday,0,0,0,1545,1363,524,875,649,21,21,20,46,8,60.4,0.951,8,3.2,0.047,532.47,Clear,0,875,2,0.96,1.15,1.05
2026-09-04,CHI-HUB,Inbound,Morning,7,Friday,0,0,0,1949,1719,606,1125,786,27,26,25,47,8,55.4,0.958,3,2.7,0.023,607.1,Clear,0,1125,0,1.2,1.15,1.05
2026-09-04,CHI-HUB,Inbound,Morning,8,Friday,0,0,1,1985,1752,464,1136,808,27,26,25,48,8,55.4,0.947,4,2.9,0.047,616.55,Clear,0,1136,0,1.2,1.15,1.05
2026-09-04,CHI-HUB,Inbound,Morning,9,Friday,0,0,1,2017,1780,479,1124,847,30,28,27,44,8,60.0,0.947,9,3.3,0.021,683.3,Clear,0,1124,2,1.2,1.15,1.05
2026-09-04,CHI-HUB,Inbound,Morning,10,Friday,0,0,0,1705,1504,501,1030,645,24,25,23,46,8,52.1,0.974,3,2.1,0.065,547.0,Clear,0,1030,3,1.08,1.15,1.05
2026-09-04,CHI-HUB,Inbound,Morning,11,Friday,0,0,0,1894,1671,631,1136,730,29,27,26,46,8,55.9,0.95,6,2.3,0.042,624.03,Clear,0,1136,0,1.08,1.15,1.05
2026-09-04,CHI-HUB,Inbound,Morning,12,Friday,0,0,0,1533,1352,432,938,562,22,22,21,47,8,50.8,0.951,3,2.5,0.041,516.15,Clear,0,938,0,0.96,1.15,1.05
2026-09-04,CHI-HUB,Inbound,Morning,13,Friday,0,0,0,1621,1431,555,826,784,23,22,21,41,8,70.6,0.96,8,3.7,0.023,567.32,Clear,0,826,0,0.96,1.15,1.05
2026-09-04,CHI-HUB,Inbound,Evening,14,Friday,0,0,0,1635,1442,432,944,659,21,21,20,50,8,53.2,0.945,9,2.9,0.03,528.85,Clear,0,944,0,0.96,1.15,1.05
2026-09-04,CHI-HUB,Inbound,Evening,15,Friday,0,0,0,1752,1546,531,975,747,23,23,22,46,8,59.2,0.964,3,3.0,0.053,553.52,Clear,0,975,3,1.08,1.15,1.05
2026-09-04,CHI-HUB,Inbound,Evening,16,Friday,0,0,0,1565,1381,465,851,679,20,20,19,46,8,57.5,0.974,5,3.0,0.037,498.13,Clear,0,851,2,1.08,1.15,1.05
2026-09-04,CHI-HUB,Inbound,Evening,17,Friday,0,0,1,2151,1898,588,1316,772,29,29,28,47,8,47.0,1.0,1,2.8,0.022,665.56,Clear,0,1316,1,1.2,1.15,1.05
2026-09-04,CHI-HUB,Inbound,Evening,18,Friday,0,0,1,1931,1704,479,1257,625,28,28,27,49,8,46.4,0.951,5,2.1,0.05,635.39,Clear,0,1257,0,1.2,1.15,1.05
2026-09-04,CHI-HUB,Inbound,Evening,19,Friday,0,0,1,2335,2061,724,1492,815,34,32,31,50,8,44.9,0.963,10,2.0,0.042,733.72,Clear,0,1492,0,1.2,1.15,1.05
2026-09-04,CHI-HUB,Inbound,Evening,20,Friday,0,0,0,1732,1529,571,1021,689,23,23,22,47,8,55.1,0.988,0,2.8,0.035,541.65,Heavy Rain,0,1021,0,1.08,1.15,1.05
2026-09-04,CHI-HUB,Inbound,Evening,21,Friday,0,0,0,1522,1343,382,808,694,21,21,20,44,8,67.3,0.919,5,3.0,0.052,516.87,Clear,0,808,2,0.96,1.15,1.05
2026-09-04,CHI-HUB,Inbound,Night,22,Friday,0,0,0,1486,1311,388,905,552,21,20,20,47,8,54.1,0.964,7,2.6,0.02,511.43,Clear,0,905,1,0.96,1.15,1.05
2026-09-04,CHI-HUB,Inbound,Night,23,Friday,0,0,0,1311,1157,320,704,596,17,17,16,44,8,63.9,1.0,4,2.9,0.035,429.15,Clear,0,704,0,0.82,1.15,1.05
2026-09-04,CHI-HUB,Sortation,Morning,6,Friday,0,0,0,1666,1530,329,993,703,27,25,24,43,8,56.8,0.962,2,2.6,0.031,577.82,Clear,0,993,0,0.96,1.15,1.05
2026-09-04,CHI-HUB,Sortation,Morning,7,Friday,0,0,0,2164,1988,711,1329,881,34,34,33,43,8,55.3,0.937,10,3.0,0.035,799.26,Clear,0,1329,4,1.2,1.15,1.05
2026-09-04,CHI-HUB,Sortation,Morning,8,Friday,0,0,1,2289,2102,621,1367,968,34,34,32,45,8,57.0,0.949,0,2.5,0.051,741.09,Heavy Rain,0,1367,1,1.2,1.15,1.05
2026-09-04,CHI-HUB,Sortation,Morning,9,Friday,0,0,1,2258,2074,612,1295,1031,38,36,35,41,8,59.7,0.903,2,4.0,0.03,842.39,Clear,0,1295,3,1.2,1.15,1.05
2026-09-04,CHI-HUB,Sortation,Morning,10,Friday,0,0,0,1886,1732,409,1291,636,32,31,30,44,8,48.1,0.979,3,2.4,0.027,696.45,Clear,0,1291,0,1.08,1.15,1.05
2026-09-04,CHI-HUB,Sortation,Morning,11,Friday,0,0,0,1782,1637,568,1066,757,27,26,26,45,8,56.5,0.911,4,1.9,0.01,605.74,Clear,0,1066,2,1.08,1.15,1.05
2026-09-04,CHI-HUB,Sortation,Morning,12,Friday,0,0,0,1575,1447,303,827,797,24,24,23,37,8,70.8,0.973,5,3.6,0.041,594.24,Clear,0,827,1,0.96,1.15,1.05
2026-09-04,CHI-HUB,Sortation,Morning,13,Friday,0,0,0,1603,1472,522,1034,599,26,25,24,45,8,51.6,0.958,6,3.1,0.036,603.45,Clear,0,1034,0,0.96,1.15,1.05
2026-09-04,CHI-HUB,Sortation,Evening,14,Friday,0,0,0,1615,1483,447,914,733,27,25,24,42,8,60.6,0.907,6,2.8,0.03,595.26,Clear,0,914,1,0.96,1.15,1.05
2026-09-04,CHI-HUB,Sortation,Evening,15,Friday,0,0,0,1927,1770,358,1228,735,31,30,29,45,8,49.9,0.942,5,2.3,0.039,681.31,Clear,0,1228,4,1.08,1.15,1.05
2026-09-04,CHI-HUB,Sortation,Evening,16,Friday,0,0,0,1764,1620,573,1119,683,31,29,28,43,8,51.6,0.93,3,2.7,0.036,663.6,Clear,0,1119,0,1.08,1.15,1.05
2026-09-04,CHI-HUB,Sortation,Evening,17,Friday,0,0,1,2261,2077,508,1383,914,36,35,33,43,8,53.8,0.975,2,2.5,0.047,761.44,Clear,0,1383,1,1.2,1.15,1.05
2026-09-04,CHI-HUB,Sortation,Evening,18,Friday,0,0,1,2403,2207,505,1599,874,40,39,37,45,8,45.8,0.961,4,1.9,0.047,831.65,Clear,0,1599,0,1.2,1.15,1.05
2026-09-04,CHI-HUB,Sortation,Evening,19,Friday,0,0,1,2385,2190,587,1428,1011,39,36,35,43,8,53.1,0.949,1,2.1,0.028,788.31,Clear,0,1428,2,1.2,1.15,1.05
2026-09-04,CHI-HUB,Sortation,Evening,20,Friday,0,0,0,1689,1551,422,914,811,28,26,25,38,8,65.1,0.963,3,3.5,0.036,626.13,Clear,0,914,2,1.08,1.15,1.05
2026-09-04,CHI-HUB,Sortation,Evening,21,Friday,0,0,0,1671,1535,596,1027,707,30,28,27,39,8,60.9,0.976,0,3.4,0.035,652.41,Clear,0,1027,2,0.96,1.15,1.05
2026-09-04,CHI-HUB,Sortation,Night,22,Friday,0,0,0,1436,1319,382,815,667,22,21,20,42,8,65.2,0.971,0,3.0,0.039,500.39,Clear,0,815,0,0.96,1.15,1.05
2026-09-04,CHI-HUB,Sortation,Night,23,Friday,0,0,0,1410,1295,488,869,582,22,22,21,43,8,53.0,0.963,10,3.0,0.043,551.4,Clear,0,869,1,0.82,1.15,1.05
2026-09-04,CHI-HUB,Outbound,Morning,6,Friday,0,0,0,1318,1291,321,835,523,20,19,18,47,8,52.3,0.987,8,2.7,0.034,476.41,Clear,0,835,1,0.96,1.15,1.05
2026-09-04,CHI-HUB,Outbound,Morning,7,Friday,0,0,0,1600,1567,432,1035,581,23,23,22,51,8,48.3,0.923,4,2.6,0.054,543.99,Clear,0,1035,1,1.2,1.15,1.05
2026-09-04,CHI-HUB,Outbound,Morning,8,Friday,0,0,1,1854,1816,534,1163,740,27,26,25,50,8,54.3,0.93,9,2.2,0.036,611.96,Clear,0,1163,3,1.2,1.15,1.05
2026-09-04,CHI-HUB,Outbound,Morning,9,Friday,0,0,1,2007,1966,418,1137,912,29,27,26,46,8,62.2,0.951,6,3.4,0.032,658.26,Clear,0,1137,0,1.2,1.15,1.05
2026-09-04,CHI-HUB,Outbound,Morning,10,Friday,0,0,0,1604,1571,518,1020,633,22,21,20,51,8,51.4,1.0,5,2.6,0.039,508.27,Clear,0,1020,1,1.08,1.15,1.05
2026-09-04,CHI-HUB,Outbound,Morning,11,Friday,0,0,0,1493,1463,316,958,569,21,21,20,49,8,50.3,0.978,6,2.3,0.029,501.03,Clear,0,958,0,1.08,1.15,1.05
2026-09-04,CHI-HUB,Outbound,Morning,12,Friday,0,0,0,1413,1384,468,722,722,18,18,17,43,8,73.6,0.988,10,3.7,0.037,493.06,Clear,0,722,0,0.96,1.15,1.05
2026-09-04,CHI-HUB,Outbound,Morning,13,Friday,0,0,0,1495,1464,377,910,630,20,20,19,49,8,56.6,0.978,2,3.0,0.049,488.37,Clear,0,910,1,0.96,1.15,1.05
2026-09-04,CHI-HUB,Outbound,Evening,14,Friday,0,0,0,1465,1435,522,888,602,21,20,20,49,8,56.5,0.907,7,3.0,0.021,523.31,Clear,0,888,0,0.96,1.15,1.05
2026-09-04,CHI-HUB,Outbound,Evening,15,Friday,0,0,0,1584,1552,416,973,649,21,21,20,50,8,54.5,0.973,6,2.9,0.054,519.51,Clear,0,973,2,1.08,1.15,1.05
2026-09-04,CHI-HUB,Outbound,Evening,16,Friday,0,0,0,1571,1539,314,969,637,22,22,21,49,8,54.4,0.942,6,3.0,0.033,541.57,Clear,0,969,0,1.08,1.15,1.05
2026-09-04,CHI-HUB,Outbound,Evening,17,Friday,0,0,1,1970,1930,408,1169,865,25,25,24,51,8,57.1,0.955,8,3.4,0.021,632.24,Storm,0,1169,1,1.2,1.15,1.05
2026-09-04,CHI-HUB,Outbound,Evening,18,Friday,0,0,1,1989,1948,421,1110,917,26,26,25,48,8,62.1,0.926,0,3.5,0.053,622.04,Clear,0,1110,1,1.2,1.15,1.05
2026-09-04,CHI-HUB,Outbound,Evening,19,Friday,0,0,1,2085,2042,476,1365,769,33,31,30,47,8,49.1,0.968,3,2.4,0.046,700.1,Clear,0,1365,1,1.2,1.15,1.05
2026-09-04,CHI-HUB,Outbound,Evening,20,Friday,0,0,0,1698,1663,453,1045,682,24,24,23,50,8,54.1,0.909,3,2.1,0.029,548.09,Clear,0,1045,1,1.08,1.15,1.05
2026-09-04,CHI-HUB,Outbound,Evening,21,Friday,0,0,0,1251,1225,355,792,487,18,17,17,49,8,47.9,0.951,10,2.3,0.028,450.89,Clear,0,792,1,0.96,1.15,1.05
2026-09-04,CHI-HUB,Outbound,Night,22,Friday,0,0,0,1502,1471,363,1008,508,22,21,20,53,8,42.9,0.951,9,2.1,0.039,505.19,Clear,0,1008,2,0.96,1.15,1.05
2026-09-04,CHI-HUB,Outbound,Night,23,Friday,0,0,0,1190,1166,399,772,434,18,16,16,50,8,46.9,0.966,7,2.6,0.01,429.07,Clear,0,772,1,0.82,1.15,1.05
2026-09-04,DAL-HUB,Inbound,Morning,6,Friday,0,0,0,1275,1125,254,803,438,17,17,16,52,8,45.5,0.966,3,1.9,0.031,397.3,Clear,0,803,0,0.96,1.15,1.05
2026-09-04,DAL-HUB,Inbound,Morning,7,Friday,0,0,0,1399,1234,288,851,519,20,18,18,48,8,50.7,0.986,5,2.8,0.019,470.1,Clear,0,851,2,1.2,1.15,1.05
2026-09-04,DAL-HUB,Inbound,Morning,8,Friday,0,0,1,1842,1625,572,1011,797,25,25,24,44,8,62.9,0.958,3,3.2,0.049,599.71,Clear,0,1011,0,1.2,1.15,1.05
2026-09-04,DAL-HUB,Inbound,Morning,9,Friday,0,0,1,1806,1593,339,1008,760,24,24,23,44,8,60.5,0.997,2,2.8,0.029,565.18,Clear,0,1008,3,1.2,1.15,1.05
2026-09-04,DAL-HUB,Inbound,Morning,10,Friday,0,0,0,1302,1149,421,667,606,18,16,16,45,8,70.0,0.927,5,2.9,0.025,432.19,Clear,0,667,1,1.08,1.15,1.05
2026-09-04,DAL-HUB,Inbound,Morning,11,Friday,0,0,0,1506,1329,425,893,592,21,20,19,47,8,54.5,1.0,5,3.3,0.029,505.49,Clear,0,893,2,1.08,1.15,1.05
2026-09-04,DAL-HUB,Inbound,Morning,12,Friday,0,0,0,1253,1106,388,708,528,16,16,15,49,8,56.7,0.964,9,3.0,0.04,427.42,Clear,0,708,0,0.96,1.15,1.05
2026-09-04,DAL-HUB,Inbound,Morning,13,Friday,0,0,0,1211,1069,250,716,465,15,16,15,50,8,53.1,0.955,3,2.3,0.042,387.88,Clear,0,716,0,0.96,1.15,1.05
2026-09-04,DAL-HUB,Inbound,Evening,14,Friday,0,0,0,1266,1117,320,687,565,17,17,16,44,8,61.7,0.977,5,3.1,0.045,437.16,Clear,0,687,0,0.96,1.15,1.05
2026-09-04,DAL-HUB,Inbound,Evening,15,Friday,0,0,0,1408,1242,267,895,502,20,19,18,52,8,49.5,0.956,5,2.2,0.047,453.46,Clear,0,895,1,1.08,1.15,1.05
2026-09-04,DAL-HUB,Inbound,Evening,16,Friday,0,0,0,1512,1334,398,804,681,20,19,18,46,8,68.1,0.971,9,3.8,0.038,512.89,Clear,0,804,0,1.08,1.15,1.05
2026-09-04,DAL-HUB,Inbound,Evening,17,Friday,0,0,1,1968,1737,650,1065,885,27,26,25,46,8,65.8,0.927,5,3.1,0.05,625.04,Clear,0,1065,1,1.2,1.15,1.05
2026-09-04,DAL-HUB,Inbound,Evening,18,Friday,0,0,1,1766,1558,327,905,828,22,22,21,46,8,66.7,0.938,1,3.6,0.038,544.68,Clear,0,905,2,1.2,1.15,1.05
2026-09-04,DAL-HUB,Inbound,Evening,19,Friday,0,0,1,1823,1609,355,1275,520,28,27,26,50,8,39.8,0.981,1,1.5,0.043,584.38,Clear,0,1275,0,1.2,1.15,1.05
2026-09-04,DAL-HUB,Inbound,Evening,20,Friday,0,0,0,1435,1266,266,856,559,21,20,19,47,8,54.3,0.96,3,2.3,0.055,469.83,Clear,0,856,2,1.08,1.15,1.05
2026-09-04,DAL-HUB,Inbound,Evening,21,Friday,0,0,0,1349,1190,350,861,468,20,18,18,53,8,46.1,0.903,9,1.9,0.021,458.24,Rain,0,861,1,0.96,1.15,1.05
2026-09-04,DAL-HUB,Inbound,Night,22,Friday,0,0,0,1263,1115,409,678,585,18,17,16,43,8,64.7,0.986,7,3.3,0.029,449.1,Clear,0,678,1,0.96,1.15,1.05
2026-09-04,DAL-HUB,Inbound,Night,23,Friday,0,0,0,1072,945,189,664,391,16,15,15,47,8,48.0,0.943,4,2.5,0.029,394.22,Clear,0,664,0,0.82,1.15,1.05
2026-09-04,DAL-HUB,Sortation,Morning,6,Friday,0,0,0,1403,1288,270,875,550,22,22,21,45,8,55.6,0.927,0,2.3,0.058,499.68,Clear,0,875,1,0.96,1.15,1.05
2026-09-04,DAL-HUB,Sortation,Morning,7,Friday,0,0,0,1691,1553,428,913,811,27,25,24,41,8,68.2,0.928,10,3.1,0.029,621.6,Heavy Rain,0,913,2,1.2,1.15,1.05
2026-09-04,DAL-HUB,Sortation,Morning,8,Friday,0,0,1,2064,1896,698,1337,769,34,32,31,45,8,50.7,0.959,7,2.6,0.023,737.63,Clear,0,1337,1,1.2,1.15,1.05
2026-09-04,DAL-HUB,Sortation,Morning,9,Friday,0,0,1,1927,1770,402,1162,816,30,29,28,42,8,56.3,0.988,8,2.2,0.04,668.61,Clear,0,1162,0,1.2,1.15,1.05
2026-09-04,DAL-HUB,Sortation,Morning,10,Friday,0,0,0,1461,1341,456,845,641,22,22,21,41,8,58.4,0.982,7,2.9,0.041,539.94,Clear,0,845,0,1.08,1.15,1.05
2026-09-04,DAL-HUB,Sortation,Morning,11,Friday,0,0,0,1477,1357,279,1024,489,25,25,24,45,8,45.6,0.948,3,2.2,0.023,566.34,Clear,0,1024,1,1.08,1.15,1.05
2026-09-04,DAL-HUB,Sortation,Morning,12,Friday,0,0,0,1498,1376,283,821,705,23,23,22,39,8,62.4,0.958,7,3.8,0.029,585.32,Clear,0,821,3,0.96,1.15,1.05
2026-09-04,DAL-HUB,Sortation,Morning,13,Friday,0,0,0,1424,1308,490,809,643,24,23,22,39,8,62.3,0.944,4,3.0,0.056,551.97,Clear,0,809,3,0.96,1.15,1.05
2026-09-04,DAL-HUB,Sortation,Evening,14,Friday,0,0,0,1317,1209,384,758,607,20,20,19,42,8,58.3,0.951,0,3.0,0.042,483.53,Storm,0,758,0,0.96,1.15,1.05
2026-09-04,DAL-HUB,Sortation,Evening,15,Friday,0,0,0,1470,1350,455,934,569,27,24,24,41,8,52.4,0.949,2,2.7,0.019,577.0,Clear,0,934,1,1.08,1.15,1.05
2026-09-04,DAL-HUB,Sortation,Evening,16,Friday,0,0,0,1695,1557,386,1056,696,25,25,24,44,8,53.6,1.0,4,2.7,0.048,589.41,Rain,0,1056,1,1.08,1.15,1.05
2026-09-04,DAL-HUB,Sortation,Evening,17,Friday,0,0,1,1751,1608,531,966,821,28,28,27,36,8,61.7,0.995,1,3.6,0.021,664.6,Rain,0,966,1,1.2,1.15,1.05
2026-09-04,DAL-HUB,Sortation,Evening,18,Friday,0,0,1,1872,1719,488,1180,736,31,30,29,41,8,53.5,0.993,8,2.3,0.019,689.9,Clear,0,1180,1,1.2,1.15,1.05
2026-09-04,DAL-HUB,Sortation,Evening,19,Friday,0,0,1,1684,1547,330,1028,702,27,26,25,42,8,56.1,0.979,5,2.5,0.049,604.44,Clear,0,1028,2,1.2,1.15,1.05
2026-09-04,DAL-HUB,Sortation,Evening,20,Friday,0,0,0,1513,1389,397,885,643,23,23,22,43,8,59.2,0.936,7,2.3,0.062,543.59,Clear,0,885,1,1.08,1.15,1.05
2026-09-04,DAL-HUB,Sortation,Evening,21,Friday,0,0,0,1368,1256,446,896,510,23,23,22,42,8,49.0,0.97,1,2.6,0.044,530.13,Clear,0,896,0,0.96,1.15,1.05
2026-09-04,DAL-HUB,Sortation,Night,22,Friday,0,0,0,1401,1287,397,893,557,24,23,22,42,8,54.0,0.967,9,2.5,0.041,553.54,Clear,0,893,0,0.96,1.15,1.05
2026-09-04,DAL-HUB,Sortation,Night,23,Friday,0,0,0,1138,1045,297,657,517,18,18,17,41,8,60.7,0.944,6,3.3,0.029,464.02,Clear,0,657,0,0.82,1.15,1.05
2026-09-04,DAL-HUB,Outbound,Morning,6,Friday,0,0,0,1193,1169,395,632,587,16,15,14,47,8,68.9,0.961,0,3.9,0.035,404.12,Clear,0,632,0,0.96,1.15,1.05
2026-09-04,DAL-HUB,Outbound,Morning,7,Friday,0,0,0,1427,1398,339,928,530,20,19,19,51,8,52.5,0.958,5,2.6,0.016,485.53,Clear,0,928,1,1.2,1.15,1.05
2026-09-04,DAL-HUB,Outbound,Morning,8,Friday,0,0,1,1522,1491,540,898,665,21,19,19,50,8,60.0,0.946,3,3.0,0.024,492.07,Clear,0,898,0,1.2,1.15,1.05
2026-09-04,DAL-HUB,Outbound,Morning,9,Friday,0,0,1,1801,1764,388,1011,845,25,25,24,46,8,61.8,0.916,8,3.1,0.033,613.48,Clear,0,1011,0,1.2,1.15,1.05
2026-09-04,DAL-HUB,Outbound,Morning,10,Friday,0,0,0,1401,1372,419,837,592,19,19,18,49,8,56.9,0.95,5,2.5,0.036,462.74,Clear,0,837,2,1.08,1.15,1.05
2026-09-04,DAL-HUB,Outbound,Morning,11,Friday,0,0,0,1412,1383,424,788,664,18,18,17,49,8,63.6,0.947,0,3.4,0.043,452.64,Clear,0,788,0,1.08,1.15,1.05
2026-09-04,DAL-HUB,Outbound,Morning,12,Friday,0,0,0,1221,1196,293,724,504,17,17,16,46,8,55.0,0.985,4,2.8,0.048,430.11,Storm,0,724,2,0.96,1.15,1.05
2026-09-04,DAL-HUB,Outbound,Morning,13,Friday,0,0,0,1120,1097,359,661,483,14,15,14,50,8,62.8,0.945,10,2.5,0.041,395.57,Clear,0,661,1,0.96,1.15,1.05
2026-09-04,DAL-HUB,Outbound,Evening,14,Friday,0,0,0,1289,1263,421,835,482,20,18,18,48,8,49.0,0.967,2,2.7,0.024,456.69,Clear,0,835,2,0.96,1.15,1.05
2026-09-04,DAL-HUB,Outbound,Evening,15,Friday,0,0,0,1280,1254,382,688,608,17,16,15,47,8,65.5,0.976,10,3.7,0.046,451.63,Clear,0,688,1,1.08,1.15,1.05
2026-09-04,DAL-HUB,Outbound,Evening,16,Friday,0,0,0,1314,1287,405,734,618,17,17,16,48,8,65.4,0.956,6,3.3,0.038,447.74,Clear,0,734,1,1.08,1.15,1.05
2026-09-04,DAL-HUB,Outbound,Evening,17,Friday,0,0,1,1872,1834,458,1296,625,28,28,26,50,8,44.9,0.997,0,2.6,0.057,614.2,Clear,0,1296,0,1.2,1.15,1.05
2026-09-04,DAL-HUB,Outbound,Evening,18,Friday,0,0,1,1687,1653,335,954,764,22,22,21,48,8,62.5,0.947,8,2.9,0.032,547.3,Clear,0,954,3,1.2,1.15,1.05
2026-09-04,DAL-HUB,Outbound,Evening,19,Friday,0,0,1,1776,1740,547,1073,744,26,24,24,48,8,55.2,0.932,6,2.4,0.02,587.03,Clear,0,1073,1,1.2,1.15,1.05
2026-09-04,DAL-HUB,Outbound,Evening,20,Friday,0,0,0,1426,1397,453,883,571,19,18,18,51,8,53.2,0.962,3,3.2,0.024,476.41,Clear,0,883,1,1.08,1.15,1.05
2026-09-04,DAL-HUB,Outbound,Evening,21,Friday,0,0,0,1285,1259,349,710,591,19,17,17,44,8,62.2,0.95,7,3.1,0.01,464.32,Clear,0,710,1,0.96,1.15,1.05
2026-09-04,DAL-HUB,Outbound,Night,22,Friday,0,0,0,1312,1285,394,768,570,17,17,16,48,8,55.8,1.0,2,2.9,0.061,423.7,Clear,0,768,2,0.96,1.15,1.05
2026-09-04,DAL-HUB,Outbound,Night,23,Friday,0,0,0,1055,1033,261,581,499,14,14,13,46,8,62.5,0.972,2,3.9,0.05,388.49,Clear,0,581,1,0.82,1.15,1.05
2026-09-05,ATL-HUB,Inbound,Morning,6,Saturday,1,0,0,1210,1068,309,669,531,16,15,15,47,8,59.6,0.949,0,2.7,0.033,389.47,Clear,0,669,0,0.96,0.82,1.065
2026-09-05,ATL-HUB,Inbound,Morning,7,Saturday,1,0,0,1559,1376,335,863,674,22,21,20,45,8,60.4,0.959,4,2.9,0.036,511.52,Clear,0,863,1,1.2,0.82,1.065
2026-09-05,ATL-HUB,Inbound,Morning,8,Saturday,1,0,1,1617,1427,449,789,787,21,21,20,42,8,71.0,0.94,3,3.7,0.032,531.75,Clear,0,789,0,1.2,0.82,1.065
2026-09-05,ATL-HUB,Inbound,Morning,9,Saturday,1,0,1,1676,1479,313,857,800,22,21,20,46,8,70.4,0.932,2,3.8,0.053,532.39,Clear,0,857,2,1.2,0.82,1.065
2026-09-05,ATL-HUB,Inbound,Morning,10,Saturday,1,0,0,1421,1254,393,846,571,21,20,19,45,8,53.7,0.99,1,2.4,0.047,465.99,Clear,0,846,1,1.08,0.82,1.065
2026-09-05,ATL-HUB,Inbound,Morning,11,Saturday,1,0,0,1234,1089,265,748,463,18,18,17,49,8,51.7,0.898,5,2.2,0.034,430.88,Clear,0,748,2,1.08,0.82,1.065
2026-09-05,ATL-HUB,Inbound,Morning,12,Saturday,1,0,0,1123,990,209,599,505,17,15,15,44,8,63.3,0.909,3,3.3,0.01,414.32,Clear,0,599,2,0.96,0.82,1.065
2026-09-05,ATL-HUB,Inbound,Morning,13,Saturday,1,0,0,1243,1097,333,792,441,17,16,16,51,8,47.0,0.971,6,2.3,0.028,417.54,Clear,0,792,1,0.96,0.82,1.065
2026-09-05,ATL-HUB,Inbound,Evening,14,Saturday,1,0,0,1143,1008,261,729,402,16,16,15,49,8,47.4,0.993,2,2.5,0.033,393.11,Storm,0,729,0,0.96,0.82,1.065
2026-09-05,ATL-HUB,Inbound,Evening,15,Saturday,1,0,0,1301,1148,328,828,445,18,19,18,46,8,49.1,1.0,1,2.3,0.037,441.57,Clear,0,828,0,1.08,0.82,1.065
2026-09-05,ATL-HUB,Inbound,Evening,16,Saturday,1,0,0,1370,1209,399,850,483,21,20,19,46,8,49.6,0.973,7,2.9,0.042,498.29,Clear,0,850,1,1.08,0.82,1.065
2026-09-05,ATL-HUB,Inbound,Evening,17,Saturday,1,0,1,1622,1431,432,1008,580,23,22,21,49,8,50.6,0.98,1,2.8,0.051,519.74,Clear,0,1008,2,1.2,0.82,1.065
2026-09-05,ATL-HUB,Inbound,Evening,18,Saturday,1,0,1,1600,1412,490,939,629,23,22,21,46,8,54.7,0.973,2,2.8,0.032,522.54,Clear,0,939,0,1.2,0.82,1.065
2026-09-05,ATL-HUB,Inbound,Evening,19,Saturday,1,0,1,1685,1486,476,952,691,24,23,22,45,8,55.5,0.962,10,2.3,0.041,555.14,Clear,0,952,1,1.2,0.82,1.065
2026-09-05,ATL-HUB,Inbound,Evening,20,Saturday,1,0,0,1187,1047,391,723,452,16,15,15,50,8,50.5,0.965,6,2.3,0.031,397.05,Clear,0,723,0,1.08,0.82,1.065
2026-09-05,ATL-HUB,Inbound,Evening,21,Saturday,1,0,0,1206,1064,302,789,412,18,17,16,50,8,46.3,0.986,7,2.1,0.037,417.05,Heavy Rain,0,789,2,0.96,0.82,1.065
2026-09-05,ATL-HUB,Inbound,Night,22,Saturday,1,0,0,1218,1075,371,783,413,17,17,16,51,8,46.9,0.96,9,2.4,0.045,429.51,Clear,0,783,1,0.96,0.82,1.065
2026-09-05,ATL-HUB,Inbound,Night,23,Saturday,1,0,0,870,767,293,601,247,13,12,12,51,8,38.8,0.983,8,1.6,0.034,319.75,Clear,0,601,1,0.82,0.82,1.065
2026-09-05,ATL-HUB,Sortation,Morning,6,Saturday,1,0,0,1170,1074,239,678,516,19,19,18,39,8,60.9,0.966,10,2.8,0.037,482.89,Clear,0,678,4,0.96,0.82,1.065
2026-09-05,ATL-HUB,Sortation,Morning,7,Saturday,1,0,0,1393,1279,415,897,508,22,22,21,45,8,49.8,0.95,9,1.6,0.04,508.7,Clear,0,897,1,1.2,0.82,1.065
2026-09-05,ATL-HUB,Sortation,Morning,8,Saturday,1,0,1,1816,1668,507,1147,705,30,29,28,42,8,49.0,0.976,4,2.6,0.034,664.97,Clear,0,1147,3,1.2,0.82,1.065
2026-09-05,ATL-HUB,Sortation,Morning,9,Saturday,1,0,1,1721,1581,599,1136,605,27,25,24,50,8,50.4,0.947,0,2.2,0.046,561.23,Clear,0,1136,0,1.2,0.82,1.065
2026-09-05,ATL-HUB,Sortation,Morning,10,Saturday,1,0,0,1241,1140,310,889,405,22,21,21,44,8,41.7,0.963,8,1.6,0.016,502.71,Clear,0,889,2,1.08,0.82,1.065
2026-09-05,ATL-HUB,Sortation,Morning,11,Saturday,1,0,0,1464,1344,520,1008,481,26,25,24,45,8,43.2,0.934,7,1.1,0.059,548.09,Clear,0,1008,1,1.08,0.82,1.065
2026-09-05,ATL-HUB,Sortation,Morning,12,Saturday,1,0,0,1252,1150,269,677,602,20,19,18,41,8,67.3,0.918,10,3.1,0.049,492.8,Clear,0,677,2,0.96,0.82,1.065
2026-09-05,ATL-HUB,Sortation,Morning,13,Saturday,1,0,0,1361,1250,374,807,594,21,20,19,45,8,61.1,0.944,9,2.8,0.048,502.7,Clear,0,807,0,0.96,0.82,1.065
2026-09-05,ATL-HUB,Sortation,Evening,14,Saturday,1,0,0,1334,1225,307,908,447,23,21,21,45,8,43.7,0.961,9,1.5,0.01,504.82,Clear,0,908,0,0.96,0.82,1.065
2026-09-05,ATL-HUB,Sortation,Evening,15,Saturday,1,0,0,1515,1391,338,954,599,27,25,24,40,8,53.6,0.995,5,3.0,0.026,595.83,Clear,0,954,2,1.08,0.82,1.065
2026-09-05,ATL-HUB,Sortation,Evening,16,Saturday,1,0,0,1590,1460,323,1037,599,25,25,24,44,8,51.9,0.982,8,1.8,0.036,573.21,Clear,0,1037,0,1.08,0.82,1.065
2026-09-05,ATL-HUB,Sortation,Evening,17,Saturday,1,0,1,1767,1623,503,1211,605,29,28,27,45,8,46.5,0.997,7,2.2,0.025,642.97,Clear,0,1211,0,1.2,0.82,1.065
2026-09-05,ATL-HUB,Sortation,Evening,18,Saturday,1,0,1,1887,1733,595,1207,716,32,30,29,43,8,52.8,0.969,7,2.5,0.041,692.57,Clear,0,1207,0,1.2,0.82,1.065
2026-09-05,ATL-HUB,Sortation,Evening,19,Saturday,1,0,1,1696,1557,329,1197,536,28,27,26,47,8,42.5,0.98,10,2.2,0.044,631.76,Clear,0,1197,0,1.2,0.82,1.065
2026-09-05,ATL-HUB,Sortation,Evening,20,Saturday,1,0,0,1320,1212,258,677,650,22,21,20,37,8,71.9,0.915,7,3.5,0.048,534.65,Clear,0,677,1,1.08,0.82,1.065
2026-09-05,ATL-HUB,Sortation,Evening,21,Saturday,1,0,0,1155,1061,231,722,474,19,19,18,41,8,56.2,0.978,3,2.2,0.052,443.42,Clear,0,722,0,0.96,0.82,1.065
2026-09-05,ATL-HUB,Sortation,Night,22,Saturday,1,0,0,1328,1220,425,855,521,21,21,20,44,8,49.9,0.972,6,2.4,0.054,500.81,Clear,0,855,1,0.96,0.82,1.065
2026-09-05,ATL-HUB,Sortation,Night,23,Saturday,1,0,0,1090,1001,359,690,445,19,17,17,41,8,52.0,0.99,6,3.0,0.027,454.73,Clear,0,690,0,0.82,0.82,1.065
2026-09-05,ATL-HUB,Outbound,Morning,6,Saturday,1,0,0,1171,1147,225,677,520,15,15,14,51,8,59.4,0.949,8,2.7,0.037,395.71,Clear,0,677,0,0.96,0.82,1.065
2026-09-05,ATL-HUB,Outbound,Morning,7,Saturday,1,0,0,1353,1325,413,759,642,19,18,17,47,8,66.3,0.951,3,3.6,0.035,466.76,Clear,0,759,1,1.2,0.82,1.065
2026-09-05,ATL-HUB,Outbound,Morning,8,Saturday,1,0,1,1631,1598,309,1046,623,23,22,21,51,8,51.1,0.977,2,3.0,0.057,535.86,Storm,0,1046,1,1.2,0.82,1.065
2026-09-05,ATL-HUB,Outbound,Morning,9,Saturday,1,0,1,1628,1595,491,1041,613,23,23,22,50,8,50.0,0.947,0,2.4,0.042,532.1,Storm,0,1041,0,1.2,0.82,1.065
2026-09-05,ATL-HUB,Outbound,Morning,10,Saturday,1,0,0,1435,1406,275,845,611,19,19,18,50,8,60.9,0.94,10,2.7,0.036,484.97,Clear,0,845,0,1.08,0.82,1.065
2026-09-05,ATL-HUB,Outbound,Morning,11,Saturday,1,0,0,1253,1227,348,850,449,19,18,17,50,8,46.3,1.0,0,2.3,0.038,418.92,Clear,0,850,0,1.08,0.82,1.065
2026-09-05,ATL-HUB,Outbound,Morning,12,Saturday,1,0,0,975,955,232,568,427,14,13,13,46,8,56.4,0.951,8,2.7,0.028,372.61,Clear,0,568,0,0.96,0.82,1.065
2026-09-05,ATL-HUB,Outbound,Morning,13,Saturday,1,0,0,1070,1048,322,603,506,15,14,14,47,8,66.7,0.917,6,3.3,0.028,404.26,Clear,0,603,0,0.96,0.82,1.065
2026-09-05,ATL-HUB,Outbound,Evening,14,Saturday,1,0,0,1078,1056,263,605,499,14,14,13,49,8,63.1,0.951,9,2.9,0.036,383.32,Clear,0,605,2,0.96,0.82,1.065
2026-09-05,ATL-HUB,Outbound,Evening,15,Saturday,1,0,0,1275,1249,322,834,483,18,17,16,54,8,52.6,0.966,3,2.4,0.047,412.24,Clear,0,834,0,1.08,0.82,1.065
2026-09-05,ATL-HUB,Outbound,Evening,16,Saturday,1,0,0,1272,1246,416,645,671,15,16,15,46,8,74.1,0.935,6,3.8,0.033,441.46,Clear,0,645,0,1.08,0.82,1.065
2026-09-05,ATL-HUB,Outbound,Evening,17,Saturday,1,0,1,1531,1500,518,1047,513,21,22,21,50,8,46.0,0.998,8,2.3,0.023,527.63,Clear,0,1047,2,1.2,0.82,1.065
2026-09-05,ATL-HUB,Outbound,Evening,18,Saturday,1,0,1,1692,1657,321,1029,691,22,22,21,49,8,56.3,1.0,4,3.2,0.026,542.99,Clear,0,1029,2,1.2,0.82,1.065
2026-09-05,ATL-HUB,Outbound,Evening,19,Saturday,1,0,1,1583,1551,388,1013,615,23,21,21,51,8,54.5,0.947,9,2.3,0.02,531.79,Clear,0,1013,1,1.2,0.82,1.065
2026-09-05,ATL-HUB,Outbound,Evening,20,Saturday,1,0,0,1246,1221,374,782,485,18,18,17,48,8,54.9,0.959,9,2.3,0.035,447.6,Clear,0,782,0,1.08,0.82,1.065
2026-09-05,ATL-HUB,Outbound,Evening,21,Saturday,1,0,0,1123,1100,358,731,405,18,16,16,48,8,49.5,0.953,6,2.1,0.016,410.63,Clear,0,731,0,0.96,0.82,1.065
2026-09-05,ATL-HUB,Outbound,Night,22,Saturday,1,0,0,1075,1053,216,672,435,14,14,13,52,8,52.5,0.995,5,2.9,0.046,370.45,Clear,0,672,2,0.96,0.82,1.065
2026-09-05,ATL-HUB,Outbound,Night,23,Saturday,1,0,0,981,961,228,640,360,14,14,13,53,8,46.9,0.929,1,1.6,0.043,319.54,Clear,0,640,2,0.82,0.82,1.065
2026-09-05,CHI-HUB,Inbound,Morning,6,Saturday,1,0,0,1067,942,353,604,457,14,13,13,49,8,58.2,0.949,0,3.0,0.018,356.35,Clear,0,604,1,0.96,0.82,1.065
2026-09-05,CHI-HUB,Inbound,Morning,7,Saturday,1,0,0,1397,1233,375,913,456,21,20,19,50,8,43.9,0.961,7,2.0,0.041,473.56,Clear,0,913,1,1.2,0.82,1.065
2026-09-05,CHI-HUB,Inbound,Morning,8,Saturday,1,0,1,1568,1384,498,1001,555,23,22,21,49,8,50.2,0.973,8,1.9,0.032,515.98,Clear,0,1001,1,1.2,0.82,1.065
2026-09-05,CHI-HUB,Inbound,Morning,9,Saturday,1,0,1,1552,1369,464,926,609,21,21,20,49,8,55.2,0.945,5,2.3,0.029,497.8,Clear,0,926,0,1.2,0.82,1.065
2026-09-05,CHI-HUB,Inbound,Morning,10,Saturday,1,0,0,1201,1060,283,769,427,18,17,17,46,8,47.9,0.984,3,2.0,0.014,418.3,Clear,0,769,2,1.08,0.82,1.065
2026-09-05,CHI-HUB,Inbound,Morning,11,Saturday,1,0,0,1293,1141,331,761,511,17,17,16,49,8,55.2,0.972,2,2.5,0.057,411.22,Clear,0,761,1,1.08,0.82,1.065
2026-09-05,CHI-HUB,Inbound,Morning,12,Saturday,1,0,0,1114,983,301,622,470,15,14,14,47,8,57.5,0.947,5,3.0,0.029,392.67,Clear,0,622,0,0.96,0.82,1.065
2026-09-05,CHI-HUB,Inbound,Morning,13,Saturday,1,0,0,1208,1066,401,730,469,17,16,16,47,8,54.9,0.972,9,2.1,0.027,420.93,Clear,0,730,0,0.96,0.82,1.065
2026-09-05,CHI-HUB,Inbound,Evening,14,Saturday,1,0,0,1238,1092,347,798,424,18,17,17,48,8,46.7,0.979,7,2.3,0.011,444.52,Storm,0,798,1,0.96,0.82,1.065
2026-09-05,CHI-HUB,Inbound,Evening,15,Saturday,1,0,0,1295,1143,418,773,509,17,17,16,50,8,50.4,0.967,2,1.9,0.052,397.2,Heavy Rain,0,773,3,1.08,0.82,1.065
2026-09-05,CHI-HUB,Inbound,Evening,16,Saturday,1,0,0,1331,1174,450,831,473,19,18,18,49,8,48.8,0.943,9,2.1,0.02,462.09,Clear,0,831,0,1.08,0.82,1.065
2026-09-05,CHI-HUB,Inbound,Evening,17,Saturday,1,0,1,1655,1460,528,910,709,24,23,22,45,8,57.4,0.919,7,2.4,0.03,547.81,Clear,0,910,0,1.2,0.82,1.065
2026-09-05,CHI-HUB,Inbound,Evening,18,Saturday,1,0,1,1557,1374,431,951,585,23,22,21,47,8,53.0,0.965,6,2.6,0.045,528.99,Clear,0,951,0,1.2,0.82,1.065
2026-09-05,CHI-HUB,Inbound,Evening,19,Saturday,1,0,1,1600,1412,321,1029,558,23,21,21,50,8,47.8,0.981,2,2.2,0.021,505.74,Clear,0,1029,2,1.2,0.82,1.065
2026-09-05,CHI-HUB,Inbound,Evening,20,Saturday,1,0,0,1246,1099,349,869,356,18,18,17,53,8,38.5,0.965,2,1.6,0.05,404.7,Clear,0,869,1,1.08,0.82,1.065
2026-09-05,CHI-HUB,Inbound,Evening,21,Saturday,1,0,0,1090,962,370,675,400,15,15,14,49,8,49.0,0.984,7,2.7,0.058,390.24,Clear,0,675,0,0.96,0.82,1.065
2026-09-05,CHI-HUB,Inbound,Night,22,Saturday,1,0,0,1088,960,197,566,515,13,14,13,46,8,68.9,0.948,10,2.9,0.046,385.91,Clear,0,566,1,0.96,0.82,1.065
2026-09-05,CHI-HUB,Inbound,Night,23,Saturday,1,0,0,886,782,245,472,421,11,12,11,44,8,70.4,0.975,0,4.1,0.044,344.94,Clear,0,472,0,0.82,0.82,1.065
2026-09-05,CHI-HUB,Sortation,Morning,6,Saturday,1,0,0,1009,927,327,551,478,14,15,14,41,8,65.5,0.962,3,3.3,0.05,393.54,Clear,0,551,0,0.96,0.82,1.065
2026-09-05,CHI-HUB,Sortation,Morning,7,Saturday,1,0,0,1374,1262,315,824,575,23,21,21,40,8,55.2,0.982,9,2.8,0.014,547.0,Storm,0,824,3,1.2,0.82,1.065
2026-09-05,CHI-HUB,Sortation,Morning,8,Saturday,1,0,1,1797,1650,526,1074,758,31,29,28,40,8,53.2,0.959,5,2.6,0.049,667.81,Clear,0,1074,1,1.2,0.82,1.065
2026-09-05,CHI-HUB,Sortation,Morning,9,Saturday,1,0,1,1745,1602,396,1093,681,30,28,27,42,8,50.7,0.965,7,2.9,0.033,662.16,Clear,0,1093,1,1.2,0.82,1.065
2026-09-05,CHI-HUB,Sortation,Morning,10,Saturday,1,0,0,1262,1159,293,834,479,21,21,20,45,8,48.1,0.927,10,2.3,0.046,509.58,Clear,0,834,3,1.08,0.82,1.065
2026-09-05,CHI-HUB,Sortation,Morning,11,Saturday,1,0,0,1310,1203,272,848,497,22,21,20,44,8,47.2,0.965,6,2.6,0.039,506.07,Clear,0,848,1,1.08,0.82,1.065
2026-09-05,CHI-HUB,Sortation,Morning,12,Saturday,1,0,0,1179,1083,315,774,425,19,19,18,43,8,48.0,1.0,0,2.4,0.033,439.87,Clear,0,774,3,0.96,0.82,1.065
2026-09-05,CHI-HUB,Sortation,Morning,13,Saturday,1,0,0,1192,1095,365,618,603,20,19,18,37,8,70.9,0.929,2,3.8,0.028,485.71,Clear,0,618,0,0.96,0.82,1.065
2026-09-05,CHI-HUB,Sortation,Evening,14,Saturday,1,0,0,1160,1065,270,708,483,19,18,17,44,8,56.6,0.948,9,2.3,0.048,446.01,Clear,0,708,3,0.96,0.82,1.065
2026-09-05,CHI-HUB,Sortation,Evening,15,Saturday,1,0,0,1303,1197,390,763,584,20,19,18,44,8,59.3,0.963,1,3.1,0.028,464.94,Clear,0,763,1,1.08,0.82,1.065
2026-09-05,CHI-HUB,Sortation,Evening,16,Saturday,1,0,0,1325,1217,303,818,535,21,21,20,43,8,52.3,0.951,0,3.1,0.04,501.15,Clear,0,818,2,1.08,0.82,1.065
2026-09-05,CHI-HUB,Sortation,Evening,17,Saturday,1,0,1,1581,1452,516,895,745,26,26,24,38,8,63.3,0.982,3,3.5,0.058,608.14,Heavy Rain,0,895,0,1.2,0.82,1.065
2026-09-05,CHI-HUB,Sortation,Evening,18,Saturday,1,0,1,1655,1520,395,1090,604,27,25,25,44,8,50.8,0.991,5,2.6,0.019,606.7,Clear,0,1090,2,1.2,0.82,1.065
2026-09-05,CHI-HUB,Sortation,Evening,19,Saturday,1,0,1,1595,1465,297,971,666,25,25,24,44,8,59.0,0.92,4,2.5,0.036,580.1,Clear,0,971,0,1.2,0.82,1.065
2026-09-05,CHI-HUB,Sortation,Evening,20,Saturday,1,0,0,1227,1127,370,788,480,22,21,20,41,8,50.6,0.962,10,2.5,0.04,514.55,Clear,0,788,0,1.08,0.82,1.065
2026-09-05,CHI-HUB,Sortation,Evening,21,Saturday,1,0,0,1204,1106,408,783,442,21,20,19,43,8,48.7,0.959,6,2.3,0.031,476.22,Clear,0,783,0,0.96,0.82,1.065
2026-09-05,CHI-HUB,Sortation,Night,22,Saturday,1,0,0,1199,1101,387,780,462,18,18,17,48,8,50.7,0.957,1,2.5,0.061,426.73,Clear,0,780,0,0.96,0.82,1.065
2026-09-05,CHI-HUB,Sortation,Night,23,Saturday,1,0,0,1049,963,211,666,398,17,17,16,44,8,50.5,0.947,8,2.7,0.043,432.48,Clear,0,666,0,0.82,0.82,1.065
2026-09-05,CHI-HUB,Outbound,Morning,6,Saturday,1,0,0,992,972,199,585,425,13,12,12,51,8,55.8,0.957,2,2.9,0.021,339.83,Clear,0,585,0,0.96,0.82,1.065
2026-09-05,CHI-HUB,Outbound,Morning,7,Saturday,1,0,0,1247,1222,257,789,477,19,18,17,47,8,49.4,0.988,9,3.2,0.043,472.81,Clear,0,789,2,1.2,0.82,1.065
2026-09-05,CHI-HUB,Outbound,Morning,8,Saturday,1,0,1,1496,1465,443,960,568,21,21,20,48,8,51.9,1.0,0,2.7,0.027,493.09,Clear,0,960,4,1.2,0.82,1.065
2026-09-05,CHI-HUB,Outbound,Morning,9,Saturday,1,0,1,1436,1407,477,843,626,21,20,19,47,8,58.5,0.945,5,2.2,0.043,474.49,Clear,0,843,3,1.2,0.82,1.065
2026-09-05,CHI-HUB,Outbound,Morning,10,Saturday,1,0,0,1196,1172,231,740,490,15,16,15,52,8,53.9,0.949,3,2.3,0.035,388.48,Clear,0,740,1,1.08,0.82,1.065
2026-09-05,CHI-HUB,Outbound,Morning,11,Saturday,1,0,0,1305,1278,262,718,606,17,17,16,47,8,63.3,0.955,2,3.1,0.044,429.18,Clear,0,718,3,1.08,0.82,1.065
2026-09-05,CHI-HUB,Outbound,Morning,12,Saturday,1,0,0,979,959,300,602,392,14,13,13,49,8,56.4,0.946,1,2.9,0.02,355.88,Clear,0,602,1,0.96,0.82,1.065
2026-09-05,CHI-HUB,Outbound,Morning,13,Saturday,1,0,0,1046,1025,234,646,427,13,13,13,52,8,50.8,0.956,2,2.5,0.019,349.12,Clear,0,646,2,0.96,0.82,1.065
2026-09-05,CHI-HUB,Outbound,Evening,14,Saturday,1,0,0,964,944,215,701,293,16,14,14,52,8,39.0,0.964,8,2.1,0.034,375.11,Clear,0,701,3,0.96,0.82,1.065
2026-09-05,CHI-HUB,Outbound,Evening,15,Saturday,1,0,0,1105,1082,342,709,431,15,15,14,52,8,51.2,0.975,1,2.3,0.04,363.34,Heavy Rain,0,709,0,1.08,0.82,1.065
2026-09-05,CHI-HUB,Outbound,Evening,16,Saturday,1,0,0,955,936,278,594,387,13,12,12,50,8,51.1,0.991,4,2.4,0.035,331.55,Clear,0,594,2,1.08,0.82,1.065
2026-09-05,CHI-HUB,Outbound,Evening,17,Saturday,1,0,1,1228,1203,295,636,618,17,16,15,46,8,73.9,0.922,7,3.3,0.051,429.87,Clear,0,636,1,1.2,0.82,1.065
2026-09-05,CHI-HUB,Outbound,Evening,18,Saturday,1,0,1,1450,1420,384,837,632,21,20,19,47,8,55.1,0.938,6,3.1,0.03,503.14,Clear,0,837,0,1.2,0.82,1.065
2026-09-05,CHI-HUB,Outbound,Evening,19,Saturday,1,0,1,1500,1469,525,977,557,22,22,21,49,8,49.1,0.95,1,2.1,0.062,499.06,Clear,0,977,2,1.2,0.82,1.065
2026-09-05,CHI-HUB,Outbound,Evening,20,Saturday,1,0,0,1216,1191,379,722,525,18,16,16,47,8,57.5,0.961,5,2.9,0.026,431.54,Clear,0,722,0,1.08,0.82,1.065
2026-09-05,CHI-HUB,Outbound,Evening,21,Saturday,1,0,0,883,865,275,565,345,13,12,12,50,8,52.0,0.943,10,2.3,0.026,346.64,Clear,0,565,1,0.96,0.82,1.065
2026-09-05,CHI-HUB,Outbound,Night,22,Saturday,1,0,0,1099,1077,378,728,399,16,15,15,49,8,49.8,0.991,4,1.8,0.03,379.94,Storm,0,728,2,0.96,0.82,1.065
2026-09-05,CHI-HUB,Outbound,Night,23,Saturday,1,0,0,899,881,291,528,392,12,12,11,49,8,59.3,0.98,7,3.0,0.052,337.42,Clear,0,528,1,0.82,0.82,1.065
2026-09-05,DAL-HUB,Inbound,Morning,6,Saturday,1,0,0,1039,917,296,658,365,13,14,13,54,8,46.9,0.938,2,2.4,0.037,345.44,Clear,0,658,1,0.96,0.82,1.065
2026-09-05,DAL-HUB,Inbound,Morning,7,Saturday,1,0,0,1074,947,218,576,483,14,14,13,45,8,64.3,0.986,9,3.5,0.036,399.25,Clear,0,576,1,1.2,0.82,1.065
2026-09-05,DAL-HUB,Inbound,Morning,8,Saturday,1,0,1,1359,1199,358,858,487,19,19,18,50,8,49.9,0.954,6,2.8,0.035,472.59,Clear,0,858,1,1.2,0.82,1.065
2026-09-05,DAL-HUB,Inbound,Morning,9,Saturday,1,0,1,1201,1060,219,803,392,19,18,17,48,8,43.6,0.985,2,2.1,0.029,417.9,Clear,0,803,0,1.2,0.82,1.065
2026-09-05,DAL-HUB,Inbound,Morning,10,Saturday,1,0,0,1079,952,247,690,374,17,15,15,48,8,46.8,0.959,3,2.5,0.019,391.14,Clear,0,690,1,1.08,0.82,1.065
2026-09-05,DAL-HUB,Inbound,Morning,11,Saturday,1,0,0,1050,927,286,632,393,15,14,14,50,8,54.4,0.904,10,1.9,0.018,376.74,Clear,0,632,0,1.08,0.82,1.065
2026-09-05,DAL-HUB,Inbound,Morning,12,Saturday,1,0,0,932,822,307,538,391,12,12,12,46,8,57.1,0.976,10,3.0,0.035,366.45,Clear,0,538,2,0.96,0.82,1.065
2026-09-05,DAL-HUB,Inbound,Morning,13,Saturday,1,0,0,958,846,305,573,384,13,12,12,49,8,54.3,0.975,6,2.3,0.028,334.52,Clear,0,573,0,0.96,0.82,1.065
2026-09-05,DAL-HUB,Inbound,Evening,14,Saturday,1,0,0,941,830,292,650,283,14,13,13,50,8,41.5,1.0,3,1.9,0.035,332.91,Clear,0,650,1,0.96,0.82,1.065
2026-09-05,DAL-HUB,Inbound,Evening,15,Saturday,1,0,0,1066,941,302,617,422,14,14,13,50,8,56.4,0.95,0,2.9,0.037,354.66,Rain,0,617,1,1.08,0.82,1.065
2026-09-05,DAL-HUB,Inbound,Evening,16,Saturday,1,0,0,1059,935,211,616,432,14,14,13,50,8,56.1,0.949,6,2.2,0.041,353.0,Clear,0,616,1,1.08,0.82,1.065
2026-09-05,DAL-HUB,Inbound,Evening,17,Saturday,1,0,1,1322,1167,420,799,490,19,18,17,47,8,49.2,1.0,4,2.3,0.035,432.05,Clear,0,799,0,1.2,0.82,1.065
2026-09-05,DAL-HUB,Inbound,Evening,18,Saturday,1,0,1,1356,1197,444,733,608,20,19,19,41,8,63.1,0.941,10,2.5,0.024,496.44,Clear,0,733,0,1.2,0.82,1.065
2026-09-05,DAL-HUB,Inbound,Evening,19,Saturday,1,0,1,1355,1196,243,828,491,19,19,18,46,8,51.8,1.0,7,3.5,0.037,495.32,Clear,0,828,1,1.2,0.82,1.065
2026-09-05,DAL-HUB,Inbound,Evening,20,Saturday,1,0,0,956,844,238,607,321,14,13,13,48,8,46.1,0.974,1,2.2,0.01,336.2,Rain,0,607,0,1.08,0.82,1.065
2026-09-05,DAL-HUB,Inbound,Evening,21,Saturday,1,0,0,959,846,247,579,372,14,13,13,47,8,52.6,0.948,7,2.8,0.033,371.24,Clear,0,579,0,0.96,0.82,1.065
2026-09-05,DAL-HUB,Inbound,Night,22,Saturday,1,0,0,978,863,283,618,351,15,14,14,46,8,50.0,0.96,0,2.6,0.02,363.06,Clear,0,618,1,0.96,0.82,1.065
2026-09-05,DAL-HUB,Inbound,Night,23,Saturday,1,0,0,738,651,136,403,313,10,9,9,47,8,59.7,0.953,10,3.6,0.04,321.33,Clear,0,403,0,0.82,0.82,1.065
2026-09-05,DAL-HUB,Sortation,Morning,6,Saturday,1,0,0,983,903,306,540,471,14,14,13,43,8,66.0,0.967,3,4.0,0.05,393.17,Clear,0,540,1,0.96,0.82,1.065
2026-09-05,DAL-HUB,Sortation,Morning,7,Saturday,1,0,0,1121,1029,283,643,512,17,16,16,41,8,60.7,0.981,2,3.3,0.021,431.39,Clear,0,643,2,1.2,0.82,1.065
2026-09-05,DAL-HUB,Sortation,Morning,8,Saturday,1,0,1,1523,1399,314,892,660,26,24,23,41,8,58.8,0.946,10,2.6,0.037,581.29,Clear,0,892,1,1.2,0.82,1.065
2026-09-05,DAL-HUB,Sortation,Morning,9,Saturday,1,0,1,1358,1247,453,769,640,20,21,20,40,8,63.5,0.962,3,3.7,0.033,528.15,Clear,0,769,0,1.2,0.82,1.065
2026-09-05,DAL-HUB,Sortation,Morning,10,Saturday,1,0,0,1100,1010,225,748,379,19,17,17,47,8,44.2,0.937,8,1.9,0.024,430.51,Clear,0,748,0,1.08,0.82,1.065
2026-09-05,DAL-HUB,Sortation,Morning,11,Saturday,1,0,0,1111,1020,392,647,484,18,17,17,41,8,59.5,0.928,10,3.0,0.01,470.36,Heavy Rain,0,647,0,1.08,0.82,1.065
2026-09-05,DAL-HUB,Sortation,Morning,12,Saturday,1,0,0,986,906,348,570,432,16,16,15,40,8,60.9,0.951,9,3.3,0.033,431.83,Clear,0,570,2,0.96,0.82,1.065
2026-09-05,DAL-HUB,Sortation,Morning,13,Saturday,1,0,0,1050,964,255,604,465,16,16,15,43,8,60.6,0.937,3,2.4,0.038,389.75,Rain,0,604,1,0.96,0.82,1.065
2026-09-05,DAL-HUB,Sortation,Evening,14,Saturday,1,0,0,972,892,308,564,445,14,14,14,45,8,62.1,0.897,6,2.3,0.024,374.46,Clear,0,564,1,0.96,0.82,1.065
2026-09-05,DAL-HUB,Sortation,Evening,15,Saturday,1,0,0,1109,1018,382,650,478,17,17,16,44,8,59.7,0.924,0,2.6,0.034,409.25,Storm,0,650,0,1.08,0.82,1.065
2026-09-05,DAL-HUB,Sortation,Evening,16,Saturday,1,0,0,1131,1039,223,671,477,19,17,17,41,8,55.7,0.963,0,2.8,0.014,430.69,Clear,0,671,2,1.08,0.82,1.065
2026-09-05,DAL-HUB,Sortation,Evening,17,Saturday,1,0,1,1349,1239,389,817,564,23,22,21,41,8,55.8,0.949,6,2.9,0.047,534.69,Clear,0,817,1,1.2,0.82,1.065
2026-09-05,DAL-HUB,Sortation,Evening,18,Saturday,1,0,1,1335,1226,346,878,498,23,22,21,42,8,49.0,0.996,9,2.3,0.036,527.23,Clear,0,878,3,1.2,0.82,1.065
2026-09-05,DAL-HUB,Sortation,Evening,19,Saturday,1,0,1,1450,1332,365,796,684,21,21,20,42,8,64.5,0.949,1,3.5,0.044,517.84,Clear,0,796,2,1.2,0.82,1.065
2026-09-05,DAL-HUB,Sortation,Evening,20,Saturday,1,0,0,1010,927,255,588,453,15,15,14,45,8,59.3,0.935,7,3.0,0.039,401.67,Storm,0,588,1,1.08,0.82,1.065
2026-09-05,DAL-HUB,Sortation,Evening,21,Saturday,1,0,0,980,900,333,444,545,13,14,13,36,8,83.3,0.95,4,4.8,0.04,418.72,Clear,0,444,0,0.96,0.82,1.065
2026-09-05,DAL-HUB,Sortation,Night,22,Saturday,1,0,0,974,894,197,514,477,15,15,14,37,8,68.3,0.992,7,4.0,0.036,426.37,Rain,0,514,2,0.96,0.82,1.065
2026-09-05,DAL-HUB,Sortation,Night,23,Saturday,1,0,0,861,791,297,477,412,14,13,13,38,8,63.8,0.967,4,3.3,0.037,374.52,Clear,0,477,0,0.82,0.82,1.065
2026-09-05,DAL-HUB,Outbound,Morning,6,Saturday,1,0,0,913,894,315,486,436,12,12,11,46,8,67.4,0.961,0,3.7,0.048,335.88,Rain,0,486,3,0.96,0.82,1.065
2026-09-05,DAL-HUB,Outbound,Morning,7,Saturday,1,0,0,1202,1177,422,709,518,16,16,15,48,8,57.9,0.986,3,2.9,0.057,405.39,Clear,0,709,3,1.2,0.82,1.065
2026-09-05,DAL-HUB,Outbound,Morning,8,Saturday,1,0,1,1194,1170,243,713,519,15,16,15,50,8,57.7,0.951,5,3.2,0.043,420.04,Clear,0,713,1,1.2,0.82,1.065
2026-09-05,DAL-HUB,Outbound,Morning,9,Saturday,1,0,1,1214,1189,390,812,425,17,16,16,52,8,49.2,0.976,8,2.1,0.02,418.7,Clear,0,812,0,1.2,0.82,1.065
2026-09-05,DAL-HUB,Outbound,Morning,10,Saturday,1,0,0,994,974,257,740,279,15,14,14,53,8,40.0,0.997,10,1.6,0.031,368.07,Clear,0,740,2,1.08,0.82,1.065
2026-09-05,DAL-HUB,Outbound,Morning,11,Saturday,1,0,0,1097,1075,224,583,543,13,14,13,45,8,71.1,0.997,10,3.4,0.042,400.86,Clear,0,583,1,1.08,0.82,1.065
2026-09-05,DAL-HUB,Outbound,Morning,12,Saturday,1,0,0,880,862,235,547,371,13,12,12,49,8,52.7,0.932,8,2.3,0.025,340.16,Clear,0,547,0,0.96,0.82,1.065
2026-09-05,DAL-HUB,Outbound,Morning,13,Saturday,1,0,0,875,857,235,600,310,13,12,12,52,8,43.0,0.962,7,2.3,0.037,336.87,Clear,0,600,1,0.96,0.82,1.065
2026-09-05,DAL-HUB,Outbound,Evening,14,Saturday,1,0,0,821,804,189,491,366,12,11,11,47,8,62.5,0.951,10,2.8,0.038,340.89,Rain,0,491,4,0.96,0.82,1.065
2026-09-05,DAL-HUB,Outbound,Evening,15,Saturday,1,0,0,939,920,203,597,371,12,12,12,51,8,52.4,0.977,1,2.6,0.034,327.26,Clear,0,597,1,1.08,0.82,1.065
2026-09-05,DAL-HUB,Outbound,Evening,16,Saturday,1,0,0,934,915,237,553,412,13,13,12,48,8,54.8,0.96,1,2.6,0.046,327.17,Clear,0,553,0,1.08,0.82,1.065
2026-09-05,DAL-HUB,Outbound,Evening,17,Saturday,1,0,1,1120,1097,383,674,498,15,15,15,49,8,60.6,0.918,2,2.4,0.029,386.67,Clear,0,674,1,1.2,0.82,1.065
2026-09-05,DAL-HUB,Outbound,Evening,18,Saturday,1,0,1,1143,1120,343,761,375,16,16,16,48,8,43.9,0.991,0,2.3,0.027,398.67,Rain,0,761,0,1.2,0.82,1.065
2026-09-05,DAL-HUB,Outbound,Evening,19,Saturday,1,0,1,1232,1207,327,873,381,18,17,17,53,8,43.7,0.97,7,2.1,0.027,435.34,Clear,0,873,0,1.2,0.82,1.065
2026-09-05,DAL-HUB,Outbound,Evening,20,Saturday,1,0,0,1034,1013,200,595,456,15,14,14,46,8,58.1,0.924,3,2.6,0.02,374.41,Clear,0,595,0,1.08,0.82,1.065
2026-09-05,DAL-HUB,Outbound,Evening,21,Saturday,1,0,0,892,874,298,542,375,12,12,12,48,8,55.4,0.942,9,2.7,0.015,354.8,Clear,0,542,0,0.96,0.82,1.065
2026-09-05,DAL-HUB,Outbound,Night,22,Saturday,1,0,0,755,740,168,499,268,10,10,10,53,8,50.5,0.942,6,1.6,0.019,272.88,Clear,0,499,2,0.96,0.82,1.065
2026-09-05,DAL-HUB,Outbound,Night,23,Saturday,1,0,0,725,710,186,461,289,11,10,10,49,8,56.0,0.941,4,2.9,0.026,302.32,Clear,0,461,2,0.82,0.82,1.065
2026-09-06,ATL-HUB,Inbound,Morning,6,Sunday,1,0,0,1264,1116,249,812,435,18,17,17,49,8,49.2,0.975,4,2.3,0.029,431.02,Clear,0,812,0,0.96,0.82,1.08
2026-09-06,ATL-HUB,Inbound,Morning,7,Sunday,1,0,0,1598,1410,395,980,576,20,21,20,49,8,48.8,1.0,1,3.3,0.026,513.81,Clear,0,980,0,1.2,0.82,1.08
2026-09-06,ATL-HUB,Inbound,Morning,8,Sunday,1,0,1,1704,1503,428,1035,633,25,24,23,45,8,49.1,1.0,2,2.9,0.032,566.18,Clear,0,1035,0,1.2,0.82,1.08
2026-09-06,ATL-HUB,Inbound,Morning,9,Sunday,1,0,1,1654,1459,429,1052,578,23,23,22,50,8,47.7,0.956,5,1.9,0.042,527.4,Clear,0,1052,1,1.2,0.82,1.08
2026-09-06,ATL-HUB,Inbound,Morning,10,Sunday,1,0,0,1475,1302,412,842,603,20,20,19,47,8,59.5,0.943,8,2.6,0.04,494.95,Clear,0,842,1,1.08,0.82,1.08
2026-09-06,ATL-HUB,Inbound,Morning,11,Sunday,1,0,0,1410,1244,318,879,495,20,19,19,48,8,49.0,0.965,1,2.6,0.025,471.39,Clear,0,879,0,1.08,0.82,1.08
2026-09-06,ATL-HUB,Inbound,Morning,12,Sunday,1,0,0,1129,996,324,644,463,16,15,15,46,8,56.0,0.934,7,2.9,0.031,416.03,Clear,0,644,0,0.96,0.82,1.08
2026-09-06,ATL-HUB,Inbound,Morning,13,Sunday,1,0,0,1254,1107,423,696,537,17,17,16,46,8,58.7,0.946,7,2.9,0.038,442.17,Storm,0,696,3,0.96,0.82,1.08
2026-09-06,ATL-HUB,Inbound,Evening,14,Sunday,1,0,0,1211,1069,386,743,459,17,18,17,45,8,50.7,0.971,10,2.4,0.04,454.65,Heavy Rain,0,743,3,0.96,0.82,1.08
2026-09-06,ATL-HUB,Inbound,Evening,15,Sunday,1,0,0,1585,1398,383,1017,557,22,20,20,52,8,47.4,0.979,9,2.2,0.019,508.37,Clear,0,1017,1,1.08,0.82,1.08
2026-09-06,ATL-HUB,Inbound,Evening,16,Sunday,1,0,0,1426,1259,324,877,542,21,19,19,48,8,49.8,0.963,0,2.3,0.024,460.08,Clear,0,877,2,1.08,0.82,1.08
2026-09-06,ATL-HUB,Inbound,Evening,17,Sunday,1,0,1,1645,1451,409,910,713,22,22,21,48,8,61.5,0.903,5,2.1,0.046,513.33,Clear,0,910,0,1.2,0.82,1.08
2026-09-06,ATL-HUB,Inbound,Evening,18,Sunday,1,0,1,1667,1471,371,1016,626,23,23,22,50,8,53.6,0.924,7,2.2,0.03,542.43,Clear,0,1016,1,1.2,0.82,1.08
2026-09-06,ATL-HUB,Inbound,Evening,19,Sunday,1,0,1,1781,1572,451,1171,570,25,25,24,49,8,45.7,0.997,9,2.2,0.022,589.85,Clear,0,1171,2,1.2,0.82,1.08
2026-09-06,ATL-HUB,Inbound,Evening,20,Sunday,1,0,0,1492,1316,337,822,644,20,19,18,47,8,60.7,0.972,1,3.6,0.041,482.91,Rain,0,822,1,1.08,0.82,1.08
2026-09-06,ATL-HUB,Inbound,Evening,21,Sunday,1,0,0,1080,953,329,613,444,14,14,14,46,8,54.2,0.953,7,2.8,0.027,392.86,Clear,0,613,0,0.96,0.82,1.08
2026-09-06,ATL-HUB,Inbound,Night,22,Sunday,1,0,0,1259,1111,380,710,518,17,18,17,45,8,56.2,0.929,5,3.3,0.048,462.13,Clear,0,710,0,0.96,0.82,1.08
2026-09-06,ATL-HUB,Inbound,Night,23,Sunday,1,0,0,1104,974,357,624,464,13,14,13,48,8,58.6,1.0,2,3.2,0.048,368.99,Clear,0,624,1,0.82,0.82,1.08
2026-09-06,ATL-HUB,Sortation,Morning,6,Sunday,1,0,0,1191,1094,240,740,489,20,18,18,43,8,52.8,0.957,6,2.9,0.016,473.29,Clear,0,740,1,0.96,0.82,1.08
2026-09-06,ATL-HUB,Sortation,Morning,7,Sunday,1,0,0,1732,1591,388,989,773,27,27,26,40,8,60.8,0.952,2,2.9,0.026,626.42,Clear,0,989,0,1.2,0.82,1.08
2026-09-06,ATL-HUB,Sortation,Morning,8,Sunday,1,0,1,1608,1476,349,1103,543,27,27,26,45,8,42.4,0.943,2,1.9,0.04,596.14,Clear,0,1103,0,1.2,0.82,1.08
2026-09-06,ATL-HUB,Sortation,Morning,9,Sunday,1,0,1,1940,1782,508,1081,895,31,30,29,39,8,61.7,0.956,7,3.0,0.049,707.54,Clear,0,1081,1,1.2,0.82,1.08
2026-09-06,ATL-HUB,Sortation,Morning,10,Sunday,1,0,0,1443,1325,496,885,599,24,23,22,42,8,56.3,0.958,1,2.2,0.023,520.31,Clear,0,885,0,1.08,0.82,1.08
2026-09-06,ATL-HUB,Sortation,Morning,11,Sunday,1,0,0,1392,1278,312,1005,426,23,22,21,49,8,41.5,0.977,4,1.8,0.03,498.28,Clear,0,1005,2,1.08,0.82,1.08
2026-09-06,ATL-HUB,Sortation,Morning,12,Sunday,1,0,0,1307,1200,372,790,551,20,20,19,42,8,56.4,0.99,7,2.7,0.043,492.51,Clear,0,790,0,0.96,0.82,1.08
2026-09-06,ATL-HUB,Sortation,Morning,13,Sunday,1,0,0,1224,1124,253,790,457,23,21,21,40,8,49.5,0.941,4,2.1,0.017,503.58,Clear,0,790,0,0.96,0.82,1.08
2026-09-06,ATL-HUB,Sortation,Evening,14,Sunday,1,0,0,1414,1298,318,822,631,22,22,21,43,8,60.5,0.911,5,2.9,0.032,532.67,Clear,0,822,2,0.96,0.82,1.08
2026-09-06,ATL-HUB,Sortation,Evening,15,Sunday,1,0,0,1478,1358,416,823,698,23,23,22,38,8,65.2,0.985,2,3.7,0.054,566.16,Clear,0,823,0,1.08,0.82,1.08
2026-09-06,ATL-HUB,Sortation,Evening,16,Sunday,1,0,0,1401,1287,298,830,612,23,23,22,39,8,59.9,0.967,10,2.6,0.024,559.54,Clear,0,830,2,1.08,0.82,1.08
2026-09-06,ATL-HUB,Sortation,Evening,17,Sunday,1,0,1,1674,1538,460,1020,682,30,28,28,39,8,56.4,0.934,5,2.5,0.014,662.76,Clear,0,1020,0,1.2,0.82,1.08
2026-09-06,ATL-HUB,Sortation,Evening,18,Sunday,1,0,1,1783,1638,459,1086,744,29,28,27,41,8,58.0,0.981,3,3.1,0.027,655.66,Clear,0,1086,0,1.2,0.82,1.08
2026-09-06,ATL-HUB,Sortation,Evening,19,Sunday,1,0,1,1700,1561,387,999,737,27,26,25,41,8,56.0,0.975,8,2.9,0.041,625.53,Clear,0,999,1,1.2,0.82,1.08
2026-09-06,ATL-HUB,Sortation,Evening,20,Sunday,1,0,0,1413,1297,388,971,469,23,23,22,45,8,44.4,0.982,0,1.9,0.026,508.16,Clear,0,971,1,1.08,0.82,1.08
2026-09-06,ATL-HUB,Sortation,Evening,21,Sunday,1,0,0,1226,1126,437,662,591,18,18,17,40,8,67.8,0.975,5,3.6,0.069,470.84,Clear,0,662,0,0.96,0.82,1.08
2026-09-06,ATL-HUB,Sortation,Night,22,Sunday,1,0,0,1232,1132,279,736,527,20,20,19,40,8,56.1,0.969,1,3.1,0.059,483.14,Clear,0,736,1,0.96,0.82,1.08
2026-09-06,ATL-HUB,Sortation,Night,23,Sunday,1,0,0,1080,992,239,669,434,18,17,16,45,8,54.4,0.93,8,2.1,0.038,416.25,Clear,0,669,1,0.82,0.82,1.08
2026-09-06,ATL-HUB,Outbound,Morning,6,Sunday,1,0,0,1196,1172,220,773,451,18,16,16,50,8,48.1,0.967,0,2.8,0.021,412.38,Clear,0,773,0,0.96,0.82,1.08
2026-09-06,ATL-HUB,Outbound,Morning,7,Sunday,1,0,0,1400,1371,413,763,690,20,19,18,47,8,69.7,0.902,6,3.0,0.04,479.92,Clear,0,763,1,1.2,0.82,1.08
2026-09-06,ATL-HUB,Outbound,Morning,8,Sunday,1,0,1,1592,1560,316,984,643,22,21,20,50,8,53.1,0.985,6,2.5,0.042,508.45,Clear,0,984,0,1.2,0.82,1.08
2026-09-06,ATL-HUB,Outbound,Morning,9,Sunday,1,0,1,1659,1625,390,1128,577,23,23,22,54,8,45.7,0.95,6,2.2,0.039,540.27,Clear,0,1128,0,1.2,0.82,1.08
2026-09-06,ATL-HUB,Outbound,Morning,10,Sunday,1,0,0,1347,1320,343,769,621,18,18,17,48,8,62.8,0.943,9,2.9,0.03,466.25,Clear,0,769,1,1.08,0.82,1.08
2026-09-06,ATL-HUB,Outbound,Morning,11,Sunday,1,0,0,1327,1300,335,837,517,19,18,18,47,8,53.4,0.99,5,2.6,0.024,464.19,Clear,0,837,0,1.08,0.82,1.08
2026-09-06,ATL-HUB,Outbound,Morning,12,Sunday,1,0,0,1170,1146,348,685,499,15,15,14,52,8,57.9,0.942,7,3.1,0.042,403.69,Clear,0,685,0,0.96,0.82,1.08
2026-09-06,ATL-HUB,Outbound,Morning,13,Sunday,1,0,0,1090,1068,219,671,441,15,15,14,50,8,55.1,0.959,6,2.6,0.059,385.03,Clear,0,671,0,0.96,0.82,1.08
2026-09-06,ATL-HUB,Outbound,Evening,14,Sunday,1,0,0,1164,1140,286,711,477,17,16,15,49,8,57.0,0.968,5,3.0,0.042,413.88,Clear,0,711,1,0.96,0.82,1.08
2026-09-06,ATL-HUB,Outbound,Evening,15,Sunday,1,0,0,1288,1262,280,821,499,18,18,17,50,8,51.2,0.967,6,2.5,0.042,447.21,Heavy Rain,0,821,0,1.08,0.82,1.08
2026-09-06,ATL-HUB,Outbound,Evening,16,Sunday,1,0,0,1204,1179,390,688,546,15,16,15,48,8,58.9,0.956,3,2.9,0.045,405.42,Clear,0,688,2,1.08,0.82,1.08
2026-09-06,ATL-HUB,Outbound,Evening,17,Sunday,1,0,1,1747,1711,383,1111,697,25,25,24,49,8,49.9,0.945,7,2.2,0.028,584.09,Clear,0,1111,0,1.2,0.82,1.08
2026-09-06,ATL-HUB,Outbound,Evening,18,Sunday,1,0,1,1721,1686,443,1163,593,25,24,23,52,8,42.9,0.973,6,2.1,0.04,558.13,Clear,0,1163,2,1.2,0.82,1.08
2026-09-06,ATL-HUB,Outbound,Evening,19,Sunday,1,0,1,1626,1593,491,1002,657,24,23,22,48,8,53.1,0.95,7,2.6,0.042,554.08,Clear,0,1002,0,1.2,0.82,1.08
2026-09-06,ATL-HUB,Outbound,Evening,20,Sunday,1,0,0,1353,1325,467,859,520,19,19,18,50,8,52.5,0.955,0,2.1,0.038,434.66,Clear,0,859,0,1.08,0.82,1.08
2026-09-06,ATL-HUB,Outbound,Evening,21,Sunday,1,0,0,1107,1084,209,671,473,17,15,15,46,8,56.7,0.974,3,2.3,0.03,386.84,Clear,0,671,1,0.96,0.82,1.08
2026-09-06,ATL-HUB,Outbound,Night,22,Sunday,1,0,0,1180,1156,305,655,549,14,15,14,50,8,62.4,0.937,0,3.5,0.038,392.69,Clear,0,655,3,0.96,0.82,1.08
2026-09-06,ATL-HUB,Outbound,Night,23,Sunday,1,0,0,1020,999,286,586,460,15,14,14,46,8,62.4,0.911,9,2.4,0.026,387.74,Clear,0,586,1,0.82,0.82,1.08
2026-09-06,CHI-HUB,Inbound,Morning,6,Sunday,1,0,0,1194,1053,329,729,467,16,17,16,49,8,53.1,0.93,5,1.4,0.042,388.28,Clear,0,729,0,0.96,0.82,1.08
2026-09-06,CHI-HUB,Inbound,Morning,7,Sunday,1,0,0,1291,1139,229,773,501,18,17,16,49,8,50.8,0.986,2,2.7,0.038,416.79,Clear,0,773,1,1.2,0.82,1.08
2026-09-06,CHI-HUB,Inbound,Morning,8,Sunday,1,0,1,1425,1258,314,887,505,19,20,19,49,8,52.1,0.953,4,1.7,0.043,456.06,Clear,0,887,2,1.2,0.82,1.08
2026-09-06,CHI-HUB,Inbound,Morning,9,Sunday,1,0,1,1535,1354,290,808,692,21,20,19,43,8,62.7,0.99,6,3.3,0.042,509.19,Clear,0,808,2,1.2,0.82,1.08
2026-09-06,CHI-HUB,Inbound,Morning,10,Sunday,1,0,0,1356,1197,419,793,545,19,19,18,47,8,57.4,0.938,3,2.5,0.037,454.54,Clear,0,793,1,1.08,0.82,1.08
2026-09-06,CHI-HUB,Inbound,Morning,11,Sunday,1,0,0,1358,1198,323,732,599,19,19,18,45,8,62.7,0.904,3,2.8,0.034,462.98,Clear,0,732,0,1.08,0.82,1.08
2026-09-06,CHI-HUB,Inbound,Morning,12,Sunday,1,0,0,1162,1026,366,709,438,16,16,15,50,8,53.2,0.946,10,2.5,0.045,415.02,Clear,0,709,0,0.96,0.82,1.08
2026-09-06,CHI-HUB,Inbound,Morning,13,Sunday,1,0,0,1186,1046,213,661,520,17,15,15,46,8,61.0,0.958,4,3.4,0.027,421.43,Clear,0,661,0,0.96,0.82,1.08
2026-09-06,CHI-HUB,Inbound,Evening,14,Sunday,1,0,0,1006,888,241,500,489,12,13,12,44,8,70.9,0.948,6,3.3,0.043,363.37,Clear,0,500,1,0.96,0.82,1.08
2026-09-06,CHI-HUB,Inbound,Evening,15,Sunday,1,0,0,1355,1196,434,749,585,18,18,17,45,8,60.1,0.98,10,3.5,0.033,485.42,Clear,0,749,4,1.08,0.82,1.08
2026-09-06,CHI-HUB,Inbound,Evening,16,Sunday,1,0,0,1161,1025,323,776,349,18,17,16,52,8,41.8,0.933,10,2.0,0.037,420.5,Clear,0,776,1,1.08,0.82,1.08
2026-09-06,CHI-HUB,Inbound,Evening,17,Sunday,1,0,1,1547,1365,497,920,589,22,22,21,47,8,52.9,0.932,8,3.1,0.042,549.21,Clear,0,920,2,1.2,0.82,1.08
2026-09-06,CHI-HUB,Inbound,Evening,18,Sunday,1,0,1,1634,1441,447,1024,596,23,22,21,49,8,51.5,0.996,4,2.9,0.047,532.34,Clear,0,1024,0,1.2,0.82,1.08
2026-09-06,CHI-HUB,Inbound,Evening,19,Sunday,1,0,1,1643,1449,326,1011,604,22,22,21,50,8,50.6,0.963,9,2.7,0.029,542.9,Clear,0,1011,1,1.2,0.82,1.08
2026-09-06,CHI-HUB,Inbound,Evening,20,Sunday,1,0,0,1243,1097,254,751,472,16,17,16,50,8,54.9,0.939,9,2.4,0.031,429.94,Clear,0,751,2,1.08,0.82,1.08
2026-09-06,CHI-HUB,Inbound,Evening,21,Sunday,1,0,0,1091,963,219,617,456,16,15,14,46,8,61.8,0.959,3,3.0,0.054,387.02,Rain,0,617,1,0.96,0.82,1.08
2026-09-06,CHI-HUB,Inbound,Night,22,Sunday,1,0,0,1185,1045,357,637,540,15,15,14,46,8,66.2,0.99,4,3.5,0.047,404.72,Clear,0,637,1,0.96,0.82,1.08
2026-09-06,CHI-HUB,Inbound,Night,23,Sunday,1,0,0,955,843,219,532,391,13,12,12,48,8,60.9,0.924,7,2.5,0.023,343.27,Clear,0,532,1,0.82,0.82,1.08
2026-09-06,CHI-HUB,Sortation,Morning,6,Sunday,1,0,0,1176,1080,229,747,468,18,18,17,45,8,51.2,0.977,8,1.8,0.042,429.12,Clear,0,747,1,0.96,0.82,1.08
2026-09-06,CHI-HUB,Sortation,Morning,7,Sunday,1,0,0,1485,1364,404,858,657,26,24,23,41,8,58.2,0.91,9,2.5,0.037,574.59,Clear,0,858,1,1.2,0.82,1.08
2026-09-06,CHI-HUB,Sortation,Morning,8,Sunday,1,0,1,1617,1485,421,971,668,28,27,26,39,8,53.7,0.958,9,3.2,0.031,655.12,Clear,0,971,0,1.2,0.82,1.08
2026-09-06,CHI-HUB,Sortation,Morning,9,Sunday,1,0,1,1642,1508,459,978,700,25,25,24,43,8,58.4,0.948,6,3.0,0.04,601.37,Clear,0,978,1,1.2,0.82,1.08
2026-09-06,CHI-HUB,Sortation,Morning,10,Sunday,1,0,0,1309,1202,422,843,481,21,20,19,46,8,47.0,0.965,8,2.8,0.034,498.55,Clear,0,843,2,1.08,0.82,1.08
2026-09-06,CHI-HUB,Sortation,Morning,11,Sunday,1,0,0,1237,1136,412,761,486,20,20,19,42,8,53.2,0.954,4,3.2,0.059,495.63,Clear,0,761,2,1.08,0.82,1.08
2026-09-06,CHI-HUB,Sortation,Morning,12,Sunday,1,0,0,1175,1079,351,796,392,21,19,19,44,8,47.9,0.953,6,2.4,0.015,478.48,Clear,0,796,2,0.96,0.82,1.08
2026-09-06,CHI-HUB,Sortation,Morning,13,Sunday,1,0,0,1139,1046,238,751,425,19,18,18,43,8,48.4,0.971,4,2.7,0.023,460.33,Clear,0,751,1,0.96,0.82,1.08
2026-09-06,CHI-HUB,Sortation,Evening,14,Sunday,1,0,0,1264,1161,258,865,430,21,21,20,45,8,45.5,0.962,9,1.8,0.041,492.42,Clear,0,865,0,0.96,0.82,1.08
2026-09-06,CHI-HUB,Sortation,Evening,15,Sunday,1,0,0,1341,1232,436,745,630,19,19,18,42,8,65.3,0.986,10,2.9,0.044,491.8,Heavy Rain,0,745,0,1.08,0.82,1.08
2026-09-06,CHI-HUB,Sortation,Evening,16,Sunday,1,0,0,1388,1275,362,859,546,23,22,21,42,8,52.0,0.975,1,2.9,0.038,519.41,Clear,0,859,1,1.08,0.82,1.08
2026-09-06,CHI-HUB,Sortation,Evening,17,Sunday,1,0,1,1664,1528,325,1076,617,27,26,25,45,8,52.8,0.957,2,2.2,0.029,586.06,Clear,0,1076,0,1.2,0.82,1.08
2026-09-06,CHI-HUB,Sortation,Evening,18,Sunday,1,0,1,1771,1627,560,1256,552,29,30,28,47,8,42.8,0.955,7,1.9,0.051,654.14,Clear,0,1256,2,1.2,0.82,1.08
2026-09-06,CHI-HUB,Sortation,Evening,19,Sunday,1,0,1,1576,1448,428,839,759,23,23,22,42,8,68.7,0.908,1,3.0,0.034,545.16,Clear,0,839,1,1.2,0.82,1.08
2026-09-06,CHI-HUB,Sortation,Evening,20,Sunday,1,0,0,1322,1214,380,901,448,22,21,21,45,8,46.2,0.954,7,2.4,0.022,523.38,Clear,0,901,0,1.08,0.82,1.08
2026-09-06,CHI-HUB,Sortation,Evening,21,Sunday,1,0,0,1104,1014,340,628,498,17,17,16,40,8,60.6,0.982,10,3.5,0.034,462.29,Clear,0,628,0,0.96,0.82,1.08
2026-09-06,CHI-HUB,Sortation,Night,22,Sunday,1,0,0,1152,1058,227,774,408,19,19,18,43,8,46.6,1.0,5,1.5,0.048,430.17,Clear,0,774,0,0.96,0.82,1.08
2026-09-06,CHI-HUB,Sortation,Night,23,Sunday,1,0,0,962,883,314,625,381,15,14,14,45,8,51.7,0.992,4,2.8,0.026,381.88,Clear,0,625,0,0.82,0.82,1.08
2026-09-06,CHI-HUB,Outbound,Morning,6,Sunday,1,0,0,1021,1000,205,685,355,15,14,14,50,8,45.2,0.98,1,2.5,0.01,364.96,Clear,0,685,1,0.96,0.82,1.08
2026-09-06,CHI-HUB,Outbound,Morning,7,Sunday,1,0,0,1460,1430,508,977,524,21,20,20,50,8,47.6,0.977,9,2.2,0.024,507.22,Clear,0,977,1,1.2,0.82,1.08
2026-09-06,CHI-HUB,Outbound,Morning,8,Sunday,1,0,1,1534,1503,300,881,699,20,20,19,49,8,62.4,0.947,9,2.4,0.039,494.69,Clear,0,881,0,1.2,0.82,1.08
2026-09-06,CHI-HUB,Outbound,Morning,9,Sunday,1,0,1,1399,1370,286,871,565,20,19,18,49,8,54.3,0.989,6,2.9,0.034,477.1,Clear,0,871,1,1.2,0.82,1.08
2026-09-06,CHI-HUB,Outbound,Morning,10,Sunday,1,0,0,1234,1209,349,709,544,17,17,16,48,8,62.9,0.924,4,2.9,0.04,430.04,Rain,0,709,0,1.08,0.82,1.08
2026-09-06,CHI-HUB,Outbound,Morning,11,Sunday,1,0,0,1232,1207,385,752,505,17,16,16,47,8,53.1,1.0,5,3.3,0.019,443.04,Clear,0,752,0,1.08,0.82,1.08
2026-09-06,CHI-HUB,Outbound,Morning,12,Sunday,1,0,0,960,940,282,607,383,12,13,12,52,8,50.2,0.973,1,2.3,0.039,319.24,Clear,0,607,2,0.96,0.82,1.08
2026-09-06,CHI-HUB,Outbound,Morning,13,Sunday,1,0,0,1077,1055,350,584,511,14,14,13,47,8,62.9,0.956,9,4.1,0.04,416.88,Clear,0,584,1,0.96,0.82,1.08
2026-09-06,CHI-HUB,Outbound,Evening,14,Sunday,1,0,0,1034,1013,275,703,366,15,15,15,48,8,48.5,0.977,5,1.7,0.032,375.11,Clear,0,703,1,0.96,0.82,1.08
2026-09-06,CHI-HUB,Outbound,Evening,15,Sunday,1,0,0,1123,1100,332,602,554,15,15,14,46,8,66.9,0.936,0,3.3,0.041,386.03,Clear,0,602,0,1.08,0.82,1.08
2026-09-06,CHI-HUB,Outbound,Evening,16,Sunday,1,0,0,1209,1184,431,800,439,18,17,16,53,8,49.8,0.944,6,1.8,0.053,403.81,Clear,0,800,3,1.08,0.82,1.08
2026-09-06,CHI-HUB,Outbound,Evening,17,Sunday,1,0,1,1519,1488,372,885,663,20,20,19,48,8,58.6,0.971,4,3.0,0.05,495.2,Clear,0,885,1,1.2,0.82,1.08
2026-09-06,CHI-HUB,Outbound,Evening,18,Sunday,1,0,1,1479,1449,349,980,537,22,21,20,54,8,49.0,0.907,7,1.4,0.037,478.78,Clear,0,980,3,1.2,0.82,1.08
2026-09-06,CHI-HUB,Outbound,Evening,19,Sunday,1,0,1,1462,1432,444,876,610,20,20,19,47,8,58.3,0.981,5,3.0,0.055,497.36,Clear,0,876,3,1.2,0.82,1.08
2026-09-06,CHI-HUB,Outbound,Evening,20,Sunday,1,0,0,1231,1206,370,811,451,17,17,16,52,8,51.6,0.976,1,2.4,0.032,407.74,Heavy Rain,0,811,0,1.08,0.82,1.08
2026-09-06,CHI-HUB,Outbound,Evening,21,Sunday,1,0,0,1061,1039,351,650,419,15,15,14,49,8,53.8,0.948,5,2.2,0.043,370.09,Clear,0,650,2,0.96,0.82,1.08
2026-09-06,CHI-HUB,Outbound,Night,22,Sunday,1,0,0,1072,1050,253,620,485,14,14,13,49,8,59.5,0.973,9,3.3,0.044,394.39,Clear,0,620,0,0.96,0.82,1.08
2026-09-06,CHI-HUB,Outbound,Night,23,Sunday,1,0,0,966,946,343,528,475,12,12,11,49,8,62.5,0.98,8,3.6,0.046,358.65,Clear,0,528,1,0.82,0.82,1.08
2026-09-06,DAL-HUB,Inbound,Morning,6,Sunday,1,0,0,946,835,256,483,462,12,12,11,47,8,71.4,0.935,3,2.9,0.048,322.0,Clear,0,483,1,0.96,0.82,1.08
2026-09-06,DAL-HUB,Inbound,Morning,7,Sunday,1,0,0,1262,1114,363,619,628,17,16,15,43,8,75.4,0.96,2,3.5,0.048,419.18,Clear,0,619,0,1.2,0.82,1.08
2026-09-06,DAL-HUB,Inbound,Morning,8,Sunday,1,0,1,1326,1170,256,797,513,17,18,17,49,8,55.0,0.957,5,2.6,0.06,446.51,Heavy Rain,0,797,1,1.2,0.82,1.08
2026-09-06,DAL-HUB,Inbound,Morning,9,Sunday,1,0,1,1407,1242,384,880,506,19,19,18,49,8,47.1,0.998,2,2.4,0.066,449.44,Clear,0,880,1,1.2,0.82,1.08
2026-09-06,DAL-HUB,Inbound,Morning,10,Sunday,1,0,0,1182,1043,270,690,470,15,16,15,46,8,55.0,1.0,1,2.9,0.053,397.76,Clear,0,690,0,1.08,0.82,1.08
2026-09-06,DAL-HUB,Inbound,Morning,11,Sunday,1,0,0,1106,976,269,622,453,15,14,14,46,8,56.0,0.967,10,3.2,0.015,414.13,Clear,0,622,0,1.08,0.82,1.08
2026-09-06,DAL-HUB,Inbound,Morning,12,Sunday,1,0,0,990,873,178,533,439,13,13,12,45,8,61.9,0.987,7,3.2,0.049,363.48,Clear,0,533,2,0.96,0.82,1.08
2026-09-06,DAL-HUB,Inbound,Morning,13,Sunday,1,0,0,970,855,221,528,437,13,13,12,44,8,66.0,1.0,9,3.2,0.049,369.52,Clear,0,528,0,0.96,0.82,1.08
2026-09-06,DAL-HUB,Inbound,Evening,14,Sunday,1,0,0,976,861,212,514,448,13,13,12,45,8,63.8,0.954,6,2.7,0.039,346.03,Clear,0,514,2,0.96,0.82,1.08
2026-09-06,DAL-HUB,Inbound,Evening,15,Sunday,1,0,0,1105,975,376,703,387,15,15,15,48,8,47.4,0.978,7,2.5,0.031,404.41,Clear,0,703,3,1.08,0.82,1.08
2026-09-06,DAL-HUB,Inbound,Evening,16,Sunday,1,0,0,1115,984,364,784,325,18,16,16,50,8,42.6,0.981,2,2.0,0.025,394.09,Clear,0,784,1,1.08,0.82,1.08
2026-09-06,DAL-HUB,Inbound,Evening,17,Sunday,1,0,1,1332,1175,295,749,567,18,18,17,46,8,59.1,0.958,8,3.3,0.032,473.01,Clear,0,749,0,1.2,0.82,1.08
2026-09-06,DAL-HUB,Inbound,Evening,18,Sunday,1,0,1,1431,1262,324,918,493,20,19,19,49,8,47.1,0.987,5,2.7,0.026,487.35,Clear,0,918,1,1.2,0.82,1.08
2026-09-06,DAL-HUB,Inbound,Evening,19,Sunday,1,0,1,1399,1234,347,943,444,23,21,21,45,8,43.1,0.999,9,2.1,0.016,521.8,Clear,0,943,0,1.2,0.82,1.08
2026-09-06,DAL-HUB,Inbound,Evening,20,Sunday,1,0,0,1132,999,316,644,478,15,15,14,46,8,58.0,1.0,8,3.4,0.046,413.78,Clear,0,644,1,1.08,0.82,1.08
2026-09-06,DAL-HUB,Inbound,Evening,21,Sunday,1,0,0,965,852,172,529,405,12,12,11,49,8,58.8,0.982,0,2.9,0.043,312.75,Clear,0,529,3,0.96,0.82,1.08
2026-09-06,DAL-HUB,Inbound,Night,22,Sunday,1,0,0,1083,955,216,588,479,14,14,13,47,8,61.5,0.963,0,2.9,0.048,353.82,Clear,0,588,1,0.96,0.82,1.08
2026-09-06,DAL-HUB,Inbound,Night,23,Sunday,1,0,0,826,729,227,528,277,12,11,11,49,8,46.1,0.98,2,2.9,0.033,316.68,Clear,0,528,3,0.82,0.82,1.08
2026-09-06,DAL-HUB,Sortation,Morning,6,Sunday,1,0,0,1061,974,251,675,405,17,17,16,43,8,50.5,0.981,4,2.8,0.039,422.69,Clear,0,675,0,0.96,0.82,1.08
2026-09-06,DAL-HUB,Sortation,Morning,7,Sunday,1,0,0,1213,1114,273,781,469,20,19,18,44,8,54.7,0.987,2,2.6,0.035,452.48,Clear,0,781,2,1.2,0.82,1.08
2026-09-06,DAL-HUB,Sortation,Morning,8,Sunday,1,0,1,1391,1278,368,953,463,25,23,22,45,8,44.9,0.963,3,1.8,0.049,514.56,Clear,0,953,0,1.2,0.82,1.08
2026-09-06,DAL-HUB,Sortation,Morning,9,Sunday,1,0,1,1453,1334,343,853,643,25,23,23,40,8,57.7,0.928,8,2.7,0.015,578.0,Rain,0,853,0,1.2,0.82,1.08
2026-09-06,DAL-HUB,Sortation,Morning,10,Sunday,1,0,0,1123,1031,369,725,429,18,18,17,43,8,48.4,0.992,4,2.8,0.039,447.45,Storm,0,725,1,1.08,0.82,1.08
2026-09-06,DAL-HUB,Sortation,Morning,11,Sunday,1,0,0,1141,1048,223,570,613,17,16,15,39,8,76.4,0.975,3,4.3,0.037,443.47,Clear,0,570,3,1.08,0.82,1.08
2026-09-06,DAL-HUB,Sortation,Morning,12,Sunday,1,0,0,998,917,329,633,391,17,16,15,43,8,48.7,0.982,10,2.9,0.044,424.04,Clear,0,633,1,0.96,0.82,1.08
2026-09-06,DAL-HUB,Sortation,Morning,13,Sunday,1,0,0,940,864,263,649,314,16,16,15,46,8,45.7,0.941,2,1.5,0.038,360.25,Heavy Rain,0,649,2,0.96,0.82,1.08
2026-09-06,DAL-HUB,Sortation,Evening,14,Sunday,1,0,0,1107,1017,344,649,510,17,17,16,43,8,61.4,0.944,2,3.1,0.039,425.54,Clear,0,649,0,0.96,0.82,1.08
2026-09-06,DAL-HUB,Sortation,Evening,15,Sunday,1,0,0,1107,1017,238,675,472,18,17,17,42,8,58.1,0.946,5,2.4,0.024,435.04,Clear,0,675,1,1.08,0.82,1.08
2026-09-06,DAL-HUB,Sortation,Evening,16,Sunday,1,0,0,1123,1031,222,744,414,18,18,17,45,8,47.2,0.973,9,1.8,0.054,431.33,Clear,0,744,1,1.08,0.82,1.08
2026-09-06,DAL-HUB,Sortation,Evening,17,Sunday,1,0,1,1508,1385,395,907,639,23,23,22,42,8,56.6,0.982,2,3.7,0.052,566.7,Clear,0,907,1,1.2,0.82,1.08
2026-09-06,DAL-HUB,Sortation,Evening,18,Sunday,1,0,1,1482,1361,447,987,531,26,24,23,46,8,45.7,0.934,0,2.0,0.024,531.73,Clear,0,987,0,1.2,0.82,1.08
2026-09-06,DAL-HUB,Sortation,Evening,19,Sunday,1,0,1,1491,1369,392,818,719,23,23,22,38,8,69.7,0.979,10,3.8,0.042,594.8,Clear,0,818,1,1.2,0.82,1.08
2026-09-06,DAL-HUB,Sortation,Evening,20,Sunday,1,0,0,1125,1033,344,721,436,18,17,17,44,8,48.2,0.964,6,2.5,0.02,441.36,Clear,0,721,0,1.08,0.82,1.08
2026-09-06,DAL-HUB,Sortation,Evening,21,Sunday,1,0,0,953,875,200,593,375,15,15,14,46,8,54.0,0.921,0,2.0,0.046,346.51,Clear,0,593,2,0.96,0.82,1.08
2026-09-06,DAL-HUB,Sortation,Night,22,Sunday,1,0,0,1004,922,353,645,368,16,15,15,43,8,50.0,1.0,5,2.1,0.015,385.75,Clear,0,645,1,0.96,0.82,1.08
2026-09-06,DAL-HUB,Sortation,Night,23,Sunday,1,0,0,824,756,169,565,280,14,13,13,45,8,45.9,0.967,6,2.2,0.023,349.44,Clear,0,565,4,0.82,0.82,1.08
2026-09-06,DAL-HUB,Outbound,Morning,6,Sunday,1,0,0,845,828,204,457,407,11,11,10,47,8,65.4,0.973,8,3.7,0.056,339.73,Clear,0,457,1,0.96,0.82,1.08
2026-09-06,DAL-HUB,Outbound,Morning,7,Sunday,1,0,0,1133,1110,361,643,501,16,15,15,47,8,60.2,0.913,0,2.6,0.02,386.13,Clear,0,643,0,1.2,0.82,1.08
2026-09-06,DAL-HUB,Outbound,Morning,8,Sunday,1,0,1,1262,1236,371,880,417,19,18,18,50,8,44.0,0.979,2,2.6,0.027,453.38,Clear,0,880,1,1.2,0.82,1.08
2026-09-06,DAL-HUB,Outbound,Morning,9,Sunday,1,0,1,1221,1196,294,784,465,17,16,16,49,8,49.8,1.0,4,2.7,0.027,422.83,Clear,0,784,1,1.2,0.82,1.08
2026-09-06,DAL-HUB,Outbound,Morning,10,Sunday,1,0,0,1138,1115,235,661,505,15,15,14,49,8,62.0,0.964,0,2.3,0.035,358.32,Clear,0,661,0,1.08,0.82,1.08
2026-09-06,DAL-HUB,Outbound,Morning,11,Sunday,1,0,0,1005,984,199,673,347,14,13,13,54,8,45.8,0.959,9,1.8,0.025,351.17,Clear,0,673,1,1.08,0.82,1.08
2026-09-06,DAL-HUB,Outbound,Morning,12,Sunday,1,0,0,901,883,235,508,410,13,12,12,44,8,61.6,0.963,0,2.9,0.038,331.76,Clear,0,508,0,0.96,0.82,1.08
2026-09-06,DAL-HUB,Outbound,Morning,13,Sunday,1,0,0,859,841,281,501,388,12,11,11,47,8,61.6,0.97,9,3.3,0.035,351.49,Clear,0,501,1,0.96,0.82,1.08
2026-09-06,DAL-HUB,Outbound,Evening,14,Sunday,1,0,0,888,870,288,571,350,13,12,12,49,8,52.2,0.971,2,2.4,0.025,323.93,Clear,0,571,1,0.96,0.82,1.08
2026-09-06,DAL-HUB,Outbound,Evening,15,Sunday,1,0,0,951,932,265,552,403,13,12,12,49,8,60.0,0.94,6,3.1,0.039,357.48,Clear,0,552,2,1.08,0.82,1.08
2026-09-06,DAL-HUB,Outbound,Evening,16,Sunday,1,0,0,968,948,316,542,452,13,13,12,47,8,63.9,0.962,0,3.7,0.06,356.45,Rain,0,542,3,1.08,0.82,1.08
2026-09-06,DAL-HUB,Outbound,Evening,17,Sunday,1,0,1,1274,1248,399,788,541,17,16,16,50,8,54.5,0.986,0,3.2,0.022,425.0,Clear,0,788,2,1.2,0.82,1.08
2026-09-06,DAL-HUB,Outbound,Evening,18,Sunday,1,0,1,1285,1259,437,760,562,17,17,16,50,8,58.6,0.951,4,3.1,0.04,435.22,Clear,0,760,0,1.2,0.82,1.08
2026-09-06,DAL-HUB,Outbound,Evening,19,Sunday,1,0,1,1114,1091,329,632,519,14,14,13,50,8,64.3,0.973,10,2.8,0.036,384.37,Clear,0,632,1,1.2,0.82,1.08
2026-09-06,DAL-HUB,Outbound,Evening,20,Sunday,1,0,0,1003,983,296,627,420,14,14,13,50,8,54.8,0.965,9,2.5,0.038,370.73,Clear,0,627,0,1.08,0.82,1.08
2026-09-06,DAL-HUB,Outbound,Evening,21,Sunday,1,0,0,798,782,186,562,268,12,11,11,53,8,42.0,0.965,9,2.2,0.045,319.57,Clear,0,562,1,0.96,0.82,1.08
2026-09-06,DAL-HUB,Outbound,Night,22,Sunday,1,0,0,863,845,211,531,355,13,12,12,46,8,53.9,0.963,1,2.8,0.034,331.46,Clear,0,531,1,0.96,0.82,1.08
2026-09-06,DAL-HUB,Outbound,Night,23,Sunday,1,0,0,712,697,145,414,319,10,9,9,49,8,62.5,0.94,10,2.8,0.031,298.99,Clear,0,414,2,0.82,0.82,1.08
2026-09-07,ATL-HUB,Inbound,Morning,6,Monday,0,1,0,1472,1299,447,893,561,21,20,19,48,8,53.2,0.98,1,2.5,0.042,469.69,Clear,0,893,0,0.96,1.0,1.095
2026-09-07,ATL-HUB,Inbound,Morning,7,Monday,0,1,0,2122,1872,628,1271,805,30,30,29,47,8,52.2,0.933,2,2.3,0.027,673.76,Clear,0,1271,1,1.2,1.0,1.095
2026-09-07,ATL-HUB,Inbound,Morning,8,Monday,0,1,1,2174,1918,674,1214,932,29,29,28,44,8,59.2,0.986,5,3.4,0.024,695.58,Clear,0,1214,0,1.2,1.0,1.095
2026-09-07,ATL-HUB,Inbound,Morning,9,Monday,0,1,1,2200,1941,396,1172,981,30,30,29,43,8,60.7,0.94,4,3.3,0.032,714.19,Heavy Rain,0,1172,0,1.2,1.0,1.095
2026-09-07,ATL-HUB,Inbound,Morning,10,Monday,0,1,0,1795,1584,571,1181,595,27,26,25,50,8,43.5,0.946,2,2.2,0.029,587.18,Clear,0,1181,3,1.08,1.0,1.095
2026-09-07,ATL-HUB,Inbound,Morning,11,Monday,0,1,0,1718,1516,552,1044,639,25,23,22,50,8,49.0,0.95,2,2.4,0.032,532.93,Clear,0,1044,0,1.08,1.0,1.095
2026-09-07,ATL-HUB,Inbound,Morning,12,Monday,0,1,0,1601,1413,479,1034,554,22,21,21,50,8,49.1,0.986,0,1.9,0.019,490.96,Clear,0,1034,1,0.96,1.0,1.095
2026-09-07,ATL-HUB,Inbound,Morning,13,Monday,0,1,0,1452,1281,275,846,577,21,20,19,48,8,57.2,0.929,1,2.6,0.052,475.21,Heavy Rain,0,846,1,0.96,1.0,1.095
2026-09-07,ATL-HUB,Inbound,Evening,14,Monday,0,1,0,1482,1307,473,959,498,21,20,19,53,8,45.8,0.953,3,1.8,0.033,459.79,Heavy Rain,0,959,2,0.96,1.0,1.095
2026-09-07,ATL-HUB,Inbound,Evening,15,Monday,0,1,0,1863,1644,465,1073,771,27,26,25,44,8,57.8,0.976,10,3.1,0.025,639.19,Clear,0,1073,0,1.08,1.0,1.095
2026-09-07,ATL-HUB,Inbound,Evening,16,Monday,0,1,0,1798,1586,432,1002,774,23,23,22,47,8,59.0,0.97,5,2.8,0.045,555.13,Clear,0,1002,0,1.08,1.0,1.095
2026-09-07,ATL-HUB,Inbound,Evening,17,Monday,0,1,1,2240,1977,751,1308,875,32,31,30,46,8,54.4,0.948,10,2.7,0.032,732.15,Clear,0,1308,1,1.2,1.0,1.095
2026-09-07,ATL-HUB,Inbound,Evening,18,Monday,0,1,1,1940,1711,434,1266,639,26,26,25,51,8,43.6,0.994,9,2.2,0.024,612.14,Clear,0,1266,4,1.2,1.0,1.095
2026-09-07,ATL-HUB,Inbound,Evening,19,Monday,0,1,1,2242,1979,722,1443,762,33,31,30,51,8,51.1,0.944,8,2.2,0.032,711.78,Clear,0,1443,1,1.2,1.0,1.095
2026-09-07,ATL-HUB,Inbound,Evening,20,Monday,0,1,0,1819,1605,387,1046,740,24,24,23,47,8,54.6,0.968,1,3.0,0.042,567.81,Clear,0,1046,1,1.08,1.0,1.095
2026-09-07,ATL-HUB,Inbound,Evening,21,Monday,0,1,0,1546,1364,525,875,655,21,21,20,46,8,58.1,0.952,4,2.3,0.041,494.49,Clear,0,875,0,0.96,1.0,1.095
2026-09-07,ATL-HUB,Inbound,Night,22,Monday,0,1,0,1547,1365,321,970,551,23,22,21,47,8,46.9,0.984,10,2.6,0.046,541.61,Clear,0,970,0,0.96,1.0,1.095
2026-09-07,ATL-HUB,Inbound,Night,23,Monday,0,1,0,1273,1124,231,720,533,16,17,16,45,8,55.7,1.0,6,2.9,0.057,434.88,Clear,0,720,0,0.82,1.0,1.095
2026-09-07,ATL-HUB,Sortation,Morning,6,Monday,0,1,0,1345,1235,385,881,502,23,22,21,45,8,49.0,0.933,4,2.1,0.045,505.81,Clear,0,881,0,0.96,1.0,1.095
2026-09-07,ATL-HUB,Sortation,Morning,7,Monday,0,1,0,2016,1852,715,1372,710,33,32,31,45,8,45.0,0.984,0,2.1,0.041,700.34,Clear,0,1372,1,1.2,1.0,1.095
2026-09-07,ATL-HUB,Sortation,Morning,8,Monday,0,1,1,2413,2216,545,1525,961,39,39,37,43,8,50.2,0.959,2,2.5,0.046,842.23,Clear,0,1525,0,1.2,1.0,1.095
2026-09-07,ATL-HUB,Sortation,Morning,9,Monday,0,1,1,2170,1993,609,1219,1010,38,34,34,39,8,63.0,0.92,5,3.3,0.01,813.66,Rain,0,1219,1,1.2,1.0,1.095
2026-09-07,ATL-HUB,Sortation,Morning,10,Monday,0,1,0,1806,1658,418,1175,682,29,30,28,42,8,49.6,1.0,6,2.6,0.052,671.17,Clear,0,1175,0,1.08,1.0,1.095
2026-09-07,ATL-HUB,Sortation,Morning,11,Monday,0,1,0,1826,1677,517,1133,737,30,30,29,41,8,52.5,0.954,6,3.0,0.022,702.25,Clear,0,1133,1,1.08,1.0,1.095
2026-09-07,ATL-HUB,Sortation,Morning,12,Monday,0,1,0,1533,1408,368,935,651,24,24,23,43,8,55.5,0.946,8,3.1,0.039,589.07,Clear,0,935,3,0.96,1.0,1.095
2026-09-07,ATL-HUB,Sortation,Morning,13,Monday,0,1,0,1705,1566,535,1161,595,29,28,27,43,8,47.0,1.0,6,2.0,0.037,633.02,Clear,0,1161,3,0.96,1.0,1.095
2026-09-07,ATL-HUB,Sortation,Evening,14,Monday,0,1,0,1684,1547,388,1206,530,29,27,26,47,8,39.6,0.988,9,1.6,0.036,611.54,Clear,0,1206,0,0.96,1.0,1.095
2026-09-07,ATL-HUB,Sortation,Evening,15,Monday,0,1,0,1824,1675,347,1107,749,29,28,27,43,8,55.2,0.954,1,3.1,0.023,650.02,Clear,0,1107,1,1.08,1.0,1.095
2026-09-07,ATL-HUB,Sortation,Evening,16,Monday,0,1,0,1813,1665,418,1092,772,27,28,26,43,8,54.6,0.977,3,3.6,0.055,650.7,Clear,0,1092,0,1.08,1.0,1.095
2026-09-07,ATL-HUB,Sortation,Evening,17,Monday,0,1,1,2296,2108,657,1356,987,37,36,35,41,8,60.1,0.945,3,2.7,0.039,809.87,Clear,0,1356,0,1.2,1.0,1.095
2026-09-07,ATL-HUB,Sortation,Evening,18,Monday,0,1,1,2288,2101,523,1577,762,38,36,35,47,8,46.1,0.959,9,1.8,0.028,803.73,Clear,0,1577,3,1.2,1.0,1.095
2026-09-07,ATL-HUB,Sortation,Evening,19,Monday,0,1,1,2110,1938,530,1410,753,32,32,31,46,8,44.8,0.989,5,2.5,0.039,729.27,Clear,0,1410,0,1.2,1.0,1.095
2026-09-07,ATL-HUB,Sortation,Evening,20,Monday,0,1,0,1744,1602,509,989,791,28,27,26,39,8,63.9,0.976,1,3.7,0.052,645.84,Clear,0,989,0,1.08,1.0,1.095
2026-09-07,ATL-HUB,Sortation,Evening,21,Monday,0,1,0,1545,1419,374,939,620,27,26,25,40,8,54.3,0.939,2,2.6,0.045,595.09,Clear,0,939,1,0.96,1.0,1.095
2026-09-07,ATL-HUB,Sortation,Night,22,Monday,0,1,0,1568,1440,302,959,661,25,25,24,42,8,56.0,0.952,0,2.4,0.029,564.02,Clear,0,959,0,0.96,1.0,1.095
2026-09-07,ATL-HUB,Sortation,Night,23,Monday,0,1,0,1319,1211,314,791,564,20,20,19,44,8,57.4,0.946,2,3.2,0.037,490.73,Clear,0,791,0,0.82,1.0,1.095
2026-09-07,ATL-HUB,Outbound,Morning,6,Monday,0,1,0,1354,1326,336,768,625,18,18,17,48,8,60.6,0.942,8,3.2,0.043,471.58,Clear,0,768,3,0.96,1.0,1.095
2026-09-07,ATL-HUB,Outbound,Morning,7,Monday,0,1,0,1590,1558,485,935,703,21,20,20,48,8,60.0,0.975,10,2.9,0.022,532.41,Clear,0,935,0,1.2,1.0,1.095
2026-09-07,ATL-HUB,Outbound,Morning,8,Monday,0,1,1,1618,1585,509,1036,612,22,22,21,51,8,50.0,0.968,0,2.6,0.038,515.6,Heavy Rain,0,1036,0,1.2,1.0,1.095
2026-09-07,ATL-HUB,Outbound,Morning,9,Monday,0,1,1,1864,1826,469,1289,616,27,27,26,51,8,42.6,0.973,8,2.2,0.048,628.45,Clear,0,1289,2,1.2,1.0,1.095
2026-09-07,ATL-HUB,Outbound,Morning,10,Monday,0,1,0,1474,1444,294,954,548,20,20,19,51,8,49.4,0.985,9,2.0,0.034,482.39,Clear,0,954,1,1.08,1.0,1.095
2026-09-07,ATL-HUB,Outbound,Morning,11,Monday,0,1,0,1539,1508,539,1001,573,22,20,20,52,8,47.6,0.963,6,2.4,0.024,504.68,Clear,0,1001,4,1.08,1.0,1.095
2026-09-07,ATL-HUB,Outbound,Morning,12,Monday,0,1,0,1494,1464,276,853,653,20,20,19,47,8,58.4,0.955,6,3.0,0.029,501.15,Clear,0,853,1,0.96,1.0,1.095
2026-09-07,ATL-HUB,Outbound,Morning,13,Monday,0,1,0,1448,1418,498,1014,458,22,21,20,51,8,40.3,0.995,0,2.2,0.04,478.2,Clear,0,1014,0,0.96,1.0,1.095
2026-09-07,ATL-HUB,Outbound,Evening,14,Monday,0,1,0,1430,1401,449,915,545,20,19,18,53,8,51.0,0.959,4,2.1,0.04,450.46,Rain,0,915,0,0.96,1.0,1.095
2026-09-07,ATL-HUB,Outbound,Evening,15,Monday,0,1,0,1605,1572,308,1020,628,22,23,22,49,8,53.5,0.946,9,2.7,0.033,562.88,Clear,0,1020,1,1.08,1.0,1.095
2026-09-07,ATL-HUB,Outbound,Evening,16,Monday,0,1,0,1530,1499,350,858,717,20,19,18,48,8,60.5,0.993,1,3.4,0.032,477.52,Clear,0,858,2,1.08,1.0,1.095
2026-09-07,ATL-HUB,Outbound,Evening,17,Monday,0,1,1,1861,1823,464,992,897,25,24,24,45,8,64.8,0.919,2,3.5,0.01,606.58,Clear,0,992,2,1.2,1.0,1.095
2026-09-07,ATL-HUB,Outbound,Evening,18,Monday,0,1,1,1912,1873,479,1151,821,26,26,25,49,8,56.5,0.94,7,2.8,0.024,630.46,Storm,0,1151,0,1.2,1.0,1.095
2026-09-07,ATL-HUB,Outbound,Evening,19,Monday,0,1,1,1932,1893,616,1274,695,30,28,27,51,8,45.8,0.926,10,2.3,0.03,665.5,Storm,0,1274,0,1.2,1.0,1.095
2026-09-07,ATL-HUB,Outbound,Evening,20,Monday,0,1,0,1603,1570,499,960,671,21,21,20,48,8,56.2,1.0,8,3.5,0.052,543.05,Clear,0,960,3,1.08,1.0,1.095
2026-09-07,ATL-HUB,Outbound,Evening,21,Monday,0,1,0,1335,1308,397,774,595,18,18,17,47,8,62.2,0.97,5,2.8,0.035,450.43,Clear,0,774,1,0.96,1.0,1.095
2026-09-07,ATL-HUB,Outbound,Night,22,Monday,0,1,0,1505,1474,456,786,761,20,19,18,47,8,69.9,0.929,3,4.1,0.039,503.05,Clear,0,786,1,0.96,1.0,1.095
2026-09-07,ATL-HUB,Outbound,Night,23,Monday,0,1,0,1176,1152,269,768,432,16,16,16,49,8,47.7,0.98,2,2.3,0.022,404.42,Clear,0,768,0,0.82,1.0,1.095
2026-09-07,CHI-HUB,Inbound,Morning,6,Monday,0,1,0,1332,1175,423,800,517,18,17,16,50,8,54.2,1.0,5,3.1,0.05,438.31,Clear,0,800,0,0.96,1.0,1.095
2026-09-07,CHI-HUB,Inbound,Morning,7,Monday,0,1,0,1743,1538,554,1040,683,25,25,24,47,8,53.1,0.922,0,1.7,0.041,546.36,Clear,0,1040,0,1.2,1.0,1.095
2026-09-07,CHI-HUB,Inbound,Morning,8,Monday,0,1,1,2012,1775,389,1250,731,30,28,27,48,8,49.1,0.965,4,2.5,0.035,644.81,Clear,0,1250,1,1.2,1.0,1.095
2026-09-07,CHI-HUB,Inbound,Morning,9,Monday,0,1,1,1812,1599,515,980,792,24,24,23,44,8,65.0,0.969,9,3.2,0.057,598.89,Clear,0,980,0,1.2,1.0,1.095
2026-09-07,CHI-HUB,Inbound,Morning,10,Monday,0,1,0,1526,1347,300,880,628,22,21,20,46,8,57.3,0.957,6,2.5,0.052,506.15,Clear,0,880,1,1.08,1.0,1.095
2026-09-07,CHI-HUB,Inbound,Morning,11,Monday,0,1,0,1499,1323,319,869,614,20,20,19,46,8,55.3,0.995,10,3.2,0.034,518.56,Clear,0,869,2,1.08,1.0,1.095
2026-09-07,CHI-HUB,Inbound,Morning,12,Monday,0,1,0,1370,1209,462,829,513,19,19,18,47,8,54.0,0.981,3,3.1,0.043,471.59,Clear,0,829,0,0.96,1.0,1.095
2026-09-07,CHI-HUB,Inbound,Morning,13,Monday,0,1,0,1391,1227,335,824,552,20,20,19,45,8,57.6,0.964,7,3.0,0.042,501.45,Clear,0,824,2,0.96,1.0,1.095
2026-09-07,CHI-HUB,Inbound,Evening,14,Monday,0,1,0,1359,1199,335,847,495,20,19,18,49,8,50.5,0.961,5,2.5,0.031,460.99,Clear,0,847,0,0.96,1.0,1.095
2026-09-07,CHI-HUB,Inbound,Evening,15,Monday,0,1,0,1501,1324,329,856,627,20,20,19,46,8,58.8,0.98,1,2.9,0.044,486.7,Storm,0,856,1,1.08,1.0,1.095
2026-09-07,CHI-HUB,Inbound,Evening,16,Monday,0,1,0,1482,1307,463,910,546,21,21,20,48,8,51.2,0.949,7,2.3,0.049,502.95,Clear,0,910,0,1.08,1.0,1.095
2026-09-07,CHI-HUB,Inbound,Evening,17,Monday,0,1,1,2000,1764,515,1130,831,28,27,26,46,8,56.3,0.945,5,2.9,0.021,643.73,Heavy Rain,0,1130,1,1.2,1.0,1.095
2026-09-07,CHI-HUB,Inbound,Evening,18,Monday,0,1,1,1877,1656,614,1125,723,26,26,25,47,8,53.7,0.958,2,2.9,0.033,608.24,Clear,0,1125,1,1.2,1.0,1.095
2026-09-07,CHI-HUB,Inbound,Evening,19,Monday,0,1,1,2069,1826,368,1376,667,30,29,28,52,8,44.0,0.945,2,1.4,0.031,628.12,Clear,0,1376,3,1.2,1.0,1.095
2026-09-07,CHI-HUB,Inbound,Evening,20,Monday,0,1,0,1515,1337,487,934,576,22,21,21,47,8,51.4,0.946,0,2.3,0.01,500.65,Clear,0,934,2,1.08,1.0,1.095
2026-09-07,CHI-HUB,Inbound,Evening,21,Monday,0,1,0,1389,1225,375,833,536,21,20,19,47,8,54.8,0.933,8,1.9,0.039,473.82,Clear,0,833,1,0.96,1.0,1.095
2026-09-07,CHI-HUB,Inbound,Night,22,Monday,0,1,0,1436,1267,490,896,509,20,19,19,49,8,50.8,0.963,0,2.3,0.019,460.24,Clear,0,896,3,0.96,1.0,1.095
2026-09-07,CHI-HUB,Inbound,Night,23,Monday,0,1,0,1246,1099,287,743,480,17,17,16,50,8,50.8,0.929,3,2.2,0.036,405.2,Clear,0,743,1,0.82,1.0,1.095
2026-09-07,CHI-HUB,Sortation,Morning,6,Monday,0,1,0,1436,1319,434,792,687,22,21,20,41,8,65.4,0.966,10,3.2,0.036,537.99,Clear,0,792,0,0.96,1.0,1.095
2026-09-07,CHI-HUB,Sortation,Morning,7,Monday,0,1,0,1848,1697,605,1018,859,31,29,28,39,8,63.7,0.932,3,2.9,0.043,670.75,Clear,0,1018,2,1.2,1.0,1.095
2026-09-07,CHI-HUB,Sortation,Morning,8,Monday,0,1,1,2075,1906,468,1288,846,33,32,31,44,8,54.4,0.944,0,2.1,0.019,701.42,Clear,0,1288,1,1.2,1.0,1.095
2026-09-07,CHI-HUB,Sortation,Morning,9,Monday,0,1,1,1938,1780,602,1204,771,31,31,30,42,8,54.1,0.956,7,1.9,0.041,696.2,Clear,0,1204,1,1.2,1.0,1.095
2026-09-07,CHI-HUB,Sortation,Morning,10,Monday,0,1,0,1708,1568,472,1046,702,29,27,26,43,8,55.4,0.936,8,2.8,0.043,642.37,Clear,0,1046,1,1.08,1.0,1.095
2026-09-07,CHI-HUB,Sortation,Morning,11,Monday,0,1,0,1620,1488,493,973,688,26,25,24,43,8,60.9,0.943,8,2.4,0.045,590.57,Clear,0,973,0,1.08,1.0,1.095
2026-09-07,CHI-HUB,Sortation,Morning,12,Monday,0,1,0,1524,1400,346,971,588,25,25,24,42,8,51.9,0.963,6,2.4,0.047,582.41,Clear,0,971,0,0.96,1.0,1.095
2026-09-07,CHI-HUB,Sortation,Morning,13,Monday,0,1,0,1308,1201,322,833,510,22,21,20,44,8,54.2,0.947,2,2.7,0.039,496.03,Clear,0,833,4,0.96,1.0,1.095
2026-09-07,CHI-HUB,Sortation,Evening,14,Monday,0,1,0,1611,1479,408,1008,644,23,24,22,49,8,53.4,0.935,5,2.5,0.064,544.59,Clear,0,1008,0,0.96,1.0,1.095
2026-09-07,CHI-HUB,Sortation,Evening,15,Monday,0,1,0,1621,1489,423,931,719,26,25,24,42,8,60.4,0.924,5,2.6,0.04,588.38,Rain,0,931,3,1.08,1.0,1.095
2026-09-07,CHI-HUB,Sortation,Evening,16,Monday,0,1,0,1669,1533,505,962,759,27,26,25,42,8,61.8,0.917,9,2.7,0.027,628.71,Storm,0,962,1,1.08,1.0,1.095
2026-09-07,CHI-HUB,Sortation,Evening,17,Monday,0,1,1,2115,1943,742,1368,795,35,35,34,42,8,49.7,0.959,10,1.9,0.035,787.06,Clear,0,1368,1,1.2,1.0,1.095
2026-09-07,CHI-HUB,Sortation,Evening,18,Monday,0,1,1,1936,1778,544,1198,773,30,30,29,43,8,53.8,0.961,6,3.3,0.041,712.67,Clear,0,1198,2,1.2,1.0,1.095
2026-09-07,CHI-HUB,Sortation,Evening,19,Monday,0,1,1,1923,1766,444,1204,762,30,30,29,43,8,53.4,0.966,5,2.7,0.032,692.43,Clear,0,1204,2,1.2,1.0,1.095
2026-09-07,CHI-HUB,Sortation,Evening,20,Monday,0,1,0,1848,1697,574,1152,734,31,29,28,43,8,54.8,0.957,4,2.8,0.049,671.15,Clear,0,1152,0,1.08,1.0,1.095
2026-09-07,CHI-HUB,Sortation,Evening,21,Monday,0,1,0,1522,1398,304,967,605,25,25,24,42,8,54.5,0.959,0,2.4,0.04,563.17,Clear,0,967,2,0.96,1.0,1.095
2026-09-07,CHI-HUB,Sortation,Night,22,Monday,0,1,0,1356,1245,359,885,483,22,22,21,43,8,51.2,0.98,0,2.7,0.044,510.01,Clear,0,885,0,0.96,1.0,1.095
2026-09-07,CHI-HUB,Sortation,Night,23,Monday,0,1,0,1224,1124,293,854,405,21,20,19,46,8,41.1,0.978,3,2.2,0.035,468.68,Storm,0,854,0,0.82,1.0,1.095
2026-09-07,CHI-HUB,Outbound,Morning,6,Monday,0,1,0,1309,1282,423,894,442,18,18,17,53,8,45.8,0.993,6,2.1,0.057,433.55,Clear,0,894,0,0.96,1.0,1.095
2026-09-07,CHI-HUB,Outbound,Morning,7,Monday,0,1,0,1590,1558,353,1027,600,21,21,20,55,8,51.6,0.934,8,2.5,0.043,514.81,Clear,0,1027,1,1.2,1.0,1.095
2026-09-07,CHI-HUB,Outbound,Morning,8,Monday,0,1,1,1821,1784,401,1150,736,25,24,23,52,8,51.8,0.962,9,2.6,0.03,583.56,Clear,0,1150,1,1.2,1.0,1.095
2026-09-07,CHI-HUB,Outbound,Morning,9,Monday,0,1,1,1877,1839,459,1300,618,28,27,26,50,8,44.4,1.0,7,2.1,0.036,629.59,Storm,0,1300,0,1.2,1.0,1.095
2026-09-07,CHI-HUB,Outbound,Morning,10,Monday,0,1,0,1354,1326,371,813,546,18,18,17,52,8,57.5,0.92,5,2.5,0.048,442.38,Clear,0,813,0,1.08,1.0,1.095
2026-09-07,CHI-HUB,Outbound,Morning,11,Monday,0,1,0,1548,1516,460,1003,570,22,21,20,55,8,50.8,0.912,5,1.8,0.059,484.84,Clear,0,1003,4,1.08,1.0,1.095
2026-09-07,CHI-HUB,Outbound,Morning,12,Monday,0,1,0,1351,1323,308,879,499,19,19,18,50,8,48.2,0.977,9,2.4,0.033,471.82,Clear,0,879,0,0.96,1.0,1.095
2026-09-07,CHI-HUB,Outbound,Morning,13,Monday,0,1,0,1271,1245,415,737,585,18,16,16,49,8,64.5,0.941,9,3.1,0.013,450.95,Clear,0,737,1,0.96,1.0,1.095
2026-09-07,CHI-HUB,Outbound,Evening,14,Monday,0,1,0,1313,1286,284,723,625,18,18,17,44,8,63.9,0.968,4,3.5,0.028,466.42,Clear,0,723,0,0.96,1.0,1.095
2026-09-07,CHI-HUB,Outbound,Evening,15,Monday,0,1,0,1385,1357,321,848,560,21,20,19,47,8,53.5,0.951,8,2.6,0.044,494.35,Clear,0,848,0,1.08,1.0,1.095
2026-09-07,CHI-HUB,Outbound,Evening,16,Monday,0,1,0,1453,1423,424,863,619,21,20,19,51,8,57.7,0.891,5,2.6,0.038,485.99,Clear,0,863,0,1.08,1.0,1.095
2026-09-07,CHI-HUB,Outbound,Evening,17,Monday,0,1,1,1827,1790,617,991,867,24,24,23,47,8,63.4,0.917,8,3.3,0.041,600.07,Clear,0,991,1,1.2,1.0,1.095
2026-09-07,CHI-HUB,Outbound,Evening,18,Monday,0,1,1,1872,1834,596,1109,813,26,25,24,49,8,57.3,0.944,8,2.4,0.039,595.2,Clear,0,1109,4,1.2,1.0,1.095
2026-09-07,CHI-HUB,Outbound,Evening,19,Monday,0,1,1,1740,1704,362,1023,735,25,24,23,49,8,56.2,0.909,0,2.7,0.034,562.46,Storm,0,1023,0,1.2,1.0,1.095
2026-09-07,CHI-HUB,Outbound,Evening,20,Monday,0,1,0,1567,1535,522,1018,598,22,23,22,49,8,45.8,0.945,10,2.4,0.035,556.98,Clear,0,1018,1,1.08,1.0,1.095
2026-09-07,CHI-HUB,Outbound,Evening,21,Monday,0,1,0,1338,1311,375,857,522,20,19,18,51,8,53.5,0.934,4,2.6,0.037,461.19,Clear,0,857,4,0.96,1.0,1.095
2026-09-07,CHI-HUB,Outbound,Night,22,Monday,0,1,0,1236,1211,264,734,541,17,17,16,48,8,57.5,0.956,0,2.4,0.043,401.92,Clear,0,734,3,0.96,1.0,1.095
2026-09-07,CHI-HUB,Outbound,Night,23,Monday,0,1,0,1094,1072,216,626,483,14,14,13,50,8,61.4,0.964,0,2.9,0.036,354.81,Clear,0,626,2,0.82,1.0,1.095
2026-09-07,DAL-HUB,Inbound,Morning,6,Monday,0,1,0,1155,1019,220,668,471,16,16,15,46,8,58.1,0.969,2,3.3,0.038,411.69,Clear,0,668,0,0.96,1.0,1.095
2026-09-07,DAL-HUB,Inbound,Morning,7,Monday,0,1,0,1541,1359,471,811,706,20,20,19,45,8,63.1,0.949,4,3.2,0.04,500.1,Clear,0,811,2,1.2,1.0,1.095
2026-09-07,DAL-HUB,Inbound,Morning,8,Monday,0,1,1,1656,1461,512,1027,588,24,24,23,46,8,51.8,0.971,2,2.0,0.058,540.13,Clear,0,1027,2,1.2,1.0,1.095
2026-09-07,DAL-HUB,Inbound,Morning,9,Monday,0,1,1,1821,1607,524,1151,644,24,24,23,53,8,48.8,0.945,2,1.5,0.032,529.05,Clear,0,1151,0,1.2,1.0,1.095
2026-09-07,DAL-HUB,Inbound,Morning,10,Monday,0,1,0,1356,1197,280,827,500,20,20,19,47,8,51.2,0.927,1,2.2,0.043,459.24,Clear,0,827,2,1.08,1.0,1.095
2026-09-07,DAL-HUB,Inbound,Morning,11,Monday,0,1,0,1298,1145,429,765,509,18,17,17,46,8,54.8,0.979,8,2.9,0.021,461.21,Clear,0,765,0,1.08,1.0,1.095
2026-09-07,DAL-HUB,Inbound,Morning,12,Monday,0,1,0,1107,977,224,730,357,16,15,15,50,8,46.5,0.974,9,2.0,0.021,396.85,Clear,0,730,0,0.96,1.0,1.095
2026-09-07,DAL-HUB,Inbound,Morning,13,Monday,0,1,0,1149,1014,353,641,490,16,16,15,45,8,60.7,0.95,7,2.6,0.038,410.42,Heavy Rain,0,641,0,0.96,1.0,1.095
2026-09-07,DAL-HUB,Inbound,Evening,14,Monday,0,1,0,1053,929,272,640,393,15,14,14,47,8,50.5,0.974,2,2.9,0.03,379.19,Clear,0,640,2,0.96,1.0,1.095
2026-09-07,DAL-HUB,Inbound,Evening,15,Monday,0,1,0,1334,1177,368,781,532,19,18,18,46,8,56.8,0.944,0,2.4,0.017,441.74,Clear,0,781,1,1.08,1.0,1.095
2026-09-07,DAL-HUB,Inbound,Evening,16,Monday,0,1,0,1392,1228,459,800,563,21,20,19,44,8,58.4,0.958,2,2.7,0.045,477.07,Clear,0,800,4,1.08,1.0,1.095
2026-09-07,DAL-HUB,Inbound,Evening,17,Monday,0,1,1,1795,1584,376,1064,697,24,23,22,49,8,50.5,0.987,8,3.3,0.029,578.68,Clear,0,1064,0,1.2,1.0,1.095
2026-09-07,DAL-HUB,Inbound,Evening,18,Monday,0,1,1,1625,1434,414,1010,587,22,22,21,51,8,48.5,0.943,4,2.3,0.035,515.39,Clear,0,1010,3,1.2,1.0,1.095
2026-09-07,DAL-HUB,Inbound,Evening,19,Monday,0,1,1,1732,1529,436,1072,623,26,24,23,50,8,50.9,0.933,5,2.4,0.039,562.28,Clear,0,1072,0,1.2,1.0,1.095
2026-09-07,DAL-HUB,Inbound,Evening,20,Monday,0,1,0,1162,1026,229,675,457,15,16,15,47,8,53.5,0.958,7,2.8,0.04,413.82,Clear,0,675,1,1.08,1.0,1.095
2026-09-07,DAL-HUB,Inbound,Evening,21,Monday,0,1,0,1277,1126,229,755,494,18,17,17,47,8,52.5,0.946,8,2.2,0.024,441.24,Clear,0,755,2,0.96,1.0,1.095
2026-09-07,DAL-HUB,Inbound,Night,22,Monday,0,1,0,1229,1084,249,730,484,17,17,16,47,8,53.2,0.971,9,2.7,0.038,442.43,Storm,0,730,1,0.96,1.0,1.095
2026-09-07,DAL-HUB,Inbound,Night,23,Monday,0,1,0,935,825,250,660,268,13,13,13,52,8,38.2,0.977,3,1.1,0.028,310.41,Clear,0,660,1,0.82,1.0,1.095
2026-09-07,DAL-HUB,Sortation,Morning,6,Monday,0,1,0,1167,1071,257,763,434,19,18,18,43,8,50.3,0.987,6,2.4,0.022,458.84,Clear,0,763,0,0.96,1.0,1.095
2026-09-07,DAL-HUB,Sortation,Morning,7,Monday,0,1,0,1565,1437,411,839,767,23,23,22,40,8,66.8,0.954,9,3.2,0.032,576.15,Clear,0,839,1,1.2,1.0,1.095
2026-09-07,DAL-HUB,Sortation,Morning,8,Monday,0,1,1,1609,1477,542,950,690,27,26,25,39,8,57.8,0.975,0,3.5,0.035,615.06,Clear,0,950,1,1.2,1.0,1.095
2026-09-07,DAL-HUB,Sortation,Morning,9,Monday,0,1,1,1764,1620,436,1154,651,29,29,28,44,8,49.9,0.937,10,2.1,0.048,669.22,Clear,0,1154,2,1.2,1.0,1.095
2026-09-07,DAL-HUB,Sortation,Morning,10,Monday,0,1,0,1448,1330,336,949,540,25,23,23,42,8,49.5,0.983,5,2.2,0.019,552.7,Clear,0,949,1,1.08,1.0,1.095
2026-09-07,DAL-HUB,Sortation,Morning,11,Monday,0,1,0,1377,1265,302,840,587,22,21,20,44,8,51.8,0.955,10,2.5,0.038,517.31,Clear,0,840,2,1.08,1.0,1.095
2026-09-07,DAL-HUB,Sortation,Morning,12,Monday,0,1,0,1374,1262,375,867,538,23,23,22,42,8,50.0,0.938,2,2.5,0.029,530.65,Clear,0,867,0,0.96,1.0,1.095
2026-09-07,DAL-HUB,Sortation,Morning,13,Monday,0,1,0,1164,1069,339,674,518,18,18,17,41,8,58.5,0.968,9,3.2,0.043,471.28,Clear,0,674,0,0.96,1.0,1.095
2026-09-07,DAL-HUB,Sortation,Evening,14,Monday,0,1,0,1240,1139,377,875,405,21,20,20,44,8,40.1,0.995,9,2.2,0.012,503.19,Clear,0,875,2,0.96,1.0,1.095
2026-09-07,DAL-HUB,Sortation,Evening,15,Monday,0,1,0,1373,1261,369,784,633,19,18,18,45,8,60.8,0.968,3,3.1,0.025,472.64,Clear,0,784,4,1.08,1.0,1.095
2026-09-07,DAL-HUB,Sortation,Evening,16,Monday,0,1,0,1431,1314,442,901,571,23,23,22,43,8,53.2,0.953,10,1.9,0.042,540.5,Clear,0,901,1,1.08,1.0,1.095
2026-09-07,DAL-HUB,Sortation,Evening,17,Monday,0,1,1,1655,1520,367,928,761,27,25,24,40,8,62.1,0.967,3,3.4,0.023,603.2,Clear,0,928,0,1.2,1.0,1.095
2026-09-07,DAL-HUB,Sortation,Evening,18,Monday,0,1,1,1649,1514,353,1040,668,28,26,25,45,8,53.4,0.925,2,2.4,0.04,591.39,Clear,0,1040,0,1.2,1.0,1.095
2026-09-07,DAL-HUB,Sortation,Evening,19,Monday,0,1,1,1726,1585,587,915,849,26,26,25,38,8,71.7,0.964,0,4.0,0.04,637.56,Storm,0,915,0,1.2,1.0,1.095
2026-09-07,DAL-HUB,Sortation,Evening,20,Monday,0,1,0,1364,1252,256,805,592,21,21,20,42,8,60.0,0.959,7,3.1,0.036,524.26,Clear,0,805,1,1.08,1.0,1.095
2026-09-07,DAL-HUB,Sortation,Evening,21,Monday,0,1,0,1152,1058,347,666,517,18,18,17,41,8,59.7,0.956,1,2.8,0.038,434.27,Clear,0,666,0,0.96,1.0,1.095
2026-09-07,DAL-HUB,Sortation,Night,22,Monday,0,1,0,1099,1009,208,672,457,18,18,17,40,8,54.5,0.989,4,3.0,0.061,448.5,Clear,0,672,3,0.96,1.0,1.095
2026-09-07,DAL-HUB,Sortation,Night,23,Monday,0,1,0,1099,1009,215,688,446,17,17,16,43,8,54.2,1.0,5,2.8,0.057,426.6,Clear,0,688,0,0.82,1.0,1.095
2026-09-07,DAL-HUB,Outbound,Morning,6,Monday,0,1,0,1131,1108,225,608,545,13,14,13,47,8,66.3,0.995,3,3.7,0.043,391.65,Storm,0,608,0,0.96,1.0,1.095
2026-09-07,DAL-HUB,Outbound,Morning,7,Monday,0,1,0,1673,1639,570,946,770,20,22,20,49,8,61.4,0.966,4,3.0,0.07,517.54,Clear,0,946,1,1.2,1.0,1.095
2026-09-07,DAL-HUB,Outbound,Morning,8,Monday,0,1,1,1470,1440,375,915,603,21,20,19,49,8,55.0,0.983,10,2.4,0.041,496.7,Clear,0,915,0,1.2,1.0,1.095
2026-09-07,DAL-HUB,Outbound,Morning,9,Monday,0,1,1,1514,1483,425,889,650,21,21,20,48,8,59.2,0.927,9,2.7,0.027,522.21,Clear,0,889,1,1.2,1.0,1.095
2026-09-07,DAL-HUB,Outbound,Morning,10,Monday,0,1,0,1135,1112,256,757,425,15,14,14,55,8,47.8,0.984,0,2.6,0.025,366.66,Clear,0,757,1,1.08,1.0,1.095
2026-09-07,DAL-HUB,Outbound,Morning,11,Monday,0,1,0,1259,1233,261,768,534,19,18,18,45,8,55.9,0.949,4,2.9,0.013,468.13,Clear,0,768,1,1.08,1.0,1.095
2026-09-07,DAL-HUB,Outbound,Morning,12,Monday,0,1,0,1123,1100,372,741,432,16,15,15,52,8,50.2,0.95,10,1.9,0.031,398.33,Clear,0,741,2,0.96,1.0,1.095
2026-09-07,DAL-HUB,Outbound,Morning,13,Monday,0,1,0,1087,1065,380,609,515,16,15,14,45,8,66.1,0.967,4,3.5,0.034,403.78,Clear,0,609,1,0.96,1.0,1.095
2026-09-07,DAL-HUB,Outbound,Evening,14,Monday,0,1,0,1036,1015,205,683,382,16,14,14,53,8,49.0,0.921,1,1.7,0.026,342.84,Clear,0,683,1,0.96,1.0,1.095
2026-09-07,DAL-HUB,Outbound,Evening,15,Monday,0,1,0,1254,1228,439,777,515,17,17,16,52,8,51.9,0.935,3,2.3,0.03,409.04,Clear,0,777,1,1.08,1.0,1.095
2026-09-07,DAL-HUB,Outbound,Evening,16,Monday,0,1,0,1085,1063,251,660,445,15,15,14,49,8,55.1,0.963,7,3.0,0.049,399.34,Clear,0,660,0,1.08,1.0,1.095
2026-09-07,DAL-HUB,Outbound,Evening,17,Monday,0,1,1,1536,1505,380,864,709,20,20,19,46,8,61.6,0.99,10,3.6,0.029,531.52,Clear,0,864,2,1.2,1.0,1.095
2026-09-07,DAL-HUB,Outbound,Evening,18,Monday,0,1,1,1488,1458,414,993,547,21,21,20,51,8,48.3,0.974,10,2.5,0.037,519.34,Clear,0,993,1,1.2,1.0,1.095
2026-09-07,DAL-HUB,Outbound,Evening,19,Monday,0,1,1,1612,1579,407,954,708,24,23,22,45,8,60.7,0.964,2,2.8,0.05,543.41,Clear,0,954,2,1.2,1.0,1.095
2026-09-07,DAL-HUB,Outbound,Evening,20,Monday,0,1,0,1329,1302,252,854,517,20,19,19,47,8,50.6,0.957,0,1.9,0.024,448.13,Clear,0,854,1,1.08,1.0,1.095
2026-09-07,DAL-HUB,Outbound,Evening,21,Monday,0,1,0,1075,1053,276,587,510,14,14,13,48,8,66.1,0.942,0,3.3,0.04,365.65,Clear,0,587,1,0.96,1.0,1.095
2026-09-07,DAL-HUB,Outbound,Night,22,Monday,0,1,0,1000,980,352,556,466,12,13,12,50,8,63.3,0.927,1,3.2,0.056,345.18,Clear,0,556,1,0.96,1.0,1.095
2026-09-07,DAL-HUB,Outbound,Night,23,Monday,0,1,0,1002,982,276,660,365,14,13,13,53,8,46.9,0.959,7,2.1,0.025,356.8,Storm,0,660,0,0.82,1.0,1.095
2026-09-08,ATL-HUB,Inbound,Morning,6,Tuesday,0,0,0,1450,1279,342,914,510,22,20,20,48,8,50.0,0.953,4,2.4,0.02,495.6,Clear,0,914,1,0.96,1.0,1.05
2026-09-08,ATL-HUB,Inbound,Morning,7,Tuesday,0,0,0,1755,1548,420,1042,678,26,23,23,48,8,56.5,0.944,1,2.2,0.016,544.28,Clear,0,1042,0,1.2,1.0,1.05
2026-09-08,ATL-HUB,Inbound,Morning,8,Tuesday,0,0,1,1919,1693,449,1157,724,26,26,25,47,8,52.7,0.985,5,2.9,0.03,618.58,Clear,0,1157,1,1.2,1.0,1.05
2026-09-08,ATL-HUB,Inbound,Morning,9,Tuesday,0,0,1,1915,1690,458,1095,762,25,25,24,48,8,57.5,0.951,8,2.9,0.034,608.6,Clear,0,1095,1,1.2,1.0,1.05
2026-09-08,ATL-HUB,Inbound,Morning,10,Tuesday,0,0,0,1666,1470,305,1039,604,24,24,23,46,8,51.2,0.982,1,3.0,0.059,565.11,Clear,0,1039,1,1.08,1.0,1.05
2026-09-08,ATL-HUB,Inbound,Morning,11,Tuesday,0,0,0,1526,1347,438,847,649,21,20,19,46,8,61.9,0.969,0,2.6,0.042,470.25,Clear,0,847,0,1.08,1.0,1.05
2026-09-08,ATL-HUB,Inbound,Morning,12,Tuesday,0,0,0,1473,1300,374,893,535,20,20,19,47,8,49.8,1.0,10,3.0,0.044,514.07,Rain,0,893,1,0.96,1.0,1.05
2026-09-08,ATL-HUB,Inbound,Morning,13,Tuesday,0,0,0,1337,1179,299,785,528,18,18,17,48,8,55.1,0.962,4,3.2,0.029,457.5,Clear,0,785,1,0.96,1.0,1.05
2026-09-08,ATL-HUB,Inbound,Evening,14,Tuesday,0,0,0,1381,1218,269,824,541,21,20,19,47,8,56.6,0.924,3,2.5,0.036,474.47,Clear,0,824,1,0.96,1.0,1.05
2026-09-08,ATL-HUB,Inbound,Evening,15,Tuesday,0,0,0,1585,1398,447,954,602,24,23,22,46,8,51.3,0.943,3,2.8,0.022,544.97,Clear,0,954,0,1.08,1.0,1.05
2026-09-08,ATL-HUB,Inbound,Evening,16,Tuesday,0,0,0,1541,1359,288,888,641,23,22,21,46,8,54.1,0.92,3,2.4,0.052,513.5,Clear,0,888,1,1.08,1.0,1.05
2026-09-08,ATL-HUB,Inbound,Evening,17,Tuesday,0,0,1,2034,1795,465,1418,601,32,30,29,50,8,43.0,0.978,3,2.0,0.024,667.01,Clear,0,1418,1,1.2,1.0,1.05
2026-09-08,ATL-HUB,Inbound,Evening,18,Tuesday,0,0,1,1648,1454,449,883,736,22,21,20,46,8,63.7,0.96,0,3.6,0.026,519.89,Clear,0,883,0,1.2,1.0,1.05
2026-09-08,ATL-HUB,Inbound,Evening,19,Tuesday,0,0,1,2064,1821,400,1362,685,28,27,27,53,8,44.5,0.952,6,1.7,0.014,629.73,Clear,0,1362,4,1.2,1.0,1.05
2026-09-08,ATL-HUB,Inbound,Evening,20,Tuesday,0,0,0,1752,1546,332,1084,648,25,24,23,48,8,51.4,0.982,6,2.8,0.033,577.02,Clear,0,1084,0,1.08,1.0,1.05
2026-09-08,ATL-HUB,Inbound,Evening,21,Tuesday,0,0,0,1452,1281,357,891,537,20,20,19,49,8,51.3,0.957,5,2.4,0.032,479.33,Clear,0,891,1,0.96,1.0,1.05
2026-09-08,ATL-HUB,Inbound,Night,22,Tuesday,0,0,0,1479,1305,358,894,565,22,20,20,45,8,52.6,0.994,4,2.6,0.017,501.7,Clear,0,894,0,0.96,1.0,1.05
2026-09-08,ATL-HUB,Inbound,Night,23,Tuesday,0,0,0,1279,1128,425,700,568,18,17,16,46,8,65.9,0.952,3,2.3,0.039,409.93,Rain,0,700,0,0.82,1.0,1.05
2026-09-08,ATL-HUB,Sortation,Morning,6,Tuesday,0,0,0,1416,1300,483,836,605,23,22,21,42,8,58.7,0.949,1,2.9,0.039,519.91,Clear,0,836,1,0.96,1.0,1.05
2026-09-08,ATL-HUB,Sortation,Morning,7,Tuesday,0,0,0,1978,1817,380,1270,770,30,29,28,48,8,50.3,0.945,1,2.4,0.034,652.74,Clear,0,1270,0,1.2,1.0,1.05
2026-09-08,ATL-HUB,Sortation,Morning,8,Tuesday,0,0,1,2099,1927,619,1446,711,38,36,36,42,8,44.2,0.957,5,2.2,0.01,822.78,Heavy Rain,0,1446,1,1.2,1.0,1.05
2026-09-08,ATL-HUB,Sortation,Morning,9,Tuesday,0,0,1,2002,1838,672,1280,763,35,34,33,40,8,53.5,0.97,5,2.4,0.026,763.47,Clear,0,1280,0,1.2,1.0,1.05
2026-09-08,ATL-HUB,Sortation,Morning,10,Tuesday,0,0,0,1749,1606,497,1237,542,28,28,27,48,8,41.5,0.955,0,1.8,0.033,609.03,Clear,0,1237,0,1.08,1.0,1.05
2026-09-08,ATL-HUB,Sortation,Morning,11,Tuesday,0,0,0,1786,1640,512,1056,769,29,29,28,41,8,57.3,0.92,6,2.5,0.037,668.01,Clear,0,1056,1,1.08,1.0,1.05
2026-09-08,ATL-HUB,Sortation,Morning,12,Tuesday,0,0,0,1509,1386,417,1001,547,27,24,24,43,8,47.3,0.97,8,2.1,0.019,580.12,Clear,0,1001,1,0.96,1.0,1.05
2026-09-08,ATL-HUB,Sortation,Morning,13,Tuesday,0,0,0,1466,1346,519,916,576,22,22,21,46,8,52.6,0.948,7,2.7,0.04,534.43,Clear,0,916,1,0.96,1.0,1.05
2026-09-08,ATL-HUB,Sortation,Evening,14,Tuesday,0,0,0,1373,1261,365,785,626,22,21,20,42,8,60.9,0.935,9,2.8,0.035,522.44,Clear,0,785,0,0.96,1.0,1.05
2026-09-08,ATL-HUB,Sortation,Evening,15,Tuesday,0,0,0,1656,1521,430,1067,643,29,27,26,43,8,49.5,0.955,6,2.1,0.035,615.42,Clear,0,1067,2,1.08,1.0,1.05
2026-09-08,ATL-HUB,Sortation,Evening,16,Tuesday,0,0,0,1839,1689,413,1225,669,28,28,27,49,8,46.8,0.926,3,1.9,0.044,623.09,Clear,0,1225,0,1.08,1.0,1.05
2026-09-08,ATL-HUB,Sortation,Evening,17,Tuesday,0,0,1,2066,1898,577,1283,828,37,35,34,40,8,51.3,0.944,1,2.2,0.039,765.76,Clear,0,1283,3,1.2,1.0,1.05
2026-09-08,ATL-HUB,Sortation,Evening,18,Tuesday,0,0,1,2101,1929,746,1319,846,33,33,32,42,8,51.1,0.981,8,3.3,0.032,780.59,Clear,0,1319,1,1.2,1.0,1.05
2026-09-08,ATL-HUB,Sortation,Evening,19,Tuesday,0,0,1,2008,1844,441,1309,755,34,33,32,43,8,48.2,0.952,1,2.0,0.043,720.08,Clear,0,1309,1,1.2,1.0,1.05
2026-09-08,ATL-HUB,Sortation,Evening,20,Tuesday,0,0,0,1752,1609,353,1027,778,26,26,25,43,8,59.0,0.956,5,3.2,0.04,625.28,Clear,0,1027,0,1.08,1.0,1.05
2026-09-08,ATL-HUB,Sortation,Evening,21,Tuesday,0,0,0,1438,1321,463,943,521,23,24,23,41,8,48.6,1.0,3,2.3,0.041,548.92,Clear,0,943,1,0.96,1.0,1.05
2026-09-08,ATL-HUB,Sortation,Night,22,Tuesday,0,0,0,1474,1354,354,840,670,23,22,22,39,8,61.4,0.979,3,3.1,0.017,552.49,Clear,0,840,2,0.96,1.0,1.05
2026-09-08,ATL-HUB,Sortation,Night,23,Tuesday,0,0,0,1334,1225,408,718,642,20,20,19,41,8,66.8,0.922,7,3.9,0.026,526.62,Clear,0,718,2,0.82,1.0,1.05
2026-09-08,ATL-HUB,Outbound,Morning,6,Tuesday,0,0,0,1291,1265,395,795,522,18,18,17,50,8,51.5,0.936,10,2.5,0.063,457.22,Clear,0,795,1,0.96,1.0,1.05
2026-09-08,ATL-HUB,Outbound,Morning,7,Tuesday,0,0,0,1697,1662,419,1061,681,22,21,20,55,8,57.9,0.965,2,2.3,0.025,491.98,Clear,0,1061,0,1.2,1.0,1.05
2026-09-08,ATL-HUB,Outbound,Morning,8,Tuesday,0,0,1,2015,1974,532,1383,684,27,27,26,56,8,44.0,0.95,3,2.0,0.04,609.63,Clear,0,1383,1,1.2,1.0,1.05
2026-09-08,ATL-HUB,Outbound,Morning,9,Tuesday,0,0,1,1783,1747,608,1209,618,26,25,24,51,8,44.5,0.989,2,2.0,0.031,563.16,Clear,0,1209,2,1.2,1.0,1.05
2026-09-08,ATL-HUB,Outbound,Morning,10,Tuesday,0,0,0,1613,1580,463,859,802,20,20,19,49,8,69.4,0.923,6,3.3,0.052,511.73,Clear,0,859,2,1.08,1.0,1.05
2026-09-08,ATL-HUB,Outbound,Morning,11,Tuesday,0,0,0,1504,1473,373,834,699,20,20,19,48,8,63.4,0.915,7,3.6,0.025,521.33,Clear,0,834,3,1.08,1.0,1.05
2026-09-08,ATL-HUB,Outbound,Morning,12,Tuesday,0,0,0,1247,1222,399,795,471,17,17,16,52,8,51.7,0.956,0,2.6,0.033,407.71,Clear,0,795,1,0.96,1.0,1.05
2026-09-08,ATL-HUB,Outbound,Morning,13,Tuesday,0,0,0,1387,1359,448,929,489,21,20,19,50,8,43.8,0.979,8,1.9,0.052,474.79,Clear,0,929,1,0.96,1.0,1.05
2026-09-08,ATL-HUB,Outbound,Evening,14,Tuesday,0,0,0,1313,1286,321,706,647,16,16,15,50,8,69.0,0.942,2,3.2,0.034,414.07,Rain,0,706,2,0.96,1.0,1.05
2026-09-08,ATL-HUB,Outbound,Evening,15,Tuesday,0,0,0,1505,1474,389,925,617,22,22,21,47,8,51.4,0.938,1,3.0,0.036,524.35,Clear,0,925,0,1.08,1.0,1.05
2026-09-08,ATL-HUB,Outbound,Evening,16,Tuesday,0,0,0,1651,1617,552,987,707,21,21,20,52,8,60.2,0.95,9,2.7,0.029,524.73,Clear,0,987,1,1.08,1.0,1.05
2026-09-08,ATL-HUB,Outbound,Evening,17,Tuesday,0,0,1,1879,1841,571,1136,792,26,25,24,48,8,55.2,0.987,7,3.1,0.021,611.72,Clear,0,1136,0,1.2,1.0,1.05
2026-09-08,ATL-HUB,Outbound,Evening,18,Tuesday,0,0,1,1911,1872,612,1210,736,26,26,25,49,8,54.6,0.988,6,2.8,0.04,620.2,Clear,0,1210,1,1.2,1.0,1.05
2026-09-08,ATL-HUB,Outbound,Evening,19,Tuesday,0,0,1,1814,1777,539,1266,604,26,25,24,55,8,42.7,0.959,7,2.0,0.039,579.74,Clear,0,1266,0,1.2,1.0,1.05
2026-09-08,ATL-HUB,Outbound,Evening,20,Tuesday,0,0,0,1682,1648,489,1161,551,25,25,24,51,8,45.8,0.949,8,2.1,0.046,583.31,Clear,0,1161,1,1.08,1.0,1.05
2026-09-08,ATL-HUB,Outbound,Evening,21,Tuesday,0,0,0,1369,1341,472,775,624,19,19,18,45,8,60.0,0.957,10,3.0,0.044,492.15,Clear,0,775,1,0.96,1.0,1.05
2026-09-08,ATL-HUB,Outbound,Night,22,Tuesday,0,0,0,1279,1253,352,825,493,18,18,17,52,8,49.3,0.934,1,1.8,0.038,408.61,Clear,0,825,1,0.96,1.0,1.05
2026-09-08,ATL-HUB,Outbound,Night,23,Tuesday,0,0,0,1108,1085,234,700,427,15,15,14,51,8,49.0,0.982,5,2.9,0.056,390.56,Clear,0,700,0,0.82,1.0,1.05
2026-09-08,CHI-HUB,Inbound,Morning,6,Tuesday,0,0,0,1291,1139,294,755,508,18,18,17,47,8,57.2,0.945,3,2.8,0.029,443.66,Rain,0,755,1,0.96,1.0,1.05
2026-09-08,CHI-HUB,Inbound,Morning,7,Tuesday,0,0,0,1608,1419,399,829,751,22,21,20,46,8,70.7,0.901,1,3.0,0.036,505.59,Clear,0,829,0,1.2,1.0,1.05
2026-09-08,CHI-HUB,Inbound,Morning,8,Tuesday,0,0,1,1790,1579,420,1158,608,26,26,25,51,8,48.1,0.908,4,1.1,0.037,562.69,Clear,0,1158,0,1.2,1.0,1.05
2026-09-08,CHI-HUB,Inbound,Morning,9,Tuesday,0,0,1,1919,1693,410,1174,712,27,26,25,50,8,51.7,0.939,9,2.6,0.045,625.01,Rain,0,1174,0,1.2,1.0,1.05
2026-09-08,CHI-HUB,Inbound,Morning,10,Tuesday,0,0,0,1539,1358,465,839,680,20,20,19,47,8,63.5,0.94,6,3.6,0.043,517.66,Clear,0,839,1,1.08,1.0,1.05
2026-09-08,CHI-HUB,Inbound,Morning,11,Tuesday,0,0,0,1558,1375,431,924,596,21,21,20,50,8,55.0,0.925,6,2.2,0.033,498.3,Clear,0,924,2,1.08,1.0,1.05
2026-09-08,CHI-HUB,Inbound,Morning,12,Tuesday,0,0,0,1329,1172,416,836,454,21,19,19,44,8,51.1,1.0,7,2.7,0.018,491.95,Clear,0,836,1,0.96,1.0,1.05
2026-09-08,CHI-HUB,Inbound,Morning,13,Tuesday,0,0,0,1403,1238,373,829,546,18,19,18,49,8,52.9,0.94,4,2.7,0.038,464.17,Clear,0,829,2,0.96,1.0,1.05
2026-09-08,CHI-HUB,Inbound,Evening,14,Tuesday,0,0,0,1232,1087,285,617,603,15,16,15,44,8,72.0,0.935,1,3.3,0.056,409.84,Clear,0,617,1,0.96,1.0,1.05
2026-09-08,CHI-HUB,Inbound,Evening,15,Tuesday,0,0,0,1517,1339,377,784,723,20,20,19,43,8,65.8,0.96,3,3.6,0.047,507.68,Clear,0,784,0,1.08,1.0,1.05
2026-09-08,CHI-HUB,Inbound,Evening,16,Tuesday,0,0,0,1620,1430,503,899,701,20,20,19,50,8,63.5,0.946,0,2.9,0.03,480.3,Clear,0,899,2,1.08,1.0,1.05
2026-09-08,CHI-HUB,Inbound,Evening,17,Tuesday,0,0,1,1978,1746,611,1377,577,30,28,27,51,8,39.3,1.0,8,2.4,0.021,654.22,Clear,0,1377,3,1.2,1.0,1.05
2026-09-08,CHI-HUB,Inbound,Evening,18,Tuesday,0,0,1,1871,1651,584,1104,730,26,25,23,50,8,56.3,0.961,8,2.9,0.061,588.33,Clear,0,1104,1,1.2,1.0,1.05
2026-09-08,CHI-HUB,Inbound,Evening,19,Tuesday,0,0,1,1740,1535,506,1059,666,25,24,23,47,8,54.1,0.98,9,2.7,0.061,583.61,Clear,0,1059,1,1.2,1.0,1.05
2026-09-08,CHI-HUB,Inbound,Evening,20,Tuesday,0,0,0,1554,1371,419,904,622,20,21,20,47,8,57.8,0.962,6,2.3,0.026,501.03,Clear,0,904,0,1.08,1.0,1.05
2026-09-08,CHI-HUB,Inbound,Evening,21,Tuesday,0,0,0,1421,1254,409,865,532,19,20,19,47,8,51.8,0.969,9,2.3,0.026,488.79,Clear,0,865,1,0.96,1.0,1.05
2026-09-08,CHI-HUB,Inbound,Night,22,Tuesday,0,0,0,1209,1067,308,724,456,17,17,16,48,8,51.4,0.943,0,2.6,0.035,406.15,Clear,0,724,0,0.96,1.0,1.05
2026-09-08,CHI-HUB,Inbound,Night,23,Tuesday,0,0,0,1105,975,379,694,412,16,15,14,53,8,48.8,0.936,0,2.1,0.051,351.31,Clear,0,694,1,0.82,1.0,1.05
2026-09-08,CHI-HUB,Sortation,Morning,6,Tuesday,0,0,0,1405,1290,407,917,535,23,23,22,44,8,49.9,0.948,2,1.8,0.027,511.61,Clear,0,917,0,0.96,1.0,1.05
2026-09-08,CHI-HUB,Sortation,Morning,7,Tuesday,0,0,0,1761,1617,427,1148,653,31,29,28,41,8,44.9,1.0,0,2.7,0.028,653.95,Clear,0,1148,1,1.2,1.0,1.05
2026-09-08,CHI-HUB,Sortation,Morning,8,Tuesday,0,0,1,1875,1722,346,1232,691,32,30,29,45,8,48.5,0.944,4,2.3,0.023,681.29,Heavy Rain,0,1232,1,1.2,1.0,1.05
2026-09-08,CHI-HUB,Sortation,Morning,9,Tuesday,0,0,1,2044,1877,512,1444,657,35,34,33,45,8,45.1,0.973,3,1.9,0.027,743.85,Clear,0,1444,3,1.2,1.0,1.05
2026-09-08,CHI-HUB,Sortation,Morning,10,Tuesday,0,0,0,1579,1450,494,937,688,26,25,24,41,8,56.9,0.953,0,2.4,0.023,564.22,Clear,0,937,2,1.08,1.0,1.05
2026-09-08,CHI-HUB,Sortation,Morning,11,Tuesday,0,0,0,1642,1508,579,1050,623,28,27,26,41,8,48.2,0.986,5,2.7,0.052,628.77,Clear,0,1050,4,1.08,1.0,1.05
2026-09-08,CHI-HUB,Sortation,Morning,12,Tuesday,0,0,0,1380,1268,285,865,545,23,22,22,41,8,50.3,0.96,8,2.6,0.018,552.76,Clear,0,865,0,0.96,1.0,1.05
2026-09-08,CHI-HUB,Sortation,Morning,13,Tuesday,0,0,0,1292,1187,442,818,517,22,22,21,39,8,52.9,1.0,7,2.3,0.053,520.04,Clear,0,818,3,0.96,1.0,1.05
2026-09-08,CHI-HUB,Sortation,Evening,14,Tuesday,0,0,0,1409,1294,477,774,667,21,21,20,41,8,65.0,0.945,3,3.3,0.03,517.88,Clear,0,774,1,0.96,1.0,1.05
2026-09-08,CHI-HUB,Sortation,Evening,15,Tuesday,0,0,0,1623,1491,498,999,659,25,26,24,43,8,53.1,0.969,2,2.8,0.061,582.63,Clear,0,999,0,1.08,1.0,1.05
2026-09-08,CHI-HUB,Sortation,Evening,16,Tuesday,0,0,0,1521,1397,483,847,703,23,23,22,42,8,63.2,0.917,1,3.1,0.042,546.95,Clear,0,847,0,1.08,1.0,1.05
2026-09-08,CHI-HUB,Sortation,Evening,17,Tuesday,0,0,1,1925,1768,594,1124,823,30,29,28,41,8,59.5,0.98,9,3.6,0.038,710.97,Clear,0,1124,1,1.2,1.0,1.05
2026-09-08,CHI-HUB,Sortation,Evening,18,Tuesday,0,0,1,1914,1758,623,1182,761,30,30,29,43,8,55.8,0.948,5,2.6,0.045,689.47,Clear,0,1182,0,1.2,1.0,1.05
2026-09-08,CHI-HUB,Sortation,Evening,19,Tuesday,0,0,1,1859,1707,639,1203,695,29,29,28,43,8,50.1,1.0,9,2.7,0.024,684.55,Clear,0,1203,2,1.2,1.0,1.05
2026-09-08,CHI-HUB,Sortation,Evening,20,Tuesday,0,0,0,1569,1441,391,990,612,27,27,26,40,8,53.8,0.953,3,2.1,0.024,604.24,Clear,0,990,1,1.08,1.0,1.05
2026-09-08,CHI-HUB,Sortation,Evening,21,Tuesday,0,0,0,1516,1392,367,1021,539,24,23,22,47,8,45.7,0.988,5,2.6,0.045,547.32,Rain,0,1021,3,0.96,1.0,1.05
2026-09-08,CHI-HUB,Sortation,Night,22,Tuesday,0,0,0,1347,1237,362,680,713,19,19,18,39,8,75.3,0.969,3,3.7,0.039,488.95,Clear,0,680,1,0.96,1.0,1.05
2026-09-08,CHI-HUB,Sortation,Night,23,Tuesday,0,0,0,1151,1057,393,755,403,19,19,18,44,8,45.4,0.954,5,1.8,0.03,442.78,Storm,0,755,1,0.82,1.0,1.05
2026-09-08,CHI-HUB,Outbound,Morning,6,Tuesday,0,0,0,1253,1227,408,833,455,18,17,17,52,8,50.7,0.943,9,1.7,0.028,430.92,Clear,0,833,2,0.96,1.0,1.05
2026-09-08,CHI-HUB,Outbound,Morning,7,Tuesday,0,0,0,1560,1528,416,850,741,22,21,20,46,8,65.6,0.925,6,3.5,0.048,535.86,Clear,0,850,0,1.2,1.0,1.05
2026-09-08,CHI-HUB,Outbound,Morning,8,Tuesday,0,0,1,1719,1684,465,1034,720,24,23,22,47,8,56.5,1.0,3,2.6,0.036,546.78,Heavy Rain,0,1034,2,1.2,1.0,1.05
2026-09-08,CHI-HUB,Outbound,Morning,9,Tuesday,0,0,1,1775,1739,455,1093,719,24,24,23,49,8,53.3,0.971,3,3.1,0.041,577.52,Clear,0,1093,0,1.2,1.0,1.05
2026-09-08,CHI-HUB,Outbound,Morning,10,Tuesday,0,0,0,1403,1374,493,879,545,21,20,19,47,8,53.9,0.985,0,2.3,0.04,460.68,Clear,0,879,1,1.08,1.0,1.05
2026-09-08,CHI-HUB,Outbound,Morning,11,Tuesday,0,0,0,1414,1385,344,927,528,20,20,19,49,8,50.5,0.996,8,2.7,0.04,497.67,Clear,0,927,1,1.08,1.0,1.05
2026-09-08,CHI-HUB,Outbound,Morning,12,Tuesday,0,0,0,1113,1090,210,640,499,15,15,14,47,8,60.4,0.974,8,3.1,0.034,405.85,Clear,0,640,0,0.96,1.0,1.05
2026-09-08,CHI-HUB,Outbound,Morning,13,Tuesday,0,0,0,1404,1375,488,760,675,18,18,17,47,8,66.7,0.952,7,3.2,0.045,469.29,Clear,0,760,1,0.96,1.0,1.05
2026-09-08,CHI-HUB,Outbound,Evening,14,Tuesday,0,0,0,1172,1148,271,735,469,17,16,15,49,8,54.7,1.0,9,2.4,0.035,410.03,Clear,0,735,1,0.96,1.0,1.05
2026-09-08,CHI-HUB,Outbound,Evening,15,Tuesday,0,0,0,1329,1302,462,869,492,19,19,18,52,8,46.8,0.929,1,2.0,0.034,434.63,Clear,0,869,5,1.08,1.0,1.05
2026-09-08,CHI-HUB,Outbound,Evening,16,Tuesday,0,0,0,1393,1365,433,788,630,18,19,18,47,8,61.7,0.932,3,3.1,0.037,473.0,Clear,0,788,1,1.08,1.0,1.05
2026-09-08,CHI-HUB,Outbound,Evening,17,Tuesday,0,0,1,1888,1849,372,1110,822,26,25,24,47,8,58.5,0.985,5,3.5,0.044,616.69,Clear,0,1110,0,1.2,1.0,1.05
2026-09-08,CHI-HUB,Outbound,Evening,18,Tuesday,0,0,1,1762,1726,465,1152,647,27,25,25,49,8,49.4,0.941,10,2.2,0.014,613.46,Clear,0,1152,1,1.2,1.0,1.05
2026-09-08,CHI-HUB,Outbound,Evening,19,Tuesday,0,0,1,1626,1593,493,920,740,22,21,20,50,8,62.6,0.921,1,2.6,0.032,495.88,Clear,0,920,1,1.2,1.0,1.05
2026-09-08,CHI-HUB,Outbound,Evening,20,Tuesday,0,0,0,1491,1461,493,881,645,21,20,19,48,8,55.1,0.966,4,3.3,0.036,508.58,Storm,0,881,1,1.08,1.0,1.05
2026-09-08,CHI-HUB,Outbound,Evening,21,Tuesday,0,0,0,1107,1084,290,667,460,16,15,14,51,8,56.0,0.934,1,2.7,0.049,372.14,Clear,0,667,3,0.96,1.0,1.05
2026-09-08,CHI-HUB,Outbound,Night,22,Tuesday,0,0,0,1184,1160,364,677,538,16,16,15,49,8,62.8,0.922,1,2.3,0.045,381.86,Clear,0,677,0,0.96,1.0,1.05
2026-09-08,CHI-HUB,Outbound,Night,23,Tuesday,0,0,0,917,898,233,514,423,11,12,11,48,8,63.7,0.974,1,3.1,0.044,321.35,Clear,0,514,0,0.82,1.0,1.05
2026-09-08,DAL-HUB,Inbound,Morning,6,Tuesday,0,0,0,1165,1028,286,735,415,17,16,15,49,8,49.8,1.0,6,3.1,0.04,419.07,Clear,0,735,3,0.96,1.0,1.05
2026-09-08,DAL-HUB,Inbound,Morning,7,Tuesday,0,0,0,1387,1224,371,739,628,18,17,17,46,8,66.1,0.946,6,3.4,0.023,471.85,Rain,0,739,1,1.2,1.0,1.05
2026-09-08,DAL-HUB,Inbound,Morning,8,Tuesday,0,0,1,1630,1439,307,1001,590,24,23,22,46,8,49.4,0.99,0,2.3,0.043,522.18,Clear,0,1001,0,1.2,1.0,1.05
2026-09-08,DAL-HUB,Inbound,Morning,9,Tuesday,0,0,1,1623,1432,433,954,634,22,22,21,48,8,54.4,0.947,2,2.7,0.047,520.16,Clear,0,954,1,1.2,1.0,1.05
2026-09-08,DAL-HUB,Inbound,Morning,10,Tuesday,0,0,0,1311,1157,409,803,480,17,17,16,51,8,47.5,0.985,7,3.3,0.033,449.95,Clear,0,803,1,1.08,1.0,1.05
2026-09-08,DAL-HUB,Inbound,Morning,11,Tuesday,0,0,0,1241,1095,351,681,541,18,17,16,46,8,62.5,0.926,10,3.3,0.039,458.31,Clear,0,681,0,1.08,1.0,1.05
2026-09-08,DAL-HUB,Inbound,Morning,12,Tuesday,0,0,0,1149,1014,316,688,432,15,16,15,48,8,52.5,0.956,10,2.6,0.036,417.59,Clear,0,688,4,0.96,1.0,1.05
2026-09-08,DAL-HUB,Inbound,Morning,13,Tuesday,0,0,0,1186,1046,382,715,445,17,17,16,47,8,52.7,0.951,0,2.5,0.047,402.93,Clear,0,715,1,0.96,1.0,1.05
2026-09-08,DAL-HUB,Inbound,Evening,14,Tuesday,0,0,0,1139,1005,330,698,433,15,15,14,53,8,52.0,0.942,5,2.7,0.056,385.91,Rain,0,698,1,0.96,1.0,1.05
2026-09-08,DAL-HUB,Inbound,Evening,15,Tuesday,0,0,0,1294,1142,366,745,527,18,17,17,47,8,56.0,0.933,0,2.9,0.01,436.91,Rain,0,745,1,1.08,1.0,1.05
2026-09-08,DAL-HUB,Inbound,Evening,16,Tuesday,0,0,0,1144,1009,212,605,515,14,15,14,46,8,64.6,0.94,5,3.3,0.036,405.64,Storm,0,605,1,1.08,1.0,1.05
2026-09-08,DAL-HUB,Inbound,Evening,17,Tuesday,0,0,1,1649,1455,531,1048,561,24,24,23,49,8,46.3,0.931,1,1.4,0.03,520.01,Clear,0,1048,2,1.2,1.0,1.05
2026-09-08,DAL-HUB,Inbound,Evening,18,Tuesday,0,0,1,1511,1333,299,895,581,21,21,20,47,8,55.7,0.952,3,2.6,0.033,499.08,Clear,0,895,1,1.2,1.0,1.05
2026-09-08,DAL-HUB,Inbound,Evening,19,Tuesday,0,0,1,1649,1455,337,897,723,23,22,21,47,8,61.9,0.909,4,2.3,0.043,515.81,Clear,0,897,0,1.2,1.0,1.05
2026-09-08,DAL-HUB,Inbound,Evening,20,Tuesday,0,0,0,1335,1178,248,763,578,19,18,17,48,8,58.0,0.936,1,2.6,0.045,431.06,Clear,0,763,1,1.08,1.0,1.05
2026-09-08,DAL-HUB,Inbound,Evening,21,Tuesday,0,0,0,1235,1089,384,726,482,19,17,17,46,8,52.3,0.929,7,2.5,0.024,445.7,Clear,0,726,2,0.96,1.0,1.05
2026-09-08,DAL-HUB,Inbound,Night,22,Tuesday,0,0,0,1245,1098,285,779,428,19,17,17,49,8,48.2,0.935,7,1.9,0.029,429.08,Clear,0,779,2,0.96,1.0,1.05
2026-09-08,DAL-HUB,Inbound,Night,23,Tuesday,0,0,0,975,860,176,564,396,12,13,12,48,8,54.9,0.98,6,2.6,0.047,343.21,Clear,0,564,2,0.82,1.0,1.05
2026-09-08,DAL-HUB,Sortation,Morning,6,Tuesday,0,0,0,1180,1084,241,748,455,21,20,19,41,8,54.1,0.961,3,2.2,0.03,463.39,Clear,0,748,3,0.96,1.0,1.05
2026-09-08,DAL-HUB,Sortation,Morning,7,Tuesday,0,0,0,1357,1246,430,818,588,21,21,20,43,8,54.6,0.952,9,2.3,0.06,508.13,Clear,0,818,1,1.2,1.0,1.05
2026-09-08,DAL-HUB,Sortation,Morning,8,Tuesday,0,0,1,1585,1456,318,888,708,24,24,23,40,8,61.8,0.966,2,3.0,0.024,568.02,Clear,0,888,1,1.2,1.0,1.05
2026-09-08,DAL-HUB,Sortation,Morning,9,Tuesday,0,0,1,1621,1489,519,1057,591,27,26,25,43,8,51.6,0.983,8,2.9,0.048,624.09,Clear,0,1057,0,1.2,1.0,1.05
2026-09-08,DAL-HUB,Sortation,Morning,10,Tuesday,0,0,0,1431,1314,290,795,669,24,23,22,39,8,63.7,0.927,0,2.8,0.039,533.7,Clear,0,795,1,1.08,1.0,1.05
2026-09-08,DAL-HUB,Sortation,Morning,11,Tuesday,0,0,0,1210,1111,369,717,534,18,18,17,44,8,59.9,0.96,0,3.0,0.034,437.73,Clear,0,717,2,1.08,1.0,1.05
2026-09-08,DAL-HUB,Sortation,Morning,12,Tuesday,0,0,0,1226,1126,431,661,584,20,19,18,39,8,64.7,0.942,5,3.6,0.03,490.34,Clear,0,661,0,0.96,1.0,1.05
2026-09-08,DAL-HUB,Sortation,Morning,13,Tuesday,0,0,0,1127,1035,232,612,555,17,17,16,39,8,68.3,0.982,3,3.6,0.047,443.1,Clear,0,612,0,0.96,1.0,1.05
2026-09-08,DAL-HUB,Sortation,Evening,14,Tuesday,0,0,0,1225,1125,425,767,471,19,19,18,44,8,51.2,0.969,0,3.0,0.035,462.02,Storm,0,767,0,0.96,1.0,1.05
2026-09-08,DAL-HUB,Sortation,Evening,15,Tuesday,0,0,0,1433,1316,319,827,654,22,22,21,42,8,61.6,0.938,3,3.2,0.031,535.03,Clear,0,827,3,1.08,1.0,1.05
2026-09-08,DAL-HUB,Sortation,Evening,16,Tuesday,0,0,0,1380,1268,385,848,546,23,21,21,41,8,52.4,0.986,4,3.0,0.021,531.66,Clear,0,848,0,1.08,1.0,1.05
2026-09-08,DAL-HUB,Sortation,Evening,17,Tuesday,0,0,1,1664,1528,390,1012,677,27,25,24,44,8,56.1,0.958,0,2.4,0.031,569.43,Heavy Rain,0,1012,1,1.2,1.0,1.05
2026-09-08,DAL-HUB,Sortation,Evening,18,Tuesday,0,0,1,1655,1520,443,1118,560,29,29,28,42,8,46.1,0.951,10,1.5,0.046,650.4,Clear,0,1118,0,1.2,1.0,1.05
2026-09-08,DAL-HUB,Sortation,Evening,19,Tuesday,0,0,1,1780,1635,377,1223,616,28,27,27,49,8,46.3,0.925,2,1.6,0.01,610.41,Clear,0,1223,0,1.2,1.0,1.05
2026-09-08,DAL-HUB,Sortation,Evening,20,Tuesday,0,0,0,1422,1306,432,1020,427,24,23,22,48,8,40.9,0.966,8,1.8,0.044,531.14,Clear,0,1020,0,1.08,1.0,1.05
2026-09-08,DAL-HUB,Sortation,Evening,21,Tuesday,0,0,0,1152,1058,373,640,530,17,17,16,41,8,59.7,0.976,8,3.2,0.034,448.37,Clear,0,640,2,0.96,1.0,1.05
2026-09-08,DAL-HUB,Sortation,Night,22,Tuesday,0,0,0,1204,1106,420,850,384,20,20,19,46,8,41.8,0.973,8,1.7,0.037,465.82,Clear,0,850,4,0.96,1.0,1.05
2026-09-08,DAL-HUB,Sortation,Night,23,Tuesday,0,0,0,993,912,263,697,305,17,16,16,44,8,41.2,0.99,8,1.8,0.027,406.25,Clear,0,697,0,0.82,1.0,1.05
2026-09-08,DAL-HUB,Outbound,Morning,6,Tuesday,0,0,0,1027,1006,304,674,386,15,14,14,50,8,50.8,0.963,6,2.8,0.022,389.46,Clear,0,674,0,0.96,1.0,1.05
2026-09-08,DAL-HUB,Outbound,Morning,7,Tuesday,0,0,0,1359,1331,283,776,619,17,18,17,48,8,61.9,0.951,2,3.4,0.031,458.07,Clear,0,776,1,1.2,1.0,1.05
2026-09-08,DAL-HUB,Outbound,Morning,8,Tuesday,0,0,1,1570,1538,470,895,723,21,21,20,47,8,61.5,0.953,6,3.2,0.027,527.65,Clear,0,895,2,1.2,1.0,1.05
2026-09-08,DAL-HUB,Outbound,Morning,9,Tuesday,0,0,1,1451,1421,272,942,539,21,21,20,49,8,50.2,0.962,0,2.2,0.032,478.26,Clear,0,942,0,1.2,1.0,1.05
2026-09-08,DAL-HUB,Outbound,Morning,10,Tuesday,0,0,0,1254,1228,358,791,499,16,16,15,53,8,51.9,0.996,1,2.8,0.048,397.14,Clear,0,791,0,1.08,1.0,1.05
2026-09-08,DAL-HUB,Outbound,Morning,11,Tuesday,0,0,0,1234,1209,384,642,630,16,16,15,46,8,71.0,0.931,9,3.8,0.063,450.38,Clear,0,642,2,1.08,1.0,1.05
2026-09-08,DAL-HUB,Outbound,Morning,12,Tuesday,0,0,0,1075,1053,289,665,442,14,14,13,53,8,55.6,0.965,2,2.7,0.042,355.25,Clear,0,665,1,0.96,1.0,1.05
2026-09-08,DAL-HUB,Outbound,Morning,13,Tuesday,0,0,0,1056,1034,289,725,351,16,15,15,49,8,42.8,0.988,9,2.1,0.024,399.5,Clear,0,725,0,0.96,1.0,1.05
2026-09-08,DAL-HUB,Outbound,Evening,14,Tuesday,0,0,0,1093,1071,235,695,449,15,15,14,53,8,50.2,0.937,2,2.4,0.047,366.69,Clear,0,695,1,0.96,1.0,1.05
2026-09-08,DAL-HUB,Outbound,Evening,15,Tuesday,0,0,0,1165,1141,279,765,431,16,16,15,51,8,52.7,1.0,0,2.5,0.032,388.18,Storm,0,765,0,1.08,1.0,1.05
2026-09-08,DAL-HUB,Outbound,Evening,16,Tuesday,0,0,0,1242,1217,328,663,624,16,16,15,46,8,73.6,0.962,5,3.1,0.043,418.12,Clear,0,663,0,1.08,1.0,1.05
2026-09-08,DAL-HUB,Outbound,Evening,17,Tuesday,0,0,1,1483,1453,527,1020,511,21,20,20,51,8,45.3,1.0,0,2.2,0.02,478.85,Clear,0,1020,2,1.2,1.0,1.05
2026-09-08,DAL-HUB,Outbound,Evening,18,Tuesday,0,0,1,1588,1556,345,995,645,22,22,21,50,8,51.0,0.948,8,2.6,0.034,537.08,Clear,0,995,1,1.2,1.0,1.05
2026-09-08,DAL-HUB,Outbound,Evening,19,Tuesday,0,0,1,1397,1368,293,832,607,19,19,18,48,8,57.3,0.964,8,2.0,0.038,458.27,Clear,0,832,1,1.2,1.0,1.05
2026-09-08,DAL-HUB,Outbound,Evening,20,Tuesday,0,0,0,1191,1167,338,693,519,16,16,15,49,8,57.1,0.944,10,3.2,0.039,435.99,Clear,0,693,0,1.08,1.0,1.05
2026-09-08,DAL-HUB,Outbound,Evening,21,Tuesday,0,0,0,950,931,215,524,457,13,12,12,45,8,68.1,0.971,4,3.9,0.02,373.46,Clear,0,524,2,0.96,1.0,1.05
2026-09-08,DAL-HUB,Outbound,Night,22,Tuesday,0,0,0,1040,1019,215,601,457,15,14,14,43,8,60.1,0.999,7,3.6,0.012,415.32,Clear,0,601,2,0.96,1.0,1.05
2026-09-08,DAL-HUB,Outbound,Night,23,Tuesday,0,0,0,982,962,347,691,327,14,13,13,55,8,42.1,0.967,6,2.0,0.038,348.92,Heavy Rain,0,691,2,0.82,1.0,1.05
2026-09-09,ATL-HUB,Inbound,Morning,6,Wednesday,0,0,0,1440,1270,285,834,581,20,19,18,49,8,55.2,0.946,6,3.1,0.033,482.42,Clear,0,834,1,0.96,1.0,1.065
2026-09-09,ATL-HUB,Inbound,Morning,7,Wednesday,0,0,0,1896,1673,495,1055,795,27,26,26,44,8,59.2,0.923,5,3.0,0.014,640.46,Clear,0,1055,3,1.2,1.0,1.065
2026-09-09,ATL-HUB,Inbound,Morning,8,Wednesday,0,0,1,2160,1906,726,1239,896,30,28,27,48,8,57.7,0.956,2,2.4,0.027,642.8,Heavy Rain,0,1239,1,1.2,1.0,1.065
2026-09-09,ATL-HUB,Inbound,Morning,9,Wednesday,0,0,1,1925,1699,600,1025,868,26,24,24,45,8,65.0,0.949,0,3.5,0.017,599.98,Clear,0,1025,3,1.2,1.0,1.065
2026-09-09,ATL-HUB,Inbound,Morning,10,Wednesday,0,0,0,1576,1391,427,928,608,21,20,19,50,8,53.1,0.978,3,2.9,0.063,494.69,Storm,0,928,1,1.08,1.0,1.065
2026-09-09,ATL-HUB,Inbound,Morning,11,Wednesday,0,0,0,1751,1545,411,1021,691,26,25,24,46,8,55.4,0.926,10,2.6,0.028,603.71,Clear,0,1021,1,1.08,1.0,1.065
2026-09-09,ATL-HUB,Inbound,Morning,12,Wednesday,0,0,0,1406,1241,278,788,593,18,18,17,48,8,61.7,0.967,6,3.5,0.042,473.52,Clear,0,788,1,0.96,1.0,1.065
2026-09-09,ATL-HUB,Inbound,Morning,13,Wednesday,0,0,0,1486,1311,292,899,546,21,20,19,48,8,48.1,0.986,3,2.8,0.041,484.73,Clear,0,899,1,0.96,1.0,1.065
2026-09-09,ATL-HUB,Inbound,Evening,14,Wednesday,0,0,0,1633,1440,530,930,673,22,21,20,47,8,56.7,0.99,6,3.1,0.026,524.82,Clear,0,930,2,0.96,1.0,1.065
2026-09-09,ATL-HUB,Inbound,Evening,15,Wednesday,0,0,0,1501,1324,456,846,628,19,19,18,47,8,57.5,1.0,0,3.0,0.033,461.5,Clear,0,846,2,1.08,1.0,1.065
2026-09-09,ATL-HUB,Inbound,Evening,16,Wednesday,0,0,0,1649,1455,330,1028,597,24,23,22,49,8,52.6,0.954,7,2.1,0.044,539.31,Clear,0,1028,0,1.08,1.0,1.065
2026-09-09,ATL-HUB,Inbound,Evening,17,Wednesday,0,0,1,2188,1931,528,1314,837,31,30,29,49,8,52.0,0.925,2,2.3,0.038,674.93,Clear,0,1314,1,1.2,1.0,1.065
2026-09-09,ATL-HUB,Inbound,Evening,18,Wednesday,0,0,1,2024,1786,368,1334,649,30,29,28,50,8,45.3,0.953,4,1.6,0.02,639.33,Clear,0,1334,1,1.2,1.0,1.065
2026-09-09,ATL-HUB,Inbound,Evening,19,Wednesday,0,0,1,2015,1778,603,1124,858,27,27,26,44,8,59.2,0.983,4,2.9,0.027,636.57,Clear,0,1124,1,1.2,1.0,1.065
2026-09-09,ATL-HUB,Inbound,Evening,20,Wednesday,0,0,0,1762,1555,537,1005,716,26,24,23,46,8,56.6,0.95,8,3.1,0.047,593.87,Rain,0,1005,2,1.08,1.0,1.065
2026-09-09,ATL-HUB,Inbound,Evening,21,Wednesday,0,0,0,1483,1308,450,989,481,21,20,20,50,8,42.6,0.99,8,2.0,0.014,497.77,Clear,0,989,1,0.96,1.0,1.065
2026-09-09,ATL-HUB,Inbound,Night,22,Wednesday,0,0,0,1541,1359,474,827,680,21,20,19,46,8,66.8,0.946,2,3.6,0.037,504.9,Clear,0,827,1,0.96,1.0,1.065
2026-09-09,ATL-HUB,Inbound,Night,23,Wednesday,0,0,0,1188,1048,393,717,443,16,15,15,49,8,50.8,0.976,9,3.1,0.028,429.07,Clear,0,717,1,0.82,1.0,1.065
2026-09-09,ATL-HUB,Sortation,Morning,6,Wednesday,0,0,0,1602,1471,537,825,806,24,24,23,37,8,71.1,0.97,4,4.3,0.047,611.13,Clear,0,825,0,0.96,1.0,1.065
2026-09-09,ATL-HUB,Sortation,Morning,7,Wednesday,0,0,0,1926,1769,444,1269,709,32,30,29,45,8,50.2,0.973,8,2.6,0.032,699.29,Clear,0,1269,1,1.2,1.0,1.065
2026-09-09,ATL-HUB,Sortation,Morning,8,Wednesday,0,0,1,2183,2005,401,1369,869,36,36,35,41,8,52.0,0.954,7,2.8,0.02,823.4,Clear,0,1369,1,1.2,1.0,1.065
2026-09-09,ATL-HUB,Sortation,Morning,9,Wednesday,0,0,1,2179,2001,734,1307,910,38,35,34,42,8,59.2,0.916,8,2.8,0.04,809.43,Rain,0,1307,1,1.2,1.0,1.065
2026-09-09,ATL-HUB,Sortation,Morning,10,Wednesday,0,0,0,1612,1480,414,981,639,25,25,24,44,8,53.3,0.929,6,2.3,0.031,581.21,Clear,0,981,0,1.08,1.0,1.065
2026-09-09,ATL-HUB,Sortation,Morning,11,Wednesday,0,0,0,1820,1672,500,1247,621,31,30,29,43,8,45.9,1.0,1,2.4,0.039,669.34,Clear,0,1247,2,1.08,1.0,1.065
2026-09-09,ATL-HUB,Sortation,Morning,12,Wednesday,0,0,0,1578,1449,383,862,770,24,23,22,41,8,67.9,0.956,1,3.3,0.029,553.6,Clear,0,862,3,0.96,1.0,1.065
2026-09-09,ATL-HUB,Sortation,Morning,13,Wednesday,0,0,0,1537,1412,537,931,650,25,24,23,42,8,57.3,0.965,10,2.7,0.032,587.73,Heavy Rain,0,931,1,0.96,1.0,1.065
2026-09-09,ATL-HUB,Sortation,Evening,14,Wednesday,0,0,0,1540,1414,322,912,657,23,23,22,45,8,57.6,0.922,5,2.7,0.03,548.9,Clear,0,912,0,0.96,1.0,1.065
2026-09-09,ATL-HUB,Sortation,Evening,15,Wednesday,0,0,0,1650,1515,332,1013,675,27,26,25,41,8,54.2,0.988,8,2.4,0.043,610.61,Clear,0,1013,1,1.08,1.0,1.065
2026-09-09,ATL-HUB,Sortation,Evening,16,Wednesday,0,0,0,1787,1641,510,1183,669,29,28,27,45,8,47.3,0.974,9,2.4,0.031,655.33,Clear,0,1183,0,1.08,1.0,1.065
2026-09-09,ATL-HUB,Sortation,Evening,17,Wednesday,0,0,1,2265,2080,564,1366,962,36,35,34,42,8,56.3,0.957,8,2.7,0.026,805.82,Clear,0,1366,0,1.2,1.0,1.065
2026-09-09,ATL-HUB,Sortation,Evening,18,Wednesday,0,0,1,2035,1869,476,1390,684,35,35,34,44,8,45.8,0.929,0,1.0,0.037,728.39,Clear,0,1390,1,1.2,1.0,1.065
2026-09-09,ATL-HUB,Sortation,Evening,19,Wednesday,0,0,1,2009,1845,703,1305,751,31,30,29,45,8,46.8,1.0,1,2.3,0.028,670.0,Clear,0,1305,2,1.2,1.0,1.065
2026-09-09,ATL-HUB,Sortation,Evening,20,Wednesday,0,0,0,1725,1584,551,1026,737,29,26,26,41,8,57.4,0.963,5,3.0,0.013,638.7,Clear,0,1026,1,1.08,1.0,1.065
2026-09-09,ATL-HUB,Sortation,Evening,21,Wednesday,0,0,0,1597,1467,485,1041,578,28,27,26,41,8,49.4,0.977,6,2.2,0.02,617.14,Clear,0,1041,1,0.96,1.0,1.065
2026-09-09,ATL-HUB,Sortation,Night,22,Wednesday,0,0,0,1563,1435,475,969,634,28,26,25,41,8,53.3,0.946,8,2.1,0.04,600.61,Clear,0,969,0,0.96,1.0,1.065
2026-09-09,ATL-HUB,Sortation,Night,23,Wednesday,0,0,0,1335,1226,370,850,521,22,22,21,43,8,51.6,0.942,3,2.5,0.027,516.58,Heavy Rain,0,850,0,0.82,1.0,1.065
2026-09-09,ATL-HUB,Outbound,Morning,6,Wednesday,0,0,0,1424,1395,300,856,602,19,19,18,50,8,57.5,0.951,7,2.9,0.04,486.01,Storm,0,856,1,0.96,1.0,1.065
2026-09-09,ATL-HUB,Outbound,Morning,7,Wednesday,0,0,0,1625,1592,378,1034,635,22,22,21,51,8,50.9,0.966,1,2.7,0.036,518.16,Clear,0,1034,0,1.2,1.0,1.065
2026-09-09,ATL-HUB,Outbound,Morning,8,Wednesday,0,0,1,1939,1899,691,1119,859,28,26,25,48,8,57.7,0.933,3,3.0,0.028,616.72,Clear,0,1119,1,1.2,1.0,1.065
2026-09-09,ATL-HUB,Outbound,Morning,9,Wednesday,0,0,1,1976,1936,453,1147,875,28,26,26,48,8,58.9,0.92,4,3.3,0.01,648.51,Clear,0,1147,2,1.2,1.0,1.065
2026-09-09,ATL-HUB,Outbound,Morning,10,Wednesday,0,0,0,1604,1571,548,1040,598,24,23,22,48,8,50.0,0.985,6,2.6,0.031,550.47,Clear,0,1040,2,1.08,1.0,1.065
2026-09-09,ATL-HUB,Outbound,Morning,11,Wednesday,0,0,0,1672,1638,513,969,749,23,22,21,47,8,58.2,0.982,7,3.4,0.029,557.83,Clear,0,969,1,1.08,1.0,1.065
2026-09-09,ATL-HUB,Outbound,Morning,12,Wednesday,0,0,0,1416,1387,369,885,567,21,20,19,47,8,53.9,0.991,4,2.6,0.039,482.11,Clear,0,885,3,0.96,1.0,1.065
2026-09-09,ATL-HUB,Outbound,Morning,13,Wednesday,0,0,0,1374,1346,289,718,704,17,17,16,48,8,73.3,0.935,0,3.4,0.033,432.45,Clear,0,718,0,0.96,1.0,1.065
2026-09-09,ATL-HUB,Outbound,Evening,14,Wednesday,0,0,0,1332,1305,437,780,589,18,18,17,47,8,61.7,0.977,0,3.8,0.041,462.38,Clear,0,780,0,0.96,1.0,1.065
2026-09-09,ATL-HUB,Outbound,Evening,15,Wednesday,0,0,0,1462,1432,520,870,618,19,19,18,50,8,56.9,0.967,3,2.6,0.042,460.26,Clear,0,870,0,1.08,1.0,1.065
2026-09-09,ATL-HUB,Outbound,Evening,16,Wednesday,0,0,0,1469,1439,282,856,635,20,20,19,47,8,59.9,0.959,4,3.0,0.04,499.68,Storm,0,856,1,1.08,1.0,1.065
2026-09-09,ATL-HUB,Outbound,Evening,17,Wednesday,0,0,1,1817,1780,603,1059,804,26,26,25,47,8,57.3,0.901,7,1.9,0.029,596.49,Clear,0,1059,0,1.2,1.0,1.065
2026-09-09,ATL-HUB,Outbound,Evening,18,Wednesday,0,0,1,2005,1964,604,1226,819,29,28,27,47,8,54.6,0.966,6,2.3,0.032,646.93,Clear,0,1226,1,1.2,1.0,1.065
2026-09-09,ATL-HUB,Outbound,Evening,19,Wednesday,0,0,1,1917,1878,558,1175,785,27,26,25,50,8,53.7,0.94,4,2.4,0.049,602.73,Clear,0,1175,1,1.2,1.0,1.065
2026-09-09,ATL-HUB,Outbound,Evening,20,Wednesday,0,0,0,1611,1578,497,948,695,22,22,21,47,8,58.9,0.961,0,3.4,0.056,534.29,Clear,0,948,1,1.08,1.0,1.065
2026-09-09,ATL-HUB,Outbound,Evening,21,Wednesday,0,0,0,1408,1379,299,864,575,20,19,18,48,8,55.6,1.0,8,2.3,0.053,466.87,Clear,0,864,1,0.96,1.0,1.065
2026-09-09,ATL-HUB,Outbound,Night,22,Wednesday,0,0,0,1358,1330,458,743,653,19,18,17,46,8,69.1,0.95,1,3.7,0.05,463.25,Clear,0,743,0,0.96,1.0,1.065
2026-09-09,ATL-HUB,Outbound,Night,23,Wednesday,0,0,0,1191,1167,284,726,500,17,16,16,46,8,56.3,0.987,1,2.3,0.027,401.49,Clear,0,726,0,0.82,1.0,1.065
2026-09-09,CHI-HUB,Inbound,Morning,6,Wednesday,0,0,0,1380,1217,436,848,514,19,19,18,48,8,51.5,0.982,4,2.2,0.042,449.75,Clear,0,848,0,0.96,1.0,1.065
2026-09-09,CHI-HUB,Inbound,Morning,7,Wednesday,0,0,0,1567,1383,457,998,553,22,22,21,50,8,46.6,0.951,8,2.3,0.028,527.17,Clear,0,998,1,1.2,1.0,1.065
2026-09-09,CHI-HUB,Inbound,Morning,8,Wednesday,0,0,1,1919,1693,620,1075,810,25,24,23,48,8,56.5,0.974,3,3.1,0.032,578.78,Clear,0,1075,2,1.2,1.0,1.065
2026-09-09,CHI-HUB,Inbound,Morning,9,Wednesday,0,0,1,1892,1669,633,1119,744,26,25,24,48,8,52.2,0.972,3,3.4,0.041,606.19,Clear,0,1119,0,1.2,1.0,1.065
2026-09-09,CHI-HUB,Inbound,Morning,10,Wednesday,0,0,0,1552,1369,343,824,676,21,20,19,47,8,64.7,0.924,0,3.2,0.033,487.5,Clear,0,824,3,1.08,1.0,1.065
2026-09-09,CHI-HUB,Inbound,Morning,11,Wednesday,0,0,0,1430,1261,361,817,598,21,20,19,43,8,59.3,1.0,1,3.2,0.035,488.54,Clear,0,817,2,1.08,1.0,1.065
2026-09-09,CHI-HUB,Inbound,Morning,12,Wednesday,0,0,0,1351,1192,300,763,557,20,18,18,43,8,60.1,0.987,6,2.8,0.026,472.45,Clear,0,763,1,0.96,1.0,1.065
2026-09-09,CHI-HUB,Inbound,Morning,13,Wednesday,0,0,0,1286,1134,283,796,473,19,17,17,48,8,52.4,0.976,2,2.4,0.029,427.8,Clear,0,796,2,0.96,1.0,1.065
2026-09-09,CHI-HUB,Inbound,Evening,14,Wednesday,0,0,0,1341,1183,390,740,575,20,18,18,42,8,58.8,0.98,2,2.5,0.027,451.07,Clear,0,740,1,0.96,1.0,1.065
2026-09-09,CHI-HUB,Inbound,Evening,15,Wednesday,0,0,0,1527,1348,463,951,552,22,21,21,46,8,49.9,0.985,6,2.8,0.023,534.06,Clear,0,951,1,1.08,1.0,1.065
2026-09-09,CHI-HUB,Inbound,Evening,16,Wednesday,0,0,0,1578,1393,366,990,554,22,23,22,47,8,50.5,0.958,1,2.5,0.04,530.06,Clear,0,990,0,1.08,1.0,1.065
2026-09-09,CHI-HUB,Inbound,Evening,17,Wednesday,0,0,1,1931,1704,515,1200,708,27,27,26,48,8,50.2,0.962,1,2.5,0.03,621.11,Storm,0,1200,0,1.2,1.0,1.065
2026-09-09,CHI-HUB,Inbound,Evening,18,Wednesday,0,0,1,1976,1744,590,1081,860,27,27,26,42,8,60.2,0.99,7,3.6,0.043,669.27,Heavy Rain,0,1081,1,1.2,1.0,1.065
2026-09-09,CHI-HUB,Inbound,Evening,19,Wednesday,0,0,1,1926,1700,449,1109,755,25,24,24,47,8,54.1,0.983,9,2.9,0.019,612.0,Clear,0,1109,1,1.2,1.0,1.065
2026-09-09,CHI-HUB,Inbound,Evening,20,Wednesday,0,0,0,1488,1313,312,891,592,22,21,20,47,8,54.2,0.948,3,2.7,0.053,501.46,Clear,0,891,0,1.08,1.0,1.065
2026-09-09,CHI-HUB,Inbound,Evening,21,Wednesday,0,0,0,1448,1278,461,863,567,21,20,19,48,8,58.7,0.947,0,3.1,0.03,482.86,Clear,0,863,0,0.96,1.0,1.065
2026-09-09,CHI-HUB,Inbound,Night,22,Wednesday,0,0,0,1453,1282,371,934,486,20,21,20,50,8,48.9,0.935,10,2.3,0.05,513.59,Rain,0,934,0,0.96,1.0,1.065
2026-09-09,CHI-HUB,Inbound,Night,23,Wednesday,0,0,0,1076,949,356,673,379,16,15,15,46,8,49.9,0.976,6,2.6,0.012,403.49,Clear,0,673,3,0.82,1.0,1.065
2026-09-09,CHI-HUB,Sortation,Morning,6,Wednesday,0,0,0,1512,1388,410,953,582,25,23,23,42,8,52.5,0.987,7,3.0,0.01,582.67,Clear,0,953,1,0.96,1.0,1.065
2026-09-09,CHI-HUB,Sortation,Morning,7,Wednesday,0,0,0,1807,1659,606,1112,738,30,29,28,42,8,54.0,0.946,7,2.8,0.019,679.99,Clear,0,1112,0,1.2,1.0,1.065
2026-09-09,CHI-HUB,Sortation,Morning,8,Wednesday,0,0,1,1884,1730,497,1133,803,31,28,28,42,8,56.9,0.964,5,2.7,0.01,672.21,Clear,0,1133,1,1.2,1.0,1.065
2026-09-09,CHI-HUB,Sortation,Morning,9,Wednesday,0,0,1,2021,1856,559,1280,790,35,34,33,40,8,52.2,0.97,8,3.1,0.02,793.03,Clear,0,1280,2,1.2,1.0,1.065
2026-09-09,CHI-HUB,Sortation,Morning,10,Wednesday,0,0,0,1466,1346,488,849,654,22,22,21,41,8,61.7,0.986,6,3.1,0.04,542.43,Clear,0,849,3,1.08,1.0,1.065
2026-09-09,CHI-HUB,Sortation,Morning,11,Wednesday,0,0,0,1649,1514,511,908,786,26,24,24,40,8,63.4,0.946,1,3.4,0.01,600.33,Heavy Rain,0,908,1,1.08,1.0,1.065
2026-09-09,CHI-HUB,Sortation,Morning,12,Wednesday,0,0,0,1355,1244,315,706,694,19,19,18,41,8,69.8,0.957,9,4.1,0.037,519.49,Clear,0,706,2,0.96,1.0,1.065
2026-09-09,CHI-HUB,Sortation,Morning,13,Wednesday,0,0,0,1537,1412,375,943,639,25,24,23,41,8,56.9,1.0,10,2.9,0.027,589.94,Clear,0,943,1,0.96,1.0,1.065
2026-09-09,CHI-HUB,Sortation,Evening,14,Wednesday,0,0,0,1353,1242,347,788,604,23,21,21,40,8,60.1,0.938,3,2.9,0.023,525.16,Clear,0,788,0,0.96,1.0,1.065
2026-09-09,CHI-HUB,Sortation,Evening,15,Wednesday,0,0,0,1757,1613,623,1092,712,27,27,26,42,8,51.3,1.0,10,3.3,0.046,667.55,Heavy Rain,0,1092,0,1.08,1.0,1.065
2026-09-09,CHI-HUB,Sortation,Evening,16,Wednesday,0,0,0,1559,1431,423,1027,559,27,26,25,44,8,47.9,0.934,5,1.8,0.027,582.54,Clear,0,1027,0,1.08,1.0,1.065
2026-09-09,CHI-HUB,Sortation,Evening,17,Wednesday,0,0,1,1761,1617,472,1287,528,30,29,28,48,8,39.1,0.958,10,1.5,0.028,652.35,Clear,0,1287,0,1.2,1.0,1.065
2026-09-09,CHI-HUB,Sortation,Evening,18,Wednesday,0,0,1,2014,1850,473,1138,926,34,34,33,35,8,62.6,0.985,6,3.5,0.035,797.71,Clear,0,1138,2,1.2,1.0,1.065
2026-09-09,CHI-HUB,Sortation,Evening,19,Wednesday,0,0,1,1944,1785,517,1154,823,31,30,29,41,8,58.6,0.971,4,2.5,0.028,684.01,Clear,0,1154,3,1.2,1.0,1.065
2026-09-09,CHI-HUB,Sortation,Evening,20,Wednesday,0,0,0,1612,1480,436,1036,623,25,25,24,44,8,49.3,0.982,1,3.1,0.023,587.61,Clear,0,1036,4,1.08,1.0,1.065
2026-09-09,CHI-HUB,Sortation,Evening,21,Wednesday,0,0,0,1425,1309,428,772,702,21,20,19,43,8,68.7,0.945,2,3.3,0.049,495.49,Clear,0,772,2,0.96,1.0,1.065
2026-09-09,CHI-HUB,Sortation,Night,22,Wednesday,0,0,0,1500,1377,366,1102,421,25,25,24,46,8,40.1,0.999,8,1.5,0.031,563.16,Clear,0,1102,1,0.96,1.0,1.065
2026-09-09,CHI-HUB,Sortation,Night,23,Wednesday,0,0,0,1127,1035,269,608,533,17,17,16,38,8,67.3,1.0,1,3.6,0.039,436.7,Clear,0,608,0,0.82,1.0,1.065
2026-09-09,CHI-HUB,Outbound,Morning,6,Wednesday,0,0,0,1233,1208,248,786,473,18,18,17,48,8,49.6,0.964,1,2.8,0.036,435.76,Clear,0,786,1,0.96,1.0,1.065
2026-09-09,CHI-HUB,Outbound,Morning,7,Wednesday,0,0,0,1715,1680,439,980,759,26,24,23,46,8,58.0,0.927,2,3.1,0.049,573.22,Clear,0,980,1,1.2,1.0,1.065
2026-09-09,CHI-HUB,Outbound,Morning,8,Wednesday,0,0,1,1696,1661,436,1121,616,24,23,22,52,8,48.9,0.98,6,2.6,0.056,552.16,Clear,0,1121,1,1.2,1.0,1.065
2026-09-09,CHI-HUB,Outbound,Morning,9,Wednesday,0,0,1,1706,1671,376,1088,661,23,23,22,52,8,51.5,0.952,0,2.5,0.029,530.34,Clear,0,1088,0,1.2,1.0,1.065
2026-09-09,CHI-HUB,Outbound,Morning,10,Wednesday,0,0,0,1299,1272,460,821,510,20,18,18,48,8,50.8,0.951,0,2.7,0.024,450.47,Clear,0,821,0,1.08,1.0,1.065
2026-09-09,CHI-HUB,Outbound,Morning,11,Wednesday,0,0,0,1383,1355,421,958,448,21,20,20,48,8,44.4,0.999,1,1.9,0.022,471.82,Clear,0,958,1,1.08,1.0,1.065
2026-09-09,CHI-HUB,Outbound,Morning,12,Wednesday,0,0,0,1281,1255,265,804,500,18,18,17,50,8,55.0,0.947,7,2.4,0.034,444.64,Clear,0,804,1,0.96,1.0,1.065
2026-09-09,CHI-HUB,Outbound,Morning,13,Wednesday,0,0,0,1344,1317,355,904,466,18,18,18,51,8,46.3,0.985,1,1.6,0.017,423.7,Clear,0,904,0,0.96,1.0,1.065
2026-09-09,CHI-HUB,Outbound,Evening,14,Wednesday,0,0,0,1234,1209,438,682,575,16,16,15,47,8,67.2,0.968,0,3.6,0.048,415.98,Clear,0,682,1,0.96,1.0,1.065
2026-09-09,CHI-HUB,Outbound,Evening,15,Wednesday,0,0,0,1549,1517,296,992,598,21,20,19,55,8,54.9,0.95,1,2.5,0.032,472.16,Clear,0,992,1,1.08,1.0,1.065
2026-09-09,CHI-HUB,Outbound,Evening,16,Wednesday,0,0,0,1269,1243,292,829,455,18,17,17,50,8,50.5,0.975,4,2.5,0.029,437.61,Clear,0,829,0,1.08,1.0,1.065
2026-09-09,CHI-HUB,Outbound,Evening,17,Wednesday,0,0,1,1797,1760,596,1082,761,27,25,24,48,8,53.9,0.939,3,2.7,0.04,590.17,Heavy Rain,0,1082,0,1.2,1.0,1.065
2026-09-09,CHI-HUB,Outbound,Evening,18,Wednesday,0,0,1,1874,1836,539,1185,732,27,26,25,50,8,51.3,0.948,4,2.3,0.056,599.13,Clear,0,1185,2,1.2,1.0,1.065
2026-09-09,CHI-HUB,Outbound,Evening,19,Wednesday,0,0,1,1891,1852,538,1249,694,28,26,25,52,8,48.9,0.961,5,2.2,0.032,604.01,Heavy Rain,0,1249,0,1.2,1.0,1.065
2026-09-09,CHI-HUB,Outbound,Evening,20,Wednesday,0,0,0,1363,1335,452,889,525,20,19,19,49,8,51.2,0.955,4,1.7,0.02,455.94,Clear,0,889,2,1.08,1.0,1.065
2026-09-09,CHI-HUB,Outbound,Evening,21,Wednesday,0,0,0,1451,1421,511,860,615,21,19,19,47,8,59.4,0.963,9,2.8,0.017,504.36,Clear,0,860,0,0.96,1.0,1.065
2026-09-09,CHI-HUB,Outbound,Night,22,Wednesday,0,0,0,1257,1231,301,724,567,16,16,15,49,8,62.5,0.986,10,3.6,0.04,448.39,Clear,0,724,2,0.96,1.0,1.065
2026-09-09,CHI-HUB,Outbound,Night,23,Wednesday,0,0,0,1082,1060,382,733,389,17,15,15,50,8,47.3,0.979,10,2.4,0.015,411.59,Clear,0,733,0,0.82,1.0,1.065
2026-09-09,DAL-HUB,Inbound,Morning,6,Wednesday,0,0,0,1068,943,321,621,418,14,15,14,46,8,54.2,0.966,8,3.1,0.046,404.26,Clear,0,621,3,0.96,1.0,1.065
2026-09-09,DAL-HUB,Inbound,Morning,7,Wednesday,0,0,0,1488,1313,466,912,529,21,20,19,49,8,51.6,0.98,8,2.7,0.027,503.21,Storm,0,912,0,1.2,1.0,1.065
2026-09-09,DAL-HUB,Inbound,Morning,8,Wednesday,0,0,1,1796,1584,441,1090,670,26,24,24,48,8,52.6,0.947,7,2.3,0.019,586.5,Clear,0,1090,0,1.2,1.0,1.065
2026-09-09,DAL-HUB,Inbound,Morning,9,Wednesday,0,0,1,1633,1440,333,966,636,24,22,22,47,8,56.3,0.935,2,2.2,0.015,525.82,Clear,0,966,1,1.2,1.0,1.065
2026-09-09,DAL-HUB,Inbound,Morning,10,Wednesday,0,0,0,1297,1144,391,772,512,20,18,18,48,8,54.8,0.894,1,2.1,0.027,435.9,Clear,0,772,0,1.08,1.0,1.065
2026-09-09,DAL-HUB,Inbound,Morning,11,Wednesday,0,0,0,1309,1155,381,685,590,17,17,16,46,8,66.1,0.931,2,2.7,0.048,417.11,Clear,0,685,3,1.08,1.0,1.065
2026-09-09,DAL-HUB,Inbound,Morning,12,Wednesday,0,0,0,1168,1031,322,661,495,16,16,15,47,8,57.5,0.939,5,3.2,0.046,418.73,Clear,0,661,0,0.96,1.0,1.065
2026-09-09,DAL-HUB,Inbound,Morning,13,Wednesday,0,0,0,1163,1026,258,665,480,16,15,14,48,8,54.7,0.991,10,3.2,0.037,415.14,Clear,0,665,1,0.96,1.0,1.065
2026-09-09,DAL-HUB,Inbound,Evening,14,Wednesday,0,0,0,1134,1000,274,643,475,15,15,14,47,8,59.7,0.979,5,2.6,0.037,381.82,Clear,0,643,0,0.96,1.0,1.065
2026-09-09,DAL-HUB,Inbound,Evening,15,Wednesday,0,0,0,1417,1251,318,805,586,19,19,18,48,8,58.2,0.933,7,2.9,0.04,479.62,Clear,0,805,2,1.08,1.0,1.065
2026-09-09,DAL-HUB,Inbound,Evening,16,Wednesday,0,0,0,1208,1066,361,769,439,17,16,16,52,8,49.1,0.925,3,1.9,0.013,396.13,Clear,0,769,1,1.08,1.0,1.065
2026-09-09,DAL-HUB,Inbound,Evening,17,Wednesday,0,0,1,1796,1584,406,1078,682,25,25,24,47,8,53.2,0.956,3,2.7,0.053,584.9,Clear,0,1078,1,1.2,1.0,1.065
2026-09-09,DAL-HUB,Inbound,Evening,18,Wednesday,0,0,1,1587,1400,296,917,638,21,20,20,47,8,54.5,0.976,1,3.0,0.023,505.21,Clear,0,917,0,1.2,1.0,1.065
2026-09-09,DAL-HUB,Inbound,Evening,19,Wednesday,0,0,1,1553,1370,479,900,624,22,21,20,45,8,54.7,1.0,3,3.5,0.055,525.01,Clear,0,900,1,1.2,1.0,1.065
2026-09-09,DAL-HUB,Inbound,Evening,20,Wednesday,0,0,0,1295,1143,285,728,539,17,17,16,48,8,62.6,0.949,2,2.8,0.031,419.66,Clear,0,728,1,1.08,1.0,1.065
2026-09-09,DAL-HUB,Inbound,Evening,21,Wednesday,0,0,0,1159,1023,244,640,502,15,15,14,48,8,61.2,0.953,0,3.3,0.038,388.32,Heavy Rain,0,640,1,0.96,1.0,1.065
2026-09-09,DAL-HUB,Inbound,Night,22,Wednesday,0,0,0,1159,1023,257,788,370,17,16,16,50,8,42.7,0.986,8,1.9,0.024,411.27,Clear,0,788,0,0.96,1.0,1.065
2026-09-09,DAL-HUB,Inbound,Night,23,Wednesday,0,0,0,1021,900,216,601,401,14,14,13,49,8,54.8,0.945,4,2.5,0.037,354.32,Clear,0,601,0,0.82,1.0,1.065
2026-09-09,DAL-HUB,Sortation,Morning,6,Wednesday,0,0,0,1127,1035,270,699,455,18,18,17,42,8,55.1,0.98,5,2.9,0.048,449.42,Clear,0,699,0,0.96,1.0,1.065
2026-09-09,DAL-HUB,Sortation,Morning,7,Wednesday,0,0,0,1472,1352,423,878,631,23,23,22,42,8,54.0,0.951,7,3.0,0.041,562.45,Clear,0,878,4,1.2,1.0,1.065
2026-09-09,DAL-HUB,Sortation,Morning,8,Wednesday,0,0,1,1784,1638,346,1000,832,31,29,28,37,8,62.5,0.965,3,3.7,0.028,691.98,Clear,0,1000,1,1.2,1.0,1.065
2026-09-09,DAL-HUB,Sortation,Morning,9,Wednesday,0,0,1,1861,1709,556,1203,705,31,31,29,42,8,49.1,0.988,8,2.7,0.049,700.88,Clear,0,1203,2,1.2,1.0,1.065
2026-09-09,DAL-HUB,Sortation,Morning,10,Wednesday,0,0,0,1396,1282,393,816,626,21,21,20,43,8,60.1,0.95,10,2.8,0.034,526.05,Clear,0,816,1,1.08,1.0,1.065
2026-09-09,DAL-HUB,Sortation,Morning,11,Wednesday,0,0,0,1257,1154,272,695,575,18,18,18,40,8,65.0,0.967,6,3.4,0.027,488.49,Clear,0,695,0,1.08,1.0,1.065
2026-09-09,DAL-HUB,Sortation,Morning,12,Wednesday,0,0,0,1127,1035,238,716,451,19,19,18,41,8,52.9,0.971,1,2.8,0.034,453.32,Clear,0,716,1,0.96,1.0,1.065
2026-09-09,DAL-HUB,Sortation,Morning,13,Wednesday,0,0,0,1217,1117,421,792,443,19,19,18,44,8,48.2,1.0,7,2.5,0.045,467.1,Rain,0,792,3,0.96,1.0,1.065
2026-09-09,DAL-HUB,Sortation,Evening,14,Wednesday,0,0,0,1253,1151,404,741,553,20,20,19,39,8,58.6,1.0,7,3.5,0.03,516.68,Heavy Rain,0,741,0,0.96,1.0,1.065
2026-09-09,DAL-HUB,Sortation,Evening,15,Wednesday,0,0,0,1275,1171,291,761,540,21,20,19,41,8,58.7,0.977,5,2.6,0.038,482.74,Clear,0,761,1,1.08,1.0,1.065
2026-09-09,DAL-HUB,Sortation,Evening,16,Wednesday,0,0,0,1432,1315,365,976,485,24,24,23,43,8,42.5,0.988,1,2.2,0.044,544.88,Storm,0,976,2,1.08,1.0,1.065
2026-09-09,DAL-HUB,Sortation,Evening,17,Wednesday,0,0,1,1687,1549,341,1177,567,28,28,27,45,8,43.8,0.969,2,2.1,0.024,622.7,Clear,0,1177,0,1.2,1.0,1.065
2026-09-09,DAL-HUB,Sortation,Evening,18,Wednesday,0,0,1,1862,1710,413,1255,662,31,31,30,44,8,48.7,0.951,9,2.0,0.046,704.0,Clear,0,1255,0,1.2,1.0,1.065
2026-09-09,DAL-HUB,Sortation,Evening,19,Wednesday,0,0,1,1717,1577,583,995,736,27,26,25,42,8,59.0,0.948,9,3.1,0.05,634.65,Clear,0,995,0,1.2,1.0,1.065
2026-09-09,DAL-HUB,Sortation,Evening,20,Wednesday,0,0,0,1362,1251,413,863,538,21,21,20,46,8,54.6,0.939,1,2.7,0.036,493.82,Clear,0,863,2,1.08,1.0,1.065
2026-09-09,DAL-HUB,Sortation,Evening,21,Wednesday,0,0,0,1325,1217,431,831,525,21,21,20,43,8,52.3,0.966,1,2.3,0.032,481.95,Clear,0,831,1,0.96,1.0,1.065
2026-09-09,DAL-HUB,Sortation,Night,22,Wednesday,0,0,0,1174,1078,331,712,509,19,18,18,43,8,56.0,0.921,3,2.3,0.022,446.56,Clear,0,712,2,0.96,1.0,1.065
2026-09-09,DAL-HUB,Sortation,Night,23,Wednesday,0,0,0,1046,961,221,678,388,16,17,16,45,8,47.7,0.942,4,2.3,0.037,408.42,Clear,0,678,1,0.82,1.0,1.065
2026-09-09,DAL-HUB,Outbound,Morning,6,Wednesday,0,0,0,1016,995,359,635,400,14,14,13,51,8,53.7,0.959,9,2.6,0.039,376.01,Heavy Rain,0,635,0,0.96,1.0,1.065
2026-09-09,DAL-HUB,Outbound,Morning,7,Wednesday,0,0,0,1513,1482,450,849,689,20,19,18,50,8,66.6,0.943,6,3.5,0.049,495.99,Clear,0,849,3,1.2,1.0,1.065
2026-09-09,DAL-HUB,Outbound,Morning,8,Wednesday,0,0,1,1488,1458,340,930,590,22,21,20,50,8,53.5,0.931,1,2.3,0.03,486.58,Rain,0,930,1,1.2,1.0,1.065
2026-09-09,DAL-HUB,Outbound,Morning,9,Wednesday,0,0,1,1486,1456,486,951,570,21,21,20,48,8,52.7,0.992,9,2.9,0.032,527.31,Clear,0,951,0,1.2,1.0,1.065
2026-09-09,DAL-HUB,Outbound,Morning,10,Wednesday,0,0,0,1189,1165,354,824,404,18,18,17,52,8,48.1,0.933,2,2.1,0.037,418.55,Clear,0,824,2,1.08,1.0,1.065
2026-09-09,DAL-HUB,Outbound,Morning,11,Wednesday,0,0,0,1329,1302,431,820,526,17,17,16,53,8,52.7,0.967,0,3.0,0.041,420.43,Clear,0,820,0,1.08,1.0,1.065
2026-09-09,DAL-HUB,Outbound,Morning,12,Wednesday,0,0,0,1033,1012,192,628,435,13,13,13,51,8,53.6,0.948,9,2.7,0.029,376.89,Clear,0,628,0,0.96,1.0,1.065
2026-09-09,DAL-HUB,Outbound,Morning,13,Wednesday,0,0,0,1047,1026,325,649,436,14,14,13,53,8,54.3,0.943,10,2.5,0.036,374.74,Clear,0,649,2,0.96,1.0,1.065
2026-09-09,DAL-HUB,Outbound,Evening,14,Wednesday,0,0,0,1110,1087,319,641,491,14,14,13,52,8,60.0,0.949,10,2.7,0.05,381.49,Clear,0,641,3,0.96,1.0,1.065
2026-09-09,DAL-HUB,Outbound,Evening,15,Wednesday,0,0,0,1153,1129,321,701,486,15,15,14,52,8,54.6,0.964,2,3.0,0.037,384.59,Clear,0,701,1,1.08,1.0,1.065
2026-09-09,DAL-HUB,Outbound,Evening,16,Wednesday,0,0,0,1057,1035,352,700,390,15,14,14,50,8,49.0,1.0,10,3.1,0.015,411.22,Clear,0,700,2,1.08,1.0,1.065
2026-09-09,DAL-HUB,Outbound,Evening,17,Wednesday,0,0,1,1508,1477,410,917,654,20,20,19,50,8,61.3,0.966,6,2.8,0.042,495.8,Clear,0,917,3,1.2,1.0,1.065
2026-09-09,DAL-HUB,Outbound,Evening,18,Wednesday,0,0,1,1395,1367,367,851,577,21,20,19,48,8,52.7,0.934,9,2.1,0.052,483.73,Clear,0,851,1,1.2,1.0,1.065
2026-09-09,DAL-HUB,Outbound,Evening,19,Wednesday,0,0,1,1429,1400,477,850,627,19,19,18,48,8,58.5,0.985,10,3.3,0.04,501.66,Clear,0,850,3,1.2,1.0,1.065
2026-09-09,DAL-HUB,Outbound,Evening,20,Wednesday,0,0,0,1154,1130,228,720,454,16,16,15,51,8,55.0,0.942,7,2.5,0.041,406.1,Clear,0,720,0,1.08,1.0,1.065
2026-09-09,DAL-HUB,Outbound,Evening,21,Wednesday,0,0,0,998,978,233,554,466,13,13,13,45,8,62.7,0.948,6,3.4,0.033,386.24,Clear,0,554,2,0.96,1.0,1.065
2026-09-09,DAL-HUB,Outbound,Night,22,Wednesday,0,0,0,1077,1055,295,696,391,15,15,14,53,8,48.0,0.939,9,2.4,0.044,392.74,Storm,0,696,0,0.96,1.0,1.065
2026-09-09,DAL-HUB,Outbound,Night,23,Wednesday,0,0,0,879,861,298,461,442,11,11,11,43,8,68.7,0.976,3,3.5,0.043,338.25,Clear,0,461,4,0.82,1.0,1.065
2026-09-10,ATL-HUB,Inbound,Morning,6,Thursday,0,0,0,1700,1500,351,1061,625,22,22,21,51,8,52.1,0.991,9,2.5,0.046,538.31,Clear,0,1061,0,0.96,1.15,1.08
2026-09-10,ATL-HUB,Inbound,Morning,7,Thursday,0,0,0,2153,1899,410,1179,938,28,29,27,46,8,62.6,0.95,7,3.0,0.055,670.9,Clear,0,1179,2,1.2,1.15,1.08
2026-09-10,ATL-HUB,Inbound,Morning,8,Thursday,0,0,1,2278,2010,582,1189,1034,31,31,29,41,8,65.1,1.0,1,3.8,0.051,715.31,Clear,0,1189,1,1.2,1.15,1.08
2026-09-10,ATL-HUB,Inbound,Morning,9,Thursday,0,0,1,2242,1979,760,1229,971,29,28,27,46,8,62.6,0.99,6,3.4,0.041,680.48,Clear,0,1229,4,1.2,1.15,1.08
2026-09-10,ATL-HUB,Inbound,Morning,10,Thursday,0,0,0,1894,1671,593,1164,694,28,27,26,46,8,50.8,0.973,6,3.0,0.023,643.63,Clear,0,1164,1,1.08,1.15,1.08
2026-09-10,ATL-HUB,Inbound,Morning,11,Thursday,0,0,0,2074,1830,422,1158,897,29,28,27,47,8,61.6,0.913,3,2.7,0.036,648.31,Clear,0,1158,2,1.08,1.15,1.08
2026-09-10,ATL-HUB,Inbound,Morning,12,Thursday,0,0,0,1672,1476,552,1004,640,23,22,21,49,8,52.4,0.976,8,2.3,0.046,529.02,Clear,0,1004,0,0.96,1.15,1.08
2026-09-10,ATL-HUB,Inbound,Morning,13,Thursday,0,0,0,1629,1438,508,1084,526,23,22,21,53,8,42.8,0.974,9,2.2,0.038,528.66,Clear,0,1084,1,0.96,1.15,1.08
2026-09-10,ATL-HUB,Inbound,Evening,14,Thursday,0,0,0,1677,1480,435,1144,513,25,24,23,52,8,40.3,0.957,0,2.0,0.042,534.11,Clear,0,1144,0,0.96,1.15,1.08
2026-09-10,ATL-HUB,Inbound,Evening,15,Thursday,0,0,0,1889,1666,644,1175,674,25,25,24,50,8,48.9,0.979,5,2.7,0.043,592.94,Clear,0,1175,3,1.08,1.15,1.08
2026-09-10,ATL-HUB,Inbound,Evening,16,Thursday,0,0,0,2001,1765,530,1120,849,28,26,25,45,8,60.5,0.996,6,3.5,0.03,640.02,Clear,0,1120,0,1.08,1.15,1.08
2026-09-10,ATL-HUB,Inbound,Evening,17,Thursday,0,0,1,2265,1998,510,1424,802,33,31,30,49,8,49.1,0.969,6,3.2,0.041,733.78,Clear,0,1424,1,1.2,1.15,1.08
2026-09-10,ATL-HUB,Inbound,Evening,18,Thursday,0,0,1,2160,1906,445,1231,884,29,28,27,47,8,58.3,0.97,5,2.6,0.026,653.42,Clear,0,1231,3,1.2,1.15,1.08
2026-09-10,ATL-HUB,Inbound,Evening,19,Thursday,0,0,1,2491,2198,564,1547,902,35,35,34,47,8,48.8,0.969,2,2.5,0.032,786.01,Rain,0,1547,1,1.2,1.15,1.08
2026-09-10,ATL-HUB,Inbound,Evening,20,Thursday,0,0,0,2009,1773,362,1344,641,30,29,28,50,8,43.8,0.96,7,1.9,0.029,659.19,Rain,0,1344,2,1.08,1.15,1.08
2026-09-10,ATL-HUB,Inbound,Evening,21,Thursday,0,0,0,1765,1557,589,1060,657,24,24,23,49,8,52.7,0.941,4,2.3,0.045,556.86,Clear,0,1060,3,0.96,1.15,1.08
2026-09-10,ATL-HUB,Inbound,Night,22,Thursday,0,0,0,1700,1500,490,1034,638,22,22,21,53,8,50.8,0.929,3,2.1,0.033,507.91,Clear,0,1034,1,0.96,1.15,1.08
2026-09-10,ATL-HUB,Inbound,Night,23,Thursday,0,0,0,1502,1325,361,811,680,20,20,19,44,8,64.7,0.971,10,3.3,0.027,521.41,Clear,0,811,0,0.82,1.15,1.08
2026-09-10,ATL-HUB,Sortation,Morning,6,Thursday,0,0,0,1767,1623,429,1064,728,30,28,27,42,8,54.8,0.939,9,2.6,0.033,660.57,Clear,0,1064,1,0.96,1.15,1.08
2026-09-10,ATL-HUB,Sortation,Morning,7,Thursday,0,0,0,2077,1908,603,1399,719,34,33,32,47,8,46.9,0.931,10,1.4,0.04,733.36,Clear,0,1399,1,1.2,1.15,1.08
2026-09-10,ATL-HUB,Sortation,Morning,8,Thursday,0,0,1,2628,2413,751,1623,1059,42,40,39,46,8,52.6,0.905,10,1.8,0.03,891.18,Clear,0,1623,1,1.2,1.15,1.08
2026-09-10,ATL-HUB,Sortation,Morning,9,Thursday,0,0,1,2490,2286,624,1467,1079,40,39,38,41,8,57.4,0.942,1,3.0,0.027,876.68,Rain,0,1467,0,1.2,1.15,1.08
2026-09-10,ATL-HUB,Sortation,Morning,10,Thursday,0,0,0,2197,2017,741,1399,847,38,35,34,42,8,50.2,0.98,0,2.5,0.029,773.36,Clear,0,1399,1,1.08,1.15,1.08
2026-09-10,ATL-HUB,Sortation,Morning,11,Thursday,0,0,0,2168,1991,533,1408,809,35,35,34,43,8,49.8,0.963,7,2.3,0.026,789.63,Clear,0,1408,1,1.08,1.15,1.08
2026-09-10,ATL-HUB,Sortation,Morning,12,Thursday,0,0,0,1876,1723,610,1123,794,33,30,30,38,8,55.5,0.985,5,3.1,0.013,724.34,Rain,0,1123,3,0.96,1.15,1.08
2026-09-10,ATL-HUB,Sortation,Morning,13,Thursday,0,0,0,1904,1748,559,1181,773,30,30,29,41,8,51.8,0.994,5,2.6,0.025,689.27,Clear,0,1181,1,0.96,1.15,1.08
2026-09-10,ATL-HUB,Sortation,Evening,14,Thursday,0,0,0,1833,1683,409,1131,739,31,31,30,39,8,53.4,0.967,7,2.5,0.034,715.12,Heavy Rain,0,1131,0,0.96,1.15,1.08
2026-09-10,ATL-HUB,Sortation,Evening,15,Thursday,0,0,0,1880,1727,503,1298,635,31,31,30,44,8,46.7,0.984,4,2.6,0.028,705.14,Clear,0,1298,0,1.08,1.15,1.08
2026-09-10,ATL-HUB,Sortation,Evening,16,Thursday,0,0,0,2010,1846,544,1215,828,33,31,30,43,8,53.0,0.942,2,2.4,0.031,695.54,Clear,0,1215,2,1.08,1.15,1.08
2026-09-10,ATL-HUB,Sortation,Evening,17,Thursday,0,0,1,2351,2159,654,1530,887,39,39,37,43,8,53.3,0.962,6,2.0,0.053,839.88,Clear,0,1530,3,1.2,1.15,1.08
2026-09-10,ATL-HUB,Sortation,Evening,18,Thursday,0,0,1,2543,2335,726,1706,888,43,40,39,47,8,50.1,0.931,3,2.0,0.022,872.81,Clear,0,1706,2,1.2,1.15,1.08
2026-09-10,ATL-HUB,Sortation,Evening,19,Thursday,0,0,1,2401,2205,565,1650,821,40,39,38,45,8,46.2,0.965,4,2.0,0.032,853.92,Clear,0,1650,1,1.2,1.15,1.08
2026-09-10,ATL-HUB,Sortation,Evening,20,Thursday,0,0,0,2179,2001,507,1444,792,35,35,34,45,8,48.1,0.944,0,2.1,0.02,761.83,Clear,0,1444,2,1.08,1.15,1.08
2026-09-10,ATL-HUB,Sortation,Evening,21,Thursday,0,0,0,1827,1678,577,1168,691,29,28,27,44,8,50.2,0.984,10,2.6,0.037,664.87,Clear,0,1168,1,0.96,1.15,1.08
2026-09-10,ATL-HUB,Sortation,Night,22,Thursday,0,0,0,1835,1685,343,1128,754,32,30,29,43,8,57.0,0.905,2,2.6,0.032,678.41,Clear,0,1128,1,0.96,1.15,1.08
2026-09-10,ATL-HUB,Sortation,Night,23,Thursday,0,0,0,1357,1246,368,705,675,20,21,20,37,8,71.7,0.953,6,3.7,0.036,537.73,Clear,0,705,1,0.82,1.15,1.08
2026-09-10,ATL-HUB,Outbound,Morning,6,Thursday,0,0,0,1669,1635,427,1061,668,22,22,21,52,8,54.8,0.972,5,2.8,0.026,534.57,Clear,0,1061,0,0.96,1.15,1.08
2026-09-10,ATL-HUB,Outbound,Morning,7,Thursday,0,0,0,1906,1867,591,1242,710,27,26,25,51,8,46.8,0.974,3,3.0,0.045,616.11,Clear,0,1242,1,1.2,1.15,1.08
2026-09-10,ATL-HUB,Outbound,Morning,8,Thursday,0,0,1,2167,2123,722,1431,776,32,32,30,50,8,48.7,0.954,10,2.3,0.052,721.22,Clear,0,1431,0,1.2,1.15,1.08
2026-09-10,ATL-HUB,Outbound,Morning,9,Thursday,0,0,1,2355,2307,619,1413,994,32,32,31,48,8,59.1,0.95,0,3.6,0.045,748.57,Clear,0,1413,1,1.2,1.15,1.08
2026-09-10,ATL-HUB,Outbound,Morning,10,Thursday,0,0,0,1760,1724,474,1218,576,25,25,24,54,8,43.0,0.94,6,1.9,0.046,572.73,Clear,0,1218,2,1.08,1.15,1.08
2026-09-10,ATL-HUB,Outbound,Morning,11,Thursday,0,0,0,1863,1825,622,1295,616,28,26,25,54,8,44.0,0.959,7,2.0,0.056,600.14,Clear,0,1295,1,1.08,1.15,1.08
2026-09-10,ATL-HUB,Outbound,Morning,12,Thursday,0,0,0,1654,1620,468,1005,684,22,22,21,49,8,52.6,0.978,0,2.3,0.04,504.28,Clear,0,1005,2,0.96,1.15,1.08
2026-09-10,ATL-HUB,Outbound,Morning,13,Thursday,0,0,0,1592,1560,442,924,726,20,20,19,51,8,61.9,0.954,9,2.6,0.028,501.35,Clear,0,924,1,0.96,1.15,1.08
2026-09-10,ATL-HUB,Outbound,Evening,14,Thursday,0,0,0,1483,1453,494,846,690,20,20,19,47,8,63.5,0.948,8,3.2,0.042,512.95,Clear,0,846,2,0.96,1.15,1.08
2026-09-10,ATL-HUB,Outbound,Evening,15,Thursday,0,0,0,2021,1980,602,1271,807,27,26,25,55,8,51.9,0.925,4,2.0,0.042,593.43,Clear,0,1271,2,1.08,1.15,1.08
2026-09-10,ATL-HUB,Outbound,Evening,16,Thursday,0,0,0,1846,1808,623,1104,784,26,26,25,48,8,57.9,0.92,4,2.5,0.037,604.21,Clear,0,1104,1,1.08,1.15,1.08
2026-09-10,ATL-HUB,Outbound,Evening,17,Thursday,0,0,1,2212,2167,601,1300,957,29,29,28,49,8,57.9,0.948,3,2.9,0.042,682.32,Heavy Rain,0,1300,1,1.2,1.15,1.08
2026-09-10,ATL-HUB,Outbound,Evening,18,Thursday,0,0,1,2348,2300,791,1658,745,34,33,32,53,8,45.2,0.978,6,2.2,0.019,747.93,Clear,0,1658,3,1.2,1.15,1.08
2026-09-10,ATL-HUB,Outbound,Evening,19,Thursday,0,0,1,2098,2055,540,1343,811,30,28,27,52,8,57.9,0.957,9,3.0,0.042,680.15,Rain,0,1343,1,1.2,1.15,1.08
2026-09-10,ATL-HUB,Outbound,Evening,20,Thursday,0,0,0,1805,1768,562,1155,709,26,24,23,53,8,53.5,0.948,7,1.9,0.038,557.26,Clear,0,1155,2,1.08,1.15,1.08
2026-09-10,ATL-HUB,Outbound,Evening,21,Thursday,0,0,0,1608,1575,557,947,677,23,23,22,46,8,56.3,0.936,0,2.3,0.026,522.94,Clear,0,947,2,0.96,1.15,1.08
2026-09-10,ATL-HUB,Outbound,Night,22,Thursday,0,0,0,1673,1639,482,1101,623,23,23,22,52,8,53.8,0.963,7,2.3,0.051,546.54,Clear,0,1101,1,0.96,1.15,1.08
2026-09-10,ATL-HUB,Outbound,Night,23,Thursday,0,0,0,1380,1352,447,829,588,19,19,18,49,8,55.4,0.941,7,2.9,0.035,479.96,Clear,0,829,1,0.82,1.15,1.08
2026-09-10,CHI-HUB,Inbound,Morning,6,Thursday,0,0,0,1600,1412,296,968,607,22,22,21,47,8,51.9,0.981,7,2.3,0.039,524.54,Clear,0,968,1,0.96,1.15,1.08
2026-09-10,CHI-HUB,Inbound,Morning,7,Thursday,0,0,0,1903,1679,413,1140,761,25,25,24,48,8,55.6,0.99,9,3.0,0.041,614.39,Clear,0,1140,1,1.2,1.15,1.08
2026-09-10,CHI-HUB,Inbound,Morning,8,Thursday,0,0,1,1961,1730,643,1144,770,26,26,25,47,8,55.9,0.974,7,2.8,0.051,622.91,Clear,0,1144,1,1.2,1.15,1.08
2026-09-10,CHI-HUB,Inbound,Morning,9,Thursday,0,0,1,2504,2209,816,1621,828,36,33,32,51,8,45.5,0.994,7,2.6,0.043,763.39,Clear,0,1621,1,1.2,1.15,1.08
2026-09-10,CHI-HUB,Inbound,Morning,10,Thursday,0,0,0,1714,1512,365,1007,654,25,24,23,45,8,54.6,0.974,10,2.8,0.044,589.16,Clear,0,1007,1,1.08,1.15,1.08
2026-09-10,CHI-HUB,Inbound,Morning,11,Thursday,0,0,0,1709,1508,417,957,726,23,22,21,48,8,57.8,0.95,5,2.9,0.034,536.87,Clear,0,957,1,1.08,1.15,1.08
2026-09-10,CHI-HUB,Inbound,Morning,12,Thursday,0,0,0,1511,1333,454,793,693,20,19,18,48,8,60.6,0.919,9,2.8,0.038,484.88,Clear,0,793,1,0.96,1.15,1.08
2026-09-10,CHI-HUB,Inbound,Morning,13,Thursday,0,0,0,1615,1425,338,998,601,22,22,21,48,8,49.2,0.991,8,2.2,0.041,525.21,Clear,0,998,0,0.96,1.15,1.08
2026-09-10,CHI-HUB,Inbound,Evening,14,Thursday,0,0,0,1509,1332,316,886,583,22,21,20,48,8,51.8,0.923,8,2.3,0.026,506.64,Clear,0,886,0,0.96,1.15,1.08
2026-09-10,CHI-HUB,Inbound,Evening,15,Thursday,0,0,0,1942,1713,629,1198,714,29,27,26,48,8,52.5,0.96,1,2.3,0.047,608.87,Clear,0,1198,1,1.08,1.15,1.08
2026-09-10,CHI-HUB,Inbound,Evening,16,Thursday,0,0,0,1805,1593,333,1101,681,26,25,24,48,8,52.4,0.956,4,2.1,0.03,571.46,Clear,0,1101,2,1.08,1.15,1.08
2026-09-10,CHI-HUB,Inbound,Evening,17,Thursday,0,0,1,2377,2097,478,1409,920,34,33,32,48,8,55.3,0.918,5,2.3,0.042,746.36,Clear,0,1409,0,1.2,1.15,1.08
2026-09-10,CHI-HUB,Inbound,Evening,18,Thursday,0,0,1,2177,1921,473,1386,754,31,30,29,50,8,50.7,0.956,10,2.3,0.037,700.33,Clear,0,1386,0,1.2,1.15,1.08
2026-09-10,CHI-HUB,Inbound,Evening,19,Thursday,0,0,1,2214,1953,627,1371,810,31,30,29,48,8,53.2,0.985,4,2.8,0.036,703.59,Storm,0,1371,1,1.2,1.15,1.08
2026-09-10,CHI-HUB,Inbound,Evening,20,Thursday,0,0,0,1549,1367,472,987,537,22,22,21,47,8,48.4,1.0,9,1.9,0.033,524.31,Storm,0,987,2,1.08,1.15,1.08
2026-09-10,CHI-HUB,Inbound,Evening,21,Thursday,0,0,0,1581,1395,516,967,590,22,22,21,48,8,52.5,0.96,1,2.1,0.046,499.4,Clear,0,967,1,0.96,1.15,1.08
2026-09-10,CHI-HUB,Inbound,Night,22,Thursday,0,0,0,1630,1439,451,912,701,23,22,21,47,8,62.8,0.924,7,3.0,0.045,544.68,Clear,0,912,0,0.96,1.15,1.08
2026-09-10,CHI-HUB,Inbound,Night,23,Thursday,0,0,0,1378,1215,344,823,537,19,19,18,48,8,56.1,0.954,0,2.9,0.048,456.52,Clear,0,823,0,0.82,1.15,1.08
2026-09-10,CHI-HUB,Sortation,Morning,6,Thursday,0,0,0,1736,1594,428,819,955,30,28,27,33,8,82.9,0.92,4,4.9,0.032,714.78,Storm,0,819,0,0.96,1.15,1.08
2026-09-10,CHI-HUB,Sortation,Morning,7,Thursday,0,0,0,1951,1791,365,1243,749,35,33,32,41,8,51.2,0.947,7,2.5,0.035,752.24,Clear,0,1243,0,1.2,1.15,1.08
2026-09-10,CHI-HUB,Sortation,Morning,8,Thursday,0,0,1,2334,2143,576,1512,867,39,37,36,42,8,48.9,1.0,6,2.2,0.027,828.25,Rain,0,1512,1,1.2,1.15,1.08
2026-09-10,CHI-HUB,Sortation,Morning,9,Thursday,0,0,1,2206,2026,665,1452,785,37,36,35,44,8,45.8,0.943,9,2.3,0.034,821.1,Heavy Rain,0,1452,1,1.2,1.15,1.08
2026-09-10,CHI-HUB,Sortation,Morning,10,Thursday,0,0,0,1707,1567,527,946,802,24,24,23,43,8,67.0,0.957,2,3.5,0.023,584.26,Clear,0,946,0,1.08,1.15,1.08
2026-09-10,CHI-HUB,Sortation,Morning,11,Thursday,0,0,0,2024,1859,384,1017,1061,30,29,28,38,8,76.7,0.956,5,4.0,0.025,711.19,Clear,0,1017,2,1.08,1.15,1.08
2026-09-10,CHI-HUB,Sortation,Morning,12,Thursday,0,0,0,1534,1409,441,889,674,27,25,25,37,8,60.7,0.962,9,3.0,0.017,628.49,Clear,0,889,0,0.96,1.15,1.08
2026-09-10,CHI-HUB,Sortation,Morning,13,Thursday,0,0,0,1650,1515,518,953,718,25,25,24,42,8,56.7,0.946,10,2.9,0.028,611.51,Clear,0,953,0,0.96,1.15,1.08
2026-09-10,CHI-HUB,Sortation,Evening,14,Thursday,0,0,0,1715,1575,580,1097,658,29,28,27,42,8,49.3,0.968,8,2.4,0.026,650.8,Clear,0,1097,0,0.96,1.15,1.08
2026-09-10,CHI-HUB,Sortation,Evening,15,Thursday,0,0,0,2188,2009,714,1443,791,37,34,33,45,8,47.6,0.972,0,2.2,0.015,745.29,Clear,0,1443,1,1.08,1.15,1.08
2026-09-10,CHI-HUB,Sortation,Evening,16,Thursday,0,0,0,1845,1694,561,1022,873,31,31,29,38,8,63.7,0.928,7,3.2,0.051,711.39,Clear,0,1022,0,1.08,1.15,1.08
2026-09-10,CHI-HUB,Sortation,Evening,17,Thursday,0,0,1,2433,2234,465,1685,819,37,38,36,47,8,44.5,0.996,1,2.2,0.042,811.49,Clear,0,1685,3,1.2,1.15,1.08
2026-09-10,CHI-HUB,Sortation,Evening,18,Thursday,0,0,1,2254,2070,607,1246,1065,35,35,34,39,8,64.9,0.94,3,3.0,0.037,798.02,Clear,0,1246,3,1.2,1.15,1.08
2026-09-10,CHI-HUB,Sortation,Evening,19,Thursday,0,0,1,2356,2164,624,1495,906,39,39,37,41,8,52.2,0.986,4,2.4,0.046,844.79,Clear,0,1495,2,1.2,1.15,1.08
2026-09-10,CHI-HUB,Sortation,Evening,20,Thursday,0,0,0,1876,1723,616,1173,743,28,29,27,47,8,54.2,0.924,7,2.1,0.056,646.31,Heavy Rain,0,1173,0,1.08,1.15,1.08
2026-09-10,CHI-HUB,Sortation,Evening,21,Thursday,0,0,0,1778,1633,470,1178,643,31,30,29,42,8,47.3,0.967,7,1.8,0.039,670.97,Clear,0,1178,1,0.96,1.15,1.08
2026-09-10,CHI-HUB,Sortation,Night,22,Thursday,0,0,0,1654,1519,335,1022,687,27,26,25,42,8,55.1,0.974,9,2.7,0.041,622.28,Clear,0,1022,4,0.96,1.15,1.08
2026-09-10,CHI-HUB,Sortation,Night,23,Thursday,0,0,0,1462,1342,491,901,582,24,23,22,41,8,54.2,0.999,5,3.2,0.053,561.46,Clear,0,901,2,0.82,1.15,1.08
2026-09-10,CHI-HUB,Outbound,Morning,6,Thursday,0,0,0,1477,1447,513,884,614,20,20,19,50,8,56.6,0.931,10,2.8,0.025,508.04,Clear,0,884,1,0.96,1.15,1.08
2026-09-10,CHI-HUB,Outbound,Morning,7,Thursday,0,0,0,1814,1777,373,1221,642,28,25,25,50,8,47.5,0.977,6,1.9,0.02,593.24,Clear,0,1221,2,1.2,1.15,1.08
2026-09-10,CHI-HUB,Outbound,Morning,8,Thursday,0,0,1,1960,1920,529,1208,790,26,26,25,51,8,53.7,0.948,5,2.5,0.024,611.68,Rain,0,1208,0,1.2,1.15,1.08
2026-09-10,CHI-HUB,Outbound,Morning,9,Thursday,0,0,1,1968,1928,414,1241,777,28,28,26,51,8,48.2,0.937,5,2.8,0.061,637.56,Clear,0,1241,3,1.2,1.15,1.08
2026-09-10,CHI-HUB,Outbound,Morning,10,Thursday,0,0,0,1686,1652,364,980,730,23,23,22,50,8,59.2,0.892,1,2.5,0.023,533.18,Clear,0,980,0,1.08,1.15,1.08
2026-09-10,CHI-HUB,Outbound,Morning,11,Thursday,0,0,0,1771,1735,582,1159,659,25,23,23,52,8,51.1,0.97,4,2.4,0.01,561.04,Clear,0,1159,1,1.08,1.15,1.08
2026-09-10,CHI-HUB,Outbound,Morning,12,Thursday,0,0,0,1538,1507,358,936,650,21,21,20,49,8,56.8,0.956,3,3.1,0.049,514.66,Clear,0,936,2,0.96,1.15,1.08
2026-09-10,CHI-HUB,Outbound,Morning,13,Thursday,0,0,0,1414,1385,414,915,529,21,20,19,49,8,49.7,0.983,1,2.3,0.034,464.07,Clear,0,915,0,0.96,1.15,1.08
2026-09-10,CHI-HUB,Outbound,Evening,14,Thursday,0,0,0,1494,1464,328,950,581,20,20,19,51,8,50.6,0.981,6,2.6,0.033,495.44,Storm,0,950,0,0.96,1.15,1.08
2026-09-10,CHI-HUB,Outbound,Evening,15,Thursday,0,0,0,1492,1462,287,869,674,20,20,19,48,8,60.4,0.954,9,3.3,0.032,519.11,Clear,0,869,3,1.08,1.15,1.08
2026-09-10,CHI-HUB,Outbound,Evening,16,Thursday,0,0,0,1623,1590,519,1005,666,23,23,22,48,8,55.0,0.952,3,2.2,0.046,530.03,Clear,0,1005,1,1.08,1.15,1.08
2026-09-10,CHI-HUB,Outbound,Evening,17,Thursday,0,0,1,1997,1956,427,1052,999,26,26,25,46,8,71.5,0.915,3,3.3,0.036,626.18,Clear,0,1052,1,1.2,1.15,1.08
2026-09-10,CHI-HUB,Outbound,Evening,18,Thursday,0,0,1,2138,2094,535,1430,755,32,31,30,50,8,45.6,0.953,0,2.0,0.029,680.28,Clear,0,1430,1,1.2,1.15,1.08
2026-09-10,CHI-HUB,Outbound,Evening,19,Thursday,0,0,1,1968,1928,372,1282,723,28,28,27,50,8,50.9,0.95,0,2.3,0.024,634.29,Storm,0,1282,0,1.2,1.15,1.08
2026-09-10,CHI-HUB,Outbound,Evening,20,Thursday,0,0,0,1691,1656,547,1005,708,24,23,22,48,8,57.9,0.952,2,2.7,0.033,542.07,Clear,0,1005,0,1.08,1.15,1.08
2026-09-10,CHI-HUB,Outbound,Evening,21,Thursday,0,0,0,1356,1328,265,859,530,18,18,17,51,8,50.3,0.991,1,2.2,0.033,421.21,Clear,0,859,1,0.96,1.15,1.08
2026-09-10,CHI-HUB,Outbound,Night,22,Thursday,0,0,0,1455,1425,494,837,645,20,19,18,49,8,60.5,0.95,8,2.8,0.041,481.73,Clear,0,837,0,0.96,1.15,1.08
2026-09-10,CHI-HUB,Outbound,Night,23,Thursday,0,0,0,1340,1313,391,792,585,17,17,16,52,8,59.5,0.953,4,3.2,0.033,441.98,Heavy Rain,0,792,0,0.82,1.15,1.08
2026-09-10,DAL-HUB,Inbound,Morning,6,Thursday,0,0,0,1303,1150,416,661,633,16,16,15,47,8,69.6,0.938,9,2.9,0.051,425.5,Clear,0,661,2,0.96,1.15,1.08
2026-09-10,DAL-HUB,Inbound,Morning,7,Thursday,0,0,0,1719,1517,304,1021,681,23,23,22,48,8,56.6,0.967,7,2.4,0.028,548.95,Clear,0,1021,1,1.2,1.15,1.08
2026-09-10,DAL-HUB,Inbound,Morning,8,Thursday,0,0,1,2036,1797,437,1211,784,32,30,29,44,8,54.7,0.949,4,2.0,0.04,672.4,Rain,0,1211,0,1.2,1.15,1.08
2026-09-10,DAL-HUB,Inbound,Morning,9,Thursday,0,0,1,1911,1686,518,1176,712,26,26,25,50,8,51.9,0.941,3,2.7,0.024,606.43,Clear,0,1176,0,1.2,1.15,1.08
2026-09-10,DAL-HUB,Inbound,Morning,10,Thursday,0,0,0,1476,1303,399,895,576,20,20,19,48,8,53.5,0.982,10,2.1,0.026,487.36,Clear,0,895,0,1.08,1.15,1.08
2026-09-10,DAL-HUB,Inbound,Morning,11,Thursday,0,0,0,1537,1356,524,861,662,22,21,20,46,8,59.7,0.936,8,3.0,0.032,526.73,Clear,0,861,0,1.08,1.15,1.08
2026-09-10,DAL-HUB,Inbound,Morning,12,Thursday,0,0,0,1418,1251,417,844,562,18,18,17,52,8,54.0,0.955,2,2.3,0.045,427.34,Clear,0,844,0,0.96,1.15,1.08
2026-09-10,DAL-HUB,Inbound,Morning,13,Thursday,0,0,0,1344,1186,339,661,657,17,17,16,45,8,72.8,0.918,8,3.9,0.045,471.95,Rain,0,661,0,0.96,1.15,1.08
2026-09-10,DAL-HUB,Inbound,Evening,14,Thursday,0,0,0,1324,1169,299,792,526,20,19,18,44,8,55.5,1.0,10,2.5,0.027,476.38,Clear,0,792,1,0.96,1.15,1.08
2026-09-10,DAL-HUB,Inbound,Evening,15,Thursday,0,0,0,1596,1408,465,938,601,22,21,21,46,8,53.1,0.972,2,2.7,0.018,519.67,Clear,0,938,2,1.08,1.15,1.08
2026-09-10,DAL-HUB,Inbound,Evening,16,Thursday,0,0,0,1492,1316,449,914,544,23,21,21,45,8,50.8,0.968,6,2.4,0.017,522.23,Clear,0,914,1,1.08,1.15,1.08
2026-09-10,DAL-HUB,Inbound,Evening,17,Thursday,0,0,1,1977,1745,541,1279,662,30,28,28,49,8,45.2,0.932,9,1.7,0.014,657.3,Clear,0,1279,0,1.2,1.15,1.08
2026-09-10,DAL-HUB,Inbound,Evening,18,Thursday,0,0,1,1755,1548,425,1156,578,26,25,24,49,8,44.7,0.983,8,2.3,0.044,588.98,Clear,0,1156,2,1.2,1.15,1.08
2026-09-10,DAL-HUB,Inbound,Evening,19,Thursday,0,0,1,1924,1698,598,1347,539,28,28,27,52,8,40.7,0.96,3,1.6,0.03,614.87,Clear,0,1347,0,1.2,1.15,1.08
2026-09-10,DAL-HUB,Inbound,Evening,20,Thursday,0,0,0,1392,1228,423,853,511,21,20,19,49,8,54.4,0.916,7,2.7,0.03,493.07,Clear,0,853,1,1.08,1.15,1.08
2026-09-10,DAL-HUB,Inbound,Evening,21,Thursday,0,0,0,1320,1165,359,822,483,20,19,18,47,8,49.2,0.972,6,2.4,0.037,460.71,Clear,0,822,0,0.96,1.15,1.08
2026-09-10,DAL-HUB,Inbound,Night,22,Thursday,0,0,0,1394,1230,468,849,524,20,20,19,46,8,50.5,0.972,10,3.0,0.038,511.11,Clear,0,849,0,0.96,1.15,1.08
2026-09-10,DAL-HUB,Inbound,Night,23,Thursday,0,0,0,1227,1082,369,697,505,18,17,16,46,8,59.1,0.947,7,2.6,0.039,428.85,Clear,0,697,0,0.82,1.15,1.08
2026-09-10,DAL-HUB,Sortation,Morning,6,Thursday,0,0,0,1329,1221,463,1018,345,23,22,21,50,8,36.1,0.97,1,1.1,0.049,470.86,Heavy Rain,0,1018,2,0.96,1.15,1.08
2026-09-10,DAL-HUB,Sortation,Morning,7,Thursday,0,0,0,1823,1674,537,1183,682,32,31,30,40,8,50.3,0.986,0,2.8,0.03,696.9,Clear,0,1183,1,1.2,1.15,1.08
2026-09-10,DAL-HUB,Sortation,Morning,8,Thursday,0,0,1,1949,1790,421,1167,837,33,33,32,41,8,57.4,0.89,3,3.0,0.036,753.4,Clear,0,1167,0,1.2,1.15,1.08
2026-09-10,DAL-HUB,Sortation,Morning,9,Thursday,0,0,1,2061,1893,539,1384,706,34,33,32,44,8,47.8,0.984,2,2.5,0.039,738.27,Clear,0,1384,0,1.2,1.15,1.08
2026-09-10,DAL-HUB,Sortation,Morning,10,Thursday,0,0,0,1513,1389,411,932,621,25,24,23,42,8,54.2,0.966,2,3.0,0.022,566.69,Clear,0,932,1,1.08,1.15,1.08
2026-09-10,DAL-HUB,Sortation,Morning,11,Thursday,0,0,0,1582,1453,342,1079,538,26,26,25,45,8,42.9,0.96,9,2.2,0.028,606.97,Clear,0,1079,1,1.08,1.15,1.08
2026-09-10,DAL-HUB,Sortation,Morning,12,Thursday,0,0,0,1378,1266,253,828,583,23,22,21,40,8,53.1,0.986,3,3.0,0.03,528.43,Clear,0,828,1,0.96,1.15,1.08
2026-09-10,DAL-HUB,Sortation,Morning,13,Thursday,0,0,0,1431,1314,457,868,603,25,24,23,41,8,58.2,0.921,3,2.1,0.04,543.2,Clear,0,868,0,0.96,1.15,1.08
2026-09-10,DAL-HUB,Sortation,Evening,14,Thursday,0,0,0,1394,1280,331,946,457,23,23,22,43,8,45.4,1.0,1,2.3,0.033,522.21,Clear,0,946,1,0.96,1.15,1.08
2026-09-10,DAL-HUB,Sortation,Evening,15,Thursday,0,0,0,1595,1465,305,1113,524,25,25,24,48,8,43.8,0.966,6,2.4,0.039,583.7,Clear,0,1113,2,1.08,1.15,1.08
2026-09-10,DAL-HUB,Sortation,Evening,16,Thursday,0,0,0,1591,1461,366,1166,447,28,27,26,48,8,39.7,0.935,6,1.6,0.032,601.99,Rain,0,1166,0,1.08,1.15,1.08
2026-09-10,DAL-HUB,Sortation,Evening,17,Thursday,0,0,1,1937,1779,673,1223,746,30,30,29,45,8,53.1,0.938,10,2.1,0.037,691.89,Clear,0,1223,0,1.2,1.15,1.08
2026-09-10,DAL-HUB,Sortation,Evening,18,Thursday,0,0,1,1982,1820,614,1247,763,34,32,31,42,8,55.7,0.958,9,2.8,0.04,748.11,Clear,0,1247,2,1.2,1.15,1.08
2026-09-10,DAL-HUB,Sortation,Evening,19,Thursday,0,0,1,1919,1763,384,1367,594,33,31,30,48,8,40.4,0.949,10,2.1,0.03,711.06,Clear,0,1367,1,1.2,1.15,1.08
2026-09-10,DAL-HUB,Sortation,Evening,20,Thursday,0,0,0,1576,1448,550,1013,585,27,26,25,43,8,48.8,0.943,5,2.5,0.025,602.46,Clear,0,1013,0,1.08,1.15,1.08
2026-09-10,DAL-HUB,Sortation,Evening,21,Thursday,0,0,0,1378,1266,284,745,672,19,20,19,41,8,65.7,0.956,4,4.0,0.033,520.63,Clear,0,745,3,0.96,1.15,1.08
2026-09-10,DAL-HUB,Sortation,Night,22,Thursday,0,0,0,1301,1195,356,868,467,22,21,20,44,8,44.1,0.986,10,2.7,0.038,521.5,Clear,0,868,0,0.96,1.15,1.08
2026-09-10,DAL-HUB,Sortation,Night,23,Thursday,0,0,0,1072,984,241,531,557,16,16,15,37,8,78.3,0.957,9,4.1,0.034,455.79,Clear,0,531,1,0.82,1.15,1.08
2026-09-10,DAL-HUB,Outbound,Morning,6,Thursday,0,0,0,1331,1304,261,876,479,20,19,18,50,8,49.0,0.974,1,2.6,0.036,451.46,Clear,0,876,0,0.96,1.15,1.08
2026-09-10,DAL-HUB,Outbound,Morning,7,Thursday,0,0,0,1451,1421,461,947,549,21,20,19,52,8,50.6,0.959,2,2.1,0.04,462.36,Clear,0,947,0,1.2,1.15,1.08
2026-09-10,DAL-HUB,Outbound,Morning,8,Thursday,0,0,1,1727,1692,431,1062,690,25,24,23,50,8,49.9,0.924,1,2.5,0.033,553.43,Clear,0,1062,3,1.2,1.15,1.08
2026-09-10,DAL-HUB,Outbound,Morning,9,Thursday,0,0,1,1672,1638,517,1107,594,24,24,23,51,8,49.4,0.944,2,2.2,0.029,547.23,Clear,0,1107,1,1.2,1.15,1.08
2026-09-10,DAL-HUB,Outbound,Morning,10,Thursday,0,0,0,1384,1356,379,893,550,19,19,18,52,8,51.9,0.955,7,2.2,0.035,460.43,Clear,0,893,1,1.08,1.15,1.08
2026-09-10,DAL-HUB,Outbound,Morning,11,Thursday,0,0,0,1534,1503,292,963,614,21,21,20,51,8,55.6,0.945,10,2.9,0.027,531.39,Clear,0,963,1,1.08,1.15,1.08
2026-09-10,DAL-HUB,Outbound,Morning,12,Thursday,0,0,0,1197,1173,274,732,504,17,16,15,50,8,57.2,0.977,8,2.9,0.041,421.3,Clear,0,732,2,0.96,1.15,1.08
2026-09-10,DAL-HUB,Outbound,Morning,13,Thursday,0,0,0,1142,1119,286,702,470,16,15,15,48,8,55.6,0.976,6,3.3,0.032,425.09,Clear,0,702,1,0.96,1.15,1.08
2026-09-10,DAL-HUB,Outbound,Evening,14,Thursday,0,0,0,1257,1231,343,714,577,17,17,16,46,8,63.7,0.971,10,3.0,0.035,451.09,Clear,0,714,0,0.96,1.15,1.08
2026-09-10,DAL-HUB,Outbound,Evening,15,Thursday,0,0,0,1349,1321,303,1027,349,22,20,20,53,8,34.2,0.97,6,1.5,0.024,475.99,Clear,0,1027,0,1.08,1.15,1.08
2026-09-10,DAL-HUB,Outbound,Evening,16,Thursday,0,0,0,1391,1363,284,847,587,18,18,17,51,8,56.3,0.977,1,3.7,0.053,466.93,Heavy Rain,0,847,2,1.08,1.15,1.08
2026-09-10,DAL-HUB,Outbound,Evening,17,Thursday,0,0,1,1706,1671,492,1072,681,24,23,23,49,8,54.7,0.951,7,2.5,0.016,578.51,Storm,0,1072,0,1.2,1.15,1.08
2026-09-10,DAL-HUB,Outbound,Evening,18,Thursday,0,0,1,1751,1715,374,1140,645,26,24,23,51,8,49.1,0.972,4,2.6,0.049,566.27,Clear,0,1140,1,1.2,1.15,1.08
2026-09-10,DAL-HUB,Outbound,Evening,19,Thursday,0,0,1,1655,1621,490,1110,582,24,23,22,53,8,45.5,0.952,7,1.8,0.056,532.2,Clear,0,1110,0,1.2,1.15,1.08
2026-09-10,DAL-HUB,Outbound,Evening,20,Thursday,0,0,0,1369,1341,380,915,491,19,18,18,53,8,47.3,0.96,3,2.0,0.01,441.75,Clear,0,915,0,1.08,1.15,1.08
2026-09-10,DAL-HUB,Outbound,Evening,21,Thursday,0,0,0,1357,1329,465,780,595,17,18,17,49,8,60.6,0.937,1,2.8,0.031,438.03,Clear,0,780,1,0.96,1.15,1.08
2026-09-10,DAL-HUB,Outbound,Night,22,Thursday,0,0,0,1248,1223,317,876,384,18,18,17,53,8,41.6,0.973,5,1.4,0.041,409.63,Clear,0,876,0,0.96,1.15,1.08
2026-09-10,DAL-HUB,Outbound,Night,23,Thursday,0,0,0,942,923,248,497,450,12,12,11,48,8,68.9,0.941,6,3.8,0.052,357.42,Clear,0,497,1,0.82,1.15,1.08
2026-09-11,ATL-HUB,Inbound,Morning,6,Friday,0,0,0,1777,1568,318,863,894,22,22,21,42,8,74.6,0.979,1,3.9,0.034,553.27,Clear,0,863,0,0.96,1.15,1.095
2026-09-11,ATL-HUB,Inbound,Morning,7,Friday,0,0,0,2312,2040,416,1278,999,31,31,30,44,8,62.3,0.969,5,3.0,0.016,725.81,Clear,0,1278,1,1.2,1.15,1.095
2026-09-11,ATL-HUB,Inbound,Morning,8,Friday,0,0,1,2663,2349,677,1494,1140,37,36,35,46,8,60.9,0.928,6,3.2,0.034,838.3,Clear,0,1494,1,1.2,1.15,1.095
2026-09-11,ATL-HUB,Inbound,Morning,9,Friday,0,0,1,2510,2214,481,1501,955,34,33,32,49,8,53.8,0.957,7,2.2,0.02,752.3,Clear,0,1501,1,1.2,1.15,1.095
2026-09-11,ATL-HUB,Inbound,Morning,10,Friday,0,0,0,1976,1744,351,1238,701,30,28,27,48,8,48.7,0.956,2,2.1,0.027,626.58,Clear,0,1238,0,1.08,1.15,1.095
2026-09-11,ATL-HUB,Inbound,Morning,11,Friday,0,0,0,2071,1827,609,1362,676,29,29,28,50,8,46.0,0.973,3,2.3,0.039,656.56,Clear,0,1362,1,1.08,1.15,1.095
2026-09-11,ATL-HUB,Inbound,Morning,12,Friday,0,0,0,1790,1579,438,1065,679,24,24,23,48,8,56.3,0.965,9,2.9,0.034,590.09,Clear,0,1065,2,0.96,1.15,1.095
2026-09-11,ATL-HUB,Inbound,Morning,13,Friday,0,0,0,1723,1521,430,1050,655,25,25,24,46,8,50.7,0.952,5,2.5,0.037,584.42,Clear,0,1050,1,0.96,1.15,1.095
2026-09-11,ATL-HUB,Inbound,Evening,14,Friday,0,0,0,1811,1598,451,1010,776,24,23,22,49,8,59.9,0.938,4,2.9,0.037,554.97,Clear,0,1010,0,0.96,1.15,1.095
2026-09-11,ATL-HUB,Inbound,Evening,15,Friday,0,0,0,1838,1621,567,1166,625,27,26,25,47,8,47.0,0.992,2,2.3,0.047,590.74,Clear,0,1166,0,1.08,1.15,1.095
2026-09-11,ATL-HUB,Inbound,Evening,16,Friday,0,0,0,1932,1705,637,1101,790,26,25,24,47,8,56.4,0.976,0,2.7,0.05,577.71,Clear,0,1101,4,1.08,1.15,1.095
2026-09-11,ATL-HUB,Inbound,Evening,17,Friday,0,0,1,2432,2146,648,1493,890,35,34,33,48,8,53.6,0.943,1,2.3,0.042,754.03,Clear,0,1493,0,1.2,1.15,1.095
2026-09-11,ATL-HUB,Inbound,Evening,18,Friday,0,0,1,2373,2094,548,1397,934,33,32,31,48,8,52.7,0.939,10,2.7,0.046,753.99,Clear,0,1397,2,1.2,1.15,1.095
2026-09-11,ATL-HUB,Inbound,Evening,19,Friday,0,0,1,2424,2139,478,1456,927,34,33,33,47,8,50.5,0.939,8,2.4,0.012,779.09,Clear,0,1456,2,1.2,1.15,1.095
2026-09-11,ATL-HUB,Inbound,Evening,20,Friday,0,0,0,1872,1652,455,1035,793,25,25,24,46,8,62.0,0.938,4,3.0,0.029,597.85,Clear,0,1035,0,1.08,1.15,1.095
2026-09-11,ATL-HUB,Inbound,Evening,21,Friday,0,0,0,1834,1619,605,1124,697,26,26,25,47,8,49.6,0.957,1,2.1,0.041,588.36,Storm,0,1124,1,0.96,1.15,1.095
2026-09-11,ATL-HUB,Inbound,Night,22,Friday,0,0,0,1829,1614,607,1173,643,26,26,25,50,8,47.2,0.939,3,2.2,0.036,590.99,Clear,0,1173,0,0.96,1.15,1.095
2026-09-11,ATL-HUB,Inbound,Night,23,Friday,0,0,0,1502,1325,500,843,628,19,19,18,49,8,56.6,0.956,3,3.9,0.034,496.31,Clear,0,843,1,0.82,1.15,1.095
2026-09-11,ATL-HUB,Sortation,Morning,6,Friday,0,0,0,1675,1539,312,1041,664,25,25,24,45,8,52.6,0.965,9,2.9,0.044,608.78,Clear,0,1041,0,0.96,1.15,1.095
2026-09-11,ATL-HUB,Sortation,Morning,7,Friday,0,0,0,2301,2113,726,1421,923,38,37,36,42,8,56.6,0.94,1,2.5,0.03,817.46,Clear,0,1421,0,1.2,1.15,1.095
2026-09-11,ATL-HUB,Sortation,Morning,8,Friday,0,0,1,2697,2477,731,1803,965,46,43,41,46,8,45.5,0.956,2,2.6,0.042,928.25,Clear,0,1803,1,1.2,1.15,1.095
2026-09-11,ATL-HUB,Sortation,Morning,9,Friday,0,0,1,2539,2331,692,1503,1086,42,40,39,39,8,55.5,0.988,6,3.0,0.02,910.34,Clear,0,1503,0,1.2,1.15,1.095
2026-09-11,ATL-HUB,Sortation,Morning,10,Friday,0,0,0,1935,1777,618,1230,754,36,33,32,40,8,52.0,0.962,7,2.3,0.027,746.35,Clear,0,1230,1,1.08,1.15,1.095
2026-09-11,ATL-HUB,Sortation,Morning,11,Friday,0,0,0,2245,2061,646,1275,1029,35,36,34,41,8,66.0,0.915,8,2.7,0.042,805.44,Clear,0,1275,4,1.08,1.15,1.095
2026-09-11,ATL-HUB,Sortation,Morning,12,Friday,0,0,0,1541,1415,509,1056,514,27,25,24,44,8,44.6,1.0,2,2.4,0.028,569.91,Clear,0,1056,0,0.96,1.15,1.095
2026-09-11,ATL-HUB,Sortation,Morning,13,Friday,0,0,0,1849,1698,553,1146,745,29,29,28,44,8,54.1,0.931,0,2.7,0.032,655.57,Clear,0,1146,1,0.96,1.15,1.095
2026-09-11,ATL-HUB,Sortation,Evening,14,Friday,0,0,0,1893,1738,593,1107,831,33,30,30,39,8,60.4,0.946,2,2.5,0.013,696.18,Clear,0,1107,0,0.96,1.15,1.095
2026-09-11,ATL-HUB,Sortation,Evening,15,Friday,0,0,0,1997,1834,420,1049,994,30,31,29,38,8,67.2,0.952,0,3.8,0.056,708.58,Clear,0,1049,0,1.08,1.15,1.095
2026-09-11,ATL-HUB,Sortation,Evening,16,Friday,0,0,0,2154,1978,644,1234,963,32,32,31,43,8,60.3,0.926,7,2.8,0.016,744.86,Clear,0,1234,0,1.08,1.15,1.095
2026-09-11,ATL-HUB,Sortation,Evening,17,Friday,0,0,1,2691,2471,711,1673,1068,43,44,42,41,8,53.6,0.972,10,2.7,0.042,976.03,Clear,0,1673,2,1.2,1.15,1.095
2026-09-11,ATL-HUB,Sortation,Evening,18,Friday,0,0,1,2454,2254,601,1462,1073,39,40,38,41,8,54.2,0.939,4,3.0,0.041,882.89,Clear,0,1462,1,1.2,1.15,1.095
2026-09-11,ATL-HUB,Sortation,Evening,19,Friday,0,0,1,2613,2400,571,1619,1061,42,40,39,44,8,52.3,0.944,4,2.3,0.034,885.71,Clear,0,1619,0,1.2,1.15,1.095
2026-09-11,ATL-HUB,Sortation,Evening,20,Friday,0,0,0,1832,1683,575,1117,756,29,27,26,43,8,53.7,0.999,8,2.7,0.025,641.86,Clear,0,1117,3,1.08,1.15,1.095
2026-09-11,ATL-HUB,Sortation,Evening,21,Friday,0,0,0,1809,1661,437,1244,605,31,29,29,45,8,45.1,0.954,3,1.8,0.016,658.73,Clear,0,1244,0,0.96,1.15,1.095
2026-09-11,ATL-HUB,Sortation,Night,22,Friday,0,0,0,1805,1657,538,1234,624,30,29,28,47,8,45.8,0.938,7,2.3,0.03,665.96,Clear,0,1234,1,0.96,1.15,1.095
2026-09-11,ATL-HUB,Sortation,Night,23,Friday,0,0,0,1513,1389,343,934,624,23,23,22,45,8,55.5,0.944,0,3.4,0.028,551.99,Clear,0,934,0,0.82,1.15,1.095
2026-09-11,ATL-HUB,Outbound,Morning,6,Friday,0,0,0,1646,1612,368,1061,613,24,24,23,50,8,49.4,0.923,10,1.7,0.037,564.39,Storm,0,1061,1,0.96,1.15,1.095
2026-09-11,ATL-HUB,Outbound,Morning,7,Friday,0,0,0,2083,2040,477,1367,757,29,29,28,51,8,47.0,0.957,0,1.9,0.021,637.47,Clear,0,1367,1,1.2,1.15,1.095
2026-09-11,ATL-HUB,Outbound,Morning,8,Friday,0,0,1,2142,2098,422,1500,668,33,32,31,50,8,42.6,0.968,4,1.9,0.022,709.85,Clear,0,1500,3,1.2,1.15,1.095
2026-09-11,ATL-HUB,Outbound,Morning,9,Friday,0,0,1,2376,2328,462,1258,1171,32,31,30,45,8,67.8,0.932,6,3.7,0.032,751.45,Clear,0,1258,1,1.2,1.15,1.095
2026-09-11,ATL-HUB,Outbound,Morning,10,Friday,0,0,0,1823,1786,541,1137,740,23,23,22,52,8,55.8,0.994,2,3.0,0.031,552.9,Clear,0,1137,0,1.08,1.15,1.095
2026-09-11,ATL-HUB,Outbound,Morning,11,Friday,0,0,0,1908,1869,489,1104,859,25,25,24,46,8,61.5,1.0,2,3.3,0.038,601.85,Clear,0,1104,1,1.08,1.15,1.095
2026-09-11,ATL-HUB,Outbound,Morning,12,Friday,0,0,0,1763,1727,626,1078,728,23,24,23,47,8,56.6,0.998,3,3.0,0.031,580.96,Storm,0,1078,1,0.96,1.15,1.095
2026-09-11,ATL-HUB,Outbound,Morning,13,Friday,0,0,0,1528,1497,374,740,827,20,19,18,44,8,77.7,0.935,9,3.7,0.058,511.48,Clear,0,740,2,0.96,1.15,1.095
2026-09-11,ATL-HUB,Outbound,Evening,14,Friday,0,0,0,1831,1794,516,1117,768,26,26,25,47,8,55.8,0.951,10,2.5,0.054,623.14,Clear,0,1117,1,0.96,1.15,1.095
2026-09-11,ATL-HUB,Outbound,Evening,15,Friday,0,0,0,1764,1728,492,1071,748,24,23,22,51,8,55.9,0.955,1,2.4,0.028,531.8,Clear,0,1071,2,1.08,1.15,1.095
2026-09-11,ATL-HUB,Outbound,Evening,16,Friday,0,0,0,2010,1969,391,1152,919,27,27,26,46,8,64.2,0.964,10,3.1,0.03,662.74,Clear,0,1152,0,1.08,1.15,1.095
2026-09-11,ATL-HUB,Outbound,Evening,17,Friday,0,0,1,2251,2205,564,1411,893,33,31,30,50,8,50.2,0.941,4,2.4,0.024,706.35,Clear,0,1411,2,1.2,1.15,1.095
2026-09-11,ATL-HUB,Outbound,Evening,18,Friday,0,0,1,2333,2285,450,1329,1048,31,30,29,48,8,60.0,0.955,5,3.4,0.022,719.56,Clear,0,1329,1,1.2,1.15,1.095
2026-09-11,ATL-HUB,Outbound,Evening,19,Friday,0,0,1,2263,2217,611,1409,906,30,30,29,53,8,53.9,0.917,2,2.2,0.043,675.08,Clear,0,1409,2,1.2,1.15,1.095
2026-09-11,ATL-HUB,Outbound,Evening,20,Friday,0,0,0,1906,1867,404,1141,803,28,26,25,48,8,55.0,0.951,6,2.9,0.044,622.91,Clear,0,1141,0,1.08,1.15,1.095
2026-09-11,ATL-HUB,Outbound,Evening,21,Friday,0,0,0,1594,1561,534,1009,628,24,22,22,49,8,54.0,0.937,7,2.9,0.018,561.89,Clear,0,1009,0,0.96,1.15,1.095
2026-09-11,ATL-HUB,Outbound,Night,22,Friday,0,0,0,1710,1675,545,1080,665,25,24,23,48,8,49.3,0.979,1,2.2,0.027,544.71,Clear,0,1080,0,0.96,1.15,1.095
2026-09-11,ATL-HUB,Outbound,Night,23,Friday,0,0,0,1326,1299,346,849,512,18,18,17,53,8,48.3,0.943,5,2.8,0.038,450.27,Clear,0,849,2,0.82,1.15,1.095
2026-09-11,CHI-HUB,Inbound,Morning,6,Friday,0,0,0,1663,1467,506,963,678,23,23,22,45,8,56.2,0.973,10,2.9,0.037,571.56,Clear,0,963,3,0.96,1.15,1.095
2026-09-11,CHI-HUB,Inbound,Morning,7,Friday,0,0,0,1997,1762,380,1274,691,28,27,26,49,8,47.5,1.0,1,2.9,0.03,626.64,Clear,0,1274,1,1.2,1.15,1.095
2026-09-11,CHI-HUB,Inbound,Morning,8,Friday,0,0,1,2270,2003,611,1346,894,31,30,29,49,8,55.8,0.947,3,2.2,0.033,676.77,Clear,0,1346,1,1.2,1.15,1.095
2026-09-11,CHI-HUB,Inbound,Morning,9,Friday,0,0,1,2228,1966,396,1289,909,32,32,31,43,8,58.4,0.967,3,3.1,0.045,740.23,Clear,0,1289,0,1.2,1.15,1.095
2026-09-11,CHI-HUB,Inbound,Morning,10,Friday,0,0,0,1794,1583,500,932,812,23,23,22,45,8,67.7,0.942,2,3.6,0.031,567.86,Clear,0,932,3,1.08,1.15,1.095
2026-09-11,CHI-HUB,Inbound,Morning,11,Friday,0,0,0,1757,1550,475,1049,680,25,24,23,46,8,53.3,0.992,2,3.0,0.032,571.77,Rain,0,1049,1,1.08,1.15,1.095
2026-09-11,CHI-HUB,Inbound,Morning,12,Friday,0,0,0,1687,1488,309,1012,630,24,23,22,51,8,57.1,0.903,1,2.5,0.039,531.97,Clear,0,1012,0,0.96,1.15,1.095
2026-09-11,CHI-HUB,Inbound,Morning,13,Friday,0,0,0,1704,1503,496,1051,631,24,24,23,47,8,51.8,0.973,1,2.6,0.055,554.58,Clear,0,1051,1,0.96,1.15,1.095
2026-09-11,CHI-HUB,Inbound,Evening,14,Friday,0,0,0,1610,1421,446,865,722,22,21,20,46,8,64.4,0.941,7,2.9,0.038,522.02,Clear,0,865,0,0.96,1.15,1.095
2026-09-11,CHI-HUB,Inbound,Evening,15,Friday,0,0,0,1745,1539,470,1027,690,24,23,22,49,8,54.9,0.954,0,2.4,0.042,527.0,Clear,0,1027,1,1.08,1.15,1.095
2026-09-11,CHI-HUB,Inbound,Evening,16,Friday,0,0,0,1790,1579,576,1019,739,24,24,23,49,8,57.2,0.905,2,2.5,0.053,556.49,Clear,0,1019,0,1.08,1.15,1.095
2026-09-11,CHI-HUB,Inbound,Evening,17,Friday,0,0,1,2153,1899,508,1353,769,30,30,29,48,8,49.9,0.972,7,2.3,0.03,690.3,Clear,0,1353,1,1.2,1.15,1.095
2026-09-11,CHI-HUB,Inbound,Evening,18,Friday,0,0,1,2201,1942,417,1196,968,29,28,26,47,8,64.7,0.979,1,3.3,0.057,641.44,Clear,0,1196,0,1.2,1.15,1.095
2026-09-11,CHI-HUB,Inbound,Evening,19,Friday,0,0,1,2049,1808,565,1088,918,27,26,25,46,8,64.7,0.946,4,3.0,0.029,620.46,Clear,0,1088,2,1.2,1.15,1.095
2026-09-11,CHI-HUB,Inbound,Evening,20,Friday,0,0,0,1641,1448,499,950,654,23,23,22,45,8,53.0,0.96,2,2.6,0.023,537.16,Clear,0,950,2,1.08,1.15,1.095
2026-09-11,CHI-HUB,Inbound,Evening,21,Friday,0,0,0,1607,1418,327,887,689,23,22,21,47,8,62.1,0.9,7,2.3,0.03,524.67,Clear,0,887,2,0.96,1.15,1.095
2026-09-11,CHI-HUB,Inbound,Night,22,Friday,0,0,0,1483,1308,433,926,536,20,19,19,50,8,50.4,0.975,9,3.0,0.026,509.47,Clear,0,926,0,0.96,1.15,1.095
2026-09-11,CHI-HUB,Inbound,Night,23,Friday,0,0,0,1385,1222,278,811,546,19,19,18,48,8,55.3,0.939,2,2.8,0.031,460.24,Clear,0,811,1,0.82,1.15,1.095
2026-09-11,CHI-HUB,Sortation,Morning,6,Friday,0,0,0,1554,1427,477,933,655,26,26,25,41,8,57.6,0.911,9,2.6,0.023,617.65,Clear,0,933,1,0.96,1.15,1.095
2026-09-11,CHI-HUB,Sortation,Morning,7,Friday,0,0,0,2043,1876,493,1468,622,34,33,32,47,8,41.2,0.976,9,1.9,0.037,743.53,Clear,0,1468,0,1.2,1.15,1.095
2026-09-11,CHI-HUB,Sortation,Morning,8,Friday,0,0,1,2233,2051,669,1500,797,40,37,37,42,8,46.8,0.966,1,1.9,0.01,818.92,Clear,0,1500,0,1.2,1.15,1.095
2026-09-11,CHI-HUB,Sortation,Morning,9,Friday,0,0,1,2451,2251,677,1487,1021,40,37,36,42,8,56.8,0.984,2,2.7,0.025,829.04,Clear,0,1487,0,1.2,1.15,1.095
2026-09-11,CHI-HUB,Sortation,Morning,10,Friday,0,0,0,1960,1800,439,1268,750,33,32,31,43,8,50.4,0.952,4,2.3,0.036,717.72,Clear,0,1268,1,1.08,1.15,1.095
2026-09-11,CHI-HUB,Sortation,Morning,11,Friday,0,0,0,1839,1689,413,1131,763,30,30,29,43,8,53.3,0.908,10,2.7,0.05,706.89,Clear,0,1131,3,1.08,1.15,1.095
2026-09-11,CHI-HUB,Sortation,Morning,12,Friday,0,0,0,1630,1497,444,891,761,28,26,26,37,8,62.1,0.926,6,3.5,0.013,654.15,Clear,0,891,0,0.96,1.15,1.095
2026-09-11,CHI-HUB,Sortation,Morning,13,Friday,0,0,0,1754,1611,483,1055,720,27,26,25,44,8,53.9,0.959,4,2.9,0.05,613.72,Clear,0,1055,1,0.96,1.15,1.095
2026-09-11,CHI-HUB,Sortation,Evening,14,Friday,0,0,0,1543,1417,343,1005,569,25,25,24,42,8,50.3,0.997,10,2.5,0.045,598.35,Clear,0,1005,0,0.96,1.15,1.095
2026-09-11,CHI-HUB,Sortation,Evening,15,Friday,0,0,0,1749,1606,479,1214,566,30,30,29,43,8,46.7,0.974,4,2.4,0.021,677.63,Clear,0,1214,2,1.08,1.15,1.095
2026-09-11,CHI-HUB,Sortation,Evening,16,Friday,0,0,0,1745,1602,556,1079,686,28,26,26,43,8,52.9,0.965,5,2.9,0.018,636.26,Clear,0,1079,3,1.08,1.15,1.095
2026-09-11,CHI-HUB,Sortation,Evening,17,Friday,0,0,1,2365,2172,489,1716,713,40,40,39,44,8,41.2,1.0,6,2.2,0.031,887.36,Rain,0,1716,1,1.2,1.15,1.095
2026-09-11,CHI-HUB,Sortation,Evening,18,Friday,0,0,1,2162,1986,534,1442,771,38,35,34,44,8,45.9,0.964,9,2.4,0.017,798.73,Clear,0,1442,1,1.2,1.15,1.095
2026-09-11,CHI-HUB,Sortation,Evening,19,Friday,0,0,1,2283,2097,509,1342,991,39,36,35,40,8,60.2,0.959,4,3.0,0.038,821.24,Clear,0,1342,2,1.2,1.15,1.095
2026-09-11,CHI-HUB,Sortation,Evening,20,Friday,0,0,0,1916,1760,588,1330,622,36,34,33,41,8,46.1,0.983,8,2.3,0.034,768.71,Clear,0,1330,1,1.08,1.15,1.095
2026-09-11,CHI-HUB,Sortation,Evening,21,Friday,0,0,0,1692,1554,500,1103,635,29,28,27,41,8,49.3,0.997,9,2.1,0.023,647.05,Rain,0,1103,0,0.96,1.15,1.095
2026-09-11,CHI-HUB,Sortation,Night,22,Friday,0,0,0,1624,1492,326,980,676,26,25,24,45,8,58.3,0.908,7,2.6,0.042,593.04,Clear,0,980,0,0.96,1.15,1.095
2026-09-11,CHI-HUB,Sortation,Night,23,Friday,0,0,0,1470,1350,374,807,713,22,21,21,41,8,70.0,0.938,6,3.7,0.02,559.3,Clear,0,807,1,0.82,1.15,1.095
2026-09-11,CHI-HUB,Outbound,Morning,6,Friday,0,0,0,1489,1459,368,864,660,20,19,18,50,8,57.6,0.961,8,2.7,0.042,479.56,Clear,0,864,0,0.96,1.15,1.095
2026-09-11,CHI-HUB,Outbound,Morning,7,Friday,0,0,0,1810,1773,487,1069,782,27,25,24,47,8,58.6,0.948,1,2.6,0.037,577.25,Clear,0,1069,2,1.2,1.15,1.095
2026-09-11,CHI-HUB,Outbound,Morning,8,Friday,0,0,1,2141,2097,658,1472,730,33,31,30,51,8,44.8,0.963,8,1.7,0.039,697.53,Clear,0,1472,0,1.2,1.15,1.095
2026-09-11,CHI-HUB,Outbound,Morning,9,Friday,0,0,1,2040,1998,603,1215,874,29,28,27,47,8,58.4,0.958,7,2.7,0.022,661.98,Clear,0,1215,0,1.2,1.15,1.095
2026-09-11,CHI-HUB,Outbound,Morning,10,Friday,0,0,0,1758,1722,486,1032,758,26,24,23,48,8,57.5,0.936,0,2.7,0.038,556.39,Clear,0,1032,0,1.08,1.15,1.095
2026-09-11,CHI-HUB,Outbound,Morning,11,Friday,0,0,0,1671,1637,339,903,811,23,22,21,43,8,66.5,1.0,0,3.4,0.028,535.41,Clear,0,903,2,1.08,1.15,1.095
2026-09-11,CHI-HUB,Outbound,Morning,12,Friday,0,0,0,1606,1573,523,1000,623,22,21,20,50,8,52.3,1.0,3,3.2,0.039,518.7,Clear,0,1000,0,0.96,1.15,1.095
2026-09-11,CHI-HUB,Outbound,Morning,13,Friday,0,0,0,1471,1441,356,921,583,20,19,19,50,8,50.1,0.97,6,2.6,0.01,489.54,Clear,0,921,2,0.96,1.15,1.095
2026-09-11,CHI-HUB,Outbound,Evening,14,Friday,0,0,0,1481,1451,312,990,509,22,22,21,50,8,45.0,0.943,4,1.7,0.034,497.12,Clear,0,990,1,0.96,1.15,1.095
2026-09-11,CHI-HUB,Outbound,Evening,15,Friday,0,0,0,1601,1568,557,1013,631,23,23,22,50,8,53.0,0.921,0,2.6,0.044,531.21,Clear,0,1013,2,1.08,1.15,1.095
2026-09-11,CHI-HUB,Outbound,Evening,16,Friday,0,0,0,1705,1670,494,878,847,23,22,21,43,8,69.0,0.973,6,3.5,0.033,558.02,Clear,0,878,1,1.08,1.15,1.095
2026-09-11,CHI-HUB,Outbound,Evening,17,Friday,0,0,1,2107,2064,513,1326,822,30,29,28,49,8,51.7,0.967,9,2.8,0.035,691.9,Clear,0,1326,2,1.2,1.15,1.095
2026-09-11,CHI-HUB,Outbound,Evening,18,Friday,0,0,1,1914,1875,575,1301,664,27,27,26,51,8,47.3,0.981,1,2.0,0.029,601.37,Clear,0,1301,2,1.2,1.15,1.095
2026-09-11,CHI-HUB,Outbound,Evening,19,Friday,0,0,1,2187,2142,618,1475,787,32,30,29,52,8,47.5,0.978,1,2.7,0.03,684.48,Clear,0,1475,1,1.2,1.15,1.095
2026-09-11,CHI-HUB,Outbound,Evening,20,Friday,0,0,0,1678,1644,455,1036,680,24,23,22,48,8,52.5,0.981,2,2.9,0.058,547.43,Clear,0,1036,0,1.08,1.15,1.095
2026-09-11,CHI-HUB,Outbound,Evening,21,Friday,0,0,0,1513,1482,529,846,694,22,21,20,46,8,64.9,0.92,8,2.9,0.027,524.59,Clear,0,846,1,0.96,1.15,1.095
2026-09-11,CHI-HUB,Outbound,Night,22,Friday,0,0,0,1442,1413,375,878,595,19,19,18,49,8,56.8,0.996,1,3.2,0.058,470.3,Clear,0,878,0,0.96,1.15,1.095
2026-09-11,CHI-HUB,Outbound,Night,23,Friday,0,0,0,1391,1363,493,853,567,19,19,18,50,8,55.4,0.948,0,2.7,0.037,452.16,Clear,0,853,0,0.82,1.15,1.095
2026-09-11,DAL-HUB,Inbound,Morning,6,Friday,0,0,0,1337,1179,308,790,519,19,18,18,47,8,54.8,0.934,1,2.5,0.026,447.8,Clear,0,790,0,0.96,1.15,1.095
2026-09-11,DAL-HUB,Inbound,Morning,7,Friday,0,0,0,1787,1576,335,1097,660,25,25,24,47,8,54.4,0.973,3,2.2,0.039,570.74,Clear,0,1097,2,1.2,1.15,1.095
2026-09-11,DAL-HUB,Inbound,Morning,8,Friday,0,0,1,1844,1627,441,980,818,24,24,23,45,8,62.6,0.947,10,3.9,0.037,622.24,Clear,0,980,0,1.2,1.15,1.095
2026-09-11,DAL-HUB,Inbound,Morning,9,Friday,0,0,1,1986,1753,521,1193,764,29,27,27,46,8,56.2,0.961,1,2.5,0.01,634.76,Clear,0,1193,1,1.2,1.15,1.095
2026-09-11,DAL-HUB,Inbound,Morning,10,Friday,0,0,0,1465,1293,341,921,521,21,20,20,49,8,49.0,0.94,4,2.1,0.021,487.47,Clear,0,921,1,1.08,1.15,1.095
2026-09-11,DAL-HUB,Inbound,Morning,11,Friday,0,0,0,1672,1476,353,923,729,22,22,21,47,8,58.9,0.936,9,3.1,0.042,554.62,Clear,0,923,0,1.08,1.15,1.095
2026-09-11,DAL-HUB,Inbound,Morning,12,Friday,0,0,0,1324,1169,263,685,609,17,17,16,45,8,65.9,0.952,8,3.8,0.061,467.38,Clear,0,685,1,0.96,1.15,1.095
2026-09-11,DAL-HUB,Inbound,Morning,13,Friday,0,0,0,1371,1210,458,852,507,20,20,19,47,8,54.2,0.954,1,2.3,0.034,462.31,Clear,0,852,3,0.96,1.15,1.095
2026-09-11,DAL-HUB,Inbound,Evening,14,Friday,0,0,0,1374,1213,252,828,537,18,19,18,46,8,54.5,1.0,1,2.8,0.039,459.78,Heavy Rain,0,828,1,0.96,1.15,1.095
2026-09-11,DAL-HUB,Inbound,Evening,15,Friday,0,0,0,1555,1372,311,969,555,22,21,21,47,8,48.2,0.982,2,2.3,0.018,507.75,Clear,0,969,0,1.08,1.15,1.095
2026-09-11,DAL-HUB,Inbound,Evening,16,Friday,0,0,0,1574,1389,415,1040,496,24,22,22,49,8,45.5,0.965,6,1.1,0.021,506.79,Clear,0,1040,2,1.08,1.15,1.095
2026-09-11,DAL-HUB,Inbound,Evening,17,Friday,0,0,1,1863,1644,348,1016,819,24,24,23,46,8,60.0,0.961,9,3.1,0.029,596.99,Clear,0,1016,2,1.2,1.15,1.095
2026-09-11,DAL-HUB,Inbound,Evening,18,Friday,0,0,1,1955,1725,557,1232,680,29,27,26,50,8,45.9,0.948,1,2.0,0.039,602.78,Rain,0,1232,0,1.2,1.15,1.095
2026-09-11,DAL-HUB,Inbound,Evening,19,Friday,0,0,1,1808,1595,587,1055,715,26,25,24,46,8,53.2,0.956,8,2.5,0.044,595.51,Clear,0,1055,0,1.2,1.15,1.095
2026-09-11,DAL-HUB,Inbound,Evening,20,Friday,0,0,0,1443,1273,340,939,463,21,20,19,51,8,42.0,0.97,4,2.6,0.045,481.57,Clear,0,939,1,1.08,1.15,1.095
2026-09-11,DAL-HUB,Inbound,Evening,21,Friday,0,0,0,1381,1218,442,863,494,19,19,18,49,8,45.8,0.979,0,2.3,0.027,439.77,Clear,0,863,1,0.96,1.15,1.095
2026-09-11,DAL-HUB,Inbound,Night,22,Friday,0,0,0,1464,1292,311,826,625,19,19,18,49,8,61.2,0.937,9,2.3,0.053,470.05,Clear,0,826,1,0.96,1.15,1.095
2026-09-11,DAL-HUB,Inbound,Night,23,Friday,0,0,0,1109,979,236,618,469,15,14,14,47,8,59.2,0.94,0,2.4,0.033,359.78,Clear,0,618,1,0.82,1.15,1.095
2026-09-11,DAL-HUB,Sortation,Morning,6,Friday,0,0,0,1288,1183,286,832,484,21,20,20,44,8,49.5,0.947,5,2.2,0.024,491.27,Clear,0,832,0,0.96,1.15,1.095
2026-09-11,DAL-HUB,Sortation,Morning,7,Friday,0,0,0,1876,1723,538,1337,582,32,30,29,50,8,43.1,0.922,0,1.6,0.028,644.77,Clear,0,1337,2,1.2,1.15,1.095
2026-09-11,DAL-HUB,Sortation,Morning,8,Friday,0,0,1,2015,1851,426,1135,936,32,30,29,42,8,63.7,0.932,3,2.7,0.023,692.17,Heavy Rain,0,1135,1,1.2,1.15,1.095
2026-09-11,DAL-HUB,Sortation,Morning,9,Friday,0,0,1,1868,1716,555,1312,601,31,30,29,47,8,43.2,0.963,10,1.3,0.038,668.23,Clear,0,1312,0,1.2,1.15,1.095
2026-09-11,DAL-HUB,Sortation,Morning,10,Friday,0,0,0,1674,1538,439,1053,653,28,27,26,42,8,49.8,0.965,10,2.1,0.054,630.41,Rain,0,1053,2,1.08,1.15,1.095
2026-09-11,DAL-HUB,Sortation,Morning,11,Friday,0,0,0,1573,1445,512,995,620,26,25,24,43,8,55.6,0.965,10,2.5,0.058,602.38,Heavy Rain,0,995,1,1.08,1.15,1.095
2026-09-11,DAL-HUB,Sortation,Morning,12,Friday,0,0,0,1449,1331,336,1037,440,24,23,23,46,8,38.9,0.98,3,1.6,0.018,531.12,Rain,0,1037,1,0.96,1.15,1.095
2026-09-11,DAL-HUB,Sortation,Morning,13,Friday,0,0,0,1398,1284,462,780,679,22,22,21,38,8,66.0,0.978,8,3.4,0.024,555.99,Clear,0,780,0,0.96,1.15,1.095
2026-09-11,DAL-HUB,Sortation,Evening,14,Friday,0,0,0,1348,1238,332,821,583,23,22,21,42,8,57.6,0.931,9,2.4,0.038,530.27,Clear,0,821,0,0.96,1.15,1.095
2026-09-11,DAL-HUB,Sortation,Evening,15,Friday,0,0,0,1593,1463,419,1169,480,29,28,27,45,8,40.1,0.963,8,1.7,0.026,628.97,Clear,0,1169,0,1.08,1.15,1.095
2026-09-11,DAL-HUB,Sortation,Evening,16,Friday,0,0,0,1469,1349,492,767,743,20,20,19,41,8,68.4,0.986,6,3.9,0.034,525.88,Clear,0,767,1,1.08,1.15,1.095
2026-09-11,DAL-HUB,Sortation,Evening,17,Friday,0,0,1,1934,1776,431,1263,729,31,30,30,43,8,47.9,0.979,0,2.4,0.01,687.73,Clear,0,1263,2,1.2,1.15,1.095
2026-09-11,DAL-HUB,Sortation,Evening,18,Friday,0,0,1,2003,1839,389,1152,905,31,31,30,42,8,63.2,0.915,1,2.4,0.032,692.19,Clear,0,1152,2,1.2,1.15,1.095
2026-09-11,DAL-HUB,Sortation,Evening,19,Friday,0,0,1,2095,1924,502,1371,775,36,36,34,42,8,51.8,0.96,8,2.1,0.047,785.88,Clear,0,1371,0,1.2,1.15,1.095
2026-09-11,DAL-HUB,Sortation,Evening,20,Friday,0,0,0,1609,1477,535,956,670,25,25,24,43,8,56.8,0.927,8,2.5,0.044,593.16,Clear,0,956,2,1.08,1.15,1.095
2026-09-11,DAL-HUB,Sortation,Evening,21,Friday,0,0,0,1431,1314,263,809,658,20,20,19,43,8,63.3,0.99,10,3.4,0.028,524.0,Clear,0,809,3,0.96,1.15,1.095
2026-09-11,DAL-HUB,Sortation,Night,22,Friday,0,0,0,1474,1354,497,879,635,23,23,22,43,8,57.4,0.93,0,2.8,0.046,534.49,Clear,0,879,1,0.96,1.15,1.095
2026-09-11,DAL-HUB,Sortation,Night,23,Friday,0,0,0,1175,1079,383,718,494,19,19,18,42,8,57.1,0.95,7,2.3,0.035,459.38,Clear,0,718,0,0.82,1.15,1.095
2026-09-11,DAL-HUB,Outbound,Morning,6,Friday,0,0,0,1213,1188,335,849,375,19,17,17,50,8,43.0,0.999,0,2.1,0.015,412.58,Clear,0,849,1,0.96,1.15,1.095
2026-09-11,DAL-HUB,Outbound,Morning,7,Friday,0,0,0,1604,1571,463,948,699,23,22,21,48,8,57.2,0.941,8,3.0,0.038,548.57,Clear,0,948,2,1.2,1.15,1.095
2026-09-11,DAL-HUB,Outbound,Morning,8,Friday,0,0,1,1772,1736,561,1022,795,23,23,23,46,8,60.4,0.966,8,3.4,0.019,601.86,Clear,0,1022,0,1.2,1.15,1.095
2026-09-11,DAL-HUB,Outbound,Morning,9,Friday,0,0,1,1669,1635,417,1045,656,22,22,21,51,8,53.6,0.976,7,2.8,0.046,540.97,Clear,0,1045,1,1.2,1.15,1.095
2026-09-11,DAL-HUB,Outbound,Morning,10,Friday,0,0,0,1370,1342,309,892,507,21,19,19,50,8,50.6,0.94,3,2.1,0.025,464.06,Clear,0,892,1,1.08,1.15,1.095
2026-09-11,DAL-HUB,Outbound,Morning,11,Friday,0,0,0,1434,1405,271,855,617,20,20,19,47,8,56.8,0.958,8,2.8,0.049,500.85,Clear,0,855,0,1.08,1.15,1.095
2026-09-11,DAL-HUB,Outbound,Morning,12,Friday,0,0,0,1248,1223,334,736,527,17,16,16,46,8,58.5,1.0,9,3.2,0.022,453.33,Clear,0,736,2,0.96,1.15,1.095
2026-09-11,DAL-HUB,Outbound,Morning,13,Friday,0,0,0,1326,1299,366,797,565,18,18,17,52,8,55.8,0.902,4,2.0,0.031,424.67,Clear,0,797,2,0.96,1.15,1.095
2026-09-11,DAL-HUB,Outbound,Evening,14,Friday,0,0,0,1156,1132,358,671,515,16,15,15,48,8,58.8,0.933,3,2.2,0.018,384.94,Clear,0,671,2,0.96,1.15,1.095
2026-09-11,DAL-HUB,Outbound,Evening,15,Friday,0,0,0,1475,1445,344,924,607,22,20,20,49,8,53.9,0.943,3,2.4,0.021,493.91,Clear,0,924,0,1.08,1.15,1.095
2026-09-11,DAL-HUB,Outbound,Evening,16,Friday,0,0,0,1524,1493,388,997,558,23,21,21,49,8,50.4,0.97,2,1.8,0.018,494.31,Clear,0,997,0,1.08,1.15,1.095
2026-09-11,DAL-HUB,Outbound,Evening,17,Friday,0,0,1,1671,1637,385,950,756,20,21,20,48,8,59.4,0.99,0,3.6,0.039,525.19,Heavy Rain,0,950,1,1.2,1.15,1.095
2026-09-11,DAL-HUB,Outbound,Evening,18,Friday,0,0,1,1861,1823,355,1103,806,27,26,25,49,8,60.3,0.901,2,2.0,0.054,584.08,Clear,0,1103,1,1.2,1.15,1.095
2026-09-11,DAL-HUB,Outbound,Evening,19,Friday,0,0,1,1882,1844,568,1251,643,28,27,26,49,8,45.4,0.982,1,2.4,0.04,611.98,Clear,0,1251,0,1.2,1.15,1.095
2026-09-11,DAL-HUB,Outbound,Evening,20,Friday,0,0,0,1549,1517,539,980,612,23,22,21,47,8,53.5,0.994,9,2.5,0.026,536.76,Clear,0,980,1,1.08,1.15,1.095
2026-09-11,DAL-HUB,Outbound,Evening,21,Friday,0,0,0,1334,1307,356,771,599,20,19,18,46,8,62.3,0.931,6,3.2,0.042,484.32,Clear,0,771,2,0.96,1.15,1.095
2026-09-11,DAL-HUB,Outbound,Night,22,Friday,0,0,0,1149,1126,260,724,456,16,16,16,47,8,51.9,0.964,3,2.9,0.011,423.91,Clear,0,724,1,0.96,1.15,1.095
2026-09-11,DAL-HUB,Outbound,Night,23,Friday,0,0,0,960,940,298,611,386,13,13,12,52,8,50.4,0.98,7,2.6,0.059,346.84,Clear,0,611,0,0.82,1.15,1.095
2026-09-12,ATL-HUB,Inbound,Morning,6,Saturday,1,0,0,1191,1051,267,673,496,17,17,16,44,8,60.3,0.957,10,3.0,0.03,449.02,Clear,0,673,0,0.96,0.82,1.05
2026-09-12,ATL-HUB,Inbound,Morning,7,Saturday,1,0,0,1347,1188,338,699,639,17,17,16,44,8,69.0,0.994,4,3.8,0.044,454.98,Clear,0,699,0,1.2,0.82,1.05
2026-09-12,ATL-HUB,Inbound,Morning,8,Saturday,1,0,1,1738,1533,536,1066,644,25,24,24,48,8,51.8,0.926,2,2.0,0.01,561.07,Clear,0,1066,0,1.2,0.82,1.05
2026-09-12,ATL-HUB,Inbound,Morning,9,Saturday,1,0,1,1724,1521,544,1011,692,24,23,22,47,8,58.1,0.978,10,3.1,0.036,578.24,Clear,0,1011,1,1.2,0.82,1.05
2026-09-12,ATL-HUB,Inbound,Morning,10,Saturday,1,0,0,1257,1109,311,825,395,17,17,16,54,8,44.4,0.955,0,2.0,0.04,390.19,Clear,0,825,2,1.08,0.82,1.05
2026-09-12,ATL-HUB,Inbound,Morning,11,Saturday,1,0,0,1424,1257,439,915,490,21,21,20,46,8,45.8,0.995,6,2.3,0.025,498.75,Clear,0,915,0,1.08,0.82,1.05
2026-09-12,ATL-HUB,Inbound,Morning,12,Saturday,1,0,0,1136,1002,230,563,549,15,15,14,43,8,71.8,0.936,4,3.5,0.036,403.85,Clear,0,563,3,0.96,0.82,1.05
2026-09-12,ATL-HUB,Inbound,Morning,13,Saturday,1,0,0,1267,1118,240,799,439,18,18,17,47,8,47.0,1.0,6,2.2,0.048,437.36,Heavy Rain,0,799,2,0.96,0.82,1.05
2026-09-12,ATL-HUB,Inbound,Evening,14,Saturday,1,0,0,1214,1071,318,714,464,17,16,16,48,8,54.4,0.93,3,2.5,0.019,413.04,Clear,0,714,1,0.96,0.82,1.05
2026-09-12,ATL-HUB,Inbound,Evening,15,Saturday,1,0,0,1450,1279,469,861,551,20,20,19,49,8,50.4,0.925,1,2.1,0.045,461.17,Heavy Rain,0,861,0,1.08,0.82,1.05
2026-09-12,ATL-HUB,Inbound,Evening,16,Saturday,1,0,0,1326,1170,275,785,512,18,18,17,49,8,53.3,0.943,3,2.6,0.036,437.3,Clear,0,785,1,1.08,0.82,1.05
2026-09-12,ATL-HUB,Inbound,Evening,17,Saturday,1,0,1,1691,1492,551,856,836,23,22,21,43,8,73.5,0.948,4,4.4,0.037,575.34,Clear,0,856,2,1.2,0.82,1.05
2026-09-12,ATL-HUB,Inbound,Evening,18,Saturday,1,0,1,1842,1625,435,1013,786,25,24,23,45,8,62.1,0.979,0,3.2,0.037,570.61,Clear,0,1013,1,1.2,0.82,1.05
2026-09-12,ATL-HUB,Inbound,Evening,19,Saturday,1,0,1,1543,1361,336,896,634,20,20,19,48,8,56.8,0.983,4,3.2,0.042,500.13,Clear,0,896,1,1.2,0.82,1.05
2026-09-12,ATL-HUB,Inbound,Evening,20,Saturday,1,0,0,1380,1217,260,862,475,21,19,19,47,8,46.7,0.965,0,2.3,0.023,459.25,Clear,0,862,1,1.08,0.82,1.05
2026-09-12,ATL-HUB,Inbound,Evening,21,Saturday,1,0,0,1164,1027,252,672,469,16,16,15,47,8,54.8,0.954,2,2.2,0.034,381.06,Clear,0,672,2,0.96,0.82,1.05
2026-09-12,ATL-HUB,Inbound,Night,22,Saturday,1,0,0,1323,1168,262,759,535,18,18,17,46,8,54.0,0.972,1,3.1,0.048,444.86,Clear,0,759,0,0.96,0.82,1.05
2026-09-12,ATL-HUB,Inbound,Night,23,Saturday,1,0,0,953,841,209,555,389,14,13,13,46,8,58.2,0.928,1,2.7,0.03,351.15,Heavy Rain,0,555,1,0.82,0.82,1.05
2026-09-12,ATL-HUB,Sortation,Morning,6,Saturday,1,0,0,1209,1110,349,793,448,20,20,19,43,8,47.2,0.971,9,2.9,0.032,502.71,Clear,0,793,1,0.96,0.82,1.05
2026-09-12,ATL-HUB,Sortation,Morning,7,Saturday,1,0,0,1457,1338,428,860,639,25,24,23,40,8,61.9,0.936,10,2.5,0.022,580.48,Heavy Rain,0,860,1,1.2,0.82,1.05
2026-09-12,ATL-HUB,Sortation,Morning,8,Saturday,1,0,1,1637,1503,492,928,750,29,27,26,38,8,62.5,0.94,7,2.6,0.051,632.28,Clear,0,928,4,1.2,0.82,1.05
2026-09-12,ATL-HUB,Sortation,Morning,9,Saturday,1,0,1,1709,1569,578,1160,587,28,28,27,43,8,47.4,0.999,0,2.6,0.027,632.58,Rain,0,1160,3,1.2,0.82,1.05
2026-09-12,ATL-HUB,Sortation,Morning,10,Saturday,1,0,0,1474,1354,317,946,557,24,23,22,44,8,51.7,0.977,5,2.8,0.028,550.49,Clear,0,946,1,1.08,0.82,1.05
2026-09-12,ATL-HUB,Sortation,Morning,11,Saturday,1,0,0,1311,1204,406,838,505,22,21,21,41,8,49.7,0.974,9,2.6,0.019,535.18,Clear,0,838,0,1.08,0.82,1.05
2026-09-12,ATL-HUB,Sortation,Morning,12,Saturday,1,0,0,1337,1228,351,894,470,23,22,21,44,8,46.7,0.968,6,2.4,0.046,520.47,Clear,0,894,1,0.96,0.82,1.05
2026-09-12,ATL-HUB,Sortation,Morning,13,Saturday,1,0,0,1144,1051,404,822,361,19,19,18,46,8,42.9,0.994,9,1.8,0.03,451.22,Clear,0,822,2,0.96,0.82,1.05
2026-09-12,ATL-HUB,Sortation,Evening,14,Saturday,1,0,0,1315,1207,334,749,613,19,20,19,42,8,65.8,0.939,2,3.5,0.048,499.06,Clear,0,749,2,0.96,0.82,1.05
2026-09-12,ATL-HUB,Sortation,Evening,15,Saturday,1,0,0,1407,1292,479,1003,430,23,23,22,46,8,40.3,0.991,1,2.2,0.044,519.65,Clear,0,1003,2,1.08,0.82,1.05
2026-09-12,ATL-HUB,Sortation,Evening,16,Saturday,1,0,0,1464,1344,359,1035,462,24,23,23,45,8,44.3,1.0,8,2.5,0.018,570.99,Clear,0,1035,0,1.08,0.82,1.05
2026-09-12,ATL-HUB,Sortation,Evening,17,Saturday,1,0,1,1557,1430,498,962,625,25,25,24,42,8,54.0,0.955,10,3.0,0.058,612.6,Clear,0,962,1,1.2,0.82,1.05
2026-09-12,ATL-HUB,Sortation,Evening,18,Saturday,1,0,1,1734,1593,336,1183,595,28,28,27,45,8,46.3,0.974,0,2.1,0.047,617.16,Clear,0,1183,0,1.2,0.82,1.05
2026-09-12,ATL-HUB,Sortation,Evening,19,Saturday,1,0,1,1567,1439,486,964,633,26,25,24,41,8,54.2,0.98,4,3.0,0.026,593.58,Clear,0,964,3,1.2,0.82,1.05
2026-09-12,ATL-HUB,Sortation,Evening,20,Saturday,1,0,0,1478,1358,330,746,768,23,22,21,39,8,74.0,0.911,7,3.9,0.031,568.26,Clear,0,746,2,1.08,0.82,1.05
2026-09-12,ATL-HUB,Sortation,Evening,21,Saturday,1,0,0,1236,1135,396,782,493,21,20,19,42,8,53.3,0.981,0,2.7,0.035,468.82,Clear,0,782,1,0.96,0.82,1.05
2026-09-12,ATL-HUB,Sortation,Night,22,Saturday,1,0,0,1336,1227,391,712,670,21,20,19,41,8,68.1,0.914,4,3.2,0.032,497.45,Clear,0,712,1,0.96,0.82,1.05
2026-09-12,ATL-HUB,Sortation,Night,23,Saturday,1,0,0,1150,1056,356,690,485,17,18,17,42,8,57.4,0.967,5,2.8,0.038,447.03,Clear,0,690,3,0.82,0.82,1.05
2026-09-12,ATL-HUB,Outbound,Morning,6,Saturday,1,0,0,1086,1064,353,728,372,15,14,14,52,8,44.5,1.0,0,2.5,0.025,362.96,Clear,0,728,1,0.96,0.82,1.05
2026-09-12,ATL-HUB,Outbound,Morning,7,Saturday,1,0,0,1323,1296,366,835,511,18,18,17,53,8,51.7,0.927,0,2.5,0.044,425.82,Clear,0,835,1,1.2,0.82,1.05
2026-09-12,ATL-HUB,Outbound,Morning,8,Saturday,1,0,1,1569,1537,416,1001,602,21,21,20,51,8,52.2,0.982,8,2.8,0.035,522.84,Clear,0,1001,3,1.2,0.82,1.05
2026-09-12,ATL-HUB,Outbound,Morning,9,Saturday,1,0,1,1469,1439,465,893,615,21,21,20,48,8,55.2,0.931,8,2.4,0.037,509.78,Clear,0,893,0,1.2,0.82,1.05
2026-09-12,ATL-HUB,Outbound,Morning,10,Saturday,1,0,0,1143,1120,274,722,441,17,16,15,51,8,52.7,0.944,9,2.3,0.054,406.71,Clear,0,722,3,1.08,0.82,1.05
2026-09-12,ATL-HUB,Outbound,Morning,11,Saturday,1,0,0,1131,1108,238,667,503,15,15,14,50,8,62.2,0.954,3,3.0,0.042,387.39,Clear,0,667,1,1.08,0.82,1.05
2026-09-12,ATL-HUB,Outbound,Morning,12,Saturday,1,0,0,1214,1189,341,708,526,17,16,15,49,8,60.6,0.964,10,3.0,0.032,430.8,Clear,0,708,2,0.96,0.82,1.05
2026-09-12,ATL-HUB,Outbound,Morning,13,Saturday,1,0,0,1158,1134,222,768,400,16,16,16,51,8,47.1,0.942,5,1.7,0.017,396.88,Clear,0,768,3,0.96,0.82,1.05
2026-09-12,ATL-HUB,Outbound,Evening,14,Saturday,1,0,0,1131,1108,318,753,403,17,16,16,48,8,44.7,0.981,7,2.5,0.016,425.19,Clear,0,753,0,0.96,0.82,1.05
2026-09-12,ATL-HUB,Outbound,Evening,15,Saturday,1,0,0,1192,1168,384,773,453,17,17,16,51,8,51.6,0.948,8,2.1,0.036,420.93,Heavy Rain,0,773,0,1.08,0.82,1.05
2026-09-12,ATL-HUB,Outbound,Evening,16,Saturday,1,0,0,1310,1283,422,731,617,18,17,17,46,8,64.4,0.936,4,3.1,0.027,455.17,Clear,0,731,1,1.08,0.82,1.05
2026-09-12,ATL-HUB,Outbound,Evening,17,Saturday,1,0,1,1392,1364,293,724,715,18,18,17,44,8,74.0,0.968,9,3.7,0.051,489.48,Clear,0,724,2,1.2,0.82,1.05
2026-09-12,ATL-HUB,Outbound,Evening,18,Saturday,1,0,1,1387,1359,400,991,436,20,19,19,53,8,41.7,0.985,6,2.0,0.023,471.19,Clear,0,991,3,1.2,0.82,1.05
2026-09-12,ATL-HUB,Outbound,Evening,19,Saturday,1,0,1,1538,1507,353,956,617,22,21,20,51,8,54.1,0.938,4,2.4,0.028,499.96,Rain,0,956,0,1.2,0.82,1.05
2026-09-12,ATL-HUB,Outbound,Evening,20,Saturday,1,0,0,1144,1121,348,744,436,16,16,15,50,8,52.2,0.993,5,2.7,0.047,405.12,Clear,0,744,1,1.08,0.82,1.05
2026-09-12,ATL-HUB,Outbound,Evening,21,Saturday,1,0,0,1098,1076,261,672,455,16,14,14,49,8,59.1,0.98,1,3.0,0.022,380.38,Clear,0,672,1,0.96,0.82,1.05
2026-09-12,ATL-HUB,Outbound,Night,22,Saturday,1,0,0,1018,997,349,531,517,12,13,12,47,8,73.7,0.943,1,4.0,0.042,367.9,Clear,0,531,0,0.96,0.82,1.05
2026-09-12,ATL-HUB,Outbound,Night,23,Saturday,1,0,0,1033,1012,229,597,465,14,14,13,49,8,62.2,0.939,8,2.9,0.048,379.29,Clear,0,597,0,0.82,0.82,1.05
2026-09-12,CHI-HUB,Inbound,Morning,6,Saturday,1,0,0,949,837,274,476,444,12,12,11,45,8,68.7,0.962,4,3.4,0.042,339.26,Clear,0,476,1,0.96,0.82,1.05
2026-09-12,CHI-HUB,Inbound,Morning,7,Saturday,1,0,0,1402,1237,319,808,560,21,20,19,43,8,57.9,0.989,4,2.9,0.04,489.25,Clear,0,808,2,1.2,0.82,1.05
2026-09-12,CHI-HUB,Inbound,Morning,8,Saturday,1,0,1,1546,1364,317,859,672,21,21,20,46,8,60.4,0.934,8,2.4,0.044,510.09,Clear,0,859,0,1.2,0.82,1.05
2026-09-12,CHI-HUB,Inbound,Morning,9,Saturday,1,0,1,1453,1282,394,830,594,19,19,18,47,8,55.4,0.982,4,3.0,0.036,473.45,Clear,0,830,0,1.2,0.82,1.05
2026-09-12,CHI-HUB,Inbound,Morning,10,Saturday,1,0,0,1230,1085,242,825,403,18,17,17,52,8,46.1,0.934,9,1.7,0.016,432.21,Heavy Rain,0,825,2,1.08,0.82,1.05
2026-09-12,CHI-HUB,Inbound,Morning,11,Saturday,1,0,0,1244,1098,288,686,549,16,16,15,48,8,61.5,0.954,9,2.9,0.034,424.46,Clear,0,686,1,1.08,0.82,1.05
2026-09-12,CHI-HUB,Inbound,Morning,12,Saturday,1,0,0,1028,907,257,608,404,15,15,14,45,8,53.7,0.966,10,2.7,0.045,398.74,Clear,0,608,3,0.96,0.82,1.05
2026-09-12,CHI-HUB,Inbound,Morning,13,Saturday,1,0,0,1130,997,298,695,427,16,16,15,48,8,52.8,0.966,8,2.3,0.049,402.44,Clear,0,695,1,0.96,0.82,1.05
2026-09-12,CHI-HUB,Inbound,Evening,14,Saturday,1,0,0,1088,960,334,675,399,15,16,15,48,8,49.0,0.939,6,2.1,0.032,389.71,Clear,0,675,1,0.96,0.82,1.05
2026-09-12,CHI-HUB,Inbound,Evening,15,Saturday,1,0,0,1114,983,299,642,459,15,13,13,52,8,55.4,0.951,1,3.0,0.031,360.37,Clear,0,642,1,1.08,0.82,1.05
2026-09-12,CHI-HUB,Inbound,Evening,16,Saturday,1,0,0,1276,1125,415,680,565,18,17,16,44,8,65.2,0.967,0,3.6,0.047,438.02,Heavy Rain,0,680,1,1.08,0.82,1.05
2026-09-12,CHI-HUB,Inbound,Evening,17,Saturday,1,0,1,1671,1475,534,918,712,23,22,21,47,8,57.9,0.93,10,3.1,0.03,561.34,Heavy Rain,0,918,1,1.2,0.82,1.05
2026-09-12,CHI-HUB,Inbound,Evening,18,Saturday,1,0,1,1475,1302,286,874,576,21,20,19,47,8,54.9,0.979,9,3.0,0.038,509.35,Clear,0,874,3,1.2,0.82,1.05
2026-09-12,CHI-HUB,Inbound,Evening,19,Saturday,1,0,1,1523,1344,478,919,570,22,21,21,46,8,53.8,0.952,1,2.2,0.023,501.19,Clear,0,919,0,1.2,0.82,1.05
2026-09-12,CHI-HUB,Inbound,Evening,20,Saturday,1,0,0,1310,1156,267,735,559,17,17,16,49,8,60.3,0.939,5,3.0,0.049,435.13,Clear,0,735,0,1.08,0.82,1.05
2026-09-12,CHI-HUB,Inbound,Evening,21,Saturday,1,0,0,1155,1019,276,715,414,17,16,16,47,8,52.6,0.951,7,2.4,0.028,421.99,Clear,0,715,1,0.96,0.82,1.05
2026-09-12,CHI-HUB,Inbound,Night,22,Saturday,1,0,0,1089,961,332,685,401,15,15,14,52,8,52.7,0.942,7,2.5,0.043,384.62,Clear,0,685,1,0.96,0.82,1.05
2026-09-12,CHI-HUB,Inbound,Night,23,Saturday,1,0,0,914,807,233,505,390,13,12,12,45,8,60.7,0.935,1,3.5,0.029,351.35,Clear,0,505,1,0.82,0.82,1.05
2026-09-12,CHI-HUB,Sortation,Morning,6,Saturday,1,0,0,1121,1029,353,642,500,16,17,16,43,8,62.6,0.934,4,2.7,0.037,422.23,Rain,0,642,0,0.96,0.82,1.05
2026-09-12,CHI-HUB,Sortation,Morning,7,Saturday,1,0,0,1324,1216,336,792,565,21,21,20,41,8,59.5,0.967,6,2.8,0.029,511.94,Clear,0,792,3,1.2,0.82,1.05
2026-09-12,CHI-HUB,Sortation,Morning,8,Saturday,1,0,1,1735,1593,396,983,788,28,26,25,42,8,62.9,0.936,6,3.0,0.026,622.58,Clear,0,983,4,1.2,0.82,1.05
2026-09-12,CHI-HUB,Sortation,Morning,9,Saturday,1,0,1,1661,1525,323,940,758,28,25,25,41,8,61.4,0.917,7,3.1,0.01,627.21,Clear,0,940,0,1.2,0.82,1.05
2026-09-12,CHI-HUB,Sortation,Morning,10,Saturday,1,0,0,1197,1099,404,592,633,17,17,16,38,8,78.2,0.975,1,4.4,0.037,460.4,Clear,0,592,0,1.08,0.82,1.05
2026-09-12,CHI-HUB,Sortation,Morning,11,Saturday,1,0,0,1319,1211,284,937,387,22,20,20,47,8,43.0,0.997,8,2.0,0.021,495.83,Clear,0,937,3,1.08,0.82,1.05
2026-09-12,CHI-HUB,Sortation,Morning,12,Saturday,1,0,0,1199,1101,397,737,495,22,20,20,39,8,53.8,0.945,1,2.8,0.024,493.63,Clear,0,737,0,0.96,0.82,1.05
2026-09-12,CHI-HUB,Sortation,Morning,13,Saturday,1,0,0,1085,997,320,682,433,18,17,17,43,8,54.1,0.933,6,2.2,0.024,432.24,Clear,0,682,0,0.96,0.82,1.05
2026-09-12,CHI-HUB,Sortation,Evening,14,Saturday,1,0,0,1129,1037,285,743,417,18,18,17,44,8,48.8,0.994,8,2.0,0.047,433.85,Clear,0,743,1,0.96,0.82,1.05
2026-09-12,CHI-HUB,Sortation,Evening,15,Saturday,1,0,0,1276,1172,408,865,425,22,20,20,44,8,47.4,0.983,6,2.5,0.018,502.65,Clear,0,865,0,1.08,0.82,1.05
2026-09-12,CHI-HUB,Sortation,Evening,16,Saturday,1,0,0,1277,1173,427,687,621,21,20,19,39,8,67.8,0.928,6,3.4,0.034,508.37,Clear,0,687,1,1.08,0.82,1.05
2026-09-12,CHI-HUB,Sortation,Evening,17,Saturday,1,0,1,1656,1521,483,1014,672,27,27,26,39,8,53.4,1.0,9,2.9,0.019,647.42,Clear,0,1014,0,1.2,0.82,1.05
2026-09-12,CHI-HUB,Sortation,Evening,18,Saturday,1,0,1,1600,1469,341,1053,586,29,26,26,43,8,43.9,0.942,1,1.9,0.017,592.79,Clear,0,1053,2,1.2,0.82,1.05
2026-09-12,CHI-HUB,Sortation,Evening,19,Saturday,1,0,1,1630,1497,545,1009,666,28,26,25,41,8,54.8,0.985,0,3.1,0.039,604.25,Clear,0,1009,0,1.2,0.82,1.05
2026-09-12,CHI-HUB,Sortation,Evening,20,Saturday,1,0,0,1231,1131,268,717,554,19,19,18,43,8,60.4,0.927,4,2.5,0.035,456.43,Clear,0,717,1,1.08,0.82,1.05
2026-09-12,CHI-HUB,Sortation,Evening,21,Saturday,1,0,0,1242,1141,349,731,560,18,19,18,44,8,60.5,0.923,0,2.7,0.032,449.42,Clear,0,731,2,0.96,0.82,1.05
2026-09-12,CHI-HUB,Sortation,Night,22,Saturday,1,0,0,1051,965,259,563,507,15,16,15,41,8,65.0,0.915,9,2.9,0.042,421.81,Clear,0,563,1,0.96,0.82,1.05
2026-09-12,CHI-HUB,Sortation,Night,23,Saturday,1,0,0,971,891,284,573,408,15,15,14,42,8,58.3,0.976,3,3.0,0.035,384.44,Clear,0,573,0,0.82,0.82,1.05
2026-09-12,CHI-HUB,Outbound,Morning,6,Saturday,1,0,0,1038,1017,229,583,484,13,13,12,49,8,62.4,0.993,9,3.8,0.042,388.28,Clear,0,583,1,0.96,0.82,1.05
2026-09-12,CHI-HUB,Outbound,Morning,7,Saturday,1,0,0,1297,1271,324,834,482,19,18,18,49,8,49.8,0.946,10,2.9,0.019,488.03,Clear,0,834,2,1.2,0.82,1.05
2026-09-12,CHI-HUB,Outbound,Morning,8,Saturday,1,0,1,1548,1516,478,969,617,19,20,19,51,8,52.1,1.0,1,2.7,0.04,477.74,Clear,0,969,1,1.2,0.82,1.05
2026-09-12,CHI-HUB,Outbound,Morning,9,Saturday,1,0,1,1585,1553,401,950,658,21,20,19,50,8,55.5,1.0,4,3.4,0.05,507.62,Clear,0,950,0,1.2,0.82,1.05
2026-09-12,CHI-HUB,Outbound,Morning,10,Saturday,1,0,0,1248,1223,265,678,600,18,18,17,43,8,68.4,0.928,6,3.4,0.043,471.58,Heavy Rain,0,678,3,1.08,0.82,1.05
2026-09-12,CHI-HUB,Outbound,Morning,11,Saturday,1,0,0,1274,1248,296,826,486,19,17,17,51,8,52.9,0.954,6,2.2,0.019,435.7,Clear,0,826,2,1.08,0.82,1.05
2026-09-12,CHI-HUB,Outbound,Morning,12,Saturday,1,0,0,906,888,175,613,303,13,12,12,54,8,45.7,0.946,3,1.8,0.041,310.65,Clear,0,613,2,0.96,0.82,1.05
2026-09-12,CHI-HUB,Outbound,Morning,13,Saturday,1,0,0,1223,1198,312,707,528,18,17,16,45,8,63.4,0.983,5,2.9,0.037,431.66,Clear,0,707,0,0.96,0.82,1.05
2026-09-12,CHI-HUB,Outbound,Evening,14,Saturday,1,0,0,924,905,287,538,416,12,12,12,48,8,60.8,0.934,3,2.3,0.032,324.97,Clear,0,538,0,0.96,0.82,1.05
2026-09-12,CHI-HUB,Outbound,Evening,15,Saturday,1,0,0,1032,1011,227,629,423,16,14,14,48,8,54.0,0.936,3,2.5,0.019,371.57,Clear,0,629,1,1.08,0.82,1.05
2026-09-12,CHI-HUB,Outbound,Evening,16,Saturday,1,0,0,1137,1114,403,670,504,15,15,14,50,8,60.4,0.958,1,2.9,0.056,378.3,Clear,0,670,3,1.08,0.82,1.05
2026-09-12,CHI-HUB,Outbound,Evening,17,Saturday,1,0,1,1304,1277,354,771,567,19,18,17,47,8,58.7,0.966,0,3.4,0.033,450.66,Clear,0,771,1,1.2,0.82,1.05
2026-09-12,CHI-HUB,Outbound,Evening,18,Saturday,1,0,1,1452,1422,509,1008,501,21,20,19,55,8,44.4,0.965,9,2.3,0.042,490.38,Clear,0,1008,1,1.2,0.82,1.05
2026-09-12,CHI-HUB,Outbound,Evening,19,Saturday,1,0,1,1281,1255,442,707,599,17,17,16,45,8,66.0,0.982,6,3.4,0.033,449.94,Clear,0,707,0,1.2,0.82,1.05
2026-09-12,CHI-HUB,Outbound,Evening,20,Saturday,1,0,0,1210,1185,328,715,526,18,17,16,46,8,58.8,0.972,2,3.4,0.039,435.83,Clear,0,715,0,1.08,0.82,1.05
2026-09-12,CHI-HUB,Outbound,Evening,21,Saturday,1,0,0,1038,1017,318,686,375,15,15,14,49,8,47.5,1.0,1,2.5,0.048,365.28,Clear,0,686,2,0.96,0.82,1.05
2026-09-12,CHI-HUB,Outbound,Night,22,Saturday,1,0,0,1033,1012,196,680,374,15,14,14,52,8,47.7,0.935,4,1.9,0.032,357.99,Clear,0,680,1,0.96,0.82,1.05
2026-09-12,CHI-HUB,Outbound,Night,23,Saturday,1,0,0,842,825,260,530,336,12,12,11,50,8,50.3,0.965,1,2.9,0.066,314.38,Clear,0,530,1,0.82,0.82,1.05
2026-09-12,DAL-HUB,Inbound,Morning,6,Saturday,1,0,0,976,861,256,493,467,13,13,12,45,8,67.1,0.914,2,3.3,0.048,350.03,Clear,0,493,1,0.96,0.82,1.05
2026-09-12,DAL-HUB,Inbound,Morning,7,Saturday,1,0,0,1108,978,245,671,447,15,16,15,46,8,52.9,0.974,6,2.7,0.037,406.87,Clear,0,671,3,1.2,0.82,1.05
2026-09-12,DAL-HUB,Inbound,Morning,8,Saturday,1,0,1,1237,1091,248,765,463,18,18,17,48,8,51.5,0.939,3,2.3,0.044,427.33,Clear,0,765,1,1.2,0.82,1.05
2026-09-12,DAL-HUB,Inbound,Morning,9,Saturday,1,0,1,1263,1115,364,596,629,14,15,14,45,8,77.9,0.947,5,4.9,0.043,448.5,Clear,0,596,1,1.2,0.82,1.05
2026-09-12,DAL-HUB,Inbound,Morning,10,Saturday,1,0,0,1048,925,235,548,491,13,13,12,46,8,68.6,0.993,3,3.9,0.039,371.3,Clear,0,548,0,1.08,0.82,1.05
2026-09-12,DAL-HUB,Inbound,Morning,11,Saturday,1,0,0,992,875,184,508,485,12,12,11,49,8,71.2,0.943,2,3.8,0.051,344.81,Clear,0,508,0,1.08,0.82,1.05
2026-09-12,DAL-HUB,Inbound,Morning,12,Saturday,1,0,0,1017,898,252,533,483,14,14,13,42,8,66.5,0.978,5,3.6,0.043,388.26,Clear,0,533,4,0.96,0.82,1.05
2026-09-12,DAL-HUB,Inbound,Morning,13,Saturday,1,0,0,971,856,279,545,404,12,12,11,51,8,57.4,0.972,10,3.2,0.053,353.24,Clear,0,545,1,0.96,0.82,1.05
2026-09-12,DAL-HUB,Inbound,Evening,14,Saturday,1,0,0,911,804,247,502,395,12,12,12,45,8,59.2,0.93,1,2.9,0.031,334.49,Clear,0,502,1,0.96,0.82,1.05
2026-09-12,DAL-HUB,Inbound,Evening,15,Saturday,1,0,0,999,882,286,618,358,13,13,12,52,8,52.4,0.992,1,2.8,0.044,333.24,Clear,0,618,0,1.08,0.82,1.05
2026-09-12,DAL-HUB,Inbound,Evening,16,Saturday,1,0,0,1147,1012,380,639,499,15,15,15,46,8,57.7,0.928,4,3.3,0.016,417.95,Clear,0,639,1,1.08,0.82,1.05
2026-09-12,DAL-HUB,Inbound,Evening,17,Saturday,1,0,1,1227,1082,333,711,486,16,15,15,48,8,56.4,0.989,8,3.4,0.031,434.95,Clear,0,711,0,1.2,0.82,1.05
2026-09-12,DAL-HUB,Inbound,Evening,18,Saturday,1,0,1,1333,1176,303,828,495,19,19,18,48,8,51.1,0.959,10,2.3,0.033,470.93,Clear,0,828,1,1.2,0.82,1.05
2026-09-12,DAL-HUB,Inbound,Evening,19,Saturday,1,0,1,1308,1154,238,796,501,19,18,18,47,8,55.1,0.941,8,2.2,0.023,461.29,Clear,0,796,0,1.2,0.82,1.05
2026-09-12,DAL-HUB,Inbound,Evening,20,Saturday,1,0,0,1088,960,327,605,481,14,14,14,44,8,61.3,0.983,4,3.3,0.028,397.41,Clear,0,605,3,1.08,0.82,1.05
2026-09-12,DAL-HUB,Inbound,Evening,21,Saturday,1,0,0,974,859,256,599,362,13,13,13,48,8,51.3,0.96,0,2.2,0.025,332.29,Clear,0,599,2,0.96,0.82,1.05
2026-09-12,DAL-HUB,Inbound,Night,22,Saturday,1,0,0,847,747,285,460,378,10,11,10,48,8,62.2,0.96,1,3.1,0.058,299.96,Clear,0,460,0,0.96,0.82,1.05
2026-09-12,DAL-HUB,Inbound,Night,23,Saturday,1,0,0,756,667,228,527,205,11,11,11,52,8,39.1,0.923,1,1.3,0.026,267.46,Clear,0,527,0,0.82,0.82,1.05
2026-09-12,DAL-HUB,Sortation,Morning,6,Saturday,1,0,0,988,908,338,651,360,17,15,15,44,8,47.5,0.987,6,2.7,0.01,405.46,Clear,0,651,1,0.96,0.82,1.05
2026-09-12,DAL-HUB,Sortation,Morning,7,Saturday,1,0,0,1260,1157,248,788,517,22,21,20,41,8,55.7,0.962,4,2.5,0.032,495.95,Clear,0,788,3,1.2,0.82,1.05
2026-09-12,DAL-HUB,Sortation,Morning,8,Saturday,1,0,1,1356,1245,339,779,607,22,21,20,41,8,61.0,0.95,4,3.3,0.04,520.11,Clear,0,779,1,1.2,0.82,1.05
2026-09-12,DAL-HUB,Sortation,Morning,9,Saturday,1,0,1,1273,1169,358,815,483,19,20,19,44,8,51.8,0.976,9,2.6,0.03,495.48,Clear,0,815,3,1.2,0.82,1.05
2026-09-12,DAL-HUB,Sortation,Morning,10,Saturday,1,0,0,1163,1068,383,696,498,18,18,17,41,8,57.4,0.999,1,3.5,0.04,454.07,Clear,0,696,4,1.08,0.82,1.05
2026-09-12,DAL-HUB,Sortation,Morning,11,Saturday,1,0,0,1085,997,345,702,406,18,18,18,39,8,49.7,1.0,2,2.6,0.014,450.14,Clear,0,702,3,1.08,0.82,1.05
2026-09-12,DAL-HUB,Sortation,Morning,12,Saturday,1,0,0,881,809,295,570,334,15,15,14,41,8,52.2,0.994,3,2.6,0.035,371.58,Clear,0,570,0,0.96,0.82,1.05
2026-09-12,DAL-HUB,Sortation,Morning,13,Saturday,1,0,0,1000,918,347,605,440,17,16,16,39,8,57.5,0.97,2,2.9,0.021,417.98,Clear,0,605,1,0.96,0.82,1.05
2026-09-12,DAL-HUB,Sortation,Evening,14,Saturday,1,0,0,1028,944,249,625,418,15,16,15,43,8,53.0,0.97,1,3.2,0.041,404.18,Clear,0,625,1,0.96,0.82,1.05
2026-09-12,DAL-HUB,Sortation,Evening,15,Saturday,1,0,0,1087,999,359,683,453,18,17,16,45,8,53.9,0.949,6,2.7,0.037,426.78,Clear,0,683,0,1.08,0.82,1.05
2026-09-12,DAL-HUB,Sortation,Evening,16,Saturday,1,0,0,1092,1003,274,641,482,19,18,17,41,8,59.6,0.92,3,2.6,0.06,433.97,Clear,0,641,3,1.08,0.82,1.05
2026-09-12,DAL-HUB,Sortation,Evening,17,Saturday,1,0,1,1393,1279,268,844,570,22,22,21,42,8,54.3,0.958,3,3.0,0.042,528.7,Clear,0,844,0,1.2,0.82,1.05
2026-09-12,DAL-HUB,Sortation,Evening,18,Saturday,1,0,1,1426,1310,262,882,574,24,24,23,40,8,53.4,0.96,0,2.5,0.042,544.71,Clear,0,882,1,1.2,0.82,1.05
2026-09-12,DAL-HUB,Sortation,Evening,19,Saturday,1,0,1,1321,1213,308,735,611,21,20,19,41,8,61.2,0.944,4,3.6,0.045,508.36,Clear,0,735,0,1.2,0.82,1.05
2026-09-12,DAL-HUB,Sortation,Evening,20,Saturday,1,0,0,1059,972,342,592,496,16,16,16,39,8,64.8,0.95,8,2.9,0.019,438.26,Clear,0,592,0,1.08,0.82,1.05
2026-09-12,DAL-HUB,Sortation,Evening,21,Saturday,1,0,0,999,918,232,588,437,15,15,15,42,8,56.9,0.935,6,2.6,0.027,402.86,Clear,0,588,2,0.96,0.82,1.05
2026-09-12,DAL-HUB,Sortation,Night,22,Saturday,1,0,0,924,848,285,546,401,15,15,14,41,8,58.8,0.953,1,2.9,0.039,374.37,Clear,0,546,0,0.96,0.82,1.05
2026-09-12,DAL-HUB,Sortation,Night,23,Saturday,1,0,0,903,829,248,535,397,14,14,13,42,8,58.5,0.981,9,2.7,0.049,374.5,Clear,0,535,0,0.82,0.82,1.05
2026-09-12,DAL-HUB,Outbound,Morning,6,Saturday,1,0,0,898,880,302,534,398,11,11,11,49,8,59.2,0.991,1,3.6,0.036,338.31,Storm,0,534,2,0.96,0.82,1.05
2026-09-12,DAL-HUB,Outbound,Morning,7,Saturday,1,0,0,1115,1092,291,812,325,16,15,15,57,8,39.8,0.95,9,1.3,0.03,378.18,Clear,0,812,0,1.2,0.82,1.05
2026-09-12,DAL-HUB,Outbound,Morning,8,Saturday,1,0,1,1324,1297,254,778,564,19,18,17,47,8,59.9,0.975,1,3.1,0.037,450.7,Storm,0,778,2,1.2,0.82,1.05
2026-09-12,DAL-HUB,Outbound,Morning,9,Saturday,1,0,1,1040,1019,338,628,445,14,14,13,49,8,58.5,0.987,3,2.6,0.045,355.02,Clear,0,628,1,1.2,0.82,1.05
2026-09-12,DAL-HUB,Outbound,Morning,10,Saturday,1,0,0,1026,1005,260,683,368,15,14,14,50,8,49.6,0.976,7,2.3,0.031,378.65,Clear,0,683,0,1.08,0.82,1.05
2026-09-12,DAL-HUB,Outbound,Morning,11,Saturday,1,0,0,1042,1021,202,681,404,15,15,14,52,8,49.8,0.936,10,2.5,0.055,395.3,Rain,0,681,1,1.08,0.82,1.05
2026-09-12,DAL-HUB,Outbound,Morning,12,Saturday,1,0,0,911,892,211,460,467,11,11,10,49,8,72.3,0.941,4,3.3,0.051,316.94,Clear,0,460,2,0.96,0.82,1.05
2026-09-12,DAL-HUB,Outbound,Morning,13,Saturday,1,0,0,777,761,211,426,369,10,10,9,50,8,66.2,0.947,8,3.2,0.059,304.97,Clear,0,426,0,0.96,0.82,1.05
2026-09-12,DAL-HUB,Outbound,Evening,14,Saturday,1,0,0,904,886,293,648,258,13,12,12,55,8,40.2,0.983,0,1.7,0.038,298.21,Clear,0,648,0,0.96,0.82,1.05
2026-09-12,DAL-HUB,Outbound,Evening,15,Saturday,1,0,0,938,919,199,587,375,13,12,12,51,8,51.5,0.96,0,2.4,0.027,318.44,Clear,0,587,3,1.08,0.82,1.05
2026-09-12,DAL-HUB,Outbound,Evening,16,Saturday,1,0,0,929,910,238,563,401,13,12,12,50,8,57.9,0.939,8,2.9,0.031,357.86,Clear,0,563,0,1.08,0.82,1.05
2026-09-12,DAL-HUB,Outbound,Evening,17,Saturday,1,0,1,1251,1225,407,768,523,16,16,15,52,8,54.0,0.985,1,2.5,0.043,388.69,Clear,0,768,0,1.2,0.82,1.05
2026-09-12,DAL-HUB,Outbound,Evening,18,Saturday,1,0,1,1350,1322,262,772,611,18,18,17,48,8,60.8,0.947,10,3.1,0.034,475.1,Clear,0,772,1,1.2,0.82,1.05
2026-09-12,DAL-HUB,Outbound,Evening,19,Saturday,1,0,1,1182,1158,416,670,546,16,15,15,48,8,63.9,0.932,3,2.7,0.031,399.43,Clear,0,670,2,1.2,0.82,1.05
2026-09-12,DAL-HUB,Outbound,Evening,20,Saturday,1,0,0,949,930,210,627,345,13,12,12,56,8,46.6,0.934,9,2.4,0.04,347.44,Clear,0,627,0,1.08,0.82,1.05
2026-09-12,DAL-HUB,Outbound,Evening,21,Saturday,1,0,0,833,816,291,492,346,10,11,10,51,8,57.2,0.966,4,3.0,0.046,307.1,Clear,0,492,0,0.96,0.82,1.05
2026-09-12,DAL-HUB,Outbound,Night,22,Saturday,1,0,0,832,815,287,485,372,11,11,11,45,8,58.5,0.98,2,3.3,0.038,329.5,Rain,0,485,0,0.96,0.82,1.05
2026-09-12,DAL-HUB,Outbound,Night,23,Saturday,1,0,0,699,685,191,388,341,8,8,8,50,8,63.9,0.97,9,3.5,0.036,295.65,Clear,0,388,3,0.82,0.82,1.05
2026-09-13,ATL-HUB,Inbound,Morning,6,Sunday,1,0,0,1162,1026,287,736,399,16,16,15,51,8,51.3,0.963,2,1.6,0.035,364.22,Clear,0,736,3,0.96,0.82,1.065
2026-09-13,ATL-HUB,Inbound,Morning,7,Sunday,1,0,0,1500,1323,349,930,543,21,21,20,48,8,51.7,0.969,4,3.0,0.042,514.87,Rain,0,930,0,1.2,0.82,1.065
2026-09-13,ATL-HUB,Inbound,Morning,8,Sunday,1,0,1,1610,1421,427,1057,536,23,22,22,50,8,46.5,0.961,7,2.1,0.022,538.62,Clear,0,1057,5,1.2,0.82,1.065
2026-09-13,ATL-HUB,Inbound,Morning,9,Sunday,1,0,1,1822,1608,463,948,842,25,24,23,44,8,70.4,0.937,3,4.1,0.031,605.07,Clear,0,948,1,1.2,0.82,1.065
2026-09-13,ATL-HUB,Inbound,Morning,10,Sunday,1,0,0,1345,1187,393,862,455,20,19,18,49,8,44.7,0.978,9,2.7,0.052,479.14,Clear,0,862,2,1.08,0.82,1.065
2026-09-13,ATL-HUB,Inbound,Morning,11,Sunday,1,0,0,1419,1252,371,930,473,21,20,20,49,8,48.3,0.95,3,1.8,0.022,475.06,Clear,0,930,1,1.08,0.82,1.065
2026-09-13,ATL-HUB,Inbound,Morning,12,Sunday,1,0,0,1250,1103,303,829,391,19,18,18,48,8,47.2,0.96,9,2.1,0.025,460.67,Clear,0,829,1,0.96,0.82,1.065
2026-09-13,ATL-HUB,Inbound,Morning,13,Sunday,1,0,0,1184,1044,248,671,491,17,16,15,46,8,55.1,0.973,6,3.2,0.037,422.2,Clear,0,671,0,0.96,0.82,1.065
2026-09-13,ATL-HUB,Inbound,Evening,14,Sunday,1,0,0,1280,1129,388,686,551,17,17,16,47,8,61.6,0.912,1,2.8,0.039,416.19,Clear,0,686,0,0.96,0.82,1.065
2026-09-13,ATL-HUB,Inbound,Evening,15,Sunday,1,0,0,1349,1190,347,805,513,19,18,18,46,8,55.5,0.973,2,2.9,0.027,462.41,Clear,0,805,1,1.08,0.82,1.065
2026-09-13,ATL-HUB,Inbound,Evening,16,Sunday,1,0,0,1284,1133,410,745,514,20,18,18,43,8,49.8,0.964,0,3.0,0.019,457.66,Clear,0,745,0,1.08,0.82,1.065
2026-09-13,ATL-HUB,Inbound,Evening,17,Sunday,1,0,1,1770,1562,351,1027,696,25,23,22,49,8,56.9,0.953,0,1.9,0.024,513.45,Clear,0,1027,1,1.2,0.82,1.065
2026-09-13,ATL-HUB,Inbound,Evening,18,Sunday,1,0,1,1646,1452,356,961,651,23,22,21,47,8,56.5,0.974,6,2.9,0.036,538.95,Clear,0,961,1,1.2,0.82,1.065
2026-09-13,ATL-HUB,Inbound,Evening,19,Sunday,1,0,1,1769,1561,504,1004,738,23,23,22,48,8,59.7,0.952,10,3.0,0.046,576.23,Clear,0,1004,3,1.2,0.82,1.065
2026-09-13,ATL-HUB,Inbound,Evening,20,Sunday,1,0,0,1184,1044,236,658,497,15,15,14,49,8,55.7,0.96,6,3.0,0.038,398.35,Rain,0,658,4,1.08,0.82,1.065
2026-09-13,ATL-HUB,Inbound,Evening,21,Sunday,1,0,0,1204,1062,226,732,445,16,16,15,52,8,53.5,0.939,0,2.2,0.059,375.36,Clear,0,732,2,0.96,0.82,1.065
2026-09-13,ATL-HUB,Inbound,Night,22,Sunday,1,0,0,1150,1015,371,741,399,18,17,17,49,8,50.8,0.89,2,1.4,0.025,397.4,Clear,0,741,0,0.96,0.82,1.065
2026-09-13,ATL-HUB,Inbound,Night,23,Sunday,1,0,0,1055,931,353,605,445,15,15,14,46,8,58.6,0.94,0,2.1,0.054,350.43,Clear,0,605,2,0.82,0.82,1.065
2026-09-13,ATL-HUB,Sortation,Morning,6,Sunday,1,0,0,1238,1137,278,760,495,21,20,19,41,8,52.9,0.977,7,2.4,0.031,482.85,Clear,0,760,0,0.96,0.82,1.065
2026-09-13,ATL-HUB,Sortation,Morning,7,Sunday,1,0,0,1494,1372,325,909,642,25,23,22,42,8,55.6,0.984,3,2.7,0.032,541.65,Clear,0,909,1,1.2,0.82,1.065
2026-09-13,ATL-HUB,Sortation,Morning,8,Sunday,1,0,1,1724,1584,359,1086,682,28,28,26,43,8,51.5,0.972,5,2.8,0.058,633.08,Clear,0,1086,2,1.2,0.82,1.065
2026-09-13,ATL-HUB,Sortation,Morning,9,Sunday,1,0,1,1877,1724,437,1193,729,31,30,29,42,8,52.8,0.98,8,2.8,0.023,703.99,Clear,0,1193,0,1.2,0.82,1.065
2026-09-13,ATL-HUB,Sortation,Morning,10,Sunday,1,0,0,1345,1235,285,933,447,23,22,21,46,8,44.0,0.966,3,1.6,0.029,488.61,Clear,0,933,0,1.08,0.82,1.065
2026-09-13,ATL-HUB,Sortation,Morning,11,Sunday,1,0,0,1457,1338,516,755,735,22,21,20,41,8,72.0,0.921,8,3.1,0.042,529.17,Clear,0,755,0,1.08,0.82,1.065
2026-09-13,ATL-HUB,Sortation,Morning,12,Sunday,1,0,0,1347,1237,383,725,661,23,23,22,36,8,70.4,0.916,4,2.8,0.026,544.95,Clear,0,725,1,0.96,0.82,1.065
2026-09-13,ATL-HUB,Sortation,Morning,13,Sunday,1,0,0,1278,1174,284,713,607,19,19,18,42,8,66.3,0.943,4,3.1,0.042,474.09,Clear,0,713,0,0.96,0.82,1.065
2026-09-13,ATL-HUB,Sortation,Evening,14,Sunday,1,0,0,1281,1177,401,784,536,21,20,19,43,8,57.1,0.96,10,2.7,0.038,501.64,Clear,0,784,1,0.96,0.82,1.065
2026-09-13,ATL-HUB,Sortation,Evening,15,Sunday,1,0,0,1371,1259,455,822,582,22,21,20,43,8,56.5,0.957,5,2.7,0.037,511.82,Storm,0,822,3,1.08,0.82,1.065
2026-09-13,ATL-HUB,Sortation,Evening,16,Sunday,1,0,0,1449,1331,306,949,544,23,23,22,45,8,48.7,0.959,8,2.7,0.028,556.82,Clear,0,949,2,1.08,0.82,1.065
2026-09-13,ATL-HUB,Sortation,Evening,17,Sunday,1,0,1,1833,1683,546,1066,840,31,30,28,40,8,63.8,0.952,7,2.9,0.056,683.28,Clear,0,1066,1,1.2,0.82,1.065
2026-09-13,ATL-HUB,Sortation,Evening,18,Sunday,1,0,1,1822,1674,565,1162,700,32,30,29,42,8,51.8,0.955,3,2.2,0.049,670.18,Clear,0,1162,1,1.2,0.82,1.065
2026-09-13,ATL-HUB,Sortation,Evening,19,Sunday,1,0,1,1799,1652,580,1176,661,34,32,31,40,8,49.2,0.948,1,2.5,0.033,710.75,Clear,0,1176,0,1.2,0.82,1.065
2026-09-13,ATL-HUB,Sortation,Evening,20,Sunday,1,0,0,1562,1434,417,867,740,24,23,22,42,8,63.9,0.939,3,3.5,0.031,565.29,Clear,0,867,1,1.08,0.82,1.065
2026-09-13,ATL-HUB,Sortation,Evening,21,Sunday,1,0,0,1260,1157,439,650,645,20,19,18,40,8,71.8,0.904,7,3.8,0.032,502.95,Clear,0,650,1,0.96,0.82,1.065
2026-09-13,ATL-HUB,Sortation,Night,22,Sunday,1,0,0,1282,1178,415,847,466,21,21,20,45,8,47.7,0.942,3,1.9,0.037,476.36,Clear,0,847,0,0.96,0.82,1.065
2026-09-13,ATL-HUB,Sortation,Night,23,Sunday,1,0,0,1123,1031,315,804,344,19,18,18,45,8,43.9,0.994,3,1.8,0.013,434.1,Heavy Rain,0,804,3,0.82,0.82,1.065
2026-09-13,ATL-HUB,Outbound,Morning,6,Sunday,1,0,0,1076,1054,382,670,427,16,15,15,47,8,57.0,0.95,10,2.5,0.033,414.26,Clear,0,670,2,0.96,0.82,1.065
2026-09-13,ATL-HUB,Outbound,Morning,7,Sunday,1,0,0,1366,1338,481,927,462,20,19,19,52,8,45.1,0.939,7,1.6,0.013,462.79,Clear,0,927,3,1.2,0.82,1.065
2026-09-13,ATL-HUB,Outbound,Morning,8,Sunday,1,0,1,1459,1429,420,874,622,19,19,18,50,8,57.3,0.972,3,2.8,0.027,465.8,Clear,0,874,0,1.2,0.82,1.065
2026-09-13,ATL-HUB,Outbound,Morning,9,Sunday,1,0,1,1784,1748,534,1032,785,27,25,24,43,8,58.9,1.0,7,3.2,0.038,612.78,Clear,0,1032,2,1.2,0.82,1.065
2026-09-13,ATL-HUB,Outbound,Morning,10,Sunday,1,0,0,1213,1188,258,698,544,15,15,14,51,8,63.8,0.978,8,3.0,0.042,409.34,Storm,0,698,0,1.08,0.82,1.065
2026-09-13,ATL-HUB,Outbound,Morning,11,Sunday,1,0,0,1304,1277,420,736,597,18,17,16,46,8,63.3,1.0,9,3.3,0.031,457.16,Clear,0,736,0,1.08,0.82,1.065
2026-09-13,ATL-HUB,Outbound,Morning,12,Sunday,1,0,0,1080,1058,249,539,577,14,14,13,44,8,74.6,0.943,10,4.2,0.037,422.95,Clear,0,539,1,0.96,0.82,1.065
2026-09-13,ATL-HUB,Outbound,Morning,13,Sunday,1,0,0,1095,1073,324,728,388,15,14,14,52,8,47.4,1.0,4,2.8,0.034,384.32,Clear,0,728,0,0.96,0.82,1.065
2026-09-13,ATL-HUB,Outbound,Evening,14,Sunday,1,0,0,1014,993,208,638,399,15,14,14,47,8,50.8,0.97,7,2.7,0.025,389.63,Clear,0,638,3,0.96,0.82,1.065
2026-09-13,ATL-HUB,Outbound,Evening,15,Sunday,1,0,0,1096,1074,337,669,452,16,15,14,50,8,55.1,0.956,1,2.8,0.035,374.74,Clear,0,669,1,1.08,0.82,1.065
2026-09-13,ATL-HUB,Outbound,Evening,16,Sunday,1,0,0,1317,1290,463,746,620,18,18,17,49,8,65.3,0.896,4,2.8,0.057,446.89,Clear,0,746,0,1.08,0.82,1.065
2026-09-13,ATL-HUB,Outbound,Evening,17,Sunday,1,0,1,1520,1489,482,937,634,22,22,21,47,8,54.3,0.95,4,2.2,0.036,517.42,Storm,0,937,1,1.2,0.82,1.065
2026-09-13,ATL-HUB,Outbound,Evening,18,Sunday,1,0,1,1737,1702,354,956,821,22,22,21,48,8,64.7,0.949,4,3.1,0.047,547.4,Storm,0,956,0,1.2,0.82,1.065
2026-09-13,ATL-HUB,Outbound,Evening,19,Sunday,1,0,1,1497,1466,308,916,619,20,19,18,53,8,56.2,0.961,3,2.4,0.037,455.3,Clear,0,916,1,1.2,0.82,1.065
2026-09-13,ATL-HUB,Outbound,Evening,20,Sunday,1,0,0,1144,1121,240,632,548,16,14,14,48,8,66.2,0.941,1,3.2,0.02,389.35,Heavy Rain,0,632,1,1.08,0.82,1.065
2026-09-13,ATL-HUB,Outbound,Evening,21,Sunday,1,0,0,1129,1106,222,711,454,16,16,15,49,8,52.8,0.969,6,2.1,0.069,391.25,Clear,0,711,0,0.96,0.82,1.065
2026-09-13,ATL-HUB,Outbound,Night,22,Sunday,1,0,0,1051,1030,255,638,426,14,14,14,48,8,53.3,0.95,7,2.8,0.031,393.11,Clear,0,638,2,0.96,0.82,1.065
2026-09-13,ATL-HUB,Outbound,Night,23,Sunday,1,0,0,944,925,318,564,398,13,12,12,49,8,57.0,0.961,9,2.9,0.035,362.39,Rain,0,564,0,0.82,0.82,1.065
2026-09-13,CHI-HUB,Inbound,Morning,6,Sunday,1,0,0,1143,1008,305,615,493,15,15,14,46,8,62.1,0.956,1,3.5,0.047,394.38,Clear,0,615,0,0.96,0.82,1.065
2026-09-13,CHI-HUB,Inbound,Morning,7,Sunday,1,0,0,1330,1173,302,821,488,20,19,19,48,8,51.8,0.901,7,1.8,0.022,466.77,Clear,0,821,0,1.2,0.82,1.065
2026-09-13,CHI-HUB,Inbound,Morning,8,Sunday,1,0,1,1589,1402,304,950,621,22,21,21,47,8,54.9,0.963,2,2.6,0.019,516.74,Clear,0,950,3,1.2,0.82,1.065
2026-09-13,CHI-HUB,Inbound,Morning,9,Sunday,1,0,1,1363,1203,464,772,566,19,19,19,43,8,59.3,0.945,8,2.2,0.025,481.77,Clear,0,772,0,1.2,0.82,1.065
2026-09-13,CHI-HUB,Inbound,Morning,10,Sunday,1,0,0,1297,1144,313,925,376,20,18,18,52,8,42.5,0.989,4,1.9,0.026,439.9,Clear,0,925,4,1.08,0.82,1.065
2026-09-13,CHI-HUB,Inbound,Morning,11,Sunday,1,0,0,1371,1210,468,887,473,20,19,19,50,8,48.4,0.934,6,1.8,0.013,464.31,Clear,0,887,0,1.08,0.82,1.065
2026-09-13,CHI-HUB,Inbound,Morning,12,Sunday,1,0,0,1090,962,304,610,451,15,15,14,46,8,59.3,0.947,6,3.2,0.059,404.89,Storm,0,610,1,0.96,0.82,1.065
2026-09-13,CHI-HUB,Inbound,Morning,13,Sunday,1,0,0,1078,951,240,623,446,13,14,13,50,8,53.8,0.959,10,3.3,0.044,396.93,Clear,0,623,1,0.96,0.82,1.065
2026-09-13,CHI-HUB,Inbound,Evening,14,Sunday,1,0,0,1079,952,318,662,383,17,16,16,43,8,52.4,0.963,9,2.8,0.027,438.24,Clear,0,662,1,0.96,0.82,1.065
2026-09-13,CHI-HUB,Inbound,Evening,15,Sunday,1,0,0,1137,1003,333,549,573,15,14,13,44,8,73.3,0.961,8,4.2,0.054,417.97,Rain,0,549,1,1.08,0.82,1.065
2026-09-13,CHI-HUB,Inbound,Evening,16,Sunday,1,0,0,1244,1098,270,674,564,17,16,15,45,8,66.5,0.999,2,3.1,0.058,407.66,Clear,0,674,0,1.08,0.82,1.065
2026-09-13,CHI-HUB,Inbound,Evening,17,Sunday,1,0,1,1525,1346,397,835,652,19,20,19,45,8,59.5,0.978,8,3.2,0.032,512.63,Clear,0,835,0,1.2,0.82,1.065
2026-09-13,CHI-HUB,Inbound,Evening,18,Sunday,1,0,1,1459,1287,437,928,516,21,21,20,49,8,50.8,0.948,7,1.7,0.049,485.76,Clear,0,928,0,1.2,0.82,1.065
2026-09-13,CHI-HUB,Inbound,Evening,19,Sunday,1,0,1,1638,1445,379,960,651,24,23,23,43,8,54.8,0.971,9,3.1,0.018,593.01,Clear,0,960,0,1.2,0.82,1.065
2026-09-13,CHI-HUB,Inbound,Evening,20,Sunday,1,0,0,1250,1103,368,768,437,17,17,16,48,8,48.9,1.0,2,2.7,0.042,417.39,Rain,0,768,2,1.08,0.82,1.065
2026-09-13,CHI-HUB,Inbound,Evening,21,Sunday,1,0,0,1058,934,236,643,402,15,15,14,48,8,51.9,0.957,2,2.6,0.039,374.62,Storm,0,643,2,0.96,0.82,1.065
2026-09-13,CHI-HUB,Inbound,Night,22,Sunday,1,0,0,1098,969,376,765,317,17,15,15,51,8,42.2,1.0,4,2.1,0.033,383.49,Clear,0,765,0,0.96,0.82,1.065
2026-09-13,CHI-HUB,Inbound,Night,23,Sunday,1,0,0,888,783,164,600,274,13,12,12,50,8,41.1,1.0,6,2.5,0.038,338.88,Clear,0,600,0,0.82,0.82,1.065
2026-09-13,CHI-HUB,Sortation,Morning,6,Sunday,1,0,0,1283,1179,273,654,661,20,20,19,37,8,71.9,0.931,9,3.7,0.054,526.48,Clear,0,654,2,0.96,0.82,1.065
2026-09-13,CHI-HUB,Sortation,Morning,7,Sunday,1,0,0,1426,1310,396,905,550,23,22,21,44,8,48.5,0.98,5,2.4,0.043,524.15,Storm,0,905,1,1.2,0.82,1.065
2026-09-13,CHI-HUB,Sortation,Morning,8,Sunday,1,0,1,1535,1410,548,984,585,27,25,24,42,8,51.1,0.976,6,2.7,0.026,591.01,Clear,0,984,0,1.2,0.82,1.065
2026-09-13,CHI-HUB,Sortation,Morning,9,Sunday,1,0,1,1610,1478,319,1049,596,27,26,25,43,8,53.7,0.976,6,2.5,0.037,606.27,Clear,0,1049,1,1.2,0.82,1.065
2026-09-13,CHI-HUB,Sortation,Morning,10,Sunday,1,0,0,1243,1142,250,725,535,20,19,18,42,8,61.0,0.959,5,3.1,0.032,476.64,Clear,0,725,2,1.08,0.82,1.065
2026-09-13,CHI-HUB,Sortation,Morning,11,Sunday,1,0,0,1276,1172,364,814,509,21,21,20,42,8,50.6,0.969,4,2.4,0.033,493.45,Clear,0,814,2,1.08,0.82,1.065
2026-09-13,CHI-HUB,Sortation,Morning,12,Sunday,1,0,0,1165,1070,259,734,475,20,19,18,43,8,54.9,0.949,0,2.4,0.045,439.6,Clear,0,734,3,0.96,0.82,1.065
2026-09-13,CHI-HUB,Sortation,Morning,13,Sunday,1,0,0,1223,1123,278,740,495,20,19,18,43,8,54.8,0.956,2,2.9,0.043,463.76,Heavy Rain,0,740,3,0.96,0.82,1.065
2026-09-13,CHI-HUB,Sortation,Evening,14,Sunday,1,0,0,1158,1063,218,668,517,18,18,17,41,8,64.3,0.959,4,3.0,0.033,452.13,Heavy Rain,0,668,1,0.96,0.82,1.065
2026-09-13,CHI-HUB,Sortation,Evening,15,Sunday,1,0,0,1332,1224,368,849,511,20,20,19,46,8,49.3,0.973,9,2.3,0.03,488.18,Clear,0,849,3,1.08,0.82,1.065
2026-09-13,CHI-HUB,Sortation,Evening,16,Sunday,1,0,0,1173,1077,219,624,578,19,18,17,40,8,69.2,0.918,10,3.0,0.056,469.05,Clear,0,624,1,1.08,0.82,1.065
2026-09-13,CHI-HUB,Sortation,Evening,17,Sunday,1,0,1,1580,1451,554,825,805,23,23,22,40,8,69.7,0.938,6,4.2,0.041,594.83,Clear,0,825,1,1.2,0.82,1.065
2026-09-13,CHI-HUB,Sortation,Evening,18,Sunday,1,0,1,1740,1598,339,1115,652,29,28,28,41,8,51.9,0.972,10,2.3,0.012,674.37,Clear,0,1115,1,1.2,0.82,1.065
2026-09-13,CHI-HUB,Sortation,Evening,19,Sunday,1,0,1,1679,1542,525,940,790,27,26,25,38,8,66.2,0.99,9,3.4,0.033,642.35,Clear,0,940,0,1.2,0.82,1.065
2026-09-13,CHI-HUB,Sortation,Evening,20,Sunday,1,0,0,1324,1216,472,920,450,22,21,20,46,8,44.6,1.0,2,2.8,0.032,499.14,Clear,0,920,2,1.08,0.82,1.065
2026-09-13,CHI-HUB,Sortation,Evening,21,Sunday,1,0,0,1169,1073,282,688,501,18,17,16,43,8,56.9,1.0,0,3.1,0.036,420.27,Clear,0,688,0,0.96,0.82,1.065
2026-09-13,CHI-HUB,Sortation,Night,22,Sunday,1,0,0,1198,1100,264,612,588,18,17,17,38,8,71.4,0.948,4,3.3,0.029,458.71,Clear,0,612,1,0.96,0.82,1.065
2026-09-13,CHI-HUB,Sortation,Night,23,Sunday,1,0,0,1047,962,302,605,466,16,16,15,43,8,58.9,0.939,7,3.2,0.053,423.74,Clear,0,605,1,0.82,0.82,1.065
2026-09-13,CHI-HUB,Outbound,Morning,6,Sunday,1,0,0,1054,1032,259,634,452,13,14,13,50,8,58.6,0.976,8,3.3,0.04,390.87,Clear,0,634,0,0.96,0.82,1.065
2026-09-13,CHI-HUB,Outbound,Morning,7,Sunday,1,0,0,1377,1349,443,934,482,19,19,19,52,8,46.2,0.946,6,1.9,0.025,468.21,Clear,0,934,2,1.2,0.82,1.065
2026-09-13,CHI-HUB,Outbound,Morning,8,Sunday,1,0,1,1433,1404,374,960,498,21,20,20,48,8,48.2,1.0,4,1.7,0.024,476.73,Clear,0,960,2,1.2,0.82,1.065
2026-09-13,CHI-HUB,Outbound,Morning,9,Sunday,1,0,1,1435,1406,459,838,623,19,18,17,50,8,55.9,0.986,1,3.6,0.057,461.87,Clear,0,838,4,1.2,0.82,1.065
2026-09-13,CHI-HUB,Outbound,Morning,10,Sunday,1,0,0,1141,1118,235,809,356,19,18,17,51,8,43.1,0.934,2,2.0,0.032,414.87,Clear,0,809,1,1.08,0.82,1.065
2026-09-13,CHI-HUB,Outbound,Morning,11,Sunday,1,0,0,1033,1012,320,609,448,14,14,14,45,8,56.9,0.967,6,2.8,0.029,389.59,Clear,0,609,0,1.08,0.82,1.065
2026-09-13,CHI-HUB,Outbound,Morning,12,Sunday,1,0,0,980,960,337,629,376,15,14,14,47,8,51.6,0.957,2,2.3,0.03,361.82,Clear,0,629,2,0.96,0.82,1.065
2026-09-13,CHI-HUB,Outbound,Morning,13,Sunday,1,0,0,1002,982,223,538,481,12,13,12,47,8,69.6,0.955,8,3.6,0.044,378.81,Clear,0,538,2,0.96,0.82,1.065
2026-09-13,CHI-HUB,Outbound,Evening,14,Sunday,1,0,0,1037,1016,352,597,453,13,13,12,50,8,59.9,0.996,5,3.4,0.042,364.26,Clear,0,597,2,0.96,0.82,1.065
2026-09-13,CHI-HUB,Outbound,Evening,15,Sunday,1,0,0,1159,1135,398,705,487,15,15,14,55,8,54.7,0.916,5,2.5,0.054,380.29,Clear,0,705,3,1.08,0.82,1.065
2026-09-13,CHI-HUB,Outbound,Evening,16,Sunday,1,0,0,1243,1218,297,636,650,14,15,14,48,8,72.1,0.948,4,3.9,0.035,417.84,Clear,0,636,1,1.08,0.82,1.065
2026-09-13,CHI-HUB,Outbound,Evening,17,Sunday,1,0,1,1269,1243,437,815,494,20,18,18,50,8,52.5,0.906,6,2.1,0.025,452.31,Clear,0,815,0,1.2,0.82,1.065
2026-09-13,CHI-HUB,Outbound,Evening,18,Sunday,1,0,1,1478,1448,348,798,713,21,19,19,43,8,68.6,0.977,8,3.8,0.024,532.92,Heavy Rain,0,798,2,1.2,0.82,1.065
2026-09-13,CHI-HUB,Outbound,Evening,19,Sunday,1,0,1,1382,1354,419,851,570,19,18,17,51,8,55.9,0.982,10,3.0,0.031,472.9,Clear,0,851,0,1.2,0.82,1.065
2026-09-13,CHI-HUB,Outbound,Evening,20,Sunday,1,0,0,1133,1110,368,763,400,15,15,15,51,8,43.2,0.998,2,2.1,0.032,378.53,Clear,0,763,0,1.08,0.82,1.065
2026-09-13,CHI-HUB,Outbound,Evening,21,Sunday,1,0,0,966,946,233,604,397,14,13,13,50,8,54.0,0.93,8,2.0,0.029,352.85,Clear,0,604,1,0.96,0.82,1.065
2026-09-13,CHI-HUB,Outbound,Night,22,Sunday,1,0,0,1088,1066,285,689,418,17,16,15,47,8,49.6,0.978,7,2.9,0.045,416.1,Clear,0,689,1,0.96,0.82,1.065
2026-09-13,CHI-HUB,Outbound,Night,23,Sunday,1,0,0,880,862,292,473,440,11,11,10,50,8,68.2,0.948,5,3.5,0.052,325.16,Clear,0,473,2,0.82,0.82,1.065
2026-09-13,DAL-HUB,Inbound,Morning,6,Sunday,1,0,0,991,874,199,474,495,13,13,12,44,8,74.0,0.899,5,4.2,0.049,385.1,Clear,0,474,0,0.96,0.82,1.065
2026-09-13,DAL-HUB,Inbound,Morning,7,Sunday,1,0,0,1144,1009,345,687,433,16,15,15,48,8,52.8,0.955,1,2.6,0.023,388.7,Clear,0,687,3,1.2,0.82,1.065
2026-09-13,DAL-HUB,Inbound,Morning,8,Sunday,1,0,1,1288,1136,352,788,452,19,18,17,48,8,49.7,0.966,9,2.6,0.044,455.83,Clear,0,788,1,1.2,0.82,1.065
2026-09-13,DAL-HUB,Inbound,Morning,9,Sunday,1,0,1,1270,1121,299,884,359,18,17,17,53,8,40.4,0.982,9,1.9,0.028,435.93,Clear,0,884,0,1.2,0.82,1.065
2026-09-13,DAL-HUB,Inbound,Morning,10,Sunday,1,0,0,1029,908,278,698,318,16,15,15,49,8,39.2,0.95,2,1.7,0.017,364.66,Clear,0,698,0,1.08,0.82,1.065
2026-09-13,DAL-HUB,Inbound,Morning,11,Sunday,1,0,0,1050,927,334,617,406,14,13,13,50,8,56.4,0.949,8,2.2,0.034,359.24,Clear,0,617,1,1.08,0.82,1.065
2026-09-13,DAL-HUB,Inbound,Morning,12,Sunday,1,0,0,910,803,192,615,272,13,12,12,52,8,44.3,0.987,6,2.1,0.021,328.07,Clear,0,615,0,0.96,0.82,1.065
2026-09-13,DAL-HUB,Inbound,Morning,13,Sunday,1,0,0,909,802,196,552,333,12,12,12,46,8,53.0,1.0,1,2.4,0.03,320.46,Clear,0,552,2,0.96,0.82,1.065
2026-09-13,DAL-HUB,Inbound,Evening,14,Sunday,1,0,0,799,705,183,457,334,12,11,11,44,8,60.6,0.945,0,2.6,0.019,301.41,Clear,0,457,4,0.96,0.82,1.065
2026-09-13,DAL-HUB,Inbound,Evening,15,Sunday,1,0,0,1144,1009,299,768,372,17,16,16,51,8,45.1,0.942,2,1.9,0.02,391.8,Clear,0,768,1,1.08,0.82,1.065
2026-09-13,DAL-HUB,Inbound,Evening,16,Sunday,1,0,0,960,847,192,519,416,14,13,13,41,8,59.9,0.976,5,3.6,0.038,387.26,Clear,0,519,3,1.08,0.82,1.065
2026-09-13,DAL-HUB,Inbound,Evening,17,Sunday,1,0,1,1317,1162,366,879,421,20,18,18,50,8,44.5,0.978,2,1.6,0.021,425.46,Clear,0,879,1,1.2,0.82,1.065
2026-09-13,DAL-HUB,Inbound,Evening,18,Sunday,1,0,1,1344,1186,376,749,575,18,18,17,46,8,56.9,0.958,9,3.3,0.042,476.42,Clear,0,749,2,1.2,0.82,1.065
2026-09-13,DAL-HUB,Inbound,Evening,19,Sunday,1,0,1,1334,1177,321,859,458,18,18,17,51,8,47.6,0.991,3,2.2,0.038,426.24,Clear,0,859,2,1.2,0.82,1.065
2026-09-13,DAL-HUB,Inbound,Evening,20,Sunday,1,0,0,969,855,311,546,414,13,13,12,47,8,61.9,0.97,0,2.9,0.053,332.3,Clear,0,546,2,1.08,0.82,1.065
2026-09-13,DAL-HUB,Inbound,Evening,21,Sunday,1,0,0,1045,922,230,586,445,15,14,14,44,8,62.7,0.952,3,2.6,0.029,373.85,Clear,0,586,1,0.96,0.82,1.065
2026-09-13,DAL-HUB,Inbound,Night,22,Sunday,1,0,0,949,837,315,594,328,13,12,12,51,8,48.2,0.972,5,1.8,0.041,317.16,Clear,0,594,1,0.96,0.82,1.065
2026-09-13,DAL-HUB,Inbound,Night,23,Sunday,1,0,0,829,731,255,405,415,9,10,9,45,8,74.2,1.0,1,4.5,0.052,319.33,Clear,0,405,0,0.82,0.82,1.065
2026-09-13,DAL-HUB,Sortation,Morning,6,Sunday,1,0,0,957,879,284,552,440,15,15,14,41,8,61.3,0.962,4,3.0,0.045,387.39,Clear,0,552,3,0.96,0.82,1.065
2026-09-13,DAL-HUB,Sortation,Morning,7,Sunday,1,0,0,1207,1108,266,743,520,21,20,19,42,8,57.4,0.931,2,2.7,0.044,474.68,Clear,0,743,0,1.2,0.82,1.065
2026-09-13,DAL-HUB,Sortation,Morning,8,Sunday,1,0,1,1294,1188,425,934,393,22,21,21,45,8,40.4,0.989,8,1.7,0.018,507.9,Rain,0,934,2,1.2,0.82,1.065
2026-09-13,DAL-HUB,Sortation,Morning,9,Sunday,1,0,1,1286,1181,236,865,444,21,20,20,44,8,44.0,0.984,1,1.9,0.01,470.03,Clear,0,865,1,1.2,0.82,1.065
2026-09-13,DAL-HUB,Sortation,Morning,10,Sunday,1,0,0,1111,1020,253,727,408,18,18,17,45,8,50.4,0.951,5,2.5,0.043,437.91,Clear,0,727,0,1.08,0.82,1.065
2026-09-13,DAL-HUB,Sortation,Morning,11,Sunday,1,0,0,1050,964,317,654,417,18,17,17,41,8,54.5,0.939,3,2.3,0.028,424.8,Clear,0,654,2,1.08,0.82,1.065
2026-09-13,DAL-HUB,Sortation,Morning,12,Sunday,1,0,0,999,918,185,631,387,16,15,15,43,8,49.2,0.978,2,2.6,0.033,390.06,Clear,0,631,2,0.96,0.82,1.065
2026-09-13,DAL-HUB,Sortation,Morning,13,Sunday,1,0,0,952,874,327,635,357,15,14,14,46,8,47.2,0.987,1,1.9,0.034,350.4,Storm,0,635,2,0.96,0.82,1.065
2026-09-13,DAL-HUB,Sortation,Evening,14,Sunday,1,0,0,865,794,296,587,305,14,14,14,42,8,44.9,1.0,3,2.3,0.01,362.89,Clear,0,587,0,0.96,0.82,1.065
2026-09-13,DAL-HUB,Sortation,Evening,15,Sunday,1,0,0,1063,976,262,621,462,18,17,16,40,8,55.2,0.971,6,2.7,0.032,426.33,Clear,0,621,1,1.08,0.82,1.065
2026-09-13,DAL-HUB,Sortation,Evening,16,Sunday,1,0,0,1176,1080,244,823,352,22,20,20,43,8,44.6,0.957,2,1.9,0.02,471.2,Clear,0,823,2,1.08,0.82,1.065
2026-09-13,DAL-HUB,Sortation,Evening,17,Sunday,1,0,1,1421,1305,479,845,607,24,23,22,39,8,55.7,0.986,2,3.1,0.033,548.3,Clear,0,845,2,1.2,0.82,1.065
2026-09-13,DAL-HUB,Sortation,Evening,18,Sunday,1,0,1,1239,1138,392,817,482,20,20,19,43,8,52.9,1.0,3,2.2,0.048,464.47,Clear,0,817,1,1.2,0.82,1.065
2026-09-13,DAL-HUB,Sortation,Evening,19,Sunday,1,0,1,1332,1224,246,828,536,22,21,20,44,8,51.4,0.941,6,2.2,0.033,495.28,Clear,0,828,1,1.2,0.82,1.065
2026-09-13,DAL-HUB,Sortation,Evening,20,Sunday,1,0,0,1075,987,382,672,423,17,17,16,45,8,52.7,0.934,9,2.0,0.04,416.55,Clear,0,672,0,1.08,0.82,1.065
2026-09-13,DAL-HUB,Sortation,Evening,21,Sunday,1,0,0,989,909,198,601,395,16,15,15,41,8,54.6,0.978,9,3.2,0.031,429.08,Clear,0,601,1,0.96,0.82,1.065
2026-09-13,DAL-HUB,Sortation,Night,22,Sunday,1,0,0,1000,918,198,672,352,17,17,16,42,8,44.3,1.0,0,2.5,0.048,400.38,Clear,0,672,4,0.96,0.82,1.065
2026-09-13,DAL-HUB,Sortation,Night,23,Sunday,1,0,0,813,747,213,494,345,13,13,12,43,8,55.3,0.957,9,3.2,0.044,367.34,Clear,0,494,1,0.82,0.82,1.065
2026-09-13,DAL-HUB,Outbound,Morning,6,Sunday,1,0,0,884,866,215,533,371,12,12,11,53,8,57.4,0.915,7,2.6,0.045,327.9,Heavy Rain,0,533,0,0.96,0.82,1.065
2026-09-13,DAL-HUB,Outbound,Morning,7,Sunday,1,0,0,1110,1087,241,674,464,14,15,14,49,8,56.6,0.983,4,2.6,0.053,378.99,Clear,0,674,1,1.2,0.82,1.065
2026-09-13,DAL-HUB,Outbound,Morning,8,Sunday,1,0,1,1176,1152,417,791,416,16,15,15,53,8,48.4,0.995,9,2.4,0.02,410.12,Clear,0,791,1,1.2,0.82,1.065
2026-09-13,DAL-HUB,Outbound,Morning,9,Sunday,1,0,1,1128,1105,249,718,434,15,15,14,52,8,50.6,0.987,5,2.5,0.04,379.74,Clear,0,718,1,1.2,0.82,1.065
2026-09-13,DAL-HUB,Outbound,Morning,10,Sunday,1,0,0,1010,989,290,499,538,13,13,12,42,8,74.2,0.991,7,4.6,0.044,403.76,Clear,0,499,0,1.08,0.82,1.065
2026-09-13,DAL-HUB,Outbound,Morning,11,Sunday,1,0,0,1008,987,332,642,403,15,14,14,49,8,52.7,0.936,4,2.3,0.033,368.72,Clear,0,642,1,1.08,0.82,1.065
2026-09-13,DAL-HUB,Outbound,Morning,12,Sunday,1,0,0,923,904,196,566,369,13,13,13,45,8,53.9,0.968,10,3.6,0.026,403.26,Clear,0,566,0,0.96,0.82,1.065
2026-09-13,DAL-HUB,Outbound,Morning,13,Sunday,1,0,0,839,822,218,409,461,11,11,10,44,8,80.8,0.931,3,4.0,0.049,335.11,Storm,0,409,0,0.96,0.82,1.065
2026-09-13,DAL-HUB,Outbound,Evening,14,Sunday,1,0,0,953,934,259,655,318,14,13,13,53,8,46.2,0.951,8,1.5,0.034,338.61,Clear,0,655,1,0.96,0.82,1.065
2026-09-13,DAL-HUB,Outbound,Evening,15,Sunday,1,0,0,1077,1055,281,670,426,16,15,15,48,8,56.1,0.932,10,2.4,0.031,411.48,Clear,0,670,0,1.08,0.82,1.065
2026-09-13,DAL-HUB,Outbound,Evening,16,Sunday,1,0,0,934,915,206,605,340,14,13,13,49,8,51.4,0.951,1,2.3,0.035,338.27,Clear,0,605,3,1.08,0.82,1.065
2026-09-13,DAL-HUB,Outbound,Evening,17,Sunday,1,0,1,1238,1213,428,627,638,16,16,15,45,8,73.4,0.93,10,3.6,0.042,448.05,Clear,0,627,0,1.2,0.82,1.065
2026-09-13,DAL-HUB,Outbound,Evening,18,Sunday,1,0,1,1177,1153,367,758,447,18,16,16,48,8,53.0,0.988,2,2.8,0.026,421.03,Heavy Rain,0,758,1,1.2,0.82,1.065
2026-09-13,DAL-HUB,Outbound,Evening,19,Sunday,1,0,1,1174,1150,282,679,534,16,16,15,48,8,61.2,0.943,8,2.9,0.054,420.86,Clear,0,679,0,1.2,0.82,1.065
2026-09-13,DAL-HUB,Outbound,Evening,20,Sunday,1,0,0,1017,996,281,535,504,12,13,12,47,8,73.2,0.949,8,3.6,0.04,379.08,Clear,0,535,0,1.08,0.82,1.065
2026-09-13,DAL-HUB,Outbound,Evening,21,Sunday,1,0,0,842,825,207,512,354,12,11,11,48,8,53.7,0.971,9,2.5,0.042,328.78,Clear,0,512,0,0.96,0.82,1.065
2026-09-13,DAL-HUB,Outbound,Night,22,Sunday,1,0,0,764,748,197,463,321,11,10,10,48,8,60.0,0.967,7,2.7,0.033,308.72,Heavy Rain,0,463,0,0.96,0.82,1.065
2026-09-13,DAL-HUB,Outbound,Night,23,Sunday,1,0,0,720,705,133,458,285,10,9,9,51,8,52.1,0.999,10,2.8,0.037,299.13,Clear,0,458,2,0.82,0.82,1.065
2026-09-14,ATL-HUB,Inbound,Morning,6,Monday,0,0,0,1528,1349,443,837,678,20,20,19,48,8,65.1,0.919,6,2.7,0.035,492.28,Clear,0,837,0,0.96,1.0,1.08
2026-09-14,ATL-HUB,Inbound,Morning,7,Monday,0,0,0,1864,1645,561,1150,687,27,26,26,47,8,50.4,0.942,10,2.3,0.019,636.3,Clear,0,1150,1,1.2,1.0,1.08
2026-09-14,ATL-HUB,Inbound,Morning,8,Monday,0,0,1,2097,1850,583,1234,833,28,27,26,50,8,53.0,0.95,10,2.2,0.024,637.61,Clear,0,1234,0,1.2,1.0,1.08
2026-09-14,ATL-HUB,Inbound,Morning,9,Monday,0,0,1,2060,1818,686,1223,815,29,29,28,45,8,51.2,0.971,3,2.5,0.034,669.23,Storm,0,1223,0,1.2,1.0,1.08
2026-09-14,ATL-HUB,Inbound,Morning,10,Monday,0,0,0,1693,1494,395,1079,576,27,24,24,47,8,46.7,0.957,10,2.4,0.013,597.08,Clear,0,1079,1,1.08,1.0,1.08
2026-09-14,ATL-HUB,Inbound,Morning,11,Monday,0,0,0,1499,1323,327,836,652,20,20,19,44,8,61.5,1.0,1,2.9,0.044,481.36,Clear,0,836,1,1.08,1.0,1.08
2026-09-14,ATL-HUB,Inbound,Morning,12,Monday,0,0,0,1574,1389,428,940,622,22,21,20,48,8,54.9,0.979,2,3.1,0.042,510.99,Clear,0,940,1,0.96,1.0,1.08
2026-09-14,ATL-HUB,Inbound,Morning,13,Monday,0,0,0,1614,1424,422,881,698,22,21,20,46,8,61.2,0.958,3,3.7,0.032,531.69,Clear,0,881,1,0.96,1.0,1.08
2026-09-14,ATL-HUB,Inbound,Evening,14,Monday,0,0,0,1455,1284,355,809,632,21,20,19,46,8,60.1,0.926,3,2.9,0.056,486.99,Clear,0,809,0,0.96,1.0,1.08
2026-09-14,ATL-HUB,Inbound,Evening,15,Monday,0,0,0,1598,1410,459,971,585,23,23,22,47,8,50.5,0.939,2,2.4,0.043,530.81,Clear,0,971,1,1.08,1.0,1.08
2026-09-14,ATL-HUB,Inbound,Evening,16,Monday,0,0,0,1575,1390,343,832,726,20,20,19,44,8,64.2,0.996,7,3.7,0.037,524.31,Clear,0,832,2,1.08,1.0,1.08
2026-09-14,ATL-HUB,Inbound,Evening,17,Monday,0,0,1,2132,1881,486,1230,857,31,30,28,45,8,59.0,0.977,1,3.1,0.053,673.64,Clear,0,1230,2,1.2,1.0,1.08
2026-09-14,ATL-HUB,Inbound,Evening,18,Monday,0,0,1,1855,1637,559,1168,661,28,26,25,48,8,49.1,0.974,5,2.3,0.027,600.64,Clear,0,1168,0,1.2,1.0,1.08
2026-09-14,ATL-HUB,Inbound,Evening,19,Monday,0,0,1,2164,1909,580,1270,860,31,29,28,46,8,53.5,0.986,2,3.7,0.038,694.2,Clear,0,1270,2,1.2,1.0,1.08
2026-09-14,ATL-HUB,Inbound,Evening,20,Monday,0,0,0,1645,1451,443,959,667,23,22,21,46,8,57.8,0.993,5,3.3,0.027,546.93,Clear,0,959,1,1.08,1.0,1.08
2026-09-14,ATL-HUB,Inbound,Evening,21,Monday,0,0,0,1499,1323,375,934,540,21,20,19,51,8,51.5,0.964,5,2.9,0.067,494.16,Clear,0,934,0,0.96,1.0,1.08
2026-09-14,ATL-HUB,Inbound,Night,22,Monday,0,0,0,1541,1359,280,921,595,22,21,21,46,8,49.9,0.954,8,2.5,0.023,532.3,Clear,0,921,3,0.96,1.0,1.08
2026-09-14,ATL-HUB,Inbound,Night,23,Monday,0,0,0,1261,1113,337,747,490,18,17,16,49,8,52.1,0.953,6,2.8,0.042,434.54,Heavy Rain,0,747,0,0.82,1.0,1.08
2026-09-14,ATL-HUB,Sortation,Morning,6,Monday,0,0,0,1469,1349,323,788,706,23,22,21,41,8,66.3,0.916,7,2.9,0.051,540.08,Clear,0,788,0,0.96,1.0,1.08
2026-09-14,ATL-HUB,Sortation,Morning,7,Monday,0,0,0,1899,1744,385,1185,757,33,33,31,41,8,50.3,0.933,6,2.3,0.049,722.98,Clear,0,1185,0,1.2,1.0,1.08
2026-09-14,ATL-HUB,Sortation,Morning,8,Monday,0,0,1,2183,2005,654,1340,882,37,34,33,42,8,54.4,0.967,0,3.1,0.024,770.4,Clear,0,1340,0,1.2,1.0,1.08
2026-09-14,ATL-HUB,Sortation,Morning,9,Monday,0,0,1,2126,1953,608,1218,947,35,34,33,41,8,60.2,0.9,9,2.7,0.022,786.96,Clear,0,1218,2,1.2,1.0,1.08
2026-09-14,ATL-HUB,Sortation,Morning,10,Monday,0,0,0,1600,1469,536,1025,629,29,27,26,42,8,50.5,0.939,3,2.4,0.019,613.19,Clear,0,1025,1,1.08,1.0,1.08
2026-09-14,ATL-HUB,Sortation,Morning,11,Monday,0,0,0,1682,1545,568,1119,622,29,28,28,41,8,45.6,0.975,3,2.5,0.012,656.51,Clear,0,1119,1,1.08,1.0,1.08
2026-09-14,ATL-HUB,Sortation,Morning,12,Monday,0,0,0,1472,1352,467,994,504,26,24,24,44,8,46.3,0.942,4,1.8,0.019,563.66,Storm,0,994,0,0.96,1.0,1.08
2026-09-14,ATL-HUB,Sortation,Morning,13,Monday,0,0,0,1464,1344,309,879,626,23,23,22,41,8,57.5,0.975,4,3.4,0.035,563.89,Clear,0,879,0,0.96,1.0,1.08
2026-09-14,ATL-HUB,Sortation,Evening,14,Monday,0,0,0,1494,1372,382,922,597,24,23,22,42,8,50.6,0.998,5,2.7,0.049,548.05,Clear,0,922,1,0.96,1.0,1.08
2026-09-14,ATL-HUB,Sortation,Evening,15,Monday,0,0,0,1780,1635,455,1028,796,29,27,26,42,8,58.0,0.942,6,3.1,0.054,645.71,Clear,0,1028,1,1.08,1.0,1.08
2026-09-14,ATL-HUB,Sortation,Evening,16,Monday,0,0,0,1643,1509,371,963,716,28,26,25,41,8,57.5,0.94,6,3.4,0.025,632.09,Clear,0,963,0,1.08,1.0,1.08
2026-09-14,ATL-HUB,Sortation,Evening,17,Monday,0,0,1,2157,1981,400,1395,810,33,33,31,46,8,49.5,0.979,2,2.4,0.069,722.49,Heavy Rain,0,1395,0,1.2,1.0,1.08
2026-09-14,ATL-HUB,Sortation,Evening,18,Monday,0,0,1,2239,2056,620,1265,1005,32,31,30,46,8,64.9,0.917,10,3.3,0.04,750.53,Clear,0,1265,2,1.2,1.0,1.08
2026-09-14,ATL-HUB,Sortation,Evening,19,Monday,0,0,1,2009,1845,635,1220,839,32,32,30,42,8,53.2,0.969,5,3.1,0.051,726.91,Rain,0,1220,1,1.2,1.0,1.08
2026-09-14,ATL-HUB,Sortation,Evening,20,Monday,0,0,0,1676,1539,329,966,753,28,26,25,39,8,58.0,0.992,7,3.6,0.045,641.5,Clear,0,966,2,1.08,1.0,1.08
2026-09-14,ATL-HUB,Sortation,Evening,21,Monday,0,0,0,1572,1444,317,1028,588,26,25,24,46,8,46.5,0.931,0,1.4,0.06,537.82,Rain,0,1028,3,0.96,1.0,1.08
2026-09-14,ATL-HUB,Sortation,Night,22,Monday,0,0,0,1538,1413,416,931,631,25,25,24,39,8,55.1,0.995,9,3.3,0.032,623.11,Storm,0,931,0,0.96,1.0,1.08
2026-09-14,ATL-HUB,Sortation,Night,23,Monday,0,0,0,1336,1227,322,830,535,22,22,21,40,8,53.6,0.988,4,2.9,0.029,528.05,Clear,0,830,1,0.82,1.0,1.08
2026-09-14,ATL-HUB,Outbound,Morning,6,Monday,0,0,0,1471,1441,297,969,542,20,19,19,51,8,44.9,1.0,7,2.5,0.024,489.94,Clear,0,969,4,0.96,1.0,1.08
2026-09-14,ATL-HUB,Outbound,Morning,7,Monday,0,0,0,1868,1830,377,1168,741,26,25,24,50,8,50.9,0.974,0,2.6,0.05,575.13,Clear,0,1168,1,1.2,1.0,1.08
2026-09-14,ATL-HUB,Outbound,Morning,8,Monday,0,0,1,1810,1773,470,1183,659,25,25,24,51,8,52.5,0.967,2,2.4,0.042,574.85,Clear,0,1183,1,1.2,1.0,1.08
2026-09-14,ATL-HUB,Outbound,Morning,9,Monday,0,0,1,1893,1854,650,1111,825,26,25,24,48,8,62.2,0.965,1,2.7,0.029,581.58,Clear,0,1111,1,1.2,1.0,1.08
2026-09-14,ATL-HUB,Outbound,Morning,10,Monday,0,0,0,1480,1450,421,887,651,19,19,18,53,8,59.1,0.93,1,2.6,0.043,454.2,Clear,0,887,1,1.08,1.0,1.08
2026-09-14,ATL-HUB,Outbound,Morning,11,Monday,0,0,0,1528,1497,501,913,653,22,21,20,49,8,59.5,0.932,2,2.7,0.054,500.08,Clear,0,913,1,1.08,1.0,1.08
2026-09-14,ATL-HUB,Outbound,Morning,12,Monday,0,0,0,1316,1289,251,737,606,17,17,16,47,8,63.6,0.98,7,3.8,0.042,464.97,Clear,0,737,1,0.96,1.0,1.08
2026-09-14,ATL-HUB,Outbound,Morning,13,Monday,0,0,0,1510,1479,372,848,689,21,20,19,46,8,61.9,0.971,4,3.6,0.037,511.84,Clear,0,848,0,0.96,1.0,1.08
2026-09-14,ATL-HUB,Outbound,Evening,14,Monday,0,0,0,1341,1314,426,867,510,18,18,17,53,8,52.2,0.963,8,2.4,0.033,448.94,Clear,0,867,0,0.96,1.0,1.08
2026-09-14,ATL-HUB,Outbound,Evening,15,Monday,0,0,0,1602,1569,497,1010,631,23,22,22,48,8,51.7,0.957,6,2.7,0.016,553.23,Clear,0,1010,0,1.08,1.0,1.08
2026-09-14,ATL-HUB,Outbound,Evening,16,Monday,0,0,0,1493,1463,332,835,692,19,19,18,50,8,62.9,0.928,7,3.4,0.048,496.03,Clear,0,835,1,1.08,1.0,1.08
2026-09-14,ATL-HUB,Outbound,Evening,17,Monday,0,0,1,2066,2024,627,1136,982,28,27,26,46,8,64.6,0.95,3,3.5,0.028,657.12,Heavy Rain,0,1136,3,1.2,1.0,1.08
2026-09-14,ATL-HUB,Outbound,Evening,18,Monday,0,0,1,1945,1905,421,1158,831,25,25,24,52,8,57.9,0.929,3,2.3,0.021,577.73,Clear,0,1158,2,1.2,1.0,1.08
2026-09-14,ATL-HUB,Outbound,Evening,19,Monday,0,0,1,1989,1948,409,1273,741,26,26,25,52,8,50.4,0.979,3,2.4,0.051,600.84,Clear,0,1273,0,1.2,1.0,1.08
2026-09-14,ATL-HUB,Outbound,Evening,20,Monday,0,0,0,1473,1443,415,859,672,20,20,19,48,8,60.2,0.942,4,3.1,0.029,500.42,Heavy Rain,0,859,2,1.08,1.0,1.08
2026-09-14,ATL-HUB,Outbound,Evening,21,Monday,0,0,0,1393,1365,362,799,609,19,18,17,47,8,61.2,1.0,10,3.1,0.031,475.9,Clear,0,799,2,0.96,1.0,1.08
2026-09-14,ATL-HUB,Outbound,Night,22,Monday,0,0,0,1447,1417,398,795,706,20,19,18,49,8,70.8,0.902,0,2.8,0.049,459.18,Heavy Rain,0,795,0,0.96,1.0,1.08
2026-09-14,ATL-HUB,Outbound,Night,23,Monday,0,0,0,1204,1179,258,685,551,16,15,15,48,8,59.8,0.952,9,3.2,0.021,433.02,Clear,0,685,2,0.82,1.0,1.08
2026-09-14,CHI-HUB,Inbound,Morning,6,Monday,0,0,0,1382,1219,291,792,556,19,18,18,46,8,55.6,0.957,0,2.7,0.026,450.99,Clear,0,792,0,0.96,1.0,1.08
2026-09-14,CHI-HUB,Inbound,Morning,7,Monday,0,0,0,1809,1596,357,1133,661,26,25,24,48,8,49.1,0.984,1,2.6,0.03,575.93,Clear,0,1133,0,1.2,1.0,1.08
2026-09-14,CHI-HUB,Inbound,Morning,8,Monday,0,0,1,1862,1643,361,1081,748,24,24,23,47,8,53.9,1.0,3,2.9,0.043,572.17,Clear,0,1081,0,1.2,1.0,1.08
2026-09-14,CHI-HUB,Inbound,Morning,9,Monday,0,0,1,1936,1709,488,1168,749,28,27,26,48,8,53.0,0.936,3,2.4,0.025,617.98,Clear,0,1168,0,1.2,1.0,1.08
2026-09-14,CHI-HUB,Inbound,Morning,10,Monday,0,0,0,1520,1341,483,962,520,23,22,21,47,8,48.0,0.975,9,2.4,0.024,532.34,Clear,0,962,2,1.08,1.0,1.08
2026-09-14,CHI-HUB,Inbound,Morning,11,Monday,0,0,0,1540,1359,363,908,604,23,22,21,45,8,59.3,0.961,8,2.8,0.031,540.68,Clear,0,908,0,1.08,1.0,1.08
2026-09-14,CHI-HUB,Inbound,Morning,12,Monday,0,0,0,1401,1236,421,775,601,19,19,18,47,8,62.6,0.917,5,1.9,0.032,444.93,Clear,0,775,0,0.96,1.0,1.08
2026-09-14,CHI-HUB,Inbound,Morning,13,Monday,0,0,0,1447,1277,361,790,637,21,20,19,44,8,63.4,0.946,9,3.1,0.029,511.64,Clear,0,790,1,0.96,1.0,1.08
2026-09-14,CHI-HUB,Inbound,Evening,14,Monday,0,0,0,1518,1340,482,911,576,23,21,21,48,8,51.3,0.905,0,2.2,0.021,503.26,Storm,0,911,1,0.96,1.0,1.08
2026-09-14,CHI-HUB,Inbound,Evening,15,Monday,0,0,0,1618,1428,438,933,658,20,21,20,48,8,58.4,0.972,1,3.2,0.034,511.37,Clear,0,933,0,1.08,1.0,1.08
2026-09-14,CHI-HUB,Inbound,Evening,16,Monday,0,0,0,1569,1385,415,1007,533,23,23,22,49,8,45.9,0.935,9,2.0,0.031,543.16,Rain,0,1007,1,1.08,1.0,1.08
2026-09-14,CHI-HUB,Inbound,Evening,17,Monday,0,0,1,1857,1638,427,1074,750,27,24,24,46,8,56.4,0.973,8,3.5,0.021,624.38,Clear,0,1074,0,1.2,1.0,1.08
2026-09-14,CHI-HUB,Inbound,Evening,18,Monday,0,0,1,1817,1603,424,1147,640,28,26,26,46,8,48.0,0.959,3,2.8,0.018,627.08,Clear,0,1147,0,1.2,1.0,1.08
2026-09-14,CHI-HUB,Inbound,Evening,19,Monday,0,0,1,1858,1639,366,1121,710,26,25,24,49,8,55.8,0.954,1,1.7,0.049,551.6,Clear,0,1121,0,1.2,1.0,1.08
2026-09-14,CHI-HUB,Inbound,Evening,20,Monday,0,0,0,1692,1493,394,997,647,23,23,22,46,8,52.2,0.986,2,3.2,0.054,560.83,Storm,0,997,1,1.08,1.0,1.08
2026-09-14,CHI-HUB,Inbound,Evening,21,Monday,0,0,0,1413,1247,462,806,598,22,20,20,43,8,58.6,0.938,1,2.4,0.021,485.35,Clear,0,806,0,0.96,1.0,1.08
2026-09-14,CHI-HUB,Inbound,Night,22,Monday,0,0,0,1285,1134,358,731,532,18,17,16,47,8,58.4,0.972,4,2.9,0.047,428.68,Clear,0,731,0,0.96,1.0,1.08
2026-09-14,CHI-HUB,Inbound,Night,23,Monday,0,0,0,1147,1012,240,688,450,16,15,15,46,8,53.2,0.998,9,2.5,0.026,411.55,Clear,0,688,1,0.82,1.0,1.08
2026-09-14,CHI-HUB,Sortation,Morning,6,Monday,0,0,0,1375,1263,274,966,442,22,22,21,47,8,45.3,0.98,1,1.8,0.038,488.37,Clear,0,966,1,0.96,1.0,1.08
2026-09-14,CHI-HUB,Sortation,Morning,7,Monday,0,0,0,1686,1548,594,1028,685,26,25,24,43,8,57.5,0.997,9,3.0,0.02,611.78,Clear,0,1028,2,1.2,1.0,1.08
2026-09-14,CHI-HUB,Sortation,Morning,8,Monday,0,0,1,2211,2031,781,1162,1093,35,34,33,37,8,71.5,0.952,0,3.3,0.024,776.53,Clear,0,1162,0,1.2,1.0,1.08
2026-09-14,CHI-HUB,Sortation,Morning,9,Monday,0,0,1,1902,1746,393,1226,726,32,31,30,41,8,52.8,0.997,8,2.4,0.027,714.83,Rain,0,1226,2,1.2,1.0,1.08
2026-09-14,CHI-HUB,Sortation,Morning,10,Monday,0,0,0,1618,1486,507,921,749,25,25,24,40,8,63.5,0.96,9,3.1,0.042,613.34,Clear,0,921,0,1.08,1.0,1.08
2026-09-14,CHI-HUB,Sortation,Morning,11,Monday,0,0,0,1779,1634,481,1087,750,29,28,27,42,8,56.4,0.959,5,2.7,0.037,650.79,Clear,0,1087,1,1.08,1.0,1.08
2026-09-14,CHI-HUB,Sortation,Morning,12,Monday,0,0,0,1331,1223,377,779,602,20,20,19,42,8,60.3,0.977,1,3.1,0.059,484.96,Clear,0,779,1,0.96,1.0,1.08
2026-09-14,CHI-HUB,Sortation,Morning,13,Monday,0,0,0,1509,1386,327,948,581,27,26,25,40,8,51.3,0.948,4,2.4,0.041,595.22,Clear,0,948,4,0.96,1.0,1.08
2026-09-14,CHI-HUB,Sortation,Evening,14,Monday,0,0,0,1424,1308,397,1045,423,25,25,24,46,8,41.2,0.947,1,1.5,0.043,539.37,Clear,0,1045,3,0.96,1.0,1.08
2026-09-14,CHI-HUB,Sortation,Evening,15,Monday,0,0,0,1642,1508,571,1105,579,27,27,26,44,8,48.0,0.967,10,2.2,0.038,630.77,Clear,0,1105,2,1.08,1.0,1.08
2026-09-14,CHI-HUB,Sortation,Evening,16,Monday,0,0,0,1761,1617,333,1024,781,27,26,25,42,8,59.3,0.976,7,3.2,0.043,631.85,Clear,0,1024,2,1.08,1.0,1.08
2026-09-14,CHI-HUB,Sortation,Evening,17,Monday,0,0,1,2184,2006,498,1472,769,36,35,34,45,8,45.6,0.963,0,2.6,0.019,775.92,Clear,0,1472,1,1.2,1.0,1.08
2026-09-14,CHI-HUB,Sortation,Evening,18,Monday,0,0,1,2124,1951,534,1340,824,36,34,33,43,8,52.6,0.944,4,2.6,0.043,768.12,Clear,0,1340,0,1.2,1.0,1.08
2026-09-14,CHI-HUB,Sortation,Evening,19,Monday,0,0,1,1801,1654,352,1050,779,28,27,26,42,8,59.4,0.962,9,3.0,0.048,659.5,Storm,0,1050,1,1.2,1.0,1.08
2026-09-14,CHI-HUB,Sortation,Evening,20,Monday,0,0,0,1609,1477,564,948,712,26,25,24,41,8,59.0,0.964,0,2.9,0.047,578.76,Clear,0,948,1,1.08,1.0,1.08
2026-09-14,CHI-HUB,Sortation,Evening,21,Monday,0,0,0,1433,1316,334,823,633,22,22,21,42,8,58.1,0.933,9,2.9,0.023,545.83,Clear,0,823,1,0.96,1.0,1.08
2026-09-14,CHI-HUB,Sortation,Night,22,Monday,0,0,0,1460,1341,441,911,562,22,23,22,43,8,51.0,0.964,9,2.5,0.037,554.62,Clear,0,911,1,0.96,1.0,1.08
2026-09-14,CHI-HUB,Sortation,Night,23,Monday,0,0,0,1120,1028,234,735,404,19,18,18,41,8,48.0,0.996,1,1.9,0.011,427.97,Clear,0,735,0,0.82,1.0,1.08
2026-09-14,CHI-HUB,Outbound,Morning,6,Monday,0,0,0,1263,1237,446,722,577,18,17,16,47,8,62.4,0.961,1,3.9,0.052,447.6,Clear,0,722,0,0.96,1.0,1.08
2026-09-14,CHI-HUB,Outbound,Morning,7,Monday,0,0,0,1616,1583,441,1097,558,23,22,21,53,8,44.9,0.986,7,2.4,0.027,528.78,Clear,0,1097,4,1.2,1.0,1.08
2026-09-14,CHI-HUB,Outbound,Morning,8,Monday,0,0,1,1842,1804,413,1141,746,27,26,25,47,8,53.9,0.972,9,3.1,0.029,636.94,Clear,0,1141,1,1.2,1.0,1.08
2026-09-14,CHI-HUB,Outbound,Morning,9,Monday,0,0,1,1811,1774,430,1184,662,26,25,25,50,8,50.4,0.948,8,1.7,0.01,593.96,Clear,0,1184,0,1.2,1.0,1.08
2026-09-14,CHI-HUB,Outbound,Morning,10,Monday,0,0,0,1427,1398,390,787,675,18,18,17,49,8,65.5,0.946,5,3.1,0.046,460.53,Clear,0,787,1,1.08,1.0,1.08
2026-09-14,CHI-HUB,Outbound,Morning,11,Monday,0,0,0,1357,1329,382,832,552,20,19,18,49,8,51.5,0.944,3,2.1,0.039,444.33,Clear,0,832,0,1.08,1.0,1.08
2026-09-14,CHI-HUB,Outbound,Morning,12,Monday,0,0,0,1254,1228,331,810,455,18,17,16,52,8,49.3,0.974,7,2.6,0.04,430.24,Clear,0,810,0,0.96,1.0,1.08
2026-09-14,CHI-HUB,Outbound,Morning,13,Monday,0,0,0,1267,1241,250,707,593,17,17,16,47,8,63.8,0.94,8,2.9,0.04,442.07,Clear,0,707,1,0.96,1.0,1.08
2026-09-14,CHI-HUB,Outbound,Evening,14,Monday,0,0,0,1380,1352,421,979,434,21,20,19,52,8,41.3,0.992,1,1.7,0.029,446.66,Clear,0,979,3,0.96,1.0,1.08
2026-09-14,CHI-HUB,Outbound,Evening,15,Monday,0,0,0,1502,1471,517,1020,514,21,20,20,53,8,47.4,0.963,0,2.7,0.013,493.19,Clear,0,1020,1,1.08,1.0,1.08
2026-09-14,CHI-HUB,Outbound,Evening,16,Monday,0,0,0,1384,1356,366,834,572,19,19,18,50,8,55.0,0.927,8,2.3,0.049,466.43,Clear,0,834,1,1.08,1.0,1.08
2026-09-14,CHI-HUB,Outbound,Evening,17,Monday,0,0,1,1772,1736,454,1015,795,23,22,21,50,8,62.2,0.967,6,3.4,0.038,562.97,Storm,0,1015,1,1.2,1.0,1.08
2026-09-14,CHI-HUB,Outbound,Evening,18,Monday,0,0,1,1727,1692,556,1191,582,24,24,23,53,8,41.8,0.977,0,2.3,0.032,544.63,Clear,0,1191,1,1.2,1.0,1.08
2026-09-14,CHI-HUB,Outbound,Evening,19,Monday,0,0,1,1686,1652,529,1185,542,26,25,24,53,8,42.4,0.932,1,1.4,0.042,541.38,Clear,0,1185,1,1.2,1.0,1.08
2026-09-14,CHI-HUB,Outbound,Evening,20,Monday,0,0,0,1583,1551,520,1007,612,24,23,22,48,8,50.5,0.954,4,1.8,0.026,521.29,Clear,0,1007,0,1.08,1.0,1.08
2026-09-14,CHI-HUB,Outbound,Evening,21,Monday,0,0,0,1371,1343,442,921,466,21,20,20,48,8,47.5,0.96,7,2.4,0.02,504.78,Clear,0,921,2,0.96,1.0,1.08
2026-09-14,CHI-HUB,Outbound,Night,22,Monday,0,0,0,1267,1241,389,624,679,15,15,14,46,8,74.4,0.97,5,4.0,0.047,424.27,Clear,0,624,0,0.96,1.0,1.08
2026-09-14,CHI-HUB,Outbound,Night,23,Monday,0,0,0,1019,998,299,677,370,15,15,14,53,8,47.4,0.913,9,1.7,0.049,368.12,Clear,0,677,2,0.82,1.0,1.08
2026-09-14,DAL-HUB,Inbound,Morning,6,Monday,0,0,0,1209,1067,243,629,564,16,16,15,47,8,65.6,0.893,10,3.1,0.038,432.65,Clear,0,629,0,0.96,1.0,1.08
2026-09-14,DAL-HUB,Inbound,Morning,7,Monday,0,0,0,1323,1168,378,722,559,17,17,16,46,8,57.7,0.981,7,3.4,0.043,452.96,Clear,0,722,0,1.2,1.0,1.08
2026-09-14,DAL-HUB,Inbound,Morning,8,Monday,0,0,1,1652,1458,452,1035,602,22,21,21,50,8,52.3,0.986,9,2.5,0.018,543.29,Storm,0,1035,2,1.2,1.0,1.08
2026-09-14,DAL-HUB,Inbound,Morning,9,Monday,0,0,1,1941,1712,388,1158,751,26,26,25,48,8,52.9,0.966,10,2.4,0.031,620.95,Clear,0,1158,0,1.2,1.0,1.08
2026-09-14,DAL-HUB,Inbound,Morning,10,Monday,0,0,0,1484,1309,450,1042,409,21,21,20,54,8,39.7,0.965,9,1.8,0.029,495.39,Clear,0,1042,0,1.08,1.0,1.08
2026-09-14,DAL-HUB,Inbound,Morning,11,Monday,0,0,0,1145,1010,381,675,443,16,16,15,45,8,53.7,1.0,6,2.4,0.04,399.11,Clear,0,675,4,1.08,1.0,1.08
2026-09-14,DAL-HUB,Inbound,Morning,12,Monday,0,0,0,1227,1082,335,697,499,17,16,16,48,8,58.2,0.908,7,2.3,0.023,420.45,Clear,0,697,0,0.96,1.0,1.08
2026-09-14,DAL-HUB,Inbound,Morning,13,Monday,0,0,0,1167,1030,287,725,421,16,17,16,48,8,48.6,0.944,4,2.1,0.03,404.21,Clear,0,725,0,0.96,1.0,1.08
2026-09-14,DAL-HUB,Inbound,Evening,14,Monday,0,0,0,1064,939,329,656,392,16,14,14,48,8,54.2,0.977,9,2.8,0.021,398.99,Clear,0,656,1,0.96,1.0,1.08
2026-09-14,DAL-HUB,Inbound,Evening,15,Monday,0,0,0,1273,1124,315,846,409,18,19,18,48,8,43.8,0.98,9,1.9,0.06,455.48,Clear,0,846,2,1.08,1.0,1.08
2026-09-14,DAL-HUB,Inbound,Evening,16,Monday,0,0,0,1248,1101,278,759,462,17,16,16,50,8,52.3,0.949,7,2.3,0.026,420.83,Clear,0,759,0,1.08,1.0,1.08
2026-09-14,DAL-HUB,Inbound,Evening,17,Monday,0,0,1,1468,1296,300,855,582,19,20,19,45,8,55.5,1.0,8,3.2,0.042,511.62,Clear,0,855,2,1.2,1.0,1.08
2026-09-14,DAL-HUB,Inbound,Evening,18,Monday,0,0,1,1590,1403,517,915,627,21,21,20,47,8,55.8,0.974,3,2.8,0.043,506.06,Clear,0,915,1,1.2,1.0,1.08
2026-09-14,DAL-HUB,Inbound,Evening,19,Monday,0,0,1,1496,1320,395,892,573,21,20,19,47,8,54.4,1.0,0,2.8,0.036,478.47,Heavy Rain,0,892,1,1.2,1.0,1.08
2026-09-14,DAL-HUB,Inbound,Evening,20,Monday,0,0,0,1238,1092,317,660,566,18,17,16,43,8,65.2,0.96,8,3.2,0.033,450.36,Rain,0,660,0,1.08,1.0,1.08
2026-09-14,DAL-HUB,Inbound,Evening,21,Monday,0,0,0,1135,1001,210,609,499,16,15,14,45,8,62.7,0.967,6,3.3,0.034,405.84,Rain,0,609,1,0.96,1.0,1.08
2026-09-14,DAL-HUB,Inbound,Night,22,Monday,0,0,0,1157,1021,251,592,542,16,15,14,45,8,66.8,0.941,0,3.7,0.051,401.12,Storm,0,592,1,0.96,1.0,1.08
2026-09-14,DAL-HUB,Inbound,Night,23,Monday,0,0,0,1024,903,250,573,425,14,14,13,47,8,56.7,0.938,3,2.6,0.059,353.97,Clear,0,573,0,0.82,1.0,1.08
2026-09-14,DAL-HUB,Sortation,Morning,6,Monday,0,0,0,1247,1145,303,703,559,20,19,19,40,8,61.6,0.926,1,3.1,0.025,486.16,Heavy Rain,0,703,2,0.96,1.0,1.08
2026-09-14,DAL-HUB,Sortation,Morning,7,Monday,0,0,0,1455,1336,485,1003,489,24,24,23,45,8,47.4,0.97,1,2.1,0.056,537.23,Clear,0,1003,1,1.2,1.0,1.08
2026-09-14,DAL-HUB,Sortation,Morning,8,Monday,0,0,1,1538,1413,477,950,637,25,25,24,40,8,53.1,0.99,4,2.7,0.058,584.66,Clear,0,950,2,1.2,1.0,1.08
2026-09-14,DAL-HUB,Sortation,Morning,9,Monday,0,0,1,1815,1667,513,1061,798,28,28,26,41,8,58.7,0.996,8,3.0,0.065,649.95,Clear,0,1061,1,1.2,1.0,1.08
2026-09-14,DAL-HUB,Sortation,Morning,10,Monday,0,0,0,1318,1210,362,808,539,22,21,20,41,8,52.6,0.986,10,2.9,0.041,527.41,Clear,0,808,1,1.08,1.0,1.08
2026-09-14,DAL-HUB,Sortation,Morning,11,Monday,0,0,0,1265,1161,301,726,561,20,19,18,41,8,58.1,0.984,10,3.0,0.035,490.24,Clear,0,726,1,1.08,1.0,1.08
2026-09-14,DAL-HUB,Sortation,Morning,12,Monday,0,0,0,1164,1069,333,646,550,17,17,16,43,8,66.5,0.94,4,3.4,0.029,441.38,Clear,0,646,0,0.96,1.0,1.08
2026-09-14,DAL-HUB,Sortation,Morning,13,Monday,0,0,0,1224,1124,335,792,466,20,20,19,44,8,47.9,0.948,0,2.1,0.05,451.78,Clear,0,792,1,0.96,1.0,1.08
2026-09-14,DAL-HUB,Sortation,Evening,14,Monday,0,0,0,1356,1245,314,733,632,21,21,20,38,8,63.5,0.965,2,3.8,0.024,532.69,Storm,0,733,0,0.96,1.0,1.08
2026-09-14,DAL-HUB,Sortation,Evening,15,Monday,0,0,0,1243,1142,250,795,461,20,19,19,42,8,51.7,0.997,9,3.0,0.026,506.14,Clear,0,795,1,1.08,1.0,1.08
2026-09-14,DAL-HUB,Sortation,Evening,16,Monday,0,0,0,1273,1169,235,787,509,21,21,20,40,8,53.2,0.984,3,2.4,0.025,492.99,Heavy Rain,0,787,0,1.08,1.0,1.08
2026-09-14,DAL-HUB,Sortation,Evening,17,Monday,0,0,1,1626,1494,392,984,692,27,26,25,42,8,56.3,0.937,9,2.5,0.029,616.18,Clear,0,984,3,1.2,1.0,1.08
2026-09-14,DAL-HUB,Sortation,Evening,18,Monday,0,0,1,1593,1463,440,872,761,25,24,23,39,8,63.0,0.973,3,3.4,0.044,582.57,Clear,0,872,2,1.2,1.0,1.08
2026-09-14,DAL-HUB,Sortation,Evening,19,Monday,0,0,1,1857,1705,503,1116,777,32,30,29,40,8,55.4,0.963,10,2.9,0.02,712.81,Clear,0,1116,1,1.2,1.0,1.08
2026-09-14,DAL-HUB,Sortation,Evening,20,Monday,0,0,0,1414,1298,370,780,670,21,20,19,43,8,64.3,0.955,9,3.8,0.037,534.79,Heavy Rain,0,780,1,1.08,1.0,1.08
2026-09-14,DAL-HUB,Sortation,Evening,21,Monday,0,0,0,1233,1133,402,822,447,20,19,19,45,8,47.1,0.962,6,1.7,0.023,459.96,Clear,0,822,0,0.96,1.0,1.08
2026-09-14,DAL-HUB,Sortation,Night,22,Monday,0,0,0,1199,1101,240,813,414,18,19,18,47,8,44.2,0.962,2,2.6,0.031,452.23,Clear,0,813,1,0.96,1.0,1.08
2026-09-14,DAL-HUB,Sortation,Night,23,Monday,0,0,0,1047,962,250,645,419,19,17,17,40,8,51.1,0.949,7,2.1,0.023,431.94,Clear,0,645,0,0.82,1.0,1.08
2026-09-14,DAL-HUB,Outbound,Morning,6,Monday,0,0,0,1111,1088,347,731,416,16,15,15,50,8,47.7,0.976,4,2.1,0.022,384.51,Clear,0,731,0,0.96,1.0,1.08
2026-09-14,DAL-HUB,Outbound,Morning,7,Monday,0,0,0,1301,1274,393,822,517,18,18,17,51,8,52.6,0.949,3,2.3,0.042,429.4,Clear,0,822,0,1.2,1.0,1.08
2026-09-14,DAL-HUB,Outbound,Morning,8,Monday,0,0,1,1408,1379,323,978,478,21,21,20,50,8,44.8,0.979,3,1.6,0.028,470.27,Clear,0,978,0,1.2,1.0,1.08
2026-09-14,DAL-HUB,Outbound,Morning,9,Monday,0,0,1,1539,1508,429,980,606,22,21,20,49,8,49.7,1.0,8,2.5,0.041,513.88,Clear,0,980,0,1.2,1.0,1.08
2026-09-14,DAL-HUB,Outbound,Morning,10,Monday,0,0,0,1210,1185,425,789,445,17,16,16,50,8,51.3,0.986,5,2.6,0.024,423.03,Clear,0,789,1,1.08,1.0,1.08
2026-09-14,DAL-HUB,Outbound,Morning,11,Monday,0,0,0,1240,1215,311,795,457,17,17,16,50,8,50.7,0.994,0,2.0,0.037,390.79,Clear,0,795,2,1.08,1.0,1.08
2026-09-14,DAL-HUB,Outbound,Morning,12,Monday,0,0,0,1199,1175,409,742,501,17,17,16,50,8,55.1,0.928,6,2.4,0.06,420.43,Clear,0,742,0,0.96,1.0,1.08
2026-09-14,DAL-HUB,Outbound,Morning,13,Monday,0,0,0,1157,1133,392,668,509,16,15,15,47,8,64.9,0.949,7,3.2,0.033,425.76,Clear,0,668,1,0.96,1.0,1.08
2026-09-14,DAL-HUB,Outbound,Evening,14,Monday,0,0,0,1083,1061,250,780,330,17,16,16,50,8,42.3,0.976,4,2.0,0.026,400.71,Clear,0,780,2,0.96,1.0,1.08
2026-09-14,DAL-HUB,Outbound,Evening,15,Monday,0,0,0,1176,1152,269,795,417,16,16,15,55,8,45.6,0.964,3,2.4,0.039,390.92,Clear,0,795,1,1.08,1.0,1.08
2026-09-14,DAL-HUB,Outbound,Evening,16,Monday,0,0,0,1190,1166,413,661,567,17,16,15,48,8,64.2,0.919,8,3.0,0.039,423.97,Clear,0,661,1,1.08,1.0,1.08
2026-09-14,DAL-HUB,Outbound,Evening,17,Monday,0,0,1,1612,1579,556,966,691,24,23,22,46,8,55.1,0.955,3,3.0,0.043,552.21,Clear,0,966,1,1.2,1.0,1.08
2026-09-14,DAL-HUB,Outbound,Evening,18,Monday,0,0,1,1478,1448,412,976,552,21,21,20,50,8,48.1,0.976,3,2.4,0.052,493.96,Clear,0,976,1,1.2,1.0,1.08
2026-09-14,DAL-HUB,Outbound,Evening,19,Monday,0,0,1,1480,1450,506,966,540,19,20,19,52,8,51.6,0.978,6,2.7,0.038,497.94,Storm,0,966,0,1.2,1.0,1.08
2026-09-14,DAL-HUB,Outbound,Evening,20,Monday,0,0,0,1202,1177,392,725,491,16,16,15,50,8,57.7,0.968,8,2.5,0.044,410.19,Clear,0,725,1,1.08,1.0,1.08
2026-09-14,DAL-HUB,Outbound,Evening,21,Monday,0,0,0,1169,1145,215,630,566,15,15,14,47,8,70.5,0.959,4,3.9,0.053,420.77,Storm,0,630,3,0.96,1.0,1.08
2026-09-14,DAL-HUB,Outbound,Night,22,Monday,0,0,0,1115,1092,394,710,430,16,16,15,48,8,53.2,0.987,4,2.4,0.032,392.98,Clear,0,710,2,0.96,1.0,1.08
2026-09-14,DAL-HUB,Outbound,Night,23,Monday,0,0,0,968,948,244,591,389,12,12,12,52,8,52.7,0.949,3,2.6,0.036,335.25,Rain,0,591,3,0.82,1.0,1.08
