date,facility_id,operation,shift,hour_of_day,day_of_week,is_weekend,is_holiday,is_peak_period,inbound_volume,outbound_volume,inventory_volume,processed_volume,backlog_volume,available_workers,scheduled_workers,actual_workers,worker_capacity_per_hour,shift_hours,avg_cycle_time_minutes,equipment_availability,downtime_minutes,overtime_hours,absenteeism_rate,operational_cost,weather_impact,special_event,throughput_packages_per_hour,error_misroute_packages,traffic_hour_factor,weekly_pattern_factor,seasonal_pattern_factor
2026-09-01,ATL-HUB,Inbound,Morning,6,Tuesday,0,0,0,1490,1314,337,757,747,18,18,17,46,8,72.0,0.969,0,4.2,0.062,475.4,Clear,0,757,1,0.96,1.0,1.065
2026-09-01,ATL-HUB,Inbound,Morning,7,Tuesday,0,0,0,2020,1782,530,934,1054,23,23,21,48,8,79.5,0.927,15,4.7,0.084,624.76,Clear,0,934,0,1.2,1.0,1.065
2026-09-01,ATL-HUB,Inbound,Morning,8,Tuesday,0,0,1,2093,1846,561,1164,909,25,26,24,50,8,61.2,0.971,11,3.3,0.074,632.54,Clear,0,1164,1,1.2,1.0,1.065
2026-09-01,ATL-HUB,Inbound,Morning,9,Tuesday,0,0,1,2189,1932,740,1043,1115,24,25,23,47,8,76.7,0.965,15,4.0,0.078,647.15,Clear,0,1043,2,1.2,1.0,1.065
2026-09-01,ATL-HUB,Inbound,Morning,10,Tuesday,0,0,0,1692,1493,430,842,819,20,20,19,47,8,70.0,0.943,2,3.7,0.068,510.36,Clear,0,842,1,1.08,1.0,1.065
2026-09-01,ATL-HUB,Inbound,Morning,11,Tuesday,0,0,0,1621,1431,422,826,773,20,19,18,49,8,68.8,0.937,14,3.3,0.065,516.82,Clear,0,826,1,1.08,1.0,1.065
2026-09-01,ATL-HUB,Inbound,Morning,12,Tuesday,0,0,0,1633,1440,301,714,911,18,17,16,47,8,89.4,0.95,1,4.6,0.055,472.82,Clear,0,714,2,0.96,1.0,1.065
2026-09-01,ATL-HUB,Inbound,Morning,13,Tuesday,0,0,0,1542,1360,281,780,741,18,18,17,46,8,69.2,0.998,15,4.0,0.065,524.16,Storm,0,780,1,0.96,1.0,1.065
2026-09-01,ATL-HUB,Inbound,Evening,14,Tuesday,0,0,0,1443,1273,328,668,751,16,17,15,47,8,77.1,0.949,1,3.8,0.094,427.57,Clear,0,668,1,0.96,1.0,1.065
2026-09-01,ATL-HUB,Inbound,Evening,15,Tuesday,0,0,0,1619,1429,298,893,704,20,19,18,53,8,62.9,0.936,8,2.6,0.073,477.98,Clear,0,893,0,1.08,1.0,1.065
2026-09-01,ATL-HUB,Inbound,Evening,16,Tuesday,0,0,0,1856,1638,578,913,927,21,22,20,47,8,75.1,0.972,10,4.1,0.075,569.56,Clear,0,913,0,1.08,1.0,1.065
2026-09-01,ATL-HUB,Inbound,Evening,17,Tuesday,0,0,1,2212,1952,654,1116,1094,25,25,23,50,8,74.1,0.971,8,3.8,0.099,619.54,Clear,0,1116,0,1.2,1.0,1.065
2026-09-01,ATL-HUB,Inbound,Evening,18,Tuesday,0,0,1,2164,1909,625,1007,1130,24,24,23,46,8,81.0,0.952,2,4.2,0.041,618.34,Storm,0,1007,2,1.2,1.0,1.065
2026-09-01,ATL-HUB,Inbound,Evening,19,Tuesday,0,0,1,2019,1782,529,1019,998,26,25,24,44,8,71.5,0.965,4,4.0,0.059,628.44,Clear,0,1019,0,1.2,1.0,1.065
2026-09-01,ATL-HUB,Inbound,Evening,20,Tuesday,0,0,0,1739,1534,338,857,865,22,22,20,46,8,75.4,0.932,11,3.3,0.071,548.29,Clear,0,857,1,1.08,1.0,1.065
2026-09-01,ATL-HUB,Inbound,Evening,21,Tuesday,0,0,0,1551,1368,512,808,735,19,19,18,47,8,65.7,0.955,9,3.5,0.06,505.18,Clear,0,808,4,0.96,1.0,1.065
2026-09-01,ATL-HUB,Inbound,Night,22,Tuesday,0,0,0,1569,1385,532,739,809,19,19,17,46,8,78.0,0.945,14,4.3,0.084,524.4,Clear,0,739,0,0.96,1.0,1.065
2026-09-01,ATL-HUB,Inbound,Night,23,Tuesday,0,0,0,1395,1231,353,684,711,16,17,16,45,8,76.1,0.951,6,4.0,0.073,467.82,Clear,0,684,0,0.82,1.0,1.065
2026-09-01,ATL-HUB,Sortation,Morning,6,Tuesday,0,0,0,1755,1611,421,1028,784,24,24,23,47,8,61.9,0.951,11,2.7,0.055,591.54,Clear,0,1028,1,0.96,1.0,1.065
2026-09-01,ATL-HUB,Sortation,Morning,7,Tuesday,0,0,0,1923,1766,634,1039,917,29,27,26,41,8,65.2,0.975,3,3.8,0.03,658.33,Clear,0,1039,0,1.2,1.0,1.065
2026-09-01,ATL-HUB,Sortation,Morning,8,Tuesday,0,0,1,2247,2063,694,891,1411,29,29,27,47,8,109.8,0.78,17,3.4,0.076,717.37,Clear,0,891,1,1.2,1.0,1.065
2026-09-01,ATL-HUB,Sortation,Morning,9,Tuesday,0,0,1,2369,2176,830,872,1560,33,32,30,40,8,120.9,0.808,26,4.3,0.059,832.12,Clear,0,872,0,1.2,1.0,1.065
2026-09-01,ATL-HUB,Sortation,Morning,10,Tuesday,0,0,0,1950,1791,392,991,1006,25,26,24,42,8,73.5,0.983,1,4.4,0.075,630.22,Clear,0,991,0,1.08,1.0,1.065
2026-09-01,ATL-HUB,Sortation,Morning,11,Tuesday,0,0,0,1747,1604,460,937,855,23,23,22,43,8,67.1,0.991,14,3.6,0.06,606.69,Clear,0,937,2,1.08,1.0,1.065
2026-09-01,ATL-HUB,Sortation,Morning,12,Tuesday,0,0,0,1732,1591,604,833,949,22,22,21,41,8,79.8,0.968,12,4.0,0.06,591.72,Clear,0,833,0,0.96,1.0,1.065
2026-09-01,ATL-HUB,Sortation,Morning,13,Tuesday,0,0,0,1613,1481,497,870,776,21,22,20,44,8,66.1,0.989,2,3.9,0.081,535.23,Clear,0,870,0,0.96,1.0,1.065
2026-09-01,ATL-HUB,Sortation,Evening,14,Tuesday,0,0,0,1487,1366,347,723,814,18,18,17,46,8,80.8,0.925,15,4.2,0.059,524.42,Clear,0,723,3,0.96,1.0,1.065
2026-09-01,ATL-HUB,Sortation,Evening,15,Tuesday,0,0,0,1763,1619,337,945,882,25,25,23,43,8,69.7,0.956,9,3.8,0.061,616.08,Clear,0,945,0,1.08,1.0,1.065
2026-09-01,ATL-HUB,Sortation,Evening,16,Tuesday,0,0,0,1902,1746,408,833,1134,26,25,24,37,8,92.4,0.939,14,5.2,0.054,693.34,Clear,0,833,0,1.08,1.0,1.065
2026-09-01,ATL-HUB,Sortation,Evening,17,Tuesday,0,0,1,2408,2212,733,698,1783,30,30,28,37,8,163.0,0.75,25,6.0,0.078,838.24,Clear,0,698,0,1.2,1.0,1.065
2026-09-01,ATL-HUB,Sortation,Evening,18,Tuesday,0,0,1,2176,1998,498,845,1380,27,29,26,45,8,113.7,0.803,16,3.5,0.092,696.18,Clear,0,845,2,1.2,1.0,1.065
2026-09-01,ATL-HUB,Sortation,Evening,19,Tuesday,0,0,1,2168,1991,749,1010,1232,29,30,28,44,8,89.7,0.911,19,3.5,0.061,744.63,Clear,0,1010,2,1.2,1.0,1.065
2026-09-01,ATL-HUB,Sortation,Evening,20,Tuesday,0,0,0,1716,1576,378,847,905,22,23,21,41,8,77.7,0.984,1,5.1,0.065,587.04,Clear,0,847,0,1.08,1.0,1.065
2026-09-01,ATL-HUB,Sortation,Evening,21,Tuesday,0,0,0,1432,1315,316,763,703,20,19,18,44,8,68.3,0.965,15,3.1,0.078,512.12,Clear,0,763,1,0.96,1.0,1.065
2026-09-01,ATL-HUB,Sortation,Night,22,Tuesday,0,0,0,1639,1505,380,757,933,22,22,20,41,8,85.9,0.924,9,4.4,0.071,572.11,Clear,0,757,1,0.96,1.0,1.065
2026-09-01,ATL-HUB,Sortation,Night,23,Tuesday,0,0,0,1281,1177,344,578,742,18,17,16,37,8,93.2,0.978,9,5.2,0.069,509.94,Clear,0,578,1,0.82,1.0,1.065
2026-09-01,ATL-HUB,Outbound,Morning,6,Tuesday,0,0,0,1374,1346,269,648,759,15,15,14,50,8,79.3,0.926,11,4.3,0.079,453.85,Clear,0,648,0,0.96,1.0,1.065
2026-09-01,ATL-HUB,Outbound,Morning,7,Tuesday,0,0,0,1785,1749,539,859,994,20,19,18,50,8,79.5,0.956,7,4.7,0.066,537.8,Clear,0,859,1,1.2,1.0,1.065
2026-09-01,ATL-HUB,Outbound,Morning,8,Tuesday,0,0,1,2017,1976,487,943,1139,22,22,20,48,8,84.2,0.983,11,4.5,0.072,588.26,Clear,0,943,0,1.2,1.0,1.065
2026-09-01,ATL-HUB,Outbound,Morning,9,Tuesday,0,0,1,2225,2180,465,1105,1184,25,26,24,49,8,74.7,0.94,4,4.0,0.07,633.68,Clear,0,1105,3,1.2,1.0,1.065
2026-09-01,ATL-HUB,Outbound,Morning,10,Tuesday,0,0,0,1714,1679,400,1001,763,20,21,19,56,8,61.4,0.941,8,2.2,0.087,489.18,Clear,0,1001,0,1.08,1.0,1.065
2026-09-01,ATL-HUB,Outbound,Morning,11,Tuesday,0,0,0,1555,1523,368,876,722,18,18,17,52,8,61.1,0.992,5,3.6,0.074,476.87,Clear,0,876,3,1.08,1.0,1.065
2026-09-01,ATL-HUB,Outbound,Morning,12,Tuesday,0,0,0,1617,1584,566,768,899,17,18,17,46,8,81.3,0.982,8,5.2,0.07,532.4,Clear,0,768,2,0.96,1.0,1.065
2026-09-01,ATL-HUB,Outbound,Morning,13,Tuesday,0,0,0,1643,1609,463,817,870,19,20,18,47,8,78.3,0.966,10,4.2,0.079,530.79,Clear,0,817,2,0.96,1.0,1.065
2026-09-01,ATL-HUB,Outbound,Evening,14,Tuesday,0,0,0,1316,1289,384,610,756,13,14,13,48,8,83.9,0.978,15,4.9,0.059,462.87,Clear,0,610,3,0.96,1.0,1.065
2026-09-01,ATL-HUB,Outbound,Evening,15,Tuesday,0,0,0,1671,1637,584,925,792,20,21,20,47,8,64.3,0.985,4,3.2,0.064,523.11,Clear,0,925,1,1.08,1.0,1.065
2026-09-01,ATL-HUB,Outbound,Evening,16,Tuesday,0,0,0,1567,1535,406,799,821,19,18,17,47,8,76.3,1.0,3,4.0,0.077,481.88,Clear,0,799,1,1.08,1.0,1.065
2026-09-01,ATL-HUB,Outbound,Evening,17,Tuesday,0,0,1,2043,2001,622,1106,1001,24,24,22,52,8,65.9,0.967,0,3.7,0.08,570.13,Clear,0,1106,5,1.2,1.0,1.065
2026-09-01,ATL-HUB,Outbound,Evening,18,Tuesday,0,0,1,2087,2044,466,940,1214,25,24,23,44,8,88.6,0.929,12,4.3,0.047,645.64,Clear,0,940,0,1.2,1.0,1.065
2026-09-01,ATL-HUB,Outbound,Evening,19,Tuesday,0,0,1,1907,1868,627,952,1021,21,22,20,50,8,75.8,0.952,2,4.0,0.088,543.43,Clear,0,952,0,1.2,1.0,1.065
2026-09-01,ATL-HUB,Outbound,Evening,20,Tuesday,0,0,0,1582,1550,537,777,848,17,18,16,53,8,75.2,0.916,5,3.4,0.087,452.27,Clear,0,777,7,1.08,1.0,1.065
2026-09-01,ATL-HUB,Outbound,Evening,21,Tuesday,0,0,0,1419,1390,321,775,690,16,16,15,52,8,65.6,0.995,12,4.0,0.086,468.96,Clear,0,775,0,0.96,1.0,1.065
2026-09-01,ATL-HUB,Outbound,Night,22,Tuesday,0,0,0,1535,1504,336,704,878,17,17,16,46,8,84.9,0.957,12,5.0,0.064,521.99,Heavy Rain,0,704,1,0.96,1.0,1.065
2026-09-01,ATL-HUB,Outbound,Night,23,Tuesday,0,0,0,1323,1296,259,624,721,16,15,14,48,8,84.0,0.93,2,4.3,0.069,424.1,Clear,0,624,1,0.82,1.0,1.065
2026-09-01,CHI-HUB,Inbound,Morning,6,Tuesday,0,0,0,1295,1143,278,674,626,15,15,14,49,8,64.2,0.984,2,3.2,0.079,391.86,Clear,0,674,2,0.96,1.0,1.065
2026-09-01,CHI-HUB,Inbound,Morning,7,Tuesday,0,0,0,1777,1568,371,893,861,21,21,19,48,8,70.3,0.98,13,3.9,0.091,558.95,Storm,0,893,0,1.2,1.0,1.065
2026-09-01,CHI-HUB,Inbound,Morning,8,Tuesday,0,0,1,1711,1510,394,953,739,22,21,20,48,8,58.9,0.993,6,3.8,0.068,545.8,Clear,0,953,2,1.2,1.0,1.065
2026-09-01,CHI-HUB,Inbound,Morning,9,Tuesday,0,0,1,2063,1820,605,1044,982,25,24,23,49,8,68.4,0.927,15,3.7,0.056,636.51,Clear,0,1044,0,1.2,1.0,1.065
2026-09-01,CHI-HUB,Inbound,Morning,10,Tuesday,0,0,0,1538,1357,427,649,854,18,18,17,41,8,85.1,0.933,6,5.1,0.07,520.64,Clear,0,649,0,1.08,1.0,1.065
2026-09-01,CHI-HUB,Inbound,Morning,11,Tuesday,0,0,0,1613,1423,544,804,792,18,19,17,50,8,72.3,0.947,4,4.2,0.086,490.38,Clear,0,804,1,1.08,1.0,1.065
2026-09-01,CHI-HUB,Inbound,Morning,12,Tuesday,0,0,0,1502,1325,384,758,724,16,17,16,49,8,70.0,0.967,2,3.7,0.052,448.51,Clear,0,758,1,0.96,1.0,1.065
2026-09-01,CHI-HUB,Inbound,Morning,13,Tuesday,0,0,0,1403,1238,402,733,666,17,17,16,47,8,67.7,0.976,3,3.5,0.054,444.37,Clear,0,733,1,0.96,1.0,1.065
2026-09-01,CHI-HUB,Inbound,Evening,14,Tuesday,0,0,0,1551,1368,431,715,825,17,17,16,49,8,84.8,0.912,7,4.5,0.085,487.78,Clear,0,715,1,0.96,1.0,1.065
2026-09-01,CHI-HUB,Inbound,Evening,15,Tuesday,0,0,0,1648,1454,525,809,813,18,20,18,46,8,73.3,0.978,9,4.0,0.077,520.89,Clear,0,809,1,1.08,1.0,1.065
2026-09-01,CHI-HUB,Inbound,Evening,16,Tuesday,0,0,0,1736,1531,505,828,886,19,19,18,46,8,76.9,1.0,13,4.5,0.047,549.24,Clear,0,828,1,1.08,1.0,1.065
2026-09-01,CHI-HUB,Inbound,Evening,17,Tuesday,0,0,1,1846,1629,629,911,937,21,21,20,49,8,75.8,0.93,4,3.2,0.056,524.98,Clear,0,911,2,1.2,1.0,1.065
2026-09-01,CHI-HUB,Inbound,Evening,18,Tuesday,0,0,1,1873,1653,363,987,862,22,23,21,48,8,67.0,0.979,4,3.5,0.068,557.33,Heavy Rain,0,987,2,1.2,1.0,1.065
2026-09-01,CHI-HUB,Inbound,Evening,19,Tuesday,0,0,1,2064,1821,664,1071,960,24,23,22,51,8,68.5,0.955,12,2.8,0.06,582.23,Clear,0,1071,1,1.2,1.0,1.065
2026-09-01,CHI-HUB,Inbound,Evening,20,Tuesday,0,0,0,1692,1493,372,826,855,20,20,18,48,8,73.2,0.957,14,4.2,0.091,543.26,Clear,0,826,1,1.08,1.0,1.065
2026-09-01,CHI-HUB,Inbound,Evening,21,Tuesday,0,0,0,1497,1321,338,833,662,18,18,17,49,8,65.4,1.0,11,3.6,0.069,493.92,Clear,0,833,2,0.96,1.0,1.065
2026-09-01,CHI-HUB,Inbound,Night,22,Tuesday,0,0,0,1579,1394,437,903,659,20,19,18,51,8,59.8,0.984,9,3.5,0.074,505.68,Clear,0,903,1,0.96,1.0,1.065
2026-09-01,CHI-HUB,Inbound,Night,23,Tuesday,0,0,0,1273,1124,276,674,576,15,15,14,49,8,66.8,0.984,2,3.4,0.061,397.08,Clear,0,674,0,0.82,1.0,1.065
2026-09-01,CHI-HUB,Sortation,Morning,6,Tuesday,0,0,0,1454,1335,335,744,758,20,21,19,41,8,73.4,0.956,13,4.0,0.082,550.81,Clear,0,744,0,0.96,1.0,1.065
2026-09-01,CHI-HUB,Sortation,Morning,7,Tuesday,0,0,0,1772,1628,466,960,869,23,24,22,44,8,69.8,0.993,11,3.1,0.071,583.56,Clear,0,960,1,1.2,1.0,1.065
2026-09-01,CHI-HUB,Sortation,Morning,8,Tuesday,0,0,1,2285,2098,672,892,1458,33,32,30,39,8,112.4,0.847,13,4.2,0.057,786.18,Clear,0,892,2,1.2,1.0,1.065
2026-09-01,CHI-HUB,Sortation,Morning,9,Tuesday,0,0,1,2233,2051,518,998,1303,30,31,29,46,8,98.0,0.831,19,3.1,0.071,754.12,Clear,0,998,1,1.2,1.0,1.065
2026-09-01,CHI-HUB,Sortation,Morning,10,Tuesday,0,0,0,1819,1671,543,925,954,24,24,22,45,8,73.7,0.935,4,3.7,0.066,578.83,Clear,0,925,2,1.08,1.0,1.065
2026-09-01,CHI-HUB,Sortation,Morning,11,Tuesday,0,0,0,1768,1624,570,990,849,24,24,23,44,8,66.3,0.979,11,2.9,0.061,603.89,Storm,0,990,1,1.08,1.0,1.065
2026-09-01,CHI-HUB,Sortation,Morning,12,Tuesday,0,0,0,1422,1306,291,780,678,21,20,19,43,8,69.6,0.956,4,3.6,0.063,510.24,Clear,0,780,4,0.96,1.0,1.065
2026-09-01,CHI-HUB,Sortation,Morning,13,Tuesday,0,0,0,1726,1585,448,807,976,21,21,20,41,8,85.0,0.985,4,4.9,0.066,571.72,Clear,0,807,1,0.96,1.0,1.065
2026-09-01,CHI-HUB,Sortation,Evening,14,Tuesday,0,0,0,1661,1525,486,798,915,22,23,21,40,8,84.4,0.95,3,4.5,0.073,575.61,Clear,0,798,1,0.96,1.0,1.065
2026-09-01,CHI-HUB,Sortation,Evening,15,Tuesday,0,0,0,1553,1426,497,874,734,22,22,20,46,8,63.1,0.95,3,3.8,0.078,534.53,Clear,0,874,3,1.08,1.0,1.065
2026-09-01,CHI-HUB,Sortation,Evening,16,Tuesday,0,0,0,1790,1644,428,962,852,22,23,21,46,8,67.9,0.996,13,4.1,0.076,598.79,Clear,0,962,0,1.08,1.0,1.065
2026-09-01,CHI-HUB,Sortation,Evening,17,Tuesday,0,0,1,2083,1913,514,785,1352,26,27,25,45,8,118.1,0.776,24,3.5,0.072,700.57,Clear,0,785,0,1.2,1.0,1.065
2026-09-01,CHI-HUB,Sortation,Evening,18,Tuesday,0,0,1,2140,1965,643,876,1327,28,30,27,46,8,106.4,0.784,19,3.7,0.088,730.21,Clear,0,876,0,1.2,1.0,1.065
2026-09-01,CHI-HUB,Sortation,Evening,19,Tuesday,0,0,1,1987,1825,570,729,1312,29,27,26,42,8,123.0,0.743,23,3.6,0.051,717.9,Clear,0,729,1,1.2,1.0,1.065
2026-09-01,CHI-HUB,Sortation,Evening,20,Tuesday,0,0,0,1744,1602,489,939,861,23,23,21,46,8,69.5,0.973,13,3.9,0.084,592.34,Clear,0,939,2,1.08,1.0,1.065
2026-09-01,CHI-HUB,Sortation,Evening,21,Tuesday,0,0,0,1426,1310,348,703,765,20,19,18,42,8,76.5,0.931,11,4.5,0.076,538.41,Clear,0,703,2,0.96,1.0,1.065
2026-09-01,CHI-HUB,Sortation,Night,22,Tuesday,0,0,0,1489,1368,480,674,849,20,20,18,39,8,87.9,0.961,5,4.9,0.111,531.56,Clear,0,674,1,0.96,1.0,1.065
2026-09-01,CHI-HUB,Sortation,Night,23,Tuesday,0,0,0,1194,1097,391,573,669,15,17,15,41,8,80.4,0.933,0,4.4,0.099,442.03,Storm,0,573,0,0.82,1.0,1.065
2026-09-01,CHI-HUB,Outbound,Morning,6,Tuesday,0,0,0,1337,1310,446,664,714,15,15,14,48,8,77.5,0.989,15,3.9,0.041,454.77,Clear,0,664,0,0.96,1.0,1.065
2026-09-01,CHI-HUB,Outbound,Morning,7,Tuesday,0,0,0,1668,1634,566,893,836,19,20,19,50,8,70.2,0.94,6,3.2,0.061,509.95,Clear,0,893,2,1.2,1.0,1.065
2026-09-01,CHI-HUB,Outbound,Morning,8,Tuesday,0,0,1,1851,1813,572,944,964,23,22,21,48,8,73.1,0.937,14,4.0,0.063,600.3,Clear,0,944,1,1.2,1.0,1.065
2026-09-01,CHI-HUB,Outbound,Morning,9,Tuesday,0,0,1,1873,1835,359,902,1014,21,21,20,48,8,77.4,0.94,0,4.7,0.049,556.02,Clear,0,902,4,1.2,1.0,1.065
2026-09-01,CHI-HUB,Outbound,Morning,10,Tuesday,0,0,0,1524,1493,370,784,778,17,17,16,49,8,72.4,1.0,15,4.2,0.054,511.21,Storm,0,784,0,1.08,1.0,1.065
2026-09-01,CHI-HUB,Outbound,Morning,11,Tuesday,0,0,0,1471,1441,336,741,790,18,17,16,51,8,79.2,0.908,2,3.5,0.063,443.44,Clear,0,741,1,1.08,1.0,1.065
2026-09-01,CHI-HUB,Outbound,Morning,12,Tuesday,0,0,0,1229,1204,290,629,642,14,14,13,51,8,76.8,0.95,14,4.2,0.08,438.49,Clear,0,629,1,0.96,1.0,1.065
2026-09-01,CHI-HUB,Outbound,Morning,13,Tuesday,0,0,0,1312,1285,450,627,723,15,15,14,46,8,83.0,0.975,10,4.3,0.06,449.5,Clear,0,627,0,0.96,1.0,1.065
2026-09-01,CHI-HUB,Outbound,Evening,14,Tuesday,0,0,0,1352,1324,300,667,729,16,16,15,47,8,79.3,0.947,14,4.3,0.056,482.54,Clear,0,667,3,0.96,1.0,1.065
2026-09-01,CHI-HUB,Outbound,Evening,15,Tuesday,0,0,0,1596,1563,490,935,703,19,18,17,56,8,57.5,0.982,1,2.5,0.079,434.02,Clear,0,935,2,1.08,1.0,1.065
2026-09-01,CHI-HUB,Outbound,Evening,16,Tuesday,0,0,0,1501,1470,377,766,781,17,17,16,51,8,73.6,0.939,15,4.0,0.062,499.58,Clear,0,766,1,1.08,1.0,1.065
2026-09-01,CHI-HUB,Outbound,Evening,17,Tuesday,0,0,1,1697,1662,323,908,837,22,21,20,47,8,69.3,0.966,8,3.7,0.059,550.38,Clear,0,908,3,1.2,1.0,1.065
2026-09-01,CHI-HUB,Outbound,Evening,18,Tuesday,0,0,1,1891,1852,484,882,1070,20,21,19,48,8,88.3,0.968,10,5.1,0.084,580.04,Clear,0,882,1,1.2,1.0,1.065
2026-09-01,CHI-HUB,Outbound,Evening,19,Tuesday,0,0,1,2011,1970,649,1090,978,24,24,22,50,8,66.9,0.991,10,3.6,0.09,598.75,Clear,0,1090,0,1.2,1.0,1.065
2026-09-01,CHI-HUB,Outbound,Evening,20,Tuesday,0,0,0,1627,1594,313,883,795,19,19,18,53,8,69.3,0.926,6,3.8,0.066,506.5,Clear,0,883,1,1.08,1.0,1.065
2026-09-01,CHI-HUB,Outbound,Evening,21,Tuesday,0,0,0,1229,1204,272,770,516,16,15,14,56,8,52.0,0.983,1,2.9,0.065,379.99,Clear,0,770,2,0.96,1.0,1.065
2026-09-01,CHI-HUB,Outbound,Night,22,Tuesday,0,0,0,1404,1375,334,656,804,14,16,14,51,8,83.8,0.919,4,4.0,0.101,423.59,Clear,0,656,1,0.96,1.0,1.065
2026-09-01,CHI-HUB,Outbound,Night,23,Tuesday,0,0,0,1063,1041,350,478,627,10,11,10,51,8,91.8,0.938,4,5.0,0.064,367.33,Clear,0,478,0,0.82,1.0,1.065
2026-09-01,DAL-HUB,Inbound,Morning,6,Tuesday,0,0,0,1313,1159,259,671,651,16,16,15,45,8,71.2,0.996,4,3.9,0.069,439.08,Rain,0,671,2,0.96,1.0,1.065
2026-09-01,DAL-HUB,Inbound,Morning,7,Tuesday,0,0,0,1654,1459,404,836,815,20,20,19,45,8,69.2,0.978,0,4.0,0.072,511.7,Clear,0,836,1,1.2,1.0,1.065
2026-09-01,DAL-HUB,Inbound,Morning,8,Tuesday,0,0,1,1521,1342,327,815,697,19,19,18,48,8,65.2,0.944,12,2.8,0.073,494.66,Clear,0,815,2,1.2,1.0,1.065
2026-09-01,DAL-HUB,Inbound,Morning,9,Tuesday,0,0,1,1668,1472,383,742,900,18,19,17,47,8,85.2,0.929,6,4.4,0.08,503.35,Clear,0,742,1,1.2,1.0,1.065
2026-09-01,DAL-HUB,Inbound,Morning,10,Tuesday,0,0,0,1386,1223,331,678,710,16,16,15,47,8,73.6,0.962,9,4.1,0.057,460.56,Clear,0,678,3,1.08,1.0,1.065
2026-09-01,DAL-HUB,Inbound,Morning,11,Tuesday,0,0,0,1234,1089,234,585,638,14,14,13,49,8,79.6,0.919,9,3.8,0.074,410.48,Clear,0,585,1,1.08,1.0,1.065
2026-09-01,DAL-HUB,Inbound,Morning,12,Tuesday,0,0,0,1230,1085,221,681,550,14,14,13,54,8,61.1,0.971,1,2.8,0.068,356.81,Clear,0,681,1,0.96,1.0,1.065
2026-09-01,DAL-HUB,Inbound,Morning,13,Tuesday,0,0,0,1323,1168,341,669,637,16,16,15,45,8,66.7,0.992,1,3.9,0.054,428.26,Clear,0,669,1,0.96,1.0,1.065
2026-09-01,DAL-HUB,Inbound,Evening,14,Tuesday,0,0,0,1127,994,330,500,603,13,13,12,45,8,84.5,0.926,6,4.9,0.059,410.29,Clear,0,500,2,0.96,1.0,1.065
2026-09-01,DAL-HUB,Inbound,Evening,15,Tuesday,0,0,0,1345,1187,252,633,707,15,15,14,49,8,78.7,0.923,13,4.3,0.08,458.74,Clear,0,633,0,1.08,1.0,1.065
2026-09-01,DAL-HUB,Inbound,Evening,16,Tuesday,0,0,0,1360,1200,442,619,740,14,14,13,49,8,83.6,0.972,15,4.2,0.074,443.11,Clear,0,619,1,1.08,1.0,1.065
2026-09-01,DAL-HUB,Inbound,Evening,17,Tuesday,0,0,1,1686,1487,528,868,791,21,20,19,48,8,68.7,0.952,5,3.6,0.075,517.05,Clear,0,868,2,1.2,1.0,1.065
2026-09-01,DAL-HUB,Inbound,Evening,18,Tuesday,0,0,1,1708,1507,550,842,847,19,19,18,48,8,75.0,0.975,9,3.8,0.067,516.35,Clear,0,842,1,1.2,1.0,1.065
2026-09-01,DAL-HUB,Inbound,Evening,19,Tuesday,0,0,1,1763,1556,592,846,905,20,20,19,46,8,77.3,0.969,14,4.2,0.075,567.76,Heavy Rain,0,846,0,1.2,1.0,1.065
2026-09-01,DAL-HUB,Inbound,Evening,20,Tuesday,0,0,0,1514,1336,372,701,796,17,17,16,45,8,82.5,0.974,11,5.0,0.053,513.93,Clear,0,701,0,1.08,1.0,1.065
2026-09-01,DAL-HUB,Inbound,Evening,21,Tuesday,0,0,0,1088,960,299,523,571,12,12,11,51,8,76.7,0.933,11,3.5,0.064,366.91,Clear,0,523,0,0.96,1.0,1.065
2026-09-01,DAL-HUB,Inbound,Night,22,Tuesday,0,0,0,1317,1162,338,674,629,14,15,14,50,8,68.6,0.963,13,3.5,0.079,437.25,Rain,0,674,3,0.96,1.0,1.065
2026-09-01,DAL-HUB,Inbound,Night,23,Tuesday,0,0,0,1007,889,247,440,562,11,11,10,45,8,88.8,0.979,14,5.3,0.087,405.98,Clear,0,440,2,0.82,1.0,1.065
2026-09-01,DAL-HUB,Sortation,Morning,6,Tuesday,0,0,0,1206,1107,227,660,578,17,16,15,44,8,65.8,1.0,1,4.1,0.07,432.66,Clear,0,660,1,0.96,1.0,1.065
2026-09-01,DAL-HUB,Sortation,Morning,7,Tuesday,0,0,0,1603,1472,561,846,796,22,22,21,42,8,66.9,0.96,3,4.0,0.053,560.55,Clear,0,846,1,1.2,1.0,1.065
2026-09-01,DAL-HUB,Sortation,Morning,8,Tuesday,0,0,1,1698,1559,388,729,1029,25,25,23,43,8,102.1,0.819,18,3.4,0.097,632.49,Clear,0,729,1,1.2,1.0,1.065
2026-09-01,DAL-HUB,Sortation,Morning,9,Tuesday,0,0,1,1619,1487,510,753,914,22,22,20,45,8,91.4,0.93,16,3.8,0.092,577.35,Clear,0,753,0,1.2,1.0,1.065
2026-09-01,DAL-HUB,Sortation,Morning,10,Tuesday,0,0,0,1374,1262,274,608,805,18,18,16,38,8,90.3,1.0,2,5.5,0.089,497.65,Clear,0,608,0,1.08,1.0,1.065
2026-09-01,DAL-HUB,Sortation,Morning,11,Tuesday,0,0,0,1419,1303,462,675,788,19,18,17,41,8,82.2,0.969,0,5.3,0.036,507.53,Rain,0,675,2,1.08,1.0,1.065
2026-09-01,DAL-HUB,Sortation,Morning,12,Tuesday,0,0,0,1288,1183,248,718,619,18,18,17,43,8,62.2,0.983,11,3.3,0.076,482.77,Clear,0,718,0,0.96,1.0,1.065
2026-09-01,DAL-HUB,Sortation,Morning,13,Tuesday,0,0,0,1204,1106,250,552,689,17,16,15,39,8,88.3,0.945,5,4.1,0.06,445.42,Clear,0,552,0,0.96,1.0,1.065
2026-09-01,DAL-HUB,Sortation,Evening,14,Tuesday,0,0,0,1280,1176,352,604,721,17,17,16,38,8,84.6,0.994,5,4.7,0.06,483.13,Clear,0,604,1,0.96,1.0,1.065
2026-09-01,DAL-HUB,Sortation,Evening,15,Tuesday,0,0,0,1326,1218,380,629,736,17,17,16,42,8,81.2,0.937,14,4.1,0.073,495.97,Clear,0,629,1,1.08,1.0,1.065
2026-09-01,DAL-HUB,Sortation,Evening,16,Tuesday,0,0,0,1520,1396,499,797,768,22,21,20,43,8,72.3,0.928,7,3.5,0.055,538.34,Clear,0,797,4,1.08,1.0,1.065
2026-09-01,DAL-HUB,Sortation,Evening,17,Tuesday,0,0,1,1801,1654,423,780,1070,26,25,24,45,8,96.5,0.803,25,3.0,0.057,665.08,Clear,0,780,3,1.2,1.0,1.065
2026-09-01,DAL-HUB,Sortation,Evening,18,Tuesday,0,0,1,1752,1609,496,770,1028,25,24,23,42,8,95.9,0.886,20,4.1,0.061,659.48,Clear,0,770,2,1.2,1.0,1.065
2026-09-01,DAL-HUB,Sortation,Evening,19,Tuesday,0,0,1,1885,1731,537,827,1125,25,26,24,43,8,100.0,0.891,29,3.5,0.07,693.43,Clear,0,827,1,1.2,1.0,1.065
2026-09-01,DAL-HUB,Sortation,Evening,20,Tuesday,0,0,0,1390,1277,460,705,721,17,18,17,42,8,74.4,0.988,15,5.0,0.078,545.04,Clear,0,705,0,1.08,1.0,1.065
2026-09-01,DAL-HUB,Sortation,Evening,21,Tuesday,0,0,0,1200,1102,301,616,620,16,17,15,42,8,71.3,0.978,10,3.6,0.089,447.35,Clear,0,616,0,0.96,1.0,1.065
2026-09-01,DAL-HUB,Sortation,Night,22,Tuesday,0,0,0,1323,1215,423,672,706,17,17,16,43,8,76.9,0.977,6,4.1,0.076,470.3,Clear,0,672,2,0.96,1.0,1.065
2026-09-01,DAL-HUB,Sortation,Night,23,Tuesday,0,0,0,1040,955,340,494,571,14,14,13,41,8,80.2,0.928,10,4.3,0.076,425.02,Clear,0,494,1,0.82,1.0,1.065
2026-09-01,DAL-HUB,Outbound,Morning,6,Tuesday,0,0,0,1223,1198,326,663,606,15,14,13,52,8,69.1,0.982,9,3.4,0.078,399.96,Clear,0,663,2,0.96,1.0,1.065
2026-09-01,DAL-HUB,Outbound,Morning,7,Tuesday,0,0,0,1498,1467,442,809,733,19,18,17,48,8,68.1,0.992,5,3.6,0.064,475.82,Clear,0,809,1,1.2,1.0,1.065
2026-09-01,DAL-HUB,Outbound,Morning,8,Tuesday,0,0,1,1684,1650,383,887,862,20,20,19,50,8,69.6,0.934,13,3.6,0.061,543.84,Clear,0,887,2,1.2,1.0,1.065
2026-09-01,DAL-HUB,Outbound,Morning,9,Tuesday,0,0,1,1586,1554,454,703,930,19,19,17,45,8,88.2,0.92,0,4.8,0.082,495.04,Clear,0,703,0,1.2,1.0,1.065
2026-09-01,DAL-HUB,Outbound,Morning,10,Tuesday,0,0,0,1270,1244,442,743,573,15,15,14,54,8,57.6,0.984,12,3.1,0.069,421.53,Clear,0,743,1,1.08,1.0,1.065
2026-09-01,DAL-HUB,Outbound,Morning,11,Tuesday,0,0,0,1376,1348,261,836,590,16,17,16,53,8,57.7,0.986,3,2.7,0.067,422.49,Clear,0,836,1,1.08,1.0,1.065
2026-09-01,DAL-HUB,Outbound,Morning,12,Tuesday,0,0,0,1011,990,319,530,523,11,11,10,53,8,69.4,1.0,6,3.6,0.075,333.58,Clear,0,530,1,0.96,1.0,1.065
2026-09-01,DAL-HUB,Outbound,Morning,13,Tuesday,0,0,0,1130,1107,214,554,596,13,13,12,48,8,75.9,0.963,5,3.9,0.056,379.97,Clear,0,554,1,0.96,1.0,1.065
2026-09-01,DAL-HUB,Outbound,Evening,14,Tuesday,0,0,0,1207,1182,341,665,590,14,14,13,53,8,67.1,0.965,6,3.5,0.055,392.88,Clear,0,665,1,0.96,1.0,1.065
2026-09-01,DAL-HUB,Outbound,Evening,15,Tuesday,0,0,0,1240,1215,286,559,716,14,14,13,44,8,87.3,0.978,9,5.4,0.074,456.29,Clear,0,559,0,1.08,1.0,1.065
2026-09-01,DAL-HUB,Outbound,Evening,16,Tuesday,0,0,0,1372,1344,390,666,753,17,16,15,46,8,79.0,0.965,2,4.7,0.05,455.7,Clear,0,666,2,1.08,1.0,1.065
2026-09-01,DAL-HUB,Outbound,Evening,17,Tuesday,0,0,1,1646,1612,461,931,763,20,20,19,49,8,59.4,1.0,11,3.4,0.063,531.14,Clear,0,931,0,1.2,1.0,1.065
2026-09-01,DAL-HUB,Outbound,Evening,18,Tuesday,0,0,1,1580,1548,374,792,838,18,18,17,49,8,72.7,0.951,0,4.3,0.059,484.42,Heavy Rain,0,792,1,1.2,1.0,1.065
2026-09-01,DAL-HUB,Outbound,Evening,19,Tuesday,0,0,1,1522,1491,380,808,740,17,17,16,52,8,69.6,0.972,7,3.5,0.069,460.37,Clear,0,808,0,1.2,1.0,1.065
2026-09-01,DAL-HUB,Outbound,Evening,20,Tuesday,0,0,0,1288,1262,450,647,685,13,14,13,52,8,73.2,0.957,12,3.7,0.071,419.17,Clear,0,647,0,1.08,1.0,1.065
2026-09-01,DAL-HUB,Outbound,Evening,21,Tuesday,0,0,0,1196,1172,373,548,699,13,13,12,46,8,87.6,0.993,15,5.9,0.046,469.18,Clear,0,548,1,0.96,1.0,1.065
2026-09-01,DAL-HUB,Outbound,Night,22,Tuesday,0,0,0,1150,1127,382,547,638,13,13,12,48,8,81.9,0.95,14,4.9,0.072,437.13,Clear,0,547,0,0.96,1.0,1.065
2026-09-01,DAL-HUB,Outbound,Night,23,Tuesday,0,0,0,968,948,343,514,502,11,11,10,54,8,73.6,0.952,10,3.8,0.055,351.18,Clear,0,514,0,0.82,1.0,1.065
2026-09-02,ATL-HUB,Inbound,Morning,6,Wednesday,0,0,0,1720,1518,489,791,927,20,19,18,46,8,84.1,0.956,4,4.4,0.064,517.37,Clear,0,791,0,0.96,1.0,1.08
2026-09-02,ATL-HUB,Inbound,Morning,7,Wednesday,0,0,0,2046,1805,663,953,1075,24,24,22,46,8,81.8,0.942,3,4.1,0.098,589.51,Clear,0,953,3,1.2,1.0,1.08
2026-09-02,ATL-HUB,Inbound,Morning,8,Wednesday,0,0,1,2191,1934,425,1012,1156,24,24,22,46,8,81.5,1.0,8,4.3,0.077,618.32,Heavy Rain,0,1012,0,1.2,1.0,1.08
2026-09-02,ATL-HUB,Inbound,Morning,9,Wednesday,0,0,1,2189,1932,469,1099,1065,24,25,23,50,8,75.5,0.956,3,4.0,0.077,608.75,Clear,0,1099,3,1.2,1.0,1.08
2026-09-02,ATL-HUB,Inbound,Morning,10,Wednesday,0,0,0,1729,1526,401,788,920,20,19,18,47,8,84.4,0.933,15,4.3,0.07,549.93,Clear,0,788,1,1.08,1.0,1.08
2026-09-02,ATL-HUB,Inbound,Morning,11,Wednesday,0,0,0,1695,1495,409,837,846,20,20,19,45,8,76.4,0.98,5,4.2,0.061,534.02,Clear,0,837,2,1.08,1.0,1.08
2026-09-02,ATL-HUB,Inbound,Morning,12,Wednesday,0,0,0,1567,1383,282,720,831,18,19,17,43,8,81.2,0.985,7,4.5,0.081,507.57,Clear,0,720,0,0.96,1.0,1.08
2026-09-02,ATL-HUB,Inbound,Morning,13,Wednesday,0,0,0,1670,1474,316,859,792,20,19,18,49,8,67.0,0.975,11,3.7,0.068,519.28,Clear,0,859,1,0.96,1.0,1.08
2026-09-02,ATL-HUB,Inbound,Evening,14,Wednesday,0,0,0,1612,1422,479,841,743,19,19,18,47,8,68.1,0.995,9,4.1,0.068,523.06,Clear,0,841,1,0.96,1.0,1.08
2026-09-02,ATL-HUB,Inbound,Evening,15,Wednesday,0,0,0,1776,1567,393,746,998,21,21,19,42,8,88.2,0.936,4,4.9,0.08,551.86,Clear,0,746,3,1.08,1.0,1.08
2026-09-02,ATL-HUB,Inbound,Evening,16,Wednesday,0,0,0,1804,1592,335,815,976,21,20,19,44,8,82.6,0.976,15,4.9,0.067,589.45,Rain,0,815,1,1.08,1.0,1.08
2026-09-02,ATL-HUB,Inbound,Evening,17,Wednesday,0,0,1,2375,2096,524,1110,1243,30,29,27,43,8,76.8,0.957,6,4.6,0.063,716.42,Clear,0,1110,1,1.2,1.0,1.08
2026-09-02,ATL-HUB,Inbound,Evening,18,Wednesday,0,0,1,2455,2166,759,1194,1215,27,27,25,48,8,70.7,0.996,5,4.5,0.058,672.83,Clear,0,1194,3,1.2,1.0,1.08
2026-09-02,ATL-HUB,Inbound,Evening,19,Wednesday,0,0,1,1993,1758,362,865,1106,22,22,21,44,8,91.0,0.937,0,5.2,0.053,590.27,Clear,0,865,1,1.2,1.0,1.08
2026-09-02,ATL-HUB,Inbound,Evening,20,Wednesday,0,0,0,1934,1707,574,1031,871,21,22,20,52,8,63.9,0.991,10,3.8,0.087,562.55,Clear,0,1031,2,1.08,1.0,1.08
2026-09-02,ATL-HUB,Inbound,Evening,21,Wednesday,0,0,0,1488,1313,310,843,647,19,18,17,50,8,57.6,0.993,7,3.1,0.048,466.96,Clear,0,843,1,0.96,1.0,1.08
2026-09-02,ATL-HUB,Inbound,Night,22,Wednesday,0,0,0,1604,1415,461,844,739,20,19,18,50,8,67.7,0.938,8,3.3,0.042,497.31,Clear,0,844,3,0.96,1.0,1.08
2026-09-02,ATL-HUB,Inbound,Night,23,Wednesday,0,0,0,1373,1212,362,664,665,16,17,15,47,8,76.1,0.943,7,3.9,0.089,448.35,Clear,0,664,3,0.82,1.0,1.08
2026-09-02,ATL-HUB,Sortation,Morning,6,Wednesday,0,0,0,1602,1471,385,823,836,23,23,21,41,8,75.6,0.957,15,3.7,0.072,590.53,Clear,0,823,0,0.96,1.0,1.08
2026-09-02,ATL-HUB,Sortation,Morning,7,Wednesday,0,0,0,2173,1996,666,1066,1164,28,28,26,41,8,77.7,1.0,6,4.7,0.07,697.72,Clear,0,1066,0,1.2,1.0,1.08
2026-09-02,ATL-HUB,Sortation,Morning,8,Wednesday,0,0,1,2210,2030,572,1022,1256,30,30,28,45,8,91.3,0.902,30,3.1,0.076,769.41,Clear,0,1022,1,1.2,1.0,1.08
2026-09-02,ATL-HUB,Sortation,Morning,9,Wednesday,0,0,1,2546,2338,665,1039,1567,31,33,30,47,8,105.0,0.819,13,3.9,0.077,782.56,Clear,0,1039,0,1.2,1.0,1.08
2026-09-02,ATL-HUB,Sortation,Morning,10,Wednesday,0,0,0,1843,1692,455,893,983,24,26,23,40,8,79.8,0.971,15,4.8,0.097,664.76,Clear,0,893,2,1.08,1.0,1.08
2026-09-02,ATL-HUB,Sortation,Morning,11,Wednesday,0,0,0,1924,1767,422,908,1071,27,27,25,39,8,83.6,0.932,1,4.4,0.065,649.25,Clear,0,908,3,1.08,1.0,1.08
2026-09-02,ATL-HUB,Sortation,Morning,12,Wednesday,0,0,0,1674,1538,430,843,898,22,22,21,41,8,75.9,0.98,2,4.5,0.064,572.66,Clear,0,843,2,0.96,1.0,1.08
2026-09-02,ATL-HUB,Sortation,Morning,13,Wednesday,0,0,0,1786,1640,469,922,911,23,24,22,44,8,71.4,0.953,9,3.9,0.08,599.81,Clear,0,922,1,0.96,1.0,1.08
2026-09-02,ATL-HUB,Sortation,Evening,14,Wednesday,0,0,0,1654,1519,351,836,871,22,21,20,43,8,73.8,0.973,9,4.1,0.055,563.98,Clear,0,836,2,0.96,1.0,1.08
2026-09-02,ATL-HUB,Sortation,Evening,15,Wednesday,0,0,0,1971,1810,682,1135,916,28,29,27,44,8,63.8,0.956,13,2.7,0.064,679.92,Clear,0,1135,2,1.08,1.0,1.08
2026-09-02,ATL-HUB,Sortation,Evening,16,Wednesday,0,0,0,1761,1617,394,839,971,22,23,21,43,8,79.2,0.93,11,3.7,0.099,580.65,Clear,0,839,2,1.08,1.0,1.08
2026-09-02,ATL-HUB,Sortation,Evening,17,Wednesday,0,0,1,2518,2313,775,1111,1463,33,34,32,48,8,94.2,0.804,14,3.2,0.065,804.66,Clear,0,1111,2,1.2,1.0,1.08
2026-09-02,ATL-HUB,Sortation,Evening,18,Wednesday,0,0,1,2423,2225,586,938,1565,32,32,30,43,8,118.1,0.809,12,4.0,0.056,779.91,Clear,0,938,2,1.2,1.0,1.08
2026-09-02,ATL-HUB,Sortation,Evening,19,Wednesday,0,0,1,2222,2041,768,806,1477,30,31,29,42,8,125.6,0.736,21,3.4,0.052,768.72,Clear,0,806,2,1.2,1.0,1.08
2026-09-02,ATL-HUB,Sortation,Evening,20,Wednesday,0,0,0,1670,1534,521,905,835,22,23,21,44,8,68.7,0.98,14,3.5,0.066,582.99,Clear,0,905,2,1.08,1.0,1.08
2026-09-02,ATL-HUB,Sortation,Evening,21,Wednesday,0,0,0,1470,1350,378,860,674,21,21,20,43,8,59.4,1.0,15,3.0,0.068,549.0,Clear,0,860,2,0.96,1.0,1.08
2026-09-02,ATL-HUB,Sortation,Night,22,Wednesday,0,0,0,1615,1483,461,902,766,24,23,22,41,8,65.2,1.0,10,3.4,0.061,591.8,Storm,0,902,0,0.96,1.0,1.08
2026-09-02,ATL-HUB,Sortation,Night,23,Wednesday,0,0,0,1388,1275,316,691,739,20,19,18,40,8,72.8,0.961,11,3.9,0.05,520.91,Clear,0,691,0,0.82,1.0,1.08
2026-09-02,ATL-HUB,Outbound,Morning,6,Wednesday,0,0,0,1505,1474,393,832,721,18,18,17,51,8,67.3,0.96,14,3.7,0.079,507.55,Clear,0,832,1,0.96,1.0,1.08
2026-09-02,ATL-HUB,Outbound,Morning,7,Wednesday,0,0,0,2061,2019,686,1103,1003,23,24,22,51,8,69.9,0.983,3,3.8,0.072,587.42,Heavy Rain,0,1103,1,1.2,1.0,1.08
2026-09-02,ATL-HUB,Outbound,Morning,8,Wednesday,0,0,1,2010,1969,561,1097,972,24,23,22,51,8,67.7,0.978,13,3.8,0.064,613.94,Clear,0,1097,4,1.2,1.0,1.08
2026-09-02,ATL-HUB,Outbound,Morning,9,Wednesday,0,0,1,2082,2040,435,1117,1029,23,24,22,53,8,66.3,0.959,2,4.0,0.073,590.24,Heavy Rain,0,1117,4,1.2,1.0,1.08
2026-09-02,ATL-HUB,Outbound,Morning,10,Wednesday,0,0,0,1714,1679,490,873,891,19,19,18,50,8,71.9,0.971,13,4.0,0.064,536.08,Clear,0,873,1,1.08,1.0,1.08
2026-09-02,ATL-HUB,Outbound,Morning,11,Wednesday,0,0,0,1647,1613,583,857,845,19,20,18,48,8,72.5,0.993,5,4.0,0.078,509.26,Clear,0,857,0,1.08,1.0,1.08
2026-09-02,ATL-HUB,Outbound,Morning,12,Wednesday,0,0,0,1331,1304,355,643,739,16,15,14,50,8,81.8,0.919,4,3.5,0.075,413.15,Storm,0,643,0,0.96,1.0,1.08
2026-09-02,ATL-HUB,Outbound,Morning,13,Wednesday,0,0,0,1410,1381,266,690,772,16,16,15,48,8,78.8,0.959,2,4.2,0.072,443.96,Rain,0,690,0,0.96,1.0,1.08
2026-09-02,ATL-HUB,Outbound,Evening,14,Wednesday,0,0,0,1466,1436,333,725,778,18,17,16,50,8,78.1,0.906,6,3.9,0.069,468.94,Rain,0,725,0,0.96,1.0,1.08
2026-09-02,ATL-HUB,Outbound,Evening,15,Wednesday,0,0,0,1511,1480,519,862,697,17,17,16,55,8,63.1,0.98,14,3.8,0.088,492.62,Rain,0,862,2,1.08,1.0,1.08
2026-09-02,ATL-HUB,Outbound,Evening,16,Wednesday,0,0,0,1513,1482,457,770,757,18,19,17,48,8,70.5,0.945,7,3.7,0.082,485.29,Clear,0,770,1,1.08,1.0,1.08
2026-09-02,ATL-HUB,Outbound,Evening,17,Wednesday,0,0,1,2151,2107,500,1049,1168,25,26,24,47,8,76.2,0.93,13,4.1,0.08,663.91,Clear,0,1049,0,1.2,1.0,1.08
2026-09-02,ATL-HUB,Outbound,Evening,18,Wednesday,0,0,1,2100,2057,401,1010,1148,24,24,22,49,8,78.9,0.938,1,4.6,0.076,599.57,Clear,0,1010,1,1.2,1.0,1.08
2026-09-02,ATL-HUB,Outbound,Evening,19,Wednesday,0,0,1,2134,2090,394,1213,986,27,26,25,50,8,63.6,0.971,1,3.5,0.056,630.26,Rain,0,1213,0,1.2,1.0,1.08
2026-09-02,ATL-HUB,Outbound,Evening,20,Wednesday,0,0,0,1504,1473,287,848,717,19,18,17,50,8,65.4,0.998,5,3.6,0.076,479.25,Heavy Rain,0,848,1,1.08,1.0,1.08
2026-09-02,ATL-HUB,Outbound,Evening,21,Wednesday,0,0,0,1504,1473,347,840,702,18,18,17,51,8,60.2,0.969,7,3.6,0.049,482.33,Clear,0,840,3,0.96,1.0,1.08
2026-09-02,ATL-HUB,Outbound,Night,22,Wednesday,0,0,0,1345,1318,337,622,772,16,16,15,45,8,85.8,0.923,6,4.9,0.075,473.61,Clear,0,622,0,0.96,1.0,1.08
2026-09-02,ATL-HUB,Outbound,Night,23,Wednesday,0,0,0,1235,1210,247,685,578,15,15,14,50,8,64.7,0.98,14,4.0,0.067,452.5,Clear,0,685,3,0.82,1.0,1.08
2026-09-02,CHI-HUB,Inbound,Morning,6,Wednesday,0,0,0,1282,1131,292,654,604,16,15,14,48,8,70.9,0.973,15,3.7,0.053,447.23,Clear,0,654,0,0.96,1.0,1.08
2026-09-02,CHI-HUB,Inbound,Morning,7,Wednesday,0,0,0,1667,1471,473,821,816,19,19,18,47,8,72.3,0.972,9,4.0,0.061,521.23,Clear,0,821,1,1.2,1.0,1.08
2026-09-02,CHI-HUB,Inbound,Morning,8,Wednesday,0,0,1,2127,1877,722,1080,1020,27,25,24,46,8,70.2,0.979,12,3.7,0.056,647.55,Clear,0,1080,0,1.2,1.0,1.08
2026-09-02,CHI-HUB,Inbound,Morning,9,Wednesday,0,0,1,2311,2039,789,1033,1252,26,26,24,45,8,85.0,0.957,0,4.4,0.073,631.99,Clear,0,1033,1,1.2,1.0,1.08
2026-09-02,CHI-HUB,Inbound,Morning,10,Wednesday,0,0,0,1471,1298,471,633,823,15,15,14,47,8,91.8,0.963,10,5.3,0.055,479.37,Clear,0,633,0,1.08,1.0,1.08
2026-09-02,CHI-HUB,Inbound,Morning,11,Wednesday,0,0,0,1476,1303,456,616,841,17,17,16,42,8,93.8,0.918,4,5.0,0.078,490.86,Clear,0,616,0,1.08,1.0,1.08
2026-09-02,CHI-HUB,Inbound,Morning,12,Wednesday,0,0,0,1377,1215,438,663,690,16,16,15,46,8,74.6,0.962,9,3.9,0.087,454.8,Clear,0,663,1,0.96,1.0,1.08
2026-09-02,CHI-HUB,Inbound,Morning,13,Wednesday,0,0,0,1565,1381,381,814,748,18,18,17,48,8,68.5,0.998,4,3.5,0.072,469.93,Clear,0,814,1,0.96,1.0,1.08
2026-09-02,CHI-HUB,Inbound,Evening,14,Wednesday,0,0,0,1528,1349,427,770,748,18,18,17,48,8,74.0,0.944,14,3.9,0.075,512.48,Clear,0,770,0,0.96,1.0,1.08
2026-09-02,CHI-HUB,Inbound,Evening,15,Wednesday,0,0,0,1510,1332,397,741,753,18,17,16,51,8,73.4,0.908,6,3.1,0.079,444.66,Clear,0,741,0,1.08,1.0,1.08
2026-09-02,CHI-HUB,Inbound,Evening,16,Wednesday,0,0,0,1676,1479,351,959,707,19,20,19,51,8,60.0,0.99,9,2.5,0.071,498.89,Clear,0,959,2,1.08,1.0,1.08
2026-09-02,CHI-HUB,Inbound,Evening,17,Wednesday,0,0,1,2048,1807,656,1007,1020,25,24,22,48,8,74.0,0.954,11,3.7,0.082,603.94,Clear,0,1007,2,1.2,1.0,1.08
2026-09-02,CHI-HUB,Inbound,Evening,18,Wednesday,0,0,1,2047,1806,596,944,1086,23,24,22,44,8,84.3,0.976,4,4.8,0.069,619.55,Storm,0,944,1,1.2,1.0,1.08
2026-09-02,CHI-HUB,Inbound,Evening,19,Wednesday,0,0,1,2103,1855,542,1015,1056,26,24,23,46,8,74.1,0.959,15,4.1,0.059,650.64,Rain,0,1015,2,1.2,1.0,1.08
2026-09-02,CHI-HUB,Inbound,Evening,20,Wednesday,0,0,0,1568,1384,471,729,825,18,18,17,45,8,78.7,0.953,5,4.2,0.075,492.78,Clear,0,729,2,1.08,1.0,1.08
2026-09-02,CHI-HUB,Inbound,Evening,21,Wednesday,0,0,0,1552,1369,413,745,798,18,18,17,45,8,78.3,0.974,9,4.2,0.049,505.3,Clear,0,745,2,0.96,1.0,1.08
2026-09-02,CHI-HUB,Inbound,Night,22,Wednesday,0,0,0,1240,1094,391,572,653,14,14,13,47,8,77.6,0.936,3,4.1,0.082,404.17,Storm,0,572,0,0.96,1.0,1.08
2026-09-02,CHI-HUB,Inbound,Night,23,Wednesday,0,0,0,1218,1075,297,618,577,15,15,14,46,8,69.8,0.961,8,3.7,0.081,423.71,Clear,0,618,1,0.82,1.0,1.08
2026-09-02,CHI-HUB,Sortation,Morning,6,Wednesday,0,0,0,1661,1525,560,986,729,24,24,22,46,8,55.4,0.975,4,3.6,0.063,573.11,Clear,0,986,5,0.96,1.0,1.08
2026-09-02,CHI-HUB,Sortation,Morning,7,Wednesday,0,0,0,1814,1666,629,924,954,24,24,22,44,8,76.7,0.955,4,3.6,0.068,575.94,Clear,0,924,1,1.2,1.0,1.08
2026-09-02,CHI-HUB,Sortation,Morning,8,Wednesday,0,0,1,2255,2071,767,864,1430,31,31,28,44,8,115.0,0.779,19,4.0,0.084,760.24,Clear,0,864,1,1.2,1.0,1.08
2026-09-02,CHI-HUB,Sortation,Morning,9,Wednesday,0,0,1,1941,1782,361,806,1184,29,28,26,42,8,105.2,0.821,19,3.1,0.055,690.26,Clear,0,806,3,1.2,1.0,1.08
2026-09-02,CHI-HUB,Sortation,Morning,10,Wednesday,0,0,0,1640,1506,573,740,934,20,19,18,42,8,85.0,0.979,4,4.6,0.052,522.73,Clear,0,740,2,1.08,1.0,1.08
2026-09-02,CHI-HUB,Sortation,Morning,11,Wednesday,0,0,0,1722,1582,346,815,963,22,23,21,41,8,83.9,0.947,5,4.3,0.096,577.54,Clear,0,815,0,1.08,1.0,1.08
2026-09-02,CHI-HUB,Sortation,Morning,12,Wednesday,0,0,0,1492,1370,472,788,741,20,20,19,43,8,67.5,0.965,15,4.1,0.068,560.71,Clear,0,788,0,0.96,1.0,1.08
2026-09-02,CHI-HUB,Sortation,Morning,13,Wednesday,0,0,0,1541,1415,284,714,872,20,20,19,40,8,82.6,0.94,1,4.6,0.07,534.21,Heavy Rain,0,714,0,0.96,1.0,1.08
2026-09-02,CHI-HUB,Sortation,Evening,14,Wednesday,0,0,0,1484,1363,524,667,876,19,20,18,41,8,88.1,0.905,10,4.3,0.082,530.67,Clear,0,667,2,0.96,1.0,1.08
2026-09-02,CHI-HUB,Sortation,Evening,15,Wednesday,0,0,0,1919,1763,392,839,1122,22,23,21,42,8,90.3,0.952,5,4.8,0.075,595.16,Clear,0,839,1,1.08,1.0,1.08
2026-09-02,CHI-HUB,Sortation,Evening,16,Wednesday,0,0,0,1605,1474,362,837,805,21,22,20,44,8,70.6,0.952,7,3.7,0.1,547.25,Rain,0,837,2,1.08,1.0,1.08
2026-09-02,CHI-HUB,Sortation,Evening,17,Wednesday,0,0,1,2154,1978,762,759,1452,26,27,25,43,8,126.0,0.785,21,4.4,0.066,717.46,Clear,0,759,1,1.2,1.0,1.08
2026-09-02,CHI-HUB,Sortation,Evening,18,Wednesday,0,0,1,2288,2101,757,1055,1300,32,32,30,45,8,89.8,0.869,16,3.6,0.065,779.03,Clear,0,1055,0,1.2,1.0,1.08
2026-09-02,CHI-HUB,Sortation,Evening,19,Wednesday,0,0,1,2224,2043,664,835,1437,33,32,30,40,8,117.1,0.774,28,3.5,0.078,813.46,Clear,0,835,1,1.2,1.0,1.08
2026-09-02,CHI-HUB,Sortation,Evening,20,Wednesday,0,0,0,1752,1609,325,868,938,24,24,22,41,8,77.8,0.963,11,4.4,0.095,619.58,Clear,0,868,0,1.08,1.0,1.08
2026-09-02,CHI-HUB,Sortation,Evening,21,Wednesday,0,0,0,1679,1542,525,724,993,22,23,21,37,8,94.9,0.932,12,5.0,0.067,618.75,Clear,0,724,1,0.96,1.0,1.08
2026-09-02,CHI-HUB,Sortation,Night,22,Wednesday,0,0,0,1539,1413,434,755,827,22,22,20,41,8,78.1,0.921,6,4.1,0.069,552.28,Clear,0,755,0,0.96,1.0,1.08
2026-09-02,CHI-HUB,Sortation,Night,23,Wednesday,0,0,0,1420,1304,268,678,775,20,19,18,40,8,78.5,0.942,1,4.4,0.064,503.48,Clear,0,678,0,0.82,1.0,1.08
2026-09-02,CHI-HUB,Outbound,Morning,6,Wednesday,0,0,0,1394,1366,444,700,743,15,15,14,52,8,75.5,0.963,2,4.7,0.072,436.61,Clear,0,700,1,0.96,1.0,1.08
2026-09-02,CHI-HUB,Outbound,Morning,7,Wednesday,0,0,0,1760,1724,621,856,949,20,20,19,48,8,78.1,0.939,10,4.4,0.042,558.03,Clear,0,856,1,1.2,1.0,1.08
2026-09-02,CHI-HUB,Outbound,Morning,8,Wednesday,0,0,1,1946,1906,621,1057,944,23,22,21,52,8,68.0,0.968,1,3.7,0.065,552.05,Clear,0,1057,2,1.2,1.0,1.08
2026-09-02,CHI-HUB,Outbound,Morning,9,Wednesday,0,0,1,1766,1730,495,994,826,20,21,20,52,8,61.2,0.956,11,3.1,0.048,544.45,Clear,0,994,0,1.2,1.0,1.08
2026-09-02,CHI-HUB,Outbound,Morning,10,Wednesday,0,0,0,1423,1394,435,564,882,14,14,13,47,8,105.9,0.924,8,5.7,0.09,464.85,Clear,0,564,0,1.08,1.0,1.08
2026-09-02,CHI-HUB,Outbound,Morning,11,Wednesday,0,0,0,1596,1563,328,774,882,19,18,17,48,8,78.3,0.949,7,4.3,0.055,503.62,Clear,0,774,2,1.08,1.0,1.08
2026-09-02,CHI-HUB,Outbound,Morning,12,Wednesday,0,0,0,1239,1214,259,620,664,14,14,13,50,8,76.5,0.955,11,3.8,0.072,417.87,Clear,0,620,1,0.96,1.0,1.08
2026-09-02,CHI-HUB,Outbound,Morning,13,Wednesday,0,0,0,1421,1392,311,787,676,17,17,16,51,8,68.2,0.965,10,3.2,0.069,459.72,Clear,0,787,0,0.96,1.0,1.08
2026-09-02,CHI-HUB,Outbound,Evening,14,Wednesday,0,0,0,1287,1261,396,715,609,15,16,15,51,8,63.5,0.936,10,3.3,0.086,440.55,Clear,0,715,1,0.96,1.0,1.08
2026-09-02,CHI-HUB,Outbound,Evening,15,Wednesday,0,0,0,1482,1452,409,784,755,17,18,17,48,8,72.7,0.961,11,3.7,0.066,497.53,Clear,0,784,0,1.08,1.0,1.08
2026-09-02,CHI-HUB,Outbound,Evening,16,Wednesday,0,0,0,1715,1680,484,803,966,19,19,18,48,8,85.5,0.93,10,4.0,0.063,528.41,Rain,0,803,3,1.08,1.0,1.08
2026-09-02,CHI-HUB,Outbound,Evening,17,Wednesday,0,0,1,1926,1887,617,893,1085,22,22,20,49,8,86.1,0.912,2,4.2,0.089,549.39,Clear,0,893,3,1.2,1.0,1.08
2026-09-02,CHI-HUB,Outbound,Evening,18,Wednesday,0,0,1,1919,1880,436,969,1004,21,20,19,51,8,77.3,1.0,11,4.4,0.07,564.16,Clear,0,969,3,1.2,1.0,1.08
2026-09-02,CHI-HUB,Outbound,Evening,19,Wednesday,0,0,1,1811,1774,537,1004,853,21,22,20,52,8,64.4,0.966,12,3.7,0.093,565.26,Clear,0,1004,2,1.2,1.0,1.08
2026-09-02,CHI-HUB,Outbound,Evening,20,Wednesday,0,0,0,1568,1536,335,819,788,18,18,17,49,8,73.1,0.984,14,4.1,0.08,519.92,Clear,0,819,0,1.08,1.0,1.08
2026-09-02,CHI-HUB,Outbound,Evening,21,Wednesday,0,0,0,1343,1316,326,602,785,14,14,13,49,8,87.7,0.946,14,4.6,0.079,451.78,Clear,0,602,0,0.96,1.0,1.08
2026-09-02,CHI-HUB,Outbound,Night,22,Wednesday,0,0,0,1371,1343,441,658,749,16,16,15,48,8,81.8,0.915,4,3.9,0.083,439.68,Clear,0,658,1,0.96,1.0,1.08
2026-09-02,CHI-HUB,Outbound,Night,23,Wednesday,0,0,0,1304,1277,273,709,629,14,15,14,51,8,71.5,0.994,0,3.6,0.069,397.76,Clear,0,709,1,0.82,1.0,1.08
2026-09-02,DAL-HUB,Inbound,Morning,6,Wednesday,0,0,0,1162,1026,315,560,586,15,15,14,44,8,75.1,0.91,14,3.9,0.072,447.52,Clear,0,560,0,0.96,1.0,1.08
2026-09-02,DAL-HUB,Inbound,Morning,7,Wednesday,0,0,0,1625,1434,344,801,789,18,18,17,49,8,72.3,0.963,0,4.2,0.054,477.79,Clear,0,801,1,1.2,1.0,1.08
2026-09-02,DAL-HUB,Inbound,Morning,8,Wednesday,0,0,1,1645,1451,542,831,808,20,20,18,49,8,70.2,0.942,14,3.9,0.08,534.03,Clear,0,831,0,1.2,1.0,1.08
2026-09-02,DAL-HUB,Inbound,Morning,9,Wednesday,0,0,1,1796,1584,471,988,774,22,22,21,49,8,62.9,0.96,11,3.2,0.064,566.0,Clear,0,988,0,1.2,1.0,1.08
2026-09-02,DAL-HUB,Inbound,Morning,10,Wednesday,0,0,0,1332,1175,360,696,631,15,15,14,51,8,67.3,0.976,15,3.8,0.072,450.91,Clear,0,696,3,1.08,1.0,1.08
2026-09-02,DAL-HUB,Inbound,Morning,11,Wednesday,0,0,0,1452,1281,293,746,677,17,17,16,48,8,65.0,0.972,5,4.3,0.085,474.03,Clear,0,746,2,1.08,1.0,1.08
2026-09-02,DAL-HUB,Inbound,Morning,12,Wednesday,0,0,0,1153,1017,374,543,600,13,13,12,48,8,76.8,0.944,10,4.1,0.045,401.16,Clear,0,543,1,0.96,1.0,1.08
2026-09-02,DAL-HUB,Inbound,Morning,13,Wednesday,0,0,0,1241,1095,247,593,628,13,14,13,48,8,80.7,0.952,0,4.5,0.068,401.41,Clear,0,593,1,0.96,1.0,1.08
2026-09-02,DAL-HUB,Inbound,Evening,14,Wednesday,0,0,0,1246,1099,299,542,690,14,14,13,45,8,86.9,0.928,14,4.3,0.081,440.7,Clear,0,542,3,0.96,1.0,1.08
2026-09-02,DAL-HUB,Inbound,Evening,15,Wednesday,0,0,0,1468,1296,349,741,715,18,17,16,49,8,73.7,0.945,2,3.7,0.051,447.92,Clear,0,741,2,1.08,1.0,1.08
2026-09-02,DAL-HUB,Inbound,Evening,16,Wednesday,0,0,0,1472,1299,349,706,736,17,17,16,45,8,73.5,0.981,0,4.4,0.069,461.19,Clear,0,706,3,1.08,1.0,1.08
2026-09-02,DAL-HUB,Inbound,Evening,17,Wednesday,0,0,1,1707,1506,327,831,860,21,21,19,44,8,73.9,0.995,6,4.0,0.078,531.83,Clear,0,831,1,1.2,1.0,1.08
2026-09-02,DAL-HUB,Inbound,Evening,18,Wednesday,0,0,1,1750,1544,333,903,823,22,21,20,48,8,68.6,0.941,0,3.1,0.066,513.87,Storm,0,903,0,1.2,1.0,1.08
2026-09-02,DAL-HUB,Inbound,Evening,19,Wednesday,0,0,1,1728,1525,518,799,928,19,20,18,45,8,82.4,0.987,9,4.5,0.084,536.31,Clear,0,799,3,1.2,1.0,1.08
2026-09-02,DAL-HUB,Inbound,Evening,20,Wednesday,0,0,0,1514,1336,282,787,707,18,18,17,47,8,68.8,0.986,8,3.8,0.069,490.23,Clear,0,787,1,1.08,1.0,1.08
2026-09-02,DAL-HUB,Inbound,Evening,21,Wednesday,0,0,0,1178,1039,218,610,576,14,14,13,49,8,71.3,0.959,14,2.9,0.061,402.78,Heavy Rain,0,610,3,0.96,1.0,1.08
2026-09-02,DAL-HUB,Inbound,Night,22,Wednesday,0,0,0,1232,1087,377,507,728,12,13,12,44,8,95.7,0.961,14,5.0,0.072,440.54,Clear,0,507,0,0.96,1.0,1.08
2026-09-02,DAL-HUB,Inbound,Night,23,Wednesday,0,0,0,1088,960,357,513,560,12,12,11,49,8,75.9,0.952,0,4.6,0.091,362.51,Clear,0,513,1,0.82,1.0,1.08
2026-09-02,DAL-HUB,Sortation,Morning,6,Wednesday,0,0,0,1248,1146,286,643,633,17,17,16,43,8,72.2,0.936,5,3.6,0.058,456.32,Storm,0,643,2,0.96,1.0,1.08
2026-09-02,DAL-HUB,Sortation,Morning,7,Wednesday,0,0,0,1690,1552,497,744,1015,21,21,19,42,8,92.4,0.933,4,5.7,0.077,573.95,Clear,0,744,1,1.2,1.0,1.08
2026-09-02,DAL-HUB,Sortation,Morning,8,Wednesday,0,0,1,1843,1692,518,660,1232,26,26,24,42,8,124.8,0.728,29,4.0,0.074,706.66,Clear,0,660,1,1.2,1.0,1.08
2026-09-02,DAL-HUB,Sortation,Morning,9,Wednesday,0,0,1,1960,1800,574,686,1335,27,26,24,44,8,129.6,0.722,21,4.1,0.077,690.32,Heavy Rain,0,686,2,1.2,1.0,1.08
2026-09-02,DAL-HUB,Sortation,Morning,10,Wednesday,0,0,0,1514,1390,420,692,855,20,21,19,38,8,84.1,0.96,8,4.6,0.083,552.71,Clear,0,692,0,1.08,1.0,1.08
2026-09-02,DAL-HUB,Sortation,Morning,11,Wednesday,0,0,0,1488,1367,425,722,797,19,20,18,44,8,81.1,0.913,10,4.3,0.093,530.74,Clear,0,722,1,1.08,1.0,1.08
2026-09-02,DAL-HUB,Sortation,Morning,12,Wednesday,0,0,0,1220,1120,274,679,601,16,17,15,46,8,65.0,0.984,4,4.4,0.103,453.6,Heavy Rain,0,679,2,0.96,1.0,1.08
2026-09-02,DAL-HUB,Sortation,Morning,13,Wednesday,0,0,0,1132,1040,242,552,623,12,13,12,46,8,80.5,1.0,10,4.3,0.071,407.21,Clear,0,552,2,0.96,1.0,1.08
2026-09-02,DAL-HUB,Sortation,Evening,14,Wednesday,0,0,0,1369,1257,363,738,690,20,19,18,44,8,68.5,0.933,10,3.1,0.069,494.95,Clear,0,738,1,0.96,1.0,1.08
2026-09-02,DAL-HUB,Sortation,Evening,15,Wednesday,0,0,0,1372,1260,438,697,710,19,19,18,40,8,72.4,0.969,12,4.1,0.07,529.4,Clear,0,697,2,1.08,1.0,1.08
2026-09-02,DAL-HUB,Sortation,Evening,16,Wednesday,0,0,0,1448,1330,450,759,747,21,20,19,44,8,72.0,0.909,5,3.2,0.064,502.7,Clear,0,759,1,1.08,1.0,1.08
2026-09-02,DAL-HUB,Sortation,Evening,17,Wednesday,0,0,1,1894,1739,463,739,1227,26,25,23,38,8,112.8,0.94,16,5.1,0.071,677.29,Clear,0,739,1,1.2,1.0,1.08
2026-09-02,DAL-HUB,Sortation,Evening,18,Wednesday,0,0,1,1830,1681,386,672,1212,25,24,23,43,8,121.1,0.755,23,3.8,0.029,662.12,Clear,0,672,0,1.2,1.0,1.08
2026-09-02,DAL-HUB,Sortation,Evening,19,Wednesday,0,0,1,1820,1672,638,599,1288,25,25,23,36,8,140.6,0.805,28,5.3,0.084,719.94,Clear,0,599,3,1.2,1.0,1.08
2026-09-02,DAL-HUB,Sortation,Evening,20,Wednesday,0,0,0,1370,1258,340,675,738,18,18,17,42,8,77.9,0.947,7,3.6,0.064,482.88,Heavy Rain,0,675,1,1.08,1.0,1.08
2026-09-02,DAL-HUB,Sortation,Evening,21,Wednesday,0,0,0,1353,1242,350,627,784,18,19,17,40,8,88.3,0.923,9,4.3,0.082,505.56,Clear,0,627,0,0.96,1.0,1.08
2026-09-02,DAL-HUB,Sortation,Night,22,Wednesday,0,0,0,1339,1230,420,744,645,19,18,17,45,8,64.8,0.973,14,3.5,0.078,498.91,Clear,0,744,0,0.96,1.0,1.08
2026-09-02,DAL-HUB,Sortation,Night,23,Wednesday,0,0,0,1166,1071,364,661,535,16,16,15,45,8,61.9,0.979,15,3.0,0.081,445.92,Clear,0,661,0,0.82,1.0,1.08
2026-09-02,DAL-HUB,Outbound,Morning,6,Wednesday,0,0,0,1319,1292,471,671,682,16,16,15,48,8,75.2,0.932,5,4.0,0.084,444.73,Clear,0,671,0,0.96,1.0,1.08
2026-09-02,DAL-HUB,Outbound,Morning,7,Wednesday,0,0,0,1341,1314,418,688,689,15,15,14,52,8,70.1,0.946,14,4.1,0.075,462.17,Storm,0,688,0,1.2,1.0,1.08
2026-09-02,DAL-HUB,Outbound,Morning,8,Wednesday,0,0,1,1730,1695,454,901,889,21,20,19,50,8,72.7,0.949,7,4.2,0.059,542.29,Clear,0,901,1,1.2,1.0,1.08
2026-09-02,DAL-HUB,Outbound,Morning,9,Wednesday,0,0,1,1566,1534,325,799,807,19,19,18,48,8,74.1,0.925,3,4.2,0.068,506.96,Clear,0,799,1,1.2,1.0,1.08
2026-09-02,DAL-HUB,Outbound,Morning,10,Wednesday,0,0,0,1268,1242,302,695,600,15,15,14,52,8,67.1,0.955,10,3.8,0.075,437.49,Heavy Rain,0,695,1,1.08,1.0,1.08
2026-09-02,DAL-HUB,Outbound,Morning,11,Wednesday,0,0,0,1217,1192,323,575,694,14,14,13,46,8,82.5,0.962,0,4.4,0.062,399.06,Clear,0,575,0,1.08,1.0,1.08
2026-09-02,DAL-HUB,Outbound,Morning,12,Wednesday,0,0,0,1151,1128,232,581,615,13,13,12,50,8,76.5,0.97,11,4.3,0.053,414.98,Storm,0,581,1,0.96,1.0,1.08
2026-09-02,DAL-HUB,Outbound,Morning,13,Wednesday,0,0,0,1139,1116,307,554,608,13,13,12,48,8,77.6,0.963,15,3.8,0.064,409.33,Clear,0,554,0,0.96,1.0,1.08
2026-09-02,DAL-HUB,Outbound,Evening,14,Wednesday,0,0,0,1062,1040,354,579,518,11,12,11,56,8,66.7,0.941,15,3.4,0.072,377.21,Clear,0,579,2,0.96,1.0,1.08
2026-09-02,DAL-HUB,Outbound,Evening,15,Wednesday,0,0,0,1352,1324,464,674,708,16,16,15,48,8,74.5,0.936,10,3.4,0.082,444.54,Clear,0,674,2,1.08,1.0,1.08
2026-09-02,DAL-HUB,Outbound,Evening,16,Wednesday,0,0,0,1187,1163,220,575,651,14,14,13,46,8,81.4,0.962,15,4.5,0.053,449.32,Clear,0,575,1,1.08,1.0,1.08
2026-09-02,DAL-HUB,Outbound,Evening,17,Wednesday,0,0,1,1635,1602,438,859,817,19,18,17,51,8,69.8,0.991,14,3.7,0.065,509.94,Clear,0,859,2,1.2,1.0,1.08
2026-09-02,DAL-HUB,Outbound,Evening,18,Wednesday,0,0,1,1617,1584,376,865,809,19,19,18,50,8,73.0,0.962,6,3.6,0.077,500.7,Clear,0,865,0,1.2,1.0,1.08
2026-09-02,DAL-HUB,Outbound,Evening,19,Wednesday,0,0,1,1647,1613,476,792,910,19,19,18,48,8,83.5,0.917,4,4.2,0.063,511.66,Clear,0,792,0,1.2,1.0,1.08
2026-09-02,DAL-HUB,Outbound,Evening,20,Wednesday,0,0,0,1439,1410,282,660,831,16,16,15,46,8,84.0,0.957,11,4.9,0.081,491.34,Clear,0,660,0,1.08,1.0,1.08
2026-09-02,DAL-HUB,Outbound,Evening,21,Wednesday,0,0,0,1145,1122,257,589,592,12,13,12,51,8,73.6,0.963,8,4.3,0.086,401.04,Clear,0,589,0,0.96,1.0,1.08
2026-09-02,DAL-HUB,Outbound,Night,22,Wednesday,0,0,0,1089,1067,251,543,580,12,12,11,51,8,77.8,0.969,6,4.3,0.075,374.12,Clear,0,543,0,0.96,1.0,1.08
2026-09-02,DAL-HUB,Outbound,Night,23,Wednesday,0,0,0,987,967,274,510,516,11,11,10,52,8,74.4,0.982,8,4.2,0.09,356.34,Clear,0,510,3,0.82,1.0,1.08
2026-09-03,ATL-HUB,Inbound,Morning,6,Thursday,0,0,0,1877,1656,403,941,901,22,22,21,45,8,68.0,0.996,14,3.9,0.058,596.64,Clear,0,941,3,0.96,1.15,1.095
2026-09-03,ATL-HUB,Inbound,Morning,7,Thursday,0,0,0,2206,1946,454,1087,1084,25,25,24,46,8,72.2,0.985,8,3.4,0.057,627.73,Clear,0,1087,2,1.2,1.15,1.095
2026-09-03,ATL-HUB,Inbound,Morning,8,Thursday,0,0,1,2389,2108,460,1144,1224,29,28,26,44,8,75.5,1.0,11,4.4,0.056,716.01,Storm,0,1144,0,1.2,1.15,1.095
2026-09-03,ATL-HUB,Inbound,Morning,9,Thursday,0,0,1,2401,2118,666,1061,1304,28,28,26,42,8,82.4,0.972,0,5.1,0.061,692.17,Clear,0,1061,2,1.2,1.15,1.095
2026-09-03,ATL-HUB,Inbound,Morning,10,Thursday,0,0,0,2077,1833,710,1056,1001,23,23,22,48,8,68.6,1.0,15,4.6,0.055,649.8,Storm,0,1056,0,1.08,1.15,1.095
2026-09-03,ATL-HUB,Inbound,Morning,11,Thursday,0,0,0,1960,1729,347,1028,905,23,24,22,49,8,67.9,0.954,3,3.4,0.073,568.4,Clear,0,1028,1,1.08,1.15,1.095
2026-09-03,ATL-HUB,Inbound,Morning,12,Thursday,0,0,0,1829,1614,399,860,942,22,22,20,45,8,76.9,0.956,0,4.6,0.077,551.09,Clear,0,860,0,0.96,1.15,1.095
2026-09-03,ATL-HUB,Inbound,Morning,13,Thursday,0,0,0,1788,1577,403,781,985,20,20,18,46,8,86.3,0.944,8,4.9,0.08,545.35,Clear,0,781,1,0.96,1.15,1.095
2026-09-03,ATL-HUB,Inbound,Evening,14,Thursday,0,0,0,1861,1642,566,788,1059,20,20,18,46,8,91.5,0.952,2,4.5,0.082,516.25,Clear,0,788,0,0.96,1.15,1.095
2026-09-03,ATL-HUB,Inbound,Evening,15,Thursday,0,0,0,2040,1800,496,922,1111,25,23,22,45,8,88.5,0.932,3,3.8,0.056,581.0,Clear,0,922,1,1.08,1.15,1.095
2026-09-03,ATL-HUB,Inbound,Evening,16,Thursday,0,0,0,1969,1737,363,1053,899,24,25,23,47,8,66.5,0.974,7,3.5,0.069,603.66,Clear,0,1053,1,1.08,1.15,1.095
2026-09-03,ATL-HUB,Inbound,Evening,17,Thursday,0,0,1,2479,2187,829,1209,1228,29,29,27,47,8,74.1,0.953,12,3.9,0.085,717.86,Clear,0,1209,1,1.2,1.15,1.095
2026-09-03,ATL-HUB,Inbound,Evening,18,Thursday,0,0,1,2473,2182,545,1337,1118,28,29,27,50,8,67.3,0.991,12,3.1,0.07,704.08,Storm,0,1337,2,1.2,1.15,1.095
2026-09-03,ATL-HUB,Inbound,Evening,19,Thursday,0,0,1,2367,2088,491,1176,1147,26,26,24,49,8,75.8,1.0,0,4.1,0.073,624.58,Clear,0,1176,2,1.2,1.15,1.095
2026-09-03,ATL-HUB,Inbound,Evening,20,Thursday,0,0,0,2170,1915,502,1104,1039,25,25,23,48,8,70.6,1.0,6,4.1,0.074,620.8,Clear,0,1104,0,1.08,1.15,1.095
2026-09-03,ATL-HUB,Inbound,Evening,21,Thursday,0,0,0,2089,1844,703,986,1071,22,23,21,48,8,79.7,0.979,5,4.3,0.077,582.78,Clear,0,986,1,0.96,1.15,1.095
2026-09-03,ATL-HUB,Inbound,Night,22,Thursday,0,0,0,1703,1503,381,843,820,19,20,18,47,8,73.4,0.998,3,3.9,0.079,499.86,Clear,0,843,1,0.96,1.15,1.095
2026-09-03,ATL-HUB,Inbound,Night,23,Thursday,0,0,0,1579,1394,303,697,867,18,17,16,46,8,87.6,0.948,13,5.1,0.068,524.28,Clear,0,697,0,0.82,1.15,1.095
2026-09-03,ATL-HUB,Sortation,Morning,6,Thursday,0,0,0,1810,1662,543,932,922,24,25,23,43,8,71.3,0.943,1,3.8,0.074,591.35,Clear,0,932,2,0.96,1.15,1.095
2026-09-03,ATL-HUB,Sortation,Morning,7,Thursday,0,0,0,2527,2321,765,1197,1397,35,35,32,39,8,80.3,0.959,7,4.2,0.084,813.21,Rain,0,1197,0,1.2,1.15,1.095
2026-09-03,ATL-HUB,Sortation,Morning,8,Thursday,0,0,1,2633,2418,762,1308,1400,39,38,35,47,8,80.5,0.884,25,3.2,0.09,900.47,Clear,0,1308,2,1.2,1.15,1.095
2026-09-03,ATL-HUB,Sortation,Morning,9,Thursday,0,0,1,2823,2592,884,872,2021,39,39,36,39,8,148.9,0.69,12,4.3,0.065,912.66,Clear,0,872,0,1.2,1.15,1.095
2026-09-03,ATL-HUB,Sortation,Morning,10,Thursday,0,0,0,2264,2079,712,1233,1105,32,31,29,44,8,65.5,0.966,1,3.8,0.063,716.7,Clear,0,1233,2,1.08,1.15,1.095
2026-09-03,ATL-HUB,Sortation,Morning,11,Thursday,0,0,0,2221,2040,790,1098,1175,31,30,28,40,8,78.7,0.981,4,4.9,0.066,736.81,Clear,0,1098,5,1.08,1.15,1.095
2026-09-03,ATL-HUB,Sortation,Morning,12,Thursday,0,0,0,1921,1764,483,944,1034,24,24,23,43,8,76.8,0.955,8,4.3,0.061,629.8,Clear,0,944,6,0.96,1.15,1.095
2026-09-03,ATL-HUB,Sortation,Morning,13,Thursday,0,0,0,1833,1683,487,1065,832,27,26,24,46,8,63.9,0.965,4,3.1,0.08,603.3,Rain,0,1065,1,0.96,1.15,1.095
2026-09-03,ATL-HUB,Sortation,Evening,14,Thursday,0,0,0,2039,1872,591,913,1189,24,25,23,41,8,89.7,0.969,15,4.7,0.064,670.05,Heavy Rain,0,913,1,0.96,1.15,1.095
2026-09-03,ATL-HUB,Sortation,Evening,15,Thursday,0,0,0,2473,2271,607,1099,1429,31,31,29,41,8,87.5,0.925,14,5.2,0.071,801.33,Clear,0,1099,1,1.08,1.15,1.095
2026-09-03,ATL-HUB,Sortation,Evening,16,Thursday,0,0,0,2238,2055,740,1196,1118,29,30,28,44,8,68.3,0.971,7,3.7,0.071,713.11,Clear,0,1196,1,1.08,1.15,1.095
2026-09-03,ATL-HUB,Sortation,Evening,17,Thursday,0,0,1,2896,2660,646,1250,1718,38,39,36,45,8,99.1,0.857,27,3.6,0.084,942.41,Clear,0,1250,4,1.2,1.15,1.095
2026-09-03,ATL-HUB,Sortation,Evening,18,Thursday,0,0,1,2615,2402,795,888,1792,36,36,33,42,8,137.8,0.712,20,4.1,0.084,870.34,Clear,0,888,1,1.2,1.15,1.095
2026-09-03,ATL-HUB,Sortation,Evening,19,Thursday,0,0,1,2820,2590,959,1020,1869,39,39,37,41,8,124.6,0.747,13,3.6,0.049,915.7,Clear,0,1020,0,1.2,1.15,1.095
2026-09-03,ATL-HUB,Sortation,Evening,20,Thursday,0,0,0,2287,2100,440,1111,1229,30,31,28,42,8,80.1,0.945,11,4.5,0.085,754.25,Heavy Rain,0,1111,1,1.08,1.15,1.095
2026-09-03,ATL-HUB,Sortation,Evening,21,Thursday,0,0,0,1996,1833,634,1178,878,28,29,27,44,8,59.4,0.992,7,3.1,0.068,672.37,Clear,0,1178,1,0.96,1.15,1.095
2026-09-03,ATL-HUB,Sortation,Night,22,Thursday,0,0,0,1861,1709,384,1037,895,25,26,24,44,8,62.1,0.982,6,3.5,0.068,619.38,Clear,0,1037,1,0.96,1.15,1.095
2026-09-03,ATL-HUB,Sortation,Night,23,Thursday,0,0,0,1569,1441,343,796,832,20,20,19,43,8,77.0,0.975,0,4.5,0.047,525.34,Clear,0,796,1,0.82,1.15,1.095
2026-09-03,ATL-HUB,Outbound,Morning,6,Thursday,0,0,0,1820,1783,640,887,996,21,20,19,50,8,77.6,0.934,3,4.1,0.058,528.34,Clear,0,887,0,0.96,1.15,1.095
2026-09-03,ATL-HUB,Outbound,Morning,7,Thursday,0,0,0,1982,1942,659,989,1039,23,22,21,48,8,75.4,0.981,2,4.5,0.062,578.31,Clear,0,989,2,1.2,1.15,1.095
2026-09-03,ATL-HUB,Outbound,Morning,8,Thursday,0,0,1,2255,2209,726,1173,1138,26,27,25,49,8,70.3,0.958,9,4.1,0.085,672.54,Clear,0,1173,2,1.2,1.15,1.095
2026-09-03,ATL-HUB,Outbound,Morning,9,Thursday,0,0,1,2412,2363,602,1229,1241,29,29,27,46,8,74.6,0.99,2,4.6,0.061,706.02,Clear,0,1229,2,1.2,1.15,1.095
2026-09-03,ATL-HUB,Outbound,Morning,10,Thursday,0,0,0,2084,2041,608,1165,982,24,24,22,54,8,62.4,0.981,12,3.4,0.063,600.89,Clear,0,1165,2,1.08,1.15,1.095
2026-09-03,ATL-HUB,Outbound,Morning,11,Thursday,0,0,0,1843,1805,596,966,928,22,22,20,51,8,71.7,0.947,3,3.9,0.069,542.66,Clear,0,966,1,1.08,1.15,1.095
2026-09-03,ATL-HUB,Outbound,Morning,12,Thursday,0,0,0,1786,1750,369,1033,819,22,21,20,53,8,62.2,0.975,6,3.6,0.058,542.81,Clear,0,1033,2,0.96,1.15,1.095
2026-09-03,ATL-HUB,Outbound,Morning,13,Thursday,0,0,0,1680,1646,574,843,898,20,20,19,46,8,76.8,0.966,14,4.0,0.061,558.17,Clear,0,843,5,0.96,1.15,1.095
2026-09-03,ATL-HUB,Outbound,Evening,14,Thursday,0,0,0,1776,1740,595,952,865,22,21,20,49,8,66.3,0.972,15,3.7,0.058,574.23,Clear,0,952,1,0.96,1.15,1.095
2026-09-03,ATL-HUB,Outbound,Evening,15,Thursday,0,0,0,2049,2007,546,998,1098,22,23,21,49,8,79.3,0.97,15,4.8,0.076,629.54,Clear,0,998,4,1.08,1.15,1.095
2026-09-03,ATL-HUB,Outbound,Evening,16,Thursday,0,0,0,2008,1967,431,1000,1063,21,22,20,50,8,73.9,1.0,5,4.5,0.076,568.88,Clear,0,1000,0,1.08,1.15,1.095
2026-09-03,ATL-HUB,Outbound,Evening,17,Thursday,0,0,1,2533,2481,821,1367,1219,32,31,29,50,8,67.9,0.943,5,3.9,0.072,737.23,Clear,0,1367,1,1.2,1.15,1.095
2026-09-03,ATL-HUB,Outbound,Evening,18,Thursday,0,0,1,2343,2295,498,1200,1207,28,28,26,49,8,72.8,0.942,11,3.3,0.059,677.64,Clear,0,1200,3,1.2,1.15,1.095
2026-09-03,ATL-HUB,Outbound,Evening,19,Thursday,0,0,1,2397,2348,450,1252,1213,28,28,26,50,8,70.2,0.963,10,3.4,0.061,678.23,Clear,0,1252,2,1.2,1.15,1.095
2026-09-03,ATL-HUB,Outbound,Evening,20,Thursday,0,0,0,1899,1860,468,1076,875,23,23,22,50,8,62.5,0.978,13,3.6,0.065,606.28,Clear,0,1076,1,1.08,1.15,1.095
2026-09-03,ATL-HUB,Outbound,Evening,21,Thursday,0,0,0,1889,1850,583,872,1071,22,21,20,45,8,85.7,0.969,1,5.6,0.068,584.7,Clear,0,872,0,0.96,1.15,1.095
2026-09-03,ATL-HUB,Outbound,Night,22,Thursday,0,0,0,1569,1537,473,863,766,18,18,17,52,8,67.9,0.977,6,3.6,0.08,480.34,Clear,0,863,0,0.96,1.15,1.095
2026-09-03,ATL-HUB,Outbound,Night,23,Thursday,0,0,0,1523,1492,296,688,889,17,17,16,45,8,88.1,0.956,13,4.8,0.071,515.99,Clear,0,688,0,0.82,1.15,1.095
2026-09-03,CHI-HUB,Inbound,Morning,6,Thursday,0,0,0,1773,1565,390,927,829,21,21,20,49,8,66.7,0.946,12,3.6,0.067,566.76,Storm,0,927,1,0.96,1.15,1.095
2026-09-03,CHI-HUB,Inbound,Morning,7,Thursday,0,0,0,2443,2156,600,1055,1360,25,26,24,46,8,91.5,0.956,9,5.2,0.069,685.53,Clear,0,1055,0,1.2,1.15,1.095
2026-09-03,CHI-HUB,Inbound,Morning,8,Thursday,0,0,1,2089,1844,616,978,1077,24,24,23,44,8,79.1,0.967,11,4.5,0.04,646.58,Clear,0,978,1,1.2,1.15,1.095
2026-09-03,CHI-HUB,Inbound,Morning,9,Thursday,0,0,1,2568,2266,651,1084,1445,28,29,27,43,8,93.2,0.934,2,4.8,0.064,712.62,Clear,0,1084,1,1.2,1.15,1.095
2026-09-03,CHI-HUB,Inbound,Morning,10,Thursday,0,0,0,1979,1746,565,995,953,24,23,22,48,8,68.5,0.943,4,3.4,0.06,571.94,Clear,0,995,3,1.08,1.15,1.095
2026-09-03,CHI-HUB,Inbound,Morning,11,Thursday,0,0,0,1966,1735,387,1047,892,22,23,21,51,8,66.1,0.978,4,3.7,0.068,560.6,Clear,0,1047,1,1.08,1.15,1.095
2026-09-03,CHI-HUB,Inbound,Morning,12,Thursday,0,0,0,1571,1386,516,717,839,18,18,17,44,8,80.3,0.959,10,4.4,0.057,514.44,Clear,0,717,1,0.96,1.15,1.095
2026-09-03,CHI-HUB,Inbound,Morning,13,Thursday,0,0,0,1613,1423,434,715,889,19,19,18,43,8,86.8,0.925,7,4.4,0.067,528.49,Heavy Rain,0,715,1,0.96,1.15,1.095
2026-09-03,CHI-HUB,Inbound,Evening,14,Thursday,0,0,0,1607,1418,333,899,688,21,20,19,48,8,57.8,0.986,2,3.5,0.062,503.27,Clear,0,899,2,0.96,1.15,1.095
2026-09-03,CHI-HUB,Inbound,Evening,15,Thursday,0,0,0,1708,1507,549,900,820,19,19,18,50,8,68.6,1.0,10,3.5,0.055,511.15,Clear,0,900,1,1.08,1.15,1.095
2026-09-03,CHI-HUB,Inbound,Evening,16,Thursday,0,0,0,2101,1854,408,1028,1058,23,23,21,50,8,76.3,0.98,11,3.5,0.065,579.78,Clear,0,1028,0,1.08,1.15,1.095
2026-09-03,CHI-HUB,Inbound,Evening,17,Thursday,0,0,1,2279,2011,647,1150,1101,27,28,26,47,8,72.1,0.942,15,3.5,0.06,693.23,Clear,0,1150,3,1.2,1.15,1.095
2026-09-03,CHI-HUB,Inbound,Evening,18,Thursday,0,0,1,2474,2183,755,1251,1186,27,28,26,49,8,69.9,0.982,1,3.7,0.077,657.47,Clear,0,1251,0,1.2,1.15,1.095
2026-09-03,CHI-HUB,Inbound,Evening,19,Thursday,0,0,1,2461,2171,816,1306,1114,28,29,27,49,8,71.4,0.988,15,3.4,0.058,713.13,Clear,0,1306,0,1.2,1.15,1.095
2026-09-03,CHI-HUB,Inbound,Evening,20,Thursday,0,0,0,1950,1720,604,866,1060,22,23,21,43,8,83.5,0.96,14,5.0,0.085,628.72,Clear,0,866,0,1.08,1.15,1.095
2026-09-03,CHI-HUB,Inbound,Evening,21,Thursday,0,0,0,1603,1414,418,782,796,17,18,17,47,8,71.9,0.979,14,3.7,0.062,508.2,Clear,0,782,0,0.96,1.15,1.095
2026-09-03,CHI-HUB,Inbound,Night,22,Thursday,0,0,0,1810,1597,409,807,981,21,20,19,44,8,82.6,0.965,6,4.2,0.071,539.25,Clear,0,807,0,0.96,1.15,1.095
2026-09-03,CHI-HUB,Inbound,Night,23,Thursday,0,0,0,1447,1277,320,799,632,19,18,17,47,8,65.4,1.0,4,4.0,0.062,481.84,Clear,0,799,2,0.82,1.15,1.095
2026-09-03,CHI-HUB,Sortation,Morning,6,Thursday,0,0,0,1863,1711,511,942,963,27,26,24,42,8,74.4,0.935,6,4.1,0.063,643.08,Storm,0,942,1,0.96,1.15,1.095
2026-09-03,CHI-HUB,Sortation,Morning,7,Thursday,0,0,0,2145,1970,612,1239,972,30,29,27,46,8,62.3,0.998,11,3.8,0.067,712.23,Heavy Rain,0,1239,0,1.2,1.15,1.095
2026-09-03,CHI-HUB,Sortation,Morning,8,Thursday,0,0,1,2475,2273,727,1023,1511,33,32,30,49,8,103.9,0.773,16,2.9,0.068,762.87,Clear,0,1023,2,1.2,1.15,1.095
2026-09-03,CHI-HUB,Sortation,Morning,9,Thursday,0,0,1,2597,2385,635,986,1683,34,35,32,42,8,115.8,0.816,15,4.5,0.078,845.7,Clear,0,986,0,1.2,1.15,1.095
2026-09-03,CHI-HUB,Sortation,Morning,10,Thursday,0,0,0,1901,1746,594,930,1010,25,26,24,42,8,75.3,0.924,12,3.9,0.077,654.71,Heavy Rain,0,930,0,1.08,1.15,1.095
2026-09-03,CHI-HUB,Sortation,Morning,11,Thursday,0,0,0,2033,1867,387,1125,965,29,28,27,45,8,65.8,0.927,0,2.7,0.051,639.45,Clear,0,1125,0,1.08,1.15,1.095
2026-09-03,CHI-HUB,Sortation,Morning,12,Thursday,0,0,0,1772,1628,617,1128,713,27,25,24,47,8,53.1,1.0,0,2.2,0.052,562.16,Clear,0,1128,0,0.96,1.15,1.095
2026-09-03,CHI-HUB,Sortation,Morning,13,Thursday,0,0,0,1640,1506,550,916,781,21,21,20,47,8,64.3,0.975,1,3.1,0.071,510.13,Clear,0,916,0,0.96,1.15,1.095
2026-09-03,CHI-HUB,Sortation,Evening,14,Thursday,0,0,0,1934,1776,540,1000,993,27,28,26,39,8,72.3,0.987,8,4.1,0.068,682.93,Clear,0,1000,1,0.96,1.15,1.095
2026-09-03,CHI-HUB,Sortation,Evening,15,Thursday,0,0,0,2066,1898,524,1080,1058,25,26,24,45,8,73.7,1.0,11,3.7,0.071,644.76,Clear,0,1080,2,1.08,1.15,1.095
2026-09-03,CHI-HUB,Sortation,Evening,16,Thursday,0,0,0,2151,1975,406,1117,1076,27,28,26,45,8,72.8,0.955,12,3.5,0.057,682.91,Clear,0,1117,2,1.08,1.15,1.095
2026-09-03,CHI-HUB,Sortation,Evening,17,Thursday,0,0,1,2580,2369,490,1070,1582,34,35,32,44,8,106.1,0.845,30,3.6,0.074,868.19,Clear,0,1070,3,1.2,1.15,1.095
2026-09-03,CHI-HUB,Sortation,Evening,18,Thursday,0,0,1,2344,2152,562,942,1440,32,32,29,42,8,110.4,0.86,23,4.0,0.08,794.16,Clear,0,942,2,1.2,1.15,1.095
2026-09-03,CHI-HUB,Sortation,Evening,19,Thursday,0,0,1,2646,2430,561,1206,1512,38,40,37,41,8,91.0,0.884,25,3.9,0.079,959.3,Clear,0,1206,2,1.2,1.15,1.095
2026-09-03,CHI-HUB,Sortation,Evening,20,Thursday,0,0,0,1930,1773,535,1088,897,25,25,23,48,8,64.0,0.986,14,3.1,0.078,615.56,Clear,0,1088,1,1.08,1.15,1.095
2026-09-03,CHI-HUB,Sortation,Evening,21,Thursday,0,0,0,1910,1754,494,952,1017,25,26,24,42,8,73.8,0.945,9,4.0,0.076,643.88,Clear,0,952,2,0.96,1.15,1.095
2026-09-03,CHI-HUB,Sortation,Night,22,Thursday,0,0,0,1868,1716,593,981,925,25,25,24,43,8,70.6,0.951,13,4.1,0.056,658.73,Clear,0,981,2,0.96,1.15,1.095
2026-09-03,CHI-HUB,Sortation,Night,23,Thursday,0,0,0,1545,1419,421,832,776,21,22,20,44,8,70.4,0.946,13,3.7,0.084,563.59,Clear,0,832,4,0.82,1.15,1.095
2026-09-03,CHI-HUB,Outbound,Morning,6,Thursday,0,0,0,1611,1578,315,724,932,19,19,18,42,8,88.9,0.959,12,5.5,0.062,572.99,Clear,0,724,2,0.96,1.15,1.095
2026-09-03,CHI-HUB,Outbound,Morning,7,Thursday,0,0,0,2082,2040,671,1170,953,26,24,23,54,8,63.3,0.943,12,2.8,0.04,603.55,Clear,0,1170,3,1.2,1.15,1.095
2026-09-03,CHI-HUB,Outbound,Morning,8,Thursday,0,0,1,2170,2126,504,1203,1042,26,27,25,50,8,67.2,0.963,13,3.2,0.062,666.54,Storm,0,1203,0,1.2,1.15,1.095
2026-09-03,CHI-HUB,Outbound,Morning,9,Thursday,0,0,1,2266,2220,753,1143,1190,27,26,24,49,8,76.4,0.972,14,3.8,0.073,660.83,Clear,0,1143,3,1.2,1.15,1.095
2026-09-03,CHI-HUB,Outbound,Morning,10,Thursday,0,0,0,1811,1774,414,934,922,21,21,19,50,8,72.9,0.983,4,3.9,0.076,525.76,Clear,0,934,1,1.08,1.15,1.095
2026-09-03,CHI-HUB,Outbound,Morning,11,Thursday,0,0,0,1828,1791,439,905,968,20,21,19,48,8,74.7,0.993,8,4.4,0.073,552.89,Clear,0,905,0,1.08,1.15,1.095
2026-09-03,CHI-HUB,Outbound,Morning,12,Thursday,0,0,0,1434,1405,390,689,767,15,15,14,52,8,82.1,0.947,3,4.6,0.075,443.02,Storm,0,689,0,0.96,1.15,1.095
2026-09-03,CHI-HUB,Outbound,Morning,13,Thursday,0,0,0,1729,1694,492,869,899,21,21,20,47,8,71.9,0.925,4,3.7,0.068,538.17,Clear,0,869,2,0.96,1.15,1.095
2026-09-03,CHI-HUB,Outbound,Evening,14,Thursday,0,0,0,1593,1560,543,751,877,17,18,16,50,8,80.8,0.94,10,4.4,0.091,496.47,Clear,0,751,1,0.96,1.15,1.095
2026-09-03,CHI-HUB,Outbound,Evening,15,Thursday,0,0,0,1786,1750,471,953,889,22,21,20,50,8,69.9,0.954,11,3.7,0.068,561.61,Clear,0,953,1,1.08,1.15,1.095
2026-09-03,CHI-HUB,Outbound,Evening,16,Thursday,0,0,0,1928,1889,464,958,1009,21,21,20,49,8,77.2,0.978,1,5.1,0.067,571.42,Clear,0,958,0,1.08,1.15,1.095
2026-09-03,CHI-HUB,Outbound,Evening,17,Thursday,0,0,1,2296,2249,613,1233,1135,27,27,25,50,8,74.2,0.986,3,3.7,0.076,642.87,Clear,0,1233,2,1.2,1.15,1.095
2026-09-03,CHI-HUB,Outbound,Evening,18,Thursday,0,0,1,2169,2125,633,935,1306,22,23,21,48,8,93.2,0.928,11,5.7,0.08,644.15,Clear,0,935,0,1.2,1.15,1.095
2026-09-03,CHI-HUB,Outbound,Evening,19,Thursday,0,0,1,2085,2042,640,1044,1097,22,24,22,50,8,72.9,0.95,4,4.5,0.069,606.1,Clear,0,1044,2,1.2,1.15,1.095
2026-09-03,CHI-HUB,Outbound,Evening,20,Thursday,0,0,0,1732,1697,609,914,870,20,21,19,50,8,71.5,0.963,4,3.8,0.093,521.52,Clear,0,914,0,1.08,1.15,1.095
2026-09-03,CHI-HUB,Outbound,Evening,21,Thursday,0,0,0,1606,1573,410,896,749,20,19,18,51,8,63.6,0.976,12,3.4,0.042,514.1,Clear,0,896,3,0.96,1.15,1.095
2026-09-03,CHI-HUB,Outbound,Night,22,Thursday,0,0,0,1685,1651,408,886,851,18,18,17,54,8,70.6,0.966,1,4.2,0.061,483.26,Clear,0,886,1,0.96,1.15,1.095
2026-09-03,CHI-HUB,Outbound,Night,23,Thursday,0,0,0,1393,1365,352,685,759,15,15,14,51,8,81.2,0.96,4,4.3,0.066,431.8,Clear,0,685,3,0.82,1.15,1.095
2026-09-03,DAL-HUB,Inbound,Morning,6,Thursday,0,0,0,1370,1209,408,774,595,17,17,16,49,8,59.7,0.988,9,3.2,0.065,454.59,Clear,0,774,4,0.96,1.15,1.095
2026-09-03,DAL-HUB,Inbound,Morning,7,Thursday,0,0,0,1771,1563,525,843,897,20,20,19,47,8,76.7,0.944,7,3.9,0.072,533.37,Clear,0,843,2,1.2,1.15,1.095
2026-09-03,DAL-HUB,Inbound,Morning,8,Thursday,0,0,1,2155,1901,474,989,1152,23,25,23,45,8,83.5,0.956,9,4.4,0.089,638.53,Clear,0,989,2,1.2,1.15,1.095
2026-09-03,DAL-HUB,Inbound,Morning,9,Thursday,0,0,1,2023,1785,634,1008,974,22,23,21,51,8,69.6,0.941,8,4.0,0.079,582.81,Clear,0,1008,1,1.2,1.15,1.095
2026-09-03,DAL-HUB,Inbound,Morning,10,Thursday,0,0,0,1652,1458,542,853,784,20,20,19,47,8,67.3,0.956,12,3.6,0.062,540.61,Rain,0,853,2,1.08,1.15,1.095
2026-09-03,DAL-HUB,Inbound,Morning,11,Thursday,0,0,0,1566,1382,420,850,692,18,18,17,50,8,62.0,1.0,9,3.8,0.073,494.35,Clear,0,850,3,1.08,1.15,1.095
2026-09-03,DAL-HUB,Inbound,Morning,12,Thursday,0,0,0,1554,1371,472,783,756,17,17,16,52,8,72.4,0.941,6,4.0,0.083,470.63,Clear,0,783,4,0.96,1.15,1.095
2026-09-03,DAL-HUB,Inbound,Morning,13,Thursday,0,0,0,1349,1190,315,677,671,16,15,14,50,8,71.7,0.967,3,4.0,0.058,423.18,Storm,0,677,1,0.96,1.15,1.095
2026-09-03,DAL-HUB,Inbound,Evening,14,Thursday,0,0,0,1407,1242,270,709,682,17,17,16,48,8,71.4,0.924,0,4.0,0.07,448.84,Clear,0,709,1,0.96,1.15,1.095
2026-09-03,DAL-HUB,Inbound,Evening,15,Thursday,0,0,0,1610,1421,539,787,807,19,18,17,48,8,74.9,0.965,12,4.1,0.073,513.12,Clear,0,787,3,1.08,1.15,1.095
2026-09-03,DAL-HUB,Inbound,Evening,16,Thursday,0,0,0,1591,1404,542,879,698,19,19,18,50,8,62.5,0.978,5,2.9,0.069,476.28,Clear,0,879,2,1.08,1.15,1.095
2026-09-03,DAL-HUB,Inbound,Evening,17,Thursday,0,0,1,2288,2019,698,1076,1174,27,27,25,44,8,77.8,0.978,13,4.3,0.06,689.89,Clear,0,1076,1,1.2,1.15,1.095
2026-09-03,DAL-HUB,Inbound,Evening,18,Thursday,0,0,1,1957,1727,480,1196,736,23,23,22,55,8,52.4,0.989,2,2.6,0.045,542.74,Clear,0,1196,1,1.2,1.15,1.095
2026-09-03,DAL-HUB,Inbound,Evening,19,Thursday,0,0,1,1975,1743,410,1074,888,25,23,22,50,8,63.5,0.977,8,3.2,0.062,579.07,Clear,0,1074,2,1.2,1.15,1.095
2026-09-03,DAL-HUB,Inbound,Evening,20,Thursday,0,0,0,1834,1619,395,1023,806,23,23,21,50,8,59.5,0.975,9,3.6,0.078,571.48,Clear,0,1023,1,1.08,1.15,1.095
2026-09-03,DAL-HUB,Inbound,Evening,21,Thursday,0,0,0,1401,1236,336,713,680,16,16,15,48,8,68.1,0.991,2,3.4,0.056,418.83,Clear,0,713,1,0.96,1.15,1.095
2026-09-03,DAL-HUB,Inbound,Night,22,Thursday,0,0,0,1543,1361,398,726,806,17,18,16,47,8,81.2,0.966,0,3.9,0.084,448.43,Clear,0,726,1,0.96,1.15,1.095
2026-09-03,DAL-HUB,Inbound,Night,23,Thursday,0,0,0,1281,1130,271,613,656,13,14,13,48,8,77.7,0.983,0,4.0,0.072,388.11,Clear,0,613,1,0.82,1.15,1.095
2026-09-03,DAL-HUB,Sortation,Morning,6,Thursday,0,0,0,1414,1298,305,706,755,17,17,16,46,8,77.7,0.96,14,4.8,0.066,518.73,Rain,0,706,1,0.96,1.15,1.095
2026-09-03,DAL-HUB,Sortation,Morning,7,Thursday,0,0,0,1897,1742,598,996,939,26,26,24,42,8,72.8,0.988,8,4.2,0.068,646.05,Clear,0,996,0,1.2,1.15,1.095
2026-09-03,DAL-HUB,Sortation,Morning,8,Thursday,0,0,1,2034,1868,690,964,1130,28,28,26,48,8,90.1,0.859,11,2.2,0.057,641.17,Clear,0,964,2,1.2,1.15,1.095
2026-09-03,DAL-HUB,Sortation,Morning,9,Thursday,0,0,1,2051,1883,570,793,1294,29,29,27,41,8,112.2,0.796,18,4.1,0.068,744.11,Storm,0,793,1,1.2,1.15,1.095
2026-09-03,DAL-HUB,Sortation,Morning,10,Thursday,0,0,0,1634,1501,563,820,869,23,22,21,40,8,73.8,0.976,7,4.1,0.068,576.72,Clear,0,820,0,1.08,1.15,1.095
2026-09-03,DAL-HUB,Sortation,Morning,11,Thursday,0,0,0,1570,1442,358,843,755,20,20,19,45,8,64.7,0.987,10,3.9,0.064,540.55,Clear,0,843,0,1.08,1.15,1.095
2026-09-03,DAL-HUB,Sortation,Morning,12,Thursday,0,0,0,1561,1433,424,727,893,20,22,20,39,8,87.1,0.933,13,4.5,0.076,586.27,Clear,0,727,2,0.96,1.15,1.095
2026-09-03,DAL-HUB,Sortation,Morning,13,Thursday,0,0,0,1550,1423,349,745,843,21,20,19,43,8,81.1,0.913,11,3.3,0.058,526.58,Clear,0,745,1,0.96,1.15,1.095
2026-09-03,DAL-HUB,Sortation,Evening,14,Thursday,0,0,0,1398,1284,443,782,676,19,19,18,44,8,67.4,0.988,6,3.7,0.068,499.49,Clear,0,782,1,0.96,1.15,1.095
2026-09-03,DAL-HUB,Sortation,Evening,15,Thursday,0,0,0,1526,1402,529,827,739,19,20,19,44,8,69.1,0.99,11,3.9,0.052,544.63,Rain,0,827,2,1.08,1.15,1.095
2026-09-03,DAL-HUB,Sortation,Evening,16,Thursday,0,0,0,1660,1524,580,950,760,24,24,22,45,8,65.5,0.96,7,2.9,0.081,563.09,Clear,0,950,1,1.08,1.15,1.095
2026-09-03,DAL-HUB,Sortation,Evening,17,Thursday,0,0,1,2041,1874,471,747,1355,28,28,26,40,8,123.6,0.799,24,4.6,0.072,750.09,Clear,0,747,2,1.2,1.15,1.095
2026-09-03,DAL-HUB,Sortation,Evening,18,Thursday,0,0,1,2160,1984,591,1056,1165,32,31,29,44,8,82.3,0.92,18,3.3,0.055,755.19,Clear,0,1056,1,1.2,1.15,1.095
2026-09-03,DAL-HUB,Sortation,Evening,19,Thursday,0,0,1,1858,1706,455,656,1262,25,25,23,42,8,128.9,0.755,25,4.3,0.071,683.03,Clear,0,656,1,1.2,1.15,1.095
2026-09-03,DAL-HUB,Sortation,Evening,20,Thursday,0,0,0,1657,1521,540,870,838,23,24,22,42,8,71.0,0.942,14,3.9,0.09,613.44,Clear,0,870,1,1.08,1.15,1.095
2026-09-03,DAL-HUB,Sortation,Evening,21,Thursday,0,0,0,1516,1392,332,780,763,22,21,20,41,8,71.2,0.952,3,4.0,0.066,545.02,Storm,0,780,0,0.96,1.15,1.095
2026-09-03,DAL-HUB,Sortation,Night,22,Thursday,0,0,0,1494,1372,334,708,826,19,19,18,41,8,85.9,0.96,5,5.2,0.076,540.05,Clear,0,708,2,0.96,1.15,1.095
2026-09-03,DAL-HUB,Sortation,Night,23,Thursday,0,0,0,1282,1178,408,560,761,16,16,15,40,8,94.9,0.934,5,4.7,0.064,463.66,Clear,0,560,2,0.82,1.15,1.095
2026-09-03,DAL-HUB,Outbound,Morning,6,Thursday,0,0,0,1524,1493,408,782,783,19,18,17,46,8,74.1,1.0,13,4.1,0.082,515.91,Clear,0,782,3,0.96,1.15,1.095
2026-09-03,DAL-HUB,Outbound,Morning,7,Thursday,0,0,0,1546,1514,341,775,812,17,18,17,47,8,77.0,0.971,5,4.6,0.075,510.38,Storm,0,775,3,1.2,1.15,1.095
2026-09-03,DAL-HUB,Outbound,Morning,8,Thursday,0,0,1,1852,1814,599,1051,845,23,22,21,51,8,57.8,0.982,6,2.8,0.061,541.12,Clear,0,1051,1,1.2,1.15,1.095
2026-09-03,DAL-HUB,Outbound,Morning,9,Thursday,0,0,1,1903,1864,587,952,1015,23,23,21,50,8,76.6,0.907,1,3.2,0.067,537.26,Clear,0,952,3,1.2,1.15,1.095
2026-09-03,DAL-HUB,Outbound,Morning,10,Thursday,0,0,0,1542,1511,466,794,778,17,17,16,50,8,71.9,0.993,4,3.9,0.07,462.33,Clear,0,794,1,1.08,1.15,1.095
2026-09-03,DAL-HUB,Outbound,Morning,11,Thursday,0,0,0,1483,1453,398,757,768,19,18,17,49,8,75.0,0.909,1,4.0,0.062,473.95,Clear,0,757,2,1.08,1.15,1.095
2026-09-03,DAL-HUB,Outbound,Morning,12,Thursday,0,0,0,1190,1166,325,630,601,14,14,13,49,8,66.9,0.989,11,4.1,0.068,425.37,Clear,0,630,0,0.96,1.15,1.095
2026-09-03,DAL-HUB,Outbound,Morning,13,Thursday,0,0,0,1383,1355,435,690,760,16,16,15,48,8,77.3,0.959,1,3.2,0.07,410.72,Clear,0,690,1,0.96,1.15,1.095
2026-09-03,DAL-HUB,Outbound,Evening,14,Thursday,0,0,0,1180,1156,378,488,737,12,13,12,43,8,101.0,0.947,14,5.5,0.095,454.49,Clear,0,488,0,0.96,1.15,1.095
2026-09-03,DAL-HUB,Outbound,Evening,15,Thursday,0,0,0,1463,1433,380,785,710,17,16,15,53,8,68.4,0.988,3,3.5,0.067,426.97,Clear,0,785,1,1.08,1.15,1.095
2026-09-03,DAL-HUB,Outbound,Evening,16,Thursday,0,0,0,1595,1562,478,864,773,20,19,18,48,8,67.0,1.0,14,4.3,0.066,545.5,Clear,0,864,1,1.08,1.15,1.095
2026-09-03,DAL-HUB,Outbound,Evening,17,Thursday,0,0,1,1674,1640,435,857,864,20,19,18,50,8,73.2,0.952,11,3.6,0.071,517.76,Clear,0,857,0,1.2,1.15,1.095
2026-09-03,DAL-HUB,Outbound,Evening,18,Thursday,0,0,1,1775,1739,395,896,961,21,20,19,50,8,77.1,0.943,15,3.2,0.066,540.72,Clear,0,896,0,1.2,1.15,1.095
2026-09-03,DAL-HUB,Outbound,Evening,19,Thursday,0,0,1,1829,1792,481,988,903,22,22,21,49,8,67.2,0.961,10,4.4,0.067,598.31,Clear,0,988,1,1.2,1.15,1.095
2026-09-03,DAL-HUB,Outbound,Evening,20,Thursday,0,0,0,1484,1454,497,833,701,18,18,17,52,8,64.2,0.942,2,3.8,0.067,477.02,Storm,0,833,3,1.08,1.15,1.095
2026-09-03,DAL-HUB,Outbound,Evening,21,Thursday,0,0,0,1441,1412,342,758,715,16,16,15,52,8,69.8,0.972,1,4.2,0.076,439.78,Clear,0,758,0,0.96,1.15,1.095
2026-09-03,DAL-HUB,Outbound,Night,22,Thursday,0,0,0,1285,1259,367,597,736,14,14,13,48,8,81.6,0.957,12,4.7,0.05,447.12,Clear,0,597,2,0.96,1.15,1.095
2026-09-03,DAL-HUB,Outbound,Night,23,Thursday,0,0,0,1083,1061,259,518,606,12,12,11,51,8,82.2,0.925,12,5.1,0.088,415.61,Clear,0,518,2,0.82,1.15,1.095
2026-09-04,ATL-HUB,Inbound,Morning,6,Friday,0,0,0,1772,1564,590,833,925,19,19,17,49,8,79.5,1.0,10,5.0,0.086,538.54,Heavy Rain,0,833,2,0.96,1.15,1.05
2026-09-04,ATL-HUB,Inbound,Morning,7,Friday,0,0,1,2352,2075,663,1081,1238,27,27,25,45,8,79.6,0.961,0,3.9,0.068,638.21,Clear,0,1081,3,1.2,1.15,1.05
2026-09-04,ATL-HUB,Inbound,Morning,8,Friday,0,0,1,3275,2889,847,1813,1420,40,41,38,50,8,58.3,0.954,4,2.9,0.08,892.8,Clear,1,1813,3,1.2,1.15,1.05
2026-09-04,ATL-HUB,Inbound,Morning,9,Friday,0,0,1,2921,2577,937,1499,1394,33,34,31,49,8,69.2,0.987,11,3.9,0.077,806.64,Heavy Rain,1,1499,2,1.2,1.15,1.05
2026-09-04,ATL-HUB,Inbound,Morning,10,Friday,0,0,0,1901,1677,344,906,967,23,23,21,46,8,77.9,0.938,4,3.6,0.076,556.65,Clear,0,906,1,1.08,1.15,1.05
2026-09-04,ATL-HUB,Inbound,Morning,11,Friday,0,0,0,1977,1745,400,901,1050,22,22,20,46,8,83.8,0.98,10,4.8,0.077,591.3,Clear,0,901,0,1.08,1.15,1.05
2026-09-04,ATL-HUB,Inbound,Morning,12,Friday,0,0,0,1918,1692,499,1008,893,23,22,21,48,8,65.4,1.0,0,3.7,0.067,546.96,Clear,0,1008,1,0.96,1.15,1.05
2026-09-04,ATL-HUB,Inbound,Morning,13,Friday,0,0,0,1866,1647,358,1016,857,21,21,20,54,8,66.4,0.941,15,3.1,0.071,557.74,Clear,0,1016,0,0.96,1.15,1.05
2026-09-04,ATL-HUB,Inbound,Evening,14,Friday,0,0,0,1764,1557,567,900,847,20,20,19,48,8,71.7,0.987,4,3.5,0.059,512.44,Clear,0,900,3,0.96,1.15,1.05
2026-09-04,ATL-HUB,Inbound,Evening,15,Friday,0,0,0,2017,1780,637,1125,877,23,24,23,50,8,64.0,0.978,1,3.2,0.06,576.9,Clear,0,1125,2,1.08,1.15,1.05
2026-09-04,ATL-HUB,Inbound,Evening,16,Friday,0,0,0,1922,1696,503,985,919,22,22,21,49,8,68.3,0.958,3,3.7,0.06,556.63,Clear,0,985,5,1.08,1.15,1.05
2026-09-04,ATL-HUB,Inbound,Evening,17,Friday,0,0,1,2955,2608,734,1548,1375,36,36,33,50,8,65.7,0.938,9,2.9,0.075,805.66,Clear,1,1548,4,1.2,1.15,1.05
2026-09-04,ATL-HUB,Inbound,Evening,18,Friday,0,0,1,3220,2841,656,1491,1671,36,36,33,48,8,75.7,0.941,5,4.4,0.084,839.53,Clear,1,1491,4,1.2,1.15,1.05
2026-09-04,ATL-HUB,Inbound,Evening,19,Friday,0,0,1,2279,2011,641,1074,1178,26,26,24,46,8,77.8,0.973,9,4.7,0.069,668.63,Clear,0,1074,4,1.2,1.15,1.05
2026-09-04,ATL-HUB,Inbound,Evening,20,Friday,0,0,0,1917,1692,620,932,956,22,23,21,47,8,74.4,0.945,5,4.1,0.081,574.14,Clear,0,932,0,1.08,1.15,1.05
2026-09-04,ATL-HUB,Inbound,Evening,21,Friday,0,0,0,1687,1488,468,741,920,18,19,17,45,8,83.8,0.969,9,4.8,0.087,524.47,Clear,0,741,0,0.96,1.15,1.05
2026-09-04,ATL-HUB,Inbound,Night,22,Friday,0,0,0,1620,1430,477,848,766,20,19,18,49,8,69.0,0.962,13,3.5,0.061,522.63,Heavy Rain,0,848,2,0.96,1.15,1.05
2026-09-04,ATL-HUB,Inbound,Night,23,Friday,0,0,0,1447,1277,290,741,685,17,17,16,48,8,67.3,0.966,7,3.6,0.08,460.74,Clear,0,741,0,0.82,1.15,1.05
2026-09-04,ATL-HUB,Sortation,Morning,6,Friday,0,0,0,1720,1580,476,823,946,23,24,22,40,8,82.2,0.936,6,4.2,0.077,597.41,Clear,0,823,0,0.96,1.15,1.05
2026-09-04,ATL-HUB,Sortation,Morning,7,Friday,0,0,1,2560,2351,520,1025,1609,36,36,33,42,8,109.1,0.822,14,4.0,0.074,856.74,Storm,0,1025,0,1.2,1.15,1.05
2026-09-04,ATL-HUB,Sortation,Morning,8,Friday,0,0,1,3013,2767,1032,1129,1954,40,39,36,41,8,118.0,0.851,15,4.8,0.077,939.75,Clear,1,1129,2,1.2,1.15,1.05
2026-09-04,ATL-HUB,Sortation,Morning,9,Friday,0,0,1,3236,2972,988,1213,2108,41,42,40,43,8,120.5,0.784,29,3.9,0.057,1041.45,Clear,1,1213,3,1.2,1.15,1.05
2026-09-04,ATL-HUB,Sortation,Morning,10,Friday,0,0,0,1870,1718,443,1010,923,25,26,24,45,8,68.0,0.936,13,3.2,0.07,640.43,Storm,0,1010,1,1.08,1.15,1.05
2026-09-04,ATL-HUB,Sortation,Morning,11,Friday,0,0,0,2238,2055,706,1300,1009,30,32,29,46,8,60.1,0.975,4,3.4,0.081,714.61,Clear,0,1300,0,1.08,1.15,1.05
2026-09-04,ATL-HUB,Sortation,Morning,12,Friday,0,0,0,1726,1585,602,898,874,23,24,22,42,8,70.7,0.972,5,4.5,0.068,602.72,Clear,0,898,0,0.96,1.15,1.05
2026-09-04,ATL-HUB,Sortation,Morning,13,Friday,0,0,0,1908,1752,456,920,1025,24,25,23,44,8,75.8,0.909,10,3.6,0.079,616.35,Clear,0,920,1,0.96,1.15,1.05
2026-09-04,ATL-HUB,Sortation,Evening,14,Friday,0,0,0,1908,1752,553,873,1078,25,25,23,41,8,82.7,0.927,4,4.9,0.08,633.55,Clear,0,873,0,0.96,1.15,1.05
2026-09-04,ATL-HUB,Sortation,Evening,15,Friday,0,0,0,2128,1954,649,933,1252,28,29,27,36,8,94.2,0.96,12,5.3,0.058,752.4,Clear,0,933,0,1.08,1.15,1.05
2026-09-04,ATL-HUB,Sortation,Evening,16,Friday,0,0,0,1914,1758,596,989,971,27,27,25,42,8,69.3,0.942,5,3.8,0.083,645.07,Clear,0,989,2,1.08,1.15,1.05
2026-09-04,ATL-HUB,Sortation,Evening,17,Friday,0,0,1,3103,2850,917,1359,1821,42,44,41,48,8,96.4,0.768,19,2.8,0.072,995.71,Clear,1,1359,2,1.2,1.15,1.05
2026-09-04,ATL-HUB,Sortation,Evening,18,Friday,0,0,1,3430,3150,894,1497,2009,52,50,47,45,8,95.9,0.787,30,2.7,0.069,1151.1,Clear,1,1497,2,1.2,1.15,1.05
2026-09-04,ATL-HUB,Sortation,Evening,19,Friday,0,0,1,2762,2537,548,1015,1808,37,39,36,41,8,119.3,0.764,20,3.5,0.066,914.74,Clear,0,1015,1,1.2,1.15,1.05
2026-09-04,ATL-HUB,Sortation,Evening,20,Friday,0,0,0,2174,1997,421,1176,1050,30,30,28,46,8,69.7,0.913,10,3.0,0.064,701.94,Clear,0,1176,1,1.08,1.15,1.05
2026-09-04,ATL-HUB,Sortation,Evening,21,Friday,0,0,0,1903,1747,676,929,1031,26,26,24,42,8,78.4,0.922,7,4.1,0.062,640.16,Clear,0,929,1,0.96,1.15,1.05
2026-09-04,ATL-HUB,Sortation,Night,22,Friday,0,0,0,1852,1701,655,881,1036,24,24,22,42,8,81.8,0.954,12,4.0,0.068,613.42,Clear,0,881,4,0.96,1.15,1.05
2026-09-04,ATL-HUB,Sortation,Night,23,Friday,0,0,0,1620,1488,342,832,833,21,22,20,42,8,72.6,0.991,7,3.9,0.068,551.37,Clear,0,832,2,0.82,1.15,1.05
2026-09-04,ATL-HUB,Outbound,Morning,6,Friday,0,0,0,1614,1581,514,843,818,19,19,18,50,8,70.1,0.937,9,3.5,0.069,507.45,Clear,0,843,0,0.96,1.15,1.05
2026-09-04,ATL-HUB,Outbound,Morning,7,Friday,0,0,1,2441,2391,745,1238,1250,29,29,27,48,8,73.3,0.955,4,4.4,0.053,707.34,Clear,0,1238,2,1.2,1.15,1.05
2026-09-04,ATL-HUB,Outbound,Morning,8,Friday,0,0,1,2852,2794,566,1416,1525,33,34,31,49,8,77.8,0.933,9,4.1,0.081,800.5,Clear,1,1416,2,1.2,1.15,1.05
2026-09-04,ATL-HUB,Outbound,Morning,9,Friday,0,0,1,2697,2642,762,1005,1753,27,28,26,42,8,113.2,0.921,8,6.3,0.057,758.55,Clear,1,1005,2,1.2,1.15,1.05
2026-09-04,ATL-HUB,Outbound,Morning,10,Friday,0,0,0,1718,1683,352,1006,757,20,20,19,55,8,57.5,0.963,15,2.5,0.058,520.07,Clear,0,1006,1,1.08,1.15,1.05
2026-09-04,ATL-HUB,Outbound,Morning,11,Friday,0,0,0,1902,1863,505,1015,931,23,24,22,49,8,71.1,0.942,11,3.2,0.104,588.74,Clear,0,1015,1,1.08,1.15,1.05
2026-09-04,ATL-HUB,Outbound,Morning,12,Friday,0,0,0,1696,1661,312,896,840,19,19,18,51,8,70.1,0.977,12,3.8,0.07,526.96,Clear,0,896,3,0.96,1.15,1.05
2026-09-04,ATL-HUB,Outbound,Morning,13,Friday,0,0,0,1759,1723,416,742,1066,20,20,18,44,8,95.4,0.937,14,5.3,0.086,582.97,Storm,0,742,0,0.96,1.15,1.05
2026-09-04,ATL-HUB,Outbound,Evening,14,Friday,0,0,0,1442,1413,463,761,727,16,16,15,51,8,70.8,0.996,10,3.9,0.062,460.2,Clear,0,761,3,0.96,1.15,1.05
2026-09-04,ATL-HUB,Outbound,Evening,15,Friday,0,0,0,1730,1695,454,860,918,20,20,19,48,8,76.9,0.943,7,4.0,0.066,536.69,Clear,0,860,0,1.08,1.15,1.05
2026-09-04,ATL-HUB,Outbound,Evening,16,Friday,0,0,0,1815,1778,343,1037,809,22,23,21,50,8,60.7,0.988,0,3.1,0.082,529.65,Clear,0,1037,0,1.08,1.15,1.05
2026-09-04,ATL-HUB,Outbound,Evening,17,Friday,0,0,1,2902,2843,1023,1558,1407,35,35,32,51,8,67.2,0.955,8,3.4,0.077,798.12,Clear,1,1558,1,1.2,1.15,1.05
2026-09-04,ATL-HUB,Outbound,Evening,18,Friday,0,0,1,2672,2617,726,1399,1332,29,30,28,52,8,69.8,0.961,2,4.0,0.07,713.49,Clear,1,1399,3,1.2,1.15,1.05
2026-09-04,ATL-HUB,Outbound,Evening,19,Friday,0,0,1,2295,2248,577,1232,1120,28,28,26,50,8,68.9,0.948,2,3.7,0.058,659.16,Clear,0,1232,2,1.2,1.15,1.05
2026-09-04,ATL-HUB,Outbound,Evening,20,Friday,0,0,0,1969,1929,386,935,1093,23,22,21,48,8,77.6,0.928,7,4.2,0.067,585.68,Clear,0,935,1,1.08,1.15,1.05
2026-09-04,ATL-HUB,Outbound,Evening,21,Friday,0,0,0,1733,1698,472,895,891,21,21,20,48,8,74.3,0.933,6,3.7,0.063,544.64,Clear,0,895,0,0.96,1.15,1.05
2026-09-04,ATL-HUB,Outbound,Night,22,Friday,0,0,0,1736,1701,467,968,829,20,21,19,53,8,66.0,0.962,3,3.8,0.084,518.4,Clear,0,968,1,0.96,1.15,1.05
2026-09-04,ATL-HUB,Outbound,Night,23,Friday,0,0,0,1401,1372,268,646,783,16,16,15,46,8,86.9,0.937,13,4.7,0.046,491.44,Clear,0,646,4,0.82,1.15,1.05
2026-09-04,CHI-HUB,Inbound,Morning,6,Friday,0,0,0,1686,1487,299,798,872,19,19,18,47,8,76.5,0.944,11,4.1,0.066,530.75,Clear,0,798,1,0.96,1.15,1.05
2026-09-04,CHI-HUB,Inbound,Morning,7,Friday,0,0,1,2399,2116,535,1157,1228,28,28,27,45,8,73.8,0.952,15,4.1,0.039,731.64,Clear,0,1157,2,1.2,1.15,1.05
2026-09-04,CHI-HUB,Inbound,Morning,8,Friday,0,0,1,2778,2451,936,1377,1352,34,33,31,47,8,70.0,0.945,9,3.5,0.062,780.33,Clear,1,1377,2,1.2,1.15,1.05
2026-09-04,CHI-HUB,Inbound,Morning,9,Friday,0,0,1,3053,2694,697,1542,1476,36,36,33,47,8,70.7,0.995,0,4.0,0.073,820.17,Storm,1,1542,1,1.2,1.15,1.05
2026-09-04,CHI-HUB,Inbound,Morning,10,Friday,0,0,0,1908,1683,361,906,985,20,20,19,48,8,79.8,0.993,3,4.3,0.075,538.22,Heavy Rain,0,906,2,1.08,1.15,1.05
2026-09-04,CHI-HUB,Inbound,Morning,11,Friday,0,0,0,2081,1836,596,901,1155,22,23,21,45,8,89.3,0.954,15,4.9,0.078,631.44,Clear,0,901,2,1.08,1.15,1.05
2026-09-04,CHI-HUB,Inbound,Morning,12,Friday,0,0,0,1623,1432,447,815,795,19,18,17,49,8,71.2,0.979,12,3.5,0.052,496.56,Clear,0,815,0,0.96,1.15,1.05
2026-09-04,CHI-HUB,Inbound,Morning,13,Friday,0,0,0,1516,1338,309,729,767,18,18,17,44,8,78.3,0.975,10,3.8,0.061,496.67,Clear,0,729,1,0.96,1.15,1.05
2026-09-04,CHI-HUB,Inbound,Evening,14,Friday,0,0,0,1714,1512,443,951,730,22,21,20,50,8,61.5,0.952,2,3.1,0.063,513.46,Clear,0,951,0,0.96,1.15,1.05
2026-09-04,CHI-HUB,Inbound,Evening,15,Friday,0,0,0,1913,1688,575,924,976,22,21,20,48,8,75.8,0.964,4,4.3,0.052,558.99,Rain,0,924,1,1.08,1.15,1.05
2026-09-04,CHI-HUB,Inbound,Evening,16,Friday,0,0,0,1752,1546,446,916,816,22,21,20,49,8,66.7,0.935,8,3.0,0.054,530.52,Clear,0,916,6,1.08,1.15,1.05
2026-09-04,CHI-HUB,Inbound,Evening,17,Friday,0,0,1,2919,2575,539,1346,1535,32,33,31,44,8,84.1,0.987,9,4.9,0.074,822.02,Clear,1,1346,1,1.2,1.15,1.05
2026-09-04,CHI-HUB,Inbound,Evening,18,Friday,0,0,1,2819,2487,714,1398,1369,33,32,30,52,8,73.9,0.896,11,3.1,0.063,756.75,Clear,1,1398,2,1.2,1.15,1.05
2026-09-04,CHI-HUB,Inbound,Evening,19,Friday,0,0,1,2290,2021,427,1148,1093,28,28,26,48,8,72.5,0.92,12,3.4,0.076,681.03,Clear,0,1148,1,1.2,1.15,1.05
2026-09-04,CHI-HUB,Inbound,Evening,20,Friday,0,0,0,1946,1717,640,926,998,21,22,20,48,8,74.6,0.965,13,4.0,0.071,577.94,Clear,0,926,1,1.08,1.15,1.05
2026-09-04,CHI-HUB,Inbound,Evening,21,Friday,0,0,0,1599,1411,429,942,625,19,19,18,53,8,53.3,0.987,12,2.8,0.076,496.02,Clear,0,942,0,0.96,1.15,1.05
2026-09-04,CHI-HUB,Inbound,Night,22,Friday,0,0,0,1618,1428,483,824,770,20,20,19,46,8,70.7,0.944,7,3.7,0.068,525.07,Clear,0,824,1,0.96,1.15,1.05
2026-09-04,CHI-HUB,Inbound,Night,23,Friday,0,0,0,1400,1235,264,673,724,15,16,15,45,8,75.7,0.998,14,4.1,0.066,476.81,Clear,0,673,2,0.82,1.15,1.05
2026-09-04,CHI-HUB,Sortation,Morning,6,Friday,0,0,0,1576,1448,376,836,783,20,20,19,45,8,68.7,0.979,14,4.3,0.074,564.66,Clear,0,836,0,0.96,1.15,1.05
2026-09-04,CHI-HUB,Sortation,Morning,7,Friday,0,0,1,2303,2115,650,934,1422,32,31,29,44,8,109.3,0.814,12,3.8,0.075,752.6,Clear,0,934,1,1.2,1.15,1.05
2026-09-04,CHI-HUB,Sortation,Morning,8,Friday,0,0,1,2851,2619,868,1034,1889,41,38,37,40,8,127.6,0.777,21,4.0,0.037,953.08,Clear,1,1034,2,1.2,1.15,1.05
2026-09-04,CHI-HUB,Sortation,Morning,9,Friday,0,0,1,2913,2675,592,1403,1583,44,44,41,44,8,82.1,0.864,23,2.7,0.071,1002.21,Clear,1,1403,3,1.2,1.15,1.05
2026-09-04,CHI-HUB,Sortation,Morning,10,Friday,0,0,0,1954,1794,443,745,1240,24,24,22,36,8,107.5,0.941,1,6.0,0.069,636.09,Clear,0,745,2,1.08,1.15,1.05
2026-09-04,CHI-HUB,Sortation,Morning,11,Friday,0,0,0,1865,1713,450,921,993,25,26,24,41,8,74.4,0.936,9,3.7,0.067,634.67,Clear,0,921,2,1.08,1.15,1.05
2026-09-04,CHI-HUB,Sortation,Morning,12,Friday,0,0,0,1649,1514,546,867,815,20,21,19,47,8,69.3,0.971,9,3.7,0.079,533.19,Clear,0,867,1,0.96,1.15,1.05
2026-09-04,CHI-HUB,Sortation,Morning,13,Friday,0,0,0,1839,1689,571,922,984,22,23,21,44,8,77.6,0.998,9,4.3,0.078,592.49,Clear,0,922,0,0.96,1.15,1.05
2026-09-04,CHI-HUB,Sortation,Evening,14,Friday,0,0,0,1710,1570,340,913,852,23,24,22,44,8,67.0,0.943,11,3.9,0.075,604.81,Clear,0,913,1,0.96,1.15,1.05
2026-09-04,CHI-HUB,Sortation,Evening,15,Friday,0,0,0,2037,1871,617,1033,1048,30,29,27,39,8,72.7,0.981,12,4.3,0.081,722.72,Clear,0,1033,1,1.08,1.15,1.05
2026-09-04,CHI-HUB,Sortation,Evening,16,Friday,0,0,0,2047,1880,521,1051,1055,29,28,26,42,8,74.4,0.963,12,4.3,0.079,703.4,Clear,0,1051,4,1.08,1.15,1.05
2026-09-04,CHI-HUB,Sortation,Evening,17,Friday,0,0,1,2938,2698,554,1289,1718,41,41,38,41,8,95.2,0.919,10,4.0,0.069,938.96,Clear,1,1289,3,1.2,1.15,1.05
2026-09-04,CHI-HUB,Sortation,Evening,18,Friday,0,0,1,2959,2718,1024,1221,1813,40,42,39,42,8,103.9,0.829,13,3.8,0.074,966.12,Rain,1,1221,0,1.2,1.15,1.05
2026-09-04,CHI-HUB,Sortation,Evening,19,Friday,0,0,1,2378,2184,649,919,1523,33,32,30,44,8,114.9,0.774,17,3.7,0.078,786.69,Clear,0,919,1,1.2,1.15,1.05
2026-09-04,CHI-HUB,Sortation,Evening,20,Friday,0,0,0,1848,1697,620,903,992,25,24,23,41,8,80.3,0.959,1,4.4,0.047,608.85,Clear,0,903,6,1.08,1.15,1.05
2026-09-04,CHI-HUB,Sortation,Evening,21,Friday,0,0,0,1813,1665,535,940,930,25,25,23,42,8,70.1,0.974,12,4.0,0.072,632.22,Clear,0,940,2,0.96,1.15,1.05
2026-09-04,CHI-HUB,Sortation,Night,22,Friday,0,0,0,1773,1629,371,929,890,24,25,22,45,8,69.2,0.939,15,4.0,0.1,621.58,Clear,0,929,4,0.96,1.15,1.05
2026-09-04,CHI-HUB,Sortation,Night,23,Friday,0,0,0,1334,1225,382,638,748,18,17,16,41,8,83.2,0.973,1,4.8,0.06,475.59,Rain,0,638,0,0.82,1.15,1.05
2026-09-04,CHI-HUB,Outbound,Morning,6,Friday,0,0,0,1452,1422,450,716,796,15,15,14,52,8,75.8,0.984,0,4.9,0.077,436.88,Clear,0,716,0,0.96,1.15,1.05
2026-09-04,CHI-HUB,Outbound,Morning,7,Friday,0,0,1,2142,2098,745,930,1262,25,25,23,46,8,90.9,0.88,13,4.9,0.084,666.65,Clear,0,930,3,1.2,1.15,1.05
2026-09-04,CHI-HUB,Outbound,Morning,8,Friday,0,0,1,2221,2176,703,1053,1248,26,26,24,49,8,84.4,0.896,9,4.2,0.084,655.21,Clear,1,1053,1,1.2,1.15,1.05
2026-09-04,CHI-HUB,Outbound,Morning,9,Friday,0,0,1,2472,2422,834,1304,1211,30,30,27,50,8,68.9,0.967,2,3.9,0.093,687.51,Clear,1,1304,2,1.2,1.15,1.05
2026-09-04,CHI-HUB,Outbound,Morning,10,Friday,0,0,0,1825,1788,578,941,953,22,21,20,50,8,74.1,0.942,12,4.3,0.058,582.33,Clear,0,941,0,1.08,1.15,1.05
2026-09-04,CHI-HUB,Outbound,Morning,11,Friday,0,0,0,1726,1691,518,970,792,21,20,19,54,8,63.8,0.946,3,3.3,0.068,504.22,Clear,0,970,3,1.08,1.15,1.05
2026-09-04,CHI-HUB,Outbound,Morning,12,Friday,0,0,0,1482,1452,326,813,695,18,18,17,49,8,64.9,0.976,15,3.5,0.059,504.73,Clear,0,813,1,0.96,1.15,1.05
2026-09-04,CHI-HUB,Outbound,Morning,13,Friday,0,0,0,1539,1508,404,730,854,18,17,16,49,8,81.7,0.932,11,3.9,0.071,484.68,Clear,0,730,1,0.96,1.15,1.05
2026-09-04,CHI-HUB,Outbound,Evening,14,Friday,0,0,0,1485,1455,304,846,684,17,17,16,54,8,61.9,0.98,5,3.2,0.045,444.89,Clear,0,846,1,0.96,1.15,1.05
2026-09-04,CHI-HUB,Outbound,Evening,15,Friday,0,0,0,1665,1631,519,822,912,19,18,17,50,8,80.3,0.968,4,4.3,0.072,501.4,Storm,0,822,1,1.08,1.15,1.05
2026-09-04,CHI-HUB,Outbound,Evening,16,Friday,0,0,0,1624,1591,522,880,805,20,20,18,52,8,69.2,0.941,12,3.7,0.083,522.84,Clear,0,880,1,1.08,1.15,1.05
2026-09-04,CHI-HUB,Outbound,Evening,17,Friday,0,0,1,2571,2519,688,1390,1236,32,31,29,52,8,63.6,0.922,5,2.9,0.067,709.93,Clear,1,1390,2,1.2,1.15,1.05
2026-09-04,CHI-HUB,Outbound,Evening,18,Friday,0,0,1,2702,2647,643,1258,1517,30,31,29,47,8,87.8,0.924,9,4.5,0.065,769.94,Clear,1,1258,2,1.2,1.15,1.05
2026-09-04,CHI-HUB,Outbound,Evening,19,Friday,0,0,1,2146,2102,631,1192,1012,26,26,24,52,8,65.2,0.955,14,3.8,0.081,658.62,Clear,0,1192,0,1.2,1.15,1.05
2026-09-04,CHI-HUB,Outbound,Evening,20,Friday,0,0,0,1722,1687,405,993,775,21,21,19,54,8,59.6,0.968,12,3.4,0.077,535.74,Clear,0,993,1,1.08,1.15,1.05
2026-09-04,CHI-HUB,Outbound,Evening,21,Friday,0,0,0,1650,1616,584,879,824,20,19,18,51,8,66.4,0.958,3,3.5,0.045,488.91,Clear,0,879,3,0.96,1.15,1.05
2026-09-04,CHI-HUB,Outbound,Night,22,Friday,0,0,0,1686,1652,342,853,888,19,19,18,49,8,77.1,0.968,13,4.5,0.073,549.58,Clear,0,853,0,0.96,1.15,1.05
2026-09-04,CHI-HUB,Outbound,Night,23,Friday,0,0,0,1278,1252,421,647,659,14,14,13,51,8,70.7,0.977,0,4.5,0.064,404.4,Rain,0,647,5,0.82,1.15,1.05
2026-09-04,DAL-HUB,Inbound,Morning,6,Friday,0,0,0,1401,1236,376,767,619,16,17,16,50,8,63.3,0.96,14,2.9,0.08,462.73,Clear,0,767,1,0.96,1.15,1.05
2026-09-04,DAL-HUB,Inbound,Morning,7,Friday,0,0,1,1904,1680,444,973,906,22,22,20,53,8,71.4,0.918,13,3.4,0.082,567.13,Storm,0,973,3,1.2,1.15,1.05
2026-09-04,DAL-HUB,Inbound,Morning,8,Friday,0,0,1,2264,1998,429,1269,961,26,27,25,51,8,56.7,0.996,11,2.4,0.072,629.86,Clear,1,1269,1,1.2,1.15,1.05
2026-09-04,DAL-HUB,Inbound,Morning,9,Friday,0,0,1,2374,2095,467,1165,1199,27,27,25,47,8,75.7,0.992,14,4.2,0.068,691.8,Clear,1,1165,1,1.2,1.15,1.05
2026-09-04,DAL-HUB,Inbound,Morning,10,Friday,0,0,0,1591,1404,392,830,755,19,19,18,48,8,67.9,0.961,12,3.4,0.068,512.68,Clear,0,830,1,1.08,1.15,1.05
2026-09-04,DAL-HUB,Inbound,Morning,11,Friday,0,0,0,1665,1469,345,820,834,18,19,17,49,8,78.7,0.985,8,3.7,0.089,490.09,Clear,0,820,0,1.08,1.15,1.05
2026-09-04,DAL-HUB,Inbound,Morning,12,Friday,0,0,0,1429,1260,353,660,760,16,16,15,46,8,80.0,0.958,1,4.2,0.066,440.03,Rain,0,660,1,0.96,1.15,1.05
2026-09-04,DAL-HUB,Inbound,Morning,13,Friday,0,0,0,1253,1106,253,570,679,13,14,13,47,8,86.6,0.934,7,4.0,0.046,410.02,Clear,0,570,2,0.96,1.15,1.05
2026-09-04,DAL-HUB,Inbound,Evening,14,Friday,0,0,0,1350,1191,297,665,678,16,16,15,47,8,73.7,0.943,4,3.9,0.07,443.1,Storm,0,665,0,0.96,1.15,1.05
2026-09-04,DAL-HUB,Inbound,Evening,15,Friday,0,0,0,1543,1361,284,838,695,18,18,17,55,8,64.9,0.897,3,2.4,0.074,435.53,Clear,0,838,2,1.08,1.15,1.05
2026-09-04,DAL-HUB,Inbound,Evening,16,Friday,0,0,0,1639,1446,295,728,900,17,19,17,46,8,84.8,0.931,2,4.2,0.079,484.43,Clear,0,728,3,1.08,1.15,1.05
2026-09-04,DAL-HUB,Inbound,Evening,17,Friday,0,0,1,2400,2117,473,1088,1284,28,28,26,42,8,79.2,0.997,7,5.1,0.064,714.55,Clear,1,1088,2,1.2,1.15,1.05
2026-09-04,DAL-HUB,Inbound,Evening,18,Friday,0,0,1,2339,2064,663,1188,1117,28,27,25,48,8,69.7,0.991,12,4.1,0.07,681.99,Clear,1,1188,2,1.2,1.15,1.05
2026-09-04,DAL-HUB,Inbound,Evening,19,Friday,0,0,1,1858,1639,394,883,964,22,22,20,47,8,79.5,0.94,13,4.5,0.08,590.4,Clear,0,883,2,1.2,1.15,1.05
2026-09-04,DAL-HUB,Inbound,Evening,20,Friday,0,0,0,1585,1398,319,747,824,20,19,18,45,8,79.1,0.923,4,4.0,0.063,503.77,Clear,0,747,1,1.08,1.15,1.05
2026-09-04,DAL-HUB,Inbound,Evening,21,Friday,0,0,0,1473,1300,387,790,659,19,18,17,50,8,65.1,0.93,5,2.5,0.072,443.51,Clear,0,790,0,0.96,1.15,1.05
2026-09-04,DAL-HUB,Inbound,Night,22,Friday,0,0,0,1429,1260,254,655,756,18,17,16,45,8,81.0,0.91,2,4.4,0.081,466.82,Clear,0,655,0,0.96,1.15,1.05
2026-09-04,DAL-HUB,Inbound,Night,23,Friday,0,0,0,1164,1027,335,594,566,12,12,11,54,8,68.0,1.0,4,3.9,0.06,361.17,Storm,0,594,1,0.82,1.15,1.05
2026-09-04,DAL-HUB,Sortation,Morning,6,Friday,0,0,0,1516,1392,373,800,754,22,21,20,42,8,70.0,0.952,11,3.1,0.061,539.85,Clear,0,800,3,0.96,1.15,1.05
2026-09-04,DAL-HUB,Sortation,Morning,7,Friday,0,0,1,2088,1917,550,889,1235,30,31,29,39,8,99.9,0.874,10,3.8,0.05,742.26,Clear,0,889,2,1.2,1.15,1.05
2026-09-04,DAL-HUB,Sortation,Morning,8,Friday,0,0,1,2443,2243,560,950,1547,33,33,31,41,8,114.2,0.831,26,4.4,0.075,855.77,Clear,1,950,0,1.2,1.15,1.05
2026-09-04,DAL-HUB,Sortation,Morning,9,Friday,0,0,1,2640,2424,789,1157,1566,36,37,34,44,8,93.3,0.86,26,3.9,0.085,903.89,Clear,1,1157,1,1.2,1.15,1.05
2026-09-04,DAL-HUB,Sortation,Morning,10,Friday,0,0,0,1693,1555,450,912,841,23,24,22,42,8,70.1,0.988,12,3.6,0.074,599.3,Clear,0,912,1,1.08,1.15,1.05
2026-09-04,DAL-HUB,Sortation,Morning,11,Friday,0,0,0,1649,1514,479,835,868,21,22,20,44,8,72.3,0.949,3,3.7,0.073,533.49,Clear,0,835,1,1.08,1.15,1.05
2026-09-04,DAL-HUB,Sortation,Morning,12,Friday,0,0,0,1539,1413,495,831,758,20,20,19,44,8,64.6,0.995,5,4.4,0.066,539.67,Rain,0,831,3,0.96,1.15,1.05
2026-09-04,DAL-HUB,Sortation,Morning,13,Friday,0,0,0,1476,1356,275,803,724,20,21,19,43,8,67.4,0.984,1,3.4,0.087,501.45,Storm,0,803,2,0.96,1.15,1.05
2026-09-04,DAL-HUB,Sortation,Evening,14,Friday,0,0,0,1484,1363,523,675,854,20,19,18,41,8,84.6,0.916,4,4.8,0.058,525.47,Clear,0,675,1,0.96,1.15,1.05
2026-09-04,DAL-HUB,Sortation,Evening,15,Friday,0,0,0,1552,1425,406,843,754,22,22,21,42,8,66.8,0.956,0,3.4,0.06,533.21,Clear,0,843,0,1.08,1.15,1.05
2026-09-04,DAL-HUB,Sortation,Evening,16,Friday,0,0,0,1502,1379,375,693,848,20,20,19,40,8,81.3,0.913,6,4.2,0.059,534.89,Clear,0,693,0,1.08,1.15,1.05
2026-09-04,DAL-HUB,Sortation,Evening,17,Friday,0,0,1,2596,2384,721,936,1730,37,36,34,39,8,123.0,0.785,17,4.1,0.052,879.88,Clear,1,936,1,1.2,1.15,1.05
2026-09-04,DAL-HUB,Sortation,Evening,18,Friday,0,0,1,2609,2396,644,1082,1622,35,35,33,43,8,108.1,0.848,22,4.2,0.069,879.43,Clear,1,1082,0,1.2,1.15,1.05
2026-09-04,DAL-HUB,Sortation,Evening,19,Friday,0,0,1,1786,1640,365,699,1132,23,24,22,43,8,114.9,0.821,23,3.9,0.068,644.61,Clear,0,699,0,1.2,1.15,1.05
2026-09-04,DAL-HUB,Sortation,Evening,20,Friday,0,0,0,1542,1416,505,705,898,17,18,17,43,8,87.7,0.964,8,5.1,0.074,528.23,Clear,0,705,0,1.08,1.15,1.05
2026-09-04,DAL-HUB,Sortation,Evening,21,Friday,0,0,0,1354,1243,327,674,706,18,18,17,41,8,75.2,0.967,8,4.6,0.067,510.78,Clear,0,674,0,0.96,1.15,1.05
2026-09-04,DAL-HUB,Sortation,Night,22,Friday,0,0,0,1409,1294,358,691,766,19,18,17,42,8,77.1,0.968,0,4.1,0.072,472.18,Clear,0,691,1,0.96,1.15,1.05
2026-09-04,DAL-HUB,Sortation,Night,23,Friday,0,0,0,1131,1039,261,644,513,15,16,15,44,8,62.5,0.977,0,3.1,0.063,400.09,Clear,0,644,0,0.82,1.15,1.05
2026-09-04,DAL-HUB,Outbound,Morning,6,Friday,0,0,0,1318,1291,412,742,616,16,16,15,52,8,63.4,0.952,1,3.7,0.059,423.51,Clear,0,742,1,0.96,1.15,1.05
2026-09-04,DAL-HUB,Outbound,Morning,7,Friday,0,0,1,1653,1619,494,801,884,19,18,17,50,8,79.0,0.943,13,4.7,0.076,535.07,Clear,0,801,1,1.2,1.15,1.05
2026-09-04,DAL-HUB,Outbound,Morning,8,Friday,0,0,1,2295,2248,659,1144,1206,25,26,24,50,8,74.9,0.954,10,4.2,0.074,659.76,Clear,1,1144,6,1.2,1.15,1.05
2026-09-04,DAL-HUB,Outbound,Morning,9,Friday,0,0,1,2311,2264,771,1084,1263,26,26,24,47,8,79.5,0.962,14,4.4,0.081,678.46,Clear,1,1084,0,1.2,1.15,1.05
2026-09-04,DAL-HUB,Outbound,Morning,10,Friday,0,0,0,1281,1255,258,797,520,16,16,15,54,8,53.1,0.984,8,2.7,0.068,417.24,Clear,0,797,3,1.08,1.15,1.05
2026-09-04,DAL-HUB,Outbound,Morning,11,Friday,0,0,0,1594,1561,488,847,805,19,18,17,52,8,71.0,0.958,13,3.6,0.059,503.19,Clear,0,847,2,1.08,1.15,1.05
2026-09-04,DAL-HUB,Outbound,Morning,12,Friday,0,0,0,1197,1173,248,614,630,14,14,13,49,8,76.6,0.965,10,3.9,0.069,416.7,Clear,0,614,0,0.96,1.15,1.05
2026-09-04,DAL-HUB,Outbound,Morning,13,Friday,0,0,0,1246,1221,426,626,643,13,14,13,50,8,70.9,0.964,3,3.7,0.074,389.6,Clear,0,626,2,0.96,1.15,1.05
2026-09-04,DAL-HUB,Outbound,Evening,14,Friday,0,0,0,1342,1315,374,648,749,15,15,14,49,8,80.4,0.945,7,4.4,0.069,443.26,Clear,0,648,1,0.96,1.15,1.05
2026-09-04,DAL-HUB,Outbound,Evening,15,Friday,0,0,0,1442,1413,395,797,680,16,17,16,52,8,64.2,0.959,13,2.8,0.087,458.5,Clear,0,797,1,1.08,1.15,1.05
2026-09-04,DAL-HUB,Outbound,Evening,16,Friday,0,0,0,1531,1500,546,776,808,18,18,17,46,8,74.6,0.993,7,4.3,0.079,505.81,Heavy Rain,0,776,1,1.08,1.15,1.05
2026-09-04,DAL-HUB,Outbound,Evening,17,Friday,0,0,1,2231,2185,469,1230,1049,26,27,25,50,8,64.4,0.984,2,3.7,0.069,638.49,Clear,1,1230,1,1.2,1.15,1.05
2026-09-04,DAL-HUB,Outbound,Evening,18,Friday,0,0,1,2236,2190,748,1160,1138,25,26,24,50,8,72.6,0.967,15,4.1,0.065,671.88,Clear,1,1160,2,1.2,1.15,1.05
2026-09-04,DAL-HUB,Outbound,Evening,19,Friday,0,0,1,1899,1860,428,846,1104,20,21,19,49,8,88.8,0.909,12,4.7,0.079,575.38,Clear,0,846,0,1.2,1.15,1.05
2026-09-04,DAL-HUB,Outbound,Evening,20,Friday,0,0,0,1611,1578,571,798,857,19,19,18,47,8,74.9,0.944,13,3.6,0.065,522.99,Clear,0,798,0,1.08,1.15,1.05
2026-09-04,DAL-HUB,Outbound,Evening,21,Friday,0,0,0,1242,1217,403,631,630,14,14,13,51,8,74.0,0.952,0,4.2,0.076,393.92,Clear,0,631,0,0.96,1.15,1.05
2026-09-04,DAL-HUB,Outbound,Night,22,Friday,0,0,0,1171,1147,347,627,598,14,14,13,49,8,69.2,0.985,13,3.4,0.06,411.81,Clear,0,627,3,0.96,1.15,1.05
2026-09-04,DAL-HUB,Outbound,Night,23,Friday,0,0,0,1173,1149,372,525,694,13,13,12,45,8,90.5,0.973,6,4.9,0.053,411.95,Clear,0,525,0,0.82,1.15,1.05
2026-09-05,ATL-HUB,Inbound,Morning,6,Saturday,1,0,0,1280,1129,267,658,603,15,15,14,47,8,68.4,1.0,13,3.7,0.061,440.79,Clear,0,658,0,0.96,0.82,1.065
2026-09-05,ATL-HUB,Inbound,Morning,7,Saturday,1,0,1,1938,1710,469,904,998,23,22,21,46,8,78.9,0.936,5,3.8,0.054,566.1,Clear,0,904,1,1.2,0.82,1.065
2026-09-05,ATL-HUB,Inbound,Morning,8,Saturday,1,0,1,1807,1594,334,864,919,21,20,19,47,8,79.1,0.968,15,4.0,0.06,562.4,Clear,0,864,1,1.2,0.82,1.065
2026-09-05,ATL-HUB,Inbound,Morning,9,Saturday,1,0,1,1752,1546,493,843,873,20,19,18,48,8,75.9,0.976,5,3.9,0.065,507.12,Clear,0,843,1,1.2,0.82,1.065
2026-09-05,ATL-HUB,Inbound,Morning,10,Saturday,1,0,0,1354,1195,423,589,747,16,15,14,44,8,90.1,0.957,13,5.2,0.052,488.88,Storm,0,589,1,1.08,0.82,1.065
2026-09-05,ATL-HUB,Inbound,Morning,11,Saturday,1,0,0,1500,1323,346,848,642,20,19,18,50,8,63.6,0.942,15,3.1,0.077,512.28,Clear,0,848,2,1.08,0.82,1.065
2026-09-05,ATL-HUB,Inbound,Morning,12,Saturday,1,0,0,1221,1078,415,634,586,13,14,13,50,8,67.1,0.976,4,3.8,0.066,394.26,Clear,0,634,0,0.96,0.82,1.065
2026-09-05,ATL-HUB,Inbound,Morning,13,Saturday,1,0,0,1217,1074,294,532,661,14,14,13,44,8,87.6,0.931,3,4.1,0.079,399.39,Clear,0,532,1,0.96,0.82,1.065
2026-09-05,ATL-HUB,Inbound,Evening,14,Saturday,1,0,0,1178,1039,382,600,583,13,13,12,51,8,71.7,0.982,1,3.8,0.072,365.64,Rain,0,600,0,0.96,0.82,1.065
2026-09-05,ATL-HUB,Inbound,Evening,15,Saturday,1,0,0,1379,1216,318,660,713,18,17,16,43,8,79.5,0.96,9,4.1,0.085,479.94,Clear,0,660,2,1.08,0.82,1.065
2026-09-05,ATL-HUB,Inbound,Evening,16,Saturday,1,0,0,1570,1386,502,736,822,19,18,17,44,8,78.5,0.985,15,4.6,0.081,541.56,Storm,0,736,1,1.08,0.82,1.065
2026-09-05,ATL-HUB,Inbound,Evening,17,Saturday,1,0,1,1822,1608,365,912,886,23,22,21,48,8,72.5,0.905,3,3.8,0.06,557.67,Clear,0,912,1,1.2,0.82,1.065
2026-09-05,ATL-HUB,Inbound,Evening,18,Saturday,1,0,1,1897,1674,390,928,939,22,22,21,45,8,74.2,0.983,3,4.2,0.067,570.18,Clear,0,928,0,1.2,0.82,1.065
2026-09-05,ATL-HUB,Inbound,Evening,19,Saturday,1,0,1,1730,1527,426,847,878,21,21,19,48,8,72.2,0.929,10,4.4,0.073,556.25,Clear,0,847,3,1.2,0.82,1.065
2026-09-05,ATL-HUB,Inbound,Evening,20,Saturday,1,0,0,1515,1337,326,693,808,18,17,16,46,8,83.0,0.943,8,4.6,0.06,493.15,Clear,0,693,0,1.08,0.82,1.065
2026-09-05,ATL-HUB,Inbound,Evening,21,Saturday,1,0,0,1256,1108,307,642,594,15,15,14,48,8,66.8,0.957,2,3.3,0.063,393.98,Clear,0,642,0,0.96,0.82,1.065
2026-09-05,ATL-HUB,Inbound,Night,22,Saturday,1,0,0,1127,994,326,525,587,13,13,12,46,8,80.0,0.951,1,4.2,0.08,374.69,Clear,0,525,0,0.96,0.82,1.065
2026-09-05,ATL-HUB,Inbound,Night,23,Saturday,1,0,0,1181,1042,375,622,556,13,14,13,49,8,67.4,0.978,4,3.2,0.054,376.74,Clear,0,622,0,0.82,0.82,1.065
2026-09-05,ATL-HUB,Sortation,Morning,6,Saturday,1,0,0,1510,1386,477,670,877,19,19,17,42,8,91.9,0.939,10,4.9,0.088,528.44,Clear,0,670,1,0.96,0.82,1.065
2026-09-05,ATL-HUB,Sortation,Morning,7,Saturday,1,0,1,1819,1671,377,642,1243,22,22,20,44,8,132.0,0.811,30,4.9,0.083,656.63,Clear,0,642,1,1.2,0.82,1.065
2026-09-05,ATL-HUB,Sortation,Morning,8,Saturday,1,0,1,1900,1745,618,798,1146,26,26,24,42,8,103.3,0.88,15,4.1,0.059,665.7,Clear,0,798,4,1.2,0.82,1.065
2026-09-05,ATL-HUB,Sortation,Morning,9,Saturday,1,0,1,1988,1826,587,800,1251,27,27,25,44,8,108.2,0.809,19,4.2,0.072,702.42,Clear,0,800,3,1.2,0.82,1.065
2026-09-05,ATL-HUB,Sortation,Morning,10,Saturday,1,0,0,1608,1476,444,800,864,22,22,21,40,8,78.4,0.953,4,4.1,0.066,566.64,Clear,0,800,1,1.08,0.82,1.065
2026-09-05,ATL-HUB,Sortation,Morning,11,Saturday,1,0,0,1519,1395,282,744,833,20,20,19,41,8,80.2,0.956,15,4.4,0.043,569.62,Clear,0,744,2,1.08,0.82,1.065
2026-09-05,ATL-HUB,Sortation,Morning,12,Saturday,1,0,0,1343,1233,296,729,664,17,18,17,44,8,69.4,0.975,15,3.4,0.075,500.86,Rain,0,729,1,0.96,0.82,1.065
2026-09-05,ATL-HUB,Sortation,Morning,13,Saturday,1,0,0,1375,1263,266,780,640,20,19,18,44,8,63.7,0.986,4,3.6,0.07,492.9,Heavy Rain,0,780,4,0.96,0.82,1.065
2026-09-05,ATL-HUB,Sortation,Evening,14,Saturday,1,0,0,1316,1208,291,686,680,18,18,17,43,8,72.1,0.939,14,3.4,0.071,498.57,Heavy Rain,0,686,1,0.96,0.82,1.065
2026-09-05,ATL-HUB,Sortation,Evening,15,Saturday,1,0,0,1506,1383,419,801,773,21,21,20,42,8,70.2,0.954,15,3.9,0.056,574.87,Clear,0,801,0,1.08,0.82,1.065
2026-09-05,ATL-HUB,Sortation,Evening,16,Saturday,1,0,0,1524,1400,544,886,689,21,21,20,46,8,61.0,0.964,12,3.7,0.065,560.01,Clear,0,886,0,1.08,0.82,1.065
2026-09-05,ATL-HUB,Sortation,Evening,17,Saturday,1,0,1,1958,1798,432,774,1240,26,26,24,46,8,113.8,0.779,11,3.3,0.085,631.56,Clear,0,774,1,1.2,0.82,1.065
2026-09-05,ATL-HUB,Sortation,Evening,18,Saturday,1,0,1,1905,1749,574,648,1315,24,25,23,39,8,137.9,0.803,14,4.6,0.061,657.09,Clear,0,648,1,1.2,0.82,1.065
2026-09-05,ATL-HUB,Sortation,Evening,19,Saturday,1,0,1,1965,1805,527,851,1165,26,27,25,42,8,96.5,0.902,20,3.8,0.075,698.34,Heavy Rain,0,851,1,1.2,0.82,1.065
2026-09-05,ATL-HUB,Sortation,Evening,20,Saturday,1,0,0,1374,1262,334,779,647,19,19,18,45,8,62.8,0.962,13,3.6,0.06,518.65,Clear,0,779,1,1.08,0.82,1.065
2026-09-05,ATL-HUB,Sortation,Evening,21,Saturday,1,0,0,1241,1140,342,590,685,15,15,14,43,8,78.7,0.98,13,4.4,0.091,460.61,Clear,0,590,1,0.96,0.82,1.065
2026-09-05,ATL-HUB,Sortation,Night,22,Saturday,1,0,0,1306,1199,285,571,788,18,18,17,36,8,92.4,0.935,8,5.0,0.077,521.09,Clear,0,571,1,0.96,0.82,1.065
2026-09-05,ATL-HUB,Sortation,Night,23,Saturday,1,0,0,1131,1039,359,501,669,14,14,13,40,8,91.4,0.965,15,5.4,0.058,473.49,Clear,0,501,1,0.82,0.82,1.065
2026-09-05,ATL-HUB,Outbound,Morning,6,Saturday,1,0,0,1252,1226,231,600,707,14,14,13,50,8,85.3,0.924,13,4.4,0.062,441.3,Clear,0,600,0,0.96,0.82,1.065
2026-09-05,ATL-HUB,Outbound,Morning,7,Saturday,1,0,1,1769,1733,620,1065,760,22,22,21,53,8,55.8,0.957,13,3.0,0.065,567.61,Clear,0,1065,2,1.2,0.82,1.065
2026-09-05,ATL-HUB,Outbound,Morning,8,Saturday,1,0,1,1698,1663,473,877,911,19,19,18,51,8,72.5,0.956,8,3.5,0.055,505.79,Clear,0,877,1,1.2,0.82,1.065
2026-09-05,ATL-HUB,Outbound,Morning,9,Saturday,1,0,1,1666,1632,411,835,884,18,19,17,53,8,76.1,0.927,1,3.9,0.091,474.5,Clear,0,835,0,1.2,0.82,1.065
2026-09-05,ATL-HUB,Outbound,Morning,10,Saturday,1,0,0,1366,1338,465,623,782,15,15,14,48,8,87.0,0.928,7,5.2,0.058,466.09,Clear,0,623,0,1.08,0.82,1.065
2026-09-05,ATL-HUB,Outbound,Morning,11,Saturday,1,0,0,1304,1277,288,678,654,15,15,14,52,8,71.4,0.932,2,3.4,0.066,398.56,Clear,0,678,0,1.08,0.82,1.065
2026-09-05,ATL-HUB,Outbound,Morning,12,Saturday,1,0,0,1311,1284,380,614,739,15,15,14,45,8,83.5,0.976,5,5.3,0.07,461.48,Clear,0,614,1,0.96,0.82,1.065
2026-09-05,ATL-HUB,Outbound,Morning,13,Saturday,1,0,0,1176,1152,342,639,578,13,13,12,54,8,68.5,0.987,10,3.6,0.084,388.42,Clear,0,639,3,0.96,0.82,1.065
2026-09-05,ATL-HUB,Outbound,Evening,14,Saturday,1,0,0,1143,1120,364,508,672,13,13,12,45,8,89.9,0.941,12,5.5,0.07,451.61,Storm,0,508,2,0.96,0.82,1.065
2026-09-05,ATL-HUB,Outbound,Evening,15,Saturday,1,0,0,1287,1261,286,572,764,14,14,13,45,8,93.0,0.979,7,5.3,0.092,447.95,Clear,0,572,0,1.08,0.82,1.065
2026-09-05,ATL-HUB,Outbound,Evening,16,Saturday,1,0,0,1295,1269,243,666,677,14,15,14,49,8,75.5,0.971,11,3.8,0.064,439.82,Rain,0,666,1,1.08,0.82,1.065
2026-09-05,ATL-HUB,Outbound,Evening,17,Saturday,1,0,1,1680,1646,336,853,877,19,19,18,48,8,73.5,0.987,6,4.2,0.078,522.37,Heavy Rain,0,853,1,1.2,0.82,1.065
2026-09-05,ATL-HUB,Outbound,Evening,18,Saturday,1,0,1,1584,1552,384,852,768,20,20,19,48,8,67.3,0.935,9,3.5,0.036,526.41,Clear,0,852,0,1.2,0.82,1.065
2026-09-05,ATL-HUB,Outbound,Evening,19,Saturday,1,0,1,1682,1648,319,901,832,20,20,19,49,8,69.2,0.969,4,3.1,0.073,501.01,Clear,0,901,0,1.2,0.82,1.065
2026-09-05,ATL-HUB,Outbound,Evening,20,Saturday,1,0,0,1271,1245,374,577,745,15,14,13,49,8,90.0,0.907,7,4.2,0.07,416.85,Clear,0,577,2,1.08,0.82,1.065
2026-09-05,ATL-HUB,Outbound,Evening,21,Saturday,1,0,0,1252,1226,340,612,681,16,16,15,43,8,79.0,0.949,12,4.6,0.072,482.7,Clear,0,612,0,0.96,0.82,1.065
2026-09-05,ATL-HUB,Outbound,Night,22,Saturday,1,0,0,1210,1185,382,605,663,15,15,14,45,8,78.1,0.961,9,4.1,0.097,438.83,Clear,0,605,2,0.96,0.82,1.065
2026-09-05,ATL-HUB,Outbound,Night,23,Saturday,1,0,0,1089,1067,316,620,494,13,13,12,56,8,62.4,0.924,6,2.7,0.064,348.82,Clear,0,620,1,0.82,0.82,1.065
2026-09-05,CHI-HUB,Inbound,Morning,6,Saturday,1,0,0,1293,1141,411,681,592,15,15,14,51,8,65.8,0.954,7,3.0,0.073,402.22,Clear,0,681,1,0.96,0.82,1.065
2026-09-05,CHI-HUB,Inbound,Morning,7,Saturday,1,0,1,1824,1610,342,852,966,19,20,18,48,8,78.5,0.986,12,4.9,0.091,558.8,Clear,0,852,1,1.2,0.82,1.065
2026-09-05,CHI-HUB,Inbound,Morning,8,Saturday,1,0,1,1641,1448,356,775,846,20,19,18,46,8,79.4,0.937,5,3.9,0.061,505.16,Clear,0,775,0,1.2,0.82,1.065
2026-09-05,CHI-HUB,Inbound,Morning,9,Saturday,1,0,1,1562,1378,341,834,696,18,18,17,52,8,62.3,0.944,3,3.2,0.051,458.28,Clear,0,834,1,1.2,0.82,1.065
2026-09-05,CHI-HUB,Inbound,Morning,10,Saturday,1,0,0,1273,1124,416,579,696,13,13,12,50,8,81.3,0.966,9,5.0,0.087,425.28,Clear,0,579,1,1.08,0.82,1.065
2026-09-05,CHI-HUB,Inbound,Morning,11,Saturday,1,0,0,1354,1195,402,680,667,15,15,14,50,8,71.6,0.973,9,3.6,0.063,426.5,Clear,0,680,2,1.08,0.82,1.065
2026-09-05,CHI-HUB,Inbound,Morning,12,Saturday,1,0,0,1145,1010,287,519,620,12,13,12,48,8,82.4,0.902,12,4.1,0.066,407.41,Clear,0,519,2,0.96,0.82,1.065
2026-09-05,CHI-HUB,Inbound,Morning,13,Saturday,1,0,0,1124,991,214,540,566,13,13,12,47,8,72.6,0.959,8,4.0,0.064,391.44,Clear,0,540,0,0.96,0.82,1.065
2026-09-05,CHI-HUB,Inbound,Evening,14,Saturday,1,0,0,1157,1021,256,585,554,13,13,12,51,8,69.6,0.957,6,3.4,0.068,368.83,Clear,0,585,4,0.96,0.82,1.065
2026-09-05,CHI-HUB,Inbound,Evening,15,Saturday,1,0,0,1235,1089,366,654,574,14,14,13,51,8,65.8,0.987,13,4.1,0.056,431.7,Clear,0,654,0,1.08,0.82,1.065
2026-09-05,CHI-HUB,Inbound,Evening,16,Saturday,1,0,0,1204,1062,346,582,599,13,13,12,49,8,76.0,0.991,0,4.2,0.068,372.86,Clear,0,582,1,1.08,0.82,1.065
2026-09-05,CHI-HUB,Inbound,Evening,17,Saturday,1,0,1,1645,1451,376,907,710,18,20,18,53,8,59.5,0.951,5,2.7,0.099,471.63,Clear,0,907,3,1.2,0.82,1.065
2026-09-05,CHI-HUB,Inbound,Evening,18,Saturday,1,0,1,1677,1480,523,860,805,19,19,18,48,8,67.4,0.996,11,4.2,0.071,533.41,Clear,0,860,1,1.2,0.82,1.065
2026-09-05,CHI-HUB,Inbound,Evening,19,Saturday,1,0,1,1567,1383,507,778,769,19,18,17,48,8,70.2,0.954,8,3.9,0.066,493.97,Clear,0,778,0,1.2,0.82,1.065
2026-09-05,CHI-HUB,Inbound,Evening,20,Saturday,1,0,0,1399,1234,412,635,755,15,15,14,46,8,85.7,0.986,5,4.8,0.082,448.1,Clear,0,635,2,1.08,0.82,1.065
2026-09-05,CHI-HUB,Inbound,Evening,21,Saturday,1,0,0,1303,1150,302,669,620,15,15,14,48,8,68.3,0.996,1,4.0,0.062,411.2,Clear,0,669,0,0.96,0.82,1.065
2026-09-05,CHI-HUB,Inbound,Night,22,Saturday,1,0,0,1174,1035,224,622,541,14,14,13,50,8,63.0,0.957,5,4.1,0.091,405.02,Clear,0,622,1,0.96,0.82,1.065
2026-09-05,CHI-HUB,Inbound,Night,23,Saturday,1,0,0,998,881,289,460,536,11,11,10,48,8,80.8,0.96,13,4.2,0.05,371.82,Clear,0,460,0,0.82,0.82,1.065
2026-09-05,CHI-HUB,Sortation,Morning,6,Saturday,1,0,0,1329,1221,359,640,730,17,18,16,40,8,82.4,1.0,0,4.9,0.086,473.63,Clear,0,640,0,0.96,0.82,1.065
2026-09-05,CHI-HUB,Sortation,Morning,7,Saturday,1,0,1,1920,1764,396,601,1376,26,26,24,38,8,147.9,0.733,28,4.6,0.066,721.68,Clear,0,601,1,1.2,0.82,1.065
2026-09-05,CHI-HUB,Sortation,Morning,8,Saturday,1,0,1,1757,1613,400,643,1154,25,24,23,38,8,122.1,0.818,11,4.3,0.046,636.37,Clear,0,643,1,1.2,0.82,1.065
2026-09-05,CHI-HUB,Sortation,Morning,9,Saturday,1,0,1,1688,1550,482,745,1000,24,23,22,43,8,97.9,0.875,19,4.0,0.065,632.81,Clear,0,745,1,1.2,0.82,1.065
2026-09-05,CHI-HUB,Sortation,Morning,10,Saturday,1,0,0,1365,1253,313,722,686,18,18,17,43,8,73.1,0.988,11,3.7,0.078,495.37,Clear,0,722,1,1.08,0.82,1.065
2026-09-05,CHI-HUB,Sortation,Morning,11,Saturday,1,0,0,1504,1381,418,811,731,21,20,19,44,8,71.6,0.97,1,3.9,0.067,510.53,Clear,0,811,2,1.08,0.82,1.065
2026-09-05,CHI-HUB,Sortation,Morning,12,Saturday,1,0,0,1204,1106,329,680,571,16,16,15,46,8,61.9,0.987,13,3.3,0.073,448.62,Clear,0,680,0,0.96,0.82,1.065
2026-09-05,CHI-HUB,Sortation,Morning,13,Saturday,1,0,0,1117,1026,329,539,612,15,15,14,41,8,78.4,0.94,13,3.9,0.072,444.32,Clear,0,539,4,0.96,0.82,1.065
2026-09-05,CHI-HUB,Sortation,Evening,14,Saturday,1,0,0,1227,1127,316,669,595,17,17,16,42,8,67.5,0.996,9,3.7,0.085,466.95,Clear,0,669,2,0.96,0.82,1.065
2026-09-05,CHI-HUB,Sortation,Evening,15,Saturday,1,0,0,1401,1287,460,670,776,18,20,18,39,8,79.4,0.956,13,4.2,0.077,535.94,Clear,0,670,0,1.08,0.82,1.065
2026-09-05,CHI-HUB,Sortation,Evening,16,Saturday,1,0,0,1406,1291,363,775,676,20,20,19,43,8,66.7,0.949,2,4.1,0.041,517.53,Clear,0,775,1,1.08,0.82,1.065
2026-09-05,CHI-HUB,Sortation,Evening,17,Saturday,1,0,1,1927,1770,456,698,1288,27,28,26,38,8,122.4,0.786,16,4.5,0.062,719.61,Clear,0,698,2,1.2,0.82,1.065
2026-09-05,CHI-HUB,Sortation,Evening,18,Saturday,1,0,1,1604,1473,348,602,1029,20,21,19,44,8,116.2,0.8,11,4.7,0.082,566.77,Clear,0,602,1,1.2,0.82,1.065
2026-09-05,CHI-HUB,Sortation,Evening,19,Saturday,1,0,1,1684,1547,540,556,1168,22,22,20,43,8,139.5,0.719,30,4.0,0.082,628.94,Clear,0,556,1,1.2,0.82,1.065
2026-09-05,CHI-HUB,Sortation,Evening,20,Saturday,1,0,0,1394,1280,342,772,666,20,19,18,45,8,63.8,0.954,6,3.0,0.073,479.81,Clear,0,772,2,1.08,0.82,1.065
2026-09-05,CHI-HUB,Sortation,Evening,21,Saturday,1,0,0,1341,1232,320,715,676,17,17,16,46,8,65.4,0.972,9,3.5,0.081,463.44,Clear,0,715,1,0.96,0.82,1.065
2026-09-05,CHI-HUB,Sortation,Night,22,Saturday,1,0,0,1196,1098,375,588,629,15,16,15,41,8,76.7,0.958,8,4.6,0.073,468.88,Clear,0,588,3,0.96,0.82,1.065
2026-09-05,CHI-HUB,Sortation,Night,23,Saturday,1,0,0,965,886,205,467,534,13,13,12,42,8,82.7,0.928,0,4.0,0.06,367.28,Storm,0,467,0,0.82,0.82,1.065
2026-09-05,CHI-HUB,Outbound,Morning,6,Saturday,1,0,0,1096,1074,232,550,571,12,12,12,48,8,73.6,0.956,6,3.9,0.042,382.54,Clear,0,550,1,0.96,0.82,1.065
2026-09-05,CHI-HUB,Outbound,Morning,7,Saturday,1,0,1,1489,1459,440,851,657,18,18,17,52,8,63.3,0.963,11,3.1,0.065,480.86,Clear,0,851,2,1.2,0.82,1.065
2026-09-05,CHI-HUB,Outbound,Morning,8,Saturday,1,0,1,1473,1443,430,754,764,16,17,16,49,8,74.1,0.963,14,3.9,0.072,493.07,Clear,0,754,1,1.2,0.82,1.065
2026-09-05,CHI-HUB,Outbound,Morning,9,Saturday,1,0,1,1486,1456,297,725,830,17,16,15,49,8,81.8,0.987,0,4.7,0.066,451.41,Clear,0,725,4,1.2,0.82,1.065
2026-09-05,CHI-HUB,Outbound,Morning,10,Saturday,1,0,0,1144,1121,309,612,590,14,14,13,48,8,73.4,0.982,4,3.4,0.066,382.52,Clear,0,612,1,1.08,0.82,1.065
2026-09-05,CHI-HUB,Outbound,Morning,11,Saturday,1,0,0,1206,1181,338,663,593,14,14,13,53,8,67.6,0.963,3,3.2,0.071,377.52,Heavy Rain,0,663,0,1.08,0.82,1.065
2026-09-05,CHI-HUB,Outbound,Morning,12,Saturday,1,0,0,1114,1091,297,518,619,13,13,12,45,8,87.1,0.96,1,4.9,0.049,394.87,Clear,0,518,1,0.96,0.82,1.065
2026-09-05,CHI-HUB,Outbound,Morning,13,Saturday,1,0,0,1109,1086,318,505,653,12,12,11,47,8,88.3,0.978,1,5.1,0.076,380.88,Clear,0,505,2,0.96,0.82,1.065
2026-09-05,CHI-HUB,Outbound,Evening,14,Saturday,1,0,0,1014,993,249,462,591,11,11,10,50,8,88.5,0.926,9,4.5,0.066,368.43,Clear,0,462,1,0.96,0.82,1.065
2026-09-05,CHI-HUB,Outbound,Evening,15,Saturday,1,0,0,1218,1193,294,676,588,15,15,14,51,8,64.9,0.948,11,2.7,0.063,406.17,Clear,0,676,1,1.08,0.82,1.065
2026-09-05,CHI-HUB,Outbound,Evening,16,Saturday,1,0,0,1131,1108,387,461,708,12,12,11,45,8,101.9,0.932,2,5.5,0.078,395.69,Clear,0,461,1,1.08,0.82,1.065
2026-09-05,CHI-HUB,Outbound,Evening,17,Saturday,1,0,1,1359,1331,359,654,741,17,16,15,45,8,81.0,0.969,12,4.7,0.055,487.47,Clear,0,654,1,1.2,0.82,1.065
2026-09-05,CHI-HUB,Outbound,Evening,18,Saturday,1,0,1,1487,1457,434,741,783,18,17,16,49,8,76.9,0.946,7,4.2,0.078,479.32,Clear,0,741,0,1.2,0.82,1.065
2026-09-05,CHI-HUB,Outbound,Evening,19,Saturday,1,0,1,1533,1502,388,792,788,19,19,18,47,8,71.9,0.937,10,3.5,0.057,509.17,Clear,0,792,1,1.2,0.82,1.065
2026-09-05,CHI-HUB,Outbound,Evening,20,Saturday,1,0,0,1278,1252,419,631,690,14,15,14,47,8,79.6,0.959,10,4.0,0.09,440.49,Clear,0,631,1,1.08,0.82,1.065
2026-09-05,CHI-HUB,Outbound,Evening,21,Saturday,1,0,0,890,872,254,361,552,8,9,8,46,8,101.3,0.983,14,6.2,0.081,390.76,Clear,0,361,2,0.96,0.82,1.065
2026-09-05,CHI-HUB,Outbound,Night,22,Saturday,1,0,0,1168,1144,417,620,598,13,13,12,53,8,72.0,0.976,5,3.6,0.081,372.26,Clear,0,620,1,0.96,0.82,1.065
2026-09-05,CHI-HUB,Outbound,Night,23,Saturday,1,0,0,966,946,332,508,501,11,12,11,48,8,73.5,0.964,14,3.4,0.068,374.38,Heavy Rain,0,508,2,0.82,0.82,1.065
2026-09-05,DAL-HUB,Inbound,Morning,6,Saturday,1,0,0,1066,941,295,457,597,11,11,10,49,8,88.7,0.934,5,4.7,0.076,363.69,Heavy Rain,0,457,0,0.96,0.82,1.065
2026-09-05,DAL-HUB,Inbound,Morning,7,Saturday,1,0,1,1402,1237,278,714,671,17,16,15,52,8,70.6,0.916,7,2.8,0.085,418.05,Clear,0,714,2,1.2,0.82,1.065
2026-09-05,DAL-HUB,Inbound,Morning,8,Saturday,1,0,1,1617,1427,346,843,751,20,19,18,49,8,64.2,0.957,0,3.9,0.065,488.75,Clear,0,843,1,1.2,0.82,1.065
2026-09-05,DAL-HUB,Inbound,Morning,9,Saturday,1,0,1,1387,1224,276,648,723,14,15,14,49,8,80.0,0.946,2,4.9,0.067,441.08,Clear,0,648,0,1.2,0.82,1.065
2026-09-05,DAL-HUB,Inbound,Morning,10,Saturday,1,0,0,1089,961,207,461,611,11,12,11,45,8,92.5,0.932,13,5.2,0.054,420.92,Clear,0,461,1,1.08,0.82,1.065
2026-09-05,DAL-HUB,Inbound,Morning,11,Saturday,1,0,0,1085,957,259,489,589,12,12,11,48,8,83.9,0.926,3,4.0,0.073,355.25,Clear,0,489,1,1.08,0.82,1.065
2026-09-05,DAL-HUB,Inbound,Morning,12,Saturday,1,0,0,1005,887,280,512,494,11,12,11,48,8,68.1,0.971,13,3.5,0.085,371.85,Clear,0,512,0,0.96,0.82,1.065
2026-09-05,DAL-HUB,Inbound,Morning,13,Saturday,1,0,0,1010,891,293,448,560,10,11,10,45,8,85.8,0.997,11,5.0,0.096,388.04,Clear,0,448,0,0.96,0.82,1.065
2026-09-05,DAL-HUB,Inbound,Evening,14,Saturday,1,0,0,977,862,231,463,508,10,11,10,48,8,79.5,0.966,2,4.3,0.081,339.04,Clear,0,463,0,0.96,0.82,1.065
2026-09-05,DAL-HUB,Inbound,Evening,15,Saturday,1,0,0,1267,1118,343,649,610,15,15,14,48,8,70.1,0.967,15,3.9,0.09,452.57,Clear,0,649,1,1.08,0.82,1.065
2026-09-05,DAL-HUB,Inbound,Evening,16,Saturday,1,0,0,1140,1006,370,577,547,13,13,12,51,8,70.2,0.943,10,3.3,0.073,378.52,Clear,0,577,0,1.08,0.82,1.065
2026-09-05,DAL-HUB,Inbound,Evening,17,Saturday,1,0,1,1483,1308,319,723,750,17,17,16,46,8,77.1,0.982,0,4.3,0.085,458.57,Clear,0,723,0,1.2,0.82,1.065
2026-09-05,DAL-HUB,Inbound,Evening,18,Saturday,1,0,1,1375,1214,250,655,726,16,16,15,49,8,81.9,0.892,8,3.7,0.073,445.98,Clear,0,655,0,1.2,0.82,1.065
2026-09-05,DAL-HUB,Inbound,Evening,19,Saturday,1,0,1,1431,1262,321,643,784,17,17,16,42,8,83.4,0.958,13,5.0,0.077,518.85,Clear,0,643,1,1.2,0.82,1.065
2026-09-05,DAL-HUB,Inbound,Evening,20,Saturday,1,0,0,1059,935,249,520,544,12,12,11,48,8,72.2,0.985,11,4.1,0.054,383.2,Clear,0,520,0,1.08,0.82,1.065
2026-09-05,DAL-HUB,Inbound,Evening,21,Saturday,1,0,0,1052,928,242,508,528,11,12,11,49,8,77.8,0.944,9,3.6,0.066,362.68,Clear,0,508,0,0.96,0.82,1.065
2026-09-05,DAL-HUB,Inbound,Night,22,Saturday,1,0,0,925,816,244,448,471,11,11,10,47,8,76.5,0.955,7,4.4,0.061,356.93,Clear,0,448,1,0.96,0.82,1.065
2026-09-05,DAL-HUB,Inbound,Night,23,Saturday,1,0,0,783,691,231,365,396,9,9,8,47,8,78.0,0.973,5,3.9,0.07,295.02,Clear,0,365,2,0.82,0.82,1.065
2026-09-05,DAL-HUB,Sortation,Morning,6,Saturday,1,0,0,1050,964,263,511,591,13,13,12,45,8,82.8,0.947,5,4.2,0.067,386.9,Clear,0,511,0,0.96,0.82,1.065
2026-09-05,DAL-HUB,Sortation,Morning,7,Saturday,1,0,1,1587,1458,455,629,1000,20,20,19,45,8,108.4,0.818,22,3.8,0.054,576.46,Clear,0,629,3,1.2,0.82,1.065
2026-09-05,DAL-HUB,Sortation,Morning,8,Saturday,1,0,1,1476,1356,468,645,870,21,20,19,45,8,95.3,0.839,16,3.6,0.074,549.63,Clear,0,645,1,1.2,0.82,1.065
2026-09-05,DAL-HUB,Sortation,Morning,9,Saturday,1,0,1,1353,1242,433,545,861,18,18,17,39,8,112.2,0.914,23,4.7,0.076,561.56,Clear,0,545,2,1.2,0.82,1.065
2026-09-05,DAL-HUB,Sortation,Morning,10,Saturday,1,0,0,1268,1164,433,634,681,18,18,17,39,8,74.5,0.958,13,4.3,0.071,516.79,Clear,0,634,0,1.08,0.82,1.065
2026-09-05,DAL-HUB,Sortation,Morning,11,Saturday,1,0,0,1080,992,236,583,531,15,15,14,43,8,68.9,0.969,1,3.4,0.062,391.25,Clear,0,583,1,1.08,0.82,1.065
2026-09-05,DAL-HUB,Sortation,Morning,12,Saturday,1,0,0,993,912,292,541,483,14,14,13,44,8,69.1,0.947,15,3.0,0.067,403.75,Clear,0,541,3,0.96,0.82,1.065
2026-09-05,DAL-HUB,Sortation,Morning,13,Saturday,1,0,0,1092,1003,315,603,544,15,15,14,46,8,69.1,0.937,2,3.1,0.083,386.27,Clear,0,603,1,0.96,0.82,1.065
2026-09-05,DAL-HUB,Sortation,Evening,14,Saturday,1,0,0,1091,1002,362,471,663,13,13,12,42,8,95.1,0.936,6,4.8,0.088,407.65,Clear,0,471,1,0.96,0.82,1.065
2026-09-05,DAL-HUB,Sortation,Evening,15,Saturday,1,0,0,1244,1143,250,681,597,18,17,16,46,8,66.4,0.926,3,3.6,0.063,445.26,Clear,0,681,1,1.08,0.82,1.065
2026-09-05,DAL-HUB,Sortation,Evening,16,Saturday,1,0,0,1205,1107,261,600,627,15,16,15,41,8,75.6,0.977,0,4.3,0.07,435.04,Clear,0,600,0,1.08,0.82,1.065
2026-09-05,DAL-HUB,Sortation,Evening,17,Saturday,1,0,1,1426,1310,354,626,841,19,19,18,45,8,98.4,0.859,25,3.8,0.063,566.75,Heavy Rain,0,626,1,1.2,0.82,1.065
2026-09-05,DAL-HUB,Sortation,Evening,18,Saturday,1,0,1,1457,1338,390,529,989,18,18,17,41,8,126.1,0.844,16,5.2,0.057,555.07,Clear,0,529,1,1.2,0.82,1.065
2026-09-05,DAL-HUB,Sortation,Evening,19,Saturday,1,0,1,1384,1271,379,525,906,17,19,17,41,8,118.3,0.837,23,4.6,0.089,559.33,Clear,0,525,1,1.2,0.82,1.065
2026-09-05,DAL-HUB,Sortation,Evening,20,Saturday,1,0,0,1247,1145,345,720,579,17,17,16,45,8,62.5,1.0,5,3.5,0.065,451.66,Heavy Rain,0,720,2,1.08,0.82,1.065
2026-09-05,DAL-HUB,Sortation,Evening,21,Saturday,1,0,0,971,891,321,514,483,13,13,12,44,8,70.8,0.975,5,3.7,0.089,371.44,Clear,0,514,0,0.96,0.82,1.065
2026-09-05,DAL-HUB,Sortation,Night,22,Saturday,1,0,0,1117,1026,323,572,579,17,15,15,40,8,73.1,0.955,8,3.6,0.029,439.42,Clear,0,572,3,0.96,0.82,1.065
2026-09-05,DAL-HUB,Sortation,Night,23,Saturday,1,0,0,924,848,181,453,483,11,12,11,45,8,76.8,0.916,5,3.8,0.095,353.87,Clear,0,453,0,0.82,0.82,1.065
2026-09-05,DAL-HUB,Outbound,Morning,6,Saturday,1,0,0,935,916,300,402,586,10,10,9,48,8,99.1,0.933,14,5.5,0.07,391.49,Clear,0,402,0,0.96,0.82,1.065
2026-09-05,DAL-HUB,Outbound,Morning,7,Saturday,1,0,1,1209,1184,421,638,609,14,14,13,51,8,71.8,0.963,2,3.9,0.047,391.31,Clear,0,638,0,1.2,0.82,1.065
2026-09-05,DAL-HUB,Outbound,Morning,8,Saturday,1,0,1,1440,1411,419,701,780,16,16,15,50,8,79.2,0.935,1,3.8,0.064,428.56,Clear,0,701,3,1.2,0.82,1.065
2026-09-05,DAL-HUB,Outbound,Morning,9,Saturday,1,0,1,1407,1378,383,698,740,18,17,16,46,8,79.1,0.949,3,4.0,0.083,459.45,Clear,0,698,0,1.2,0.82,1.065
2026-09-05,DAL-HUB,Outbound,Morning,10,Saturday,1,0,0,1009,988,312,467,576,10,11,10,49,8,88.7,0.954,11,4.9,0.063,385.94,Clear,0,467,1,1.08,0.82,1.065
2026-09-05,DAL-HUB,Outbound,Morning,11,Saturday,1,0,0,1066,1044,220,449,663,11,11,10,48,8,98.0,0.936,11,5.6,0.082,406.58,Clear,0,449,5,1.08,0.82,1.065
2026-09-05,DAL-HUB,Outbound,Morning,12,Saturday,1,0,0,906,888,282,455,483,9,10,9,52,8,73.3,0.972,13,4.4,0.059,356.95,Clear,0,455,0,0.96,0.82,1.065
2026-09-05,DAL-HUB,Outbound,Morning,13,Saturday,1,0,0,904,886,298,454,478,9,10,9,53,8,78.1,0.954,10,4.5,0.074,350.11,Clear,0,454,2,0.96,0.82,1.065
2026-09-05,DAL-HUB,Outbound,Evening,14,Saturday,1,0,0,869,851,179,427,469,10,10,9,50,8,79.9,0.95,5,3.9,0.08,316.67,Clear,0,427,1,0.96,0.82,1.065
2026-09-05,DAL-HUB,Outbound,Evening,15,Saturday,1,0,0,1043,1022,333,451,634,12,12,11,42,8,95.1,0.977,6,6.1,0.046,423.67,Clear,0,451,2,1.08,0.82,1.065
2026-09-05,DAL-HUB,Outbound,Evening,16,Saturday,1,0,0,1009,988,250,457,582,11,11,10,46,8,88.6,0.995,6,5.4,0.08,383.94,Clear,0,457,0,1.08,0.82,1.065
2026-09-05,DAL-HUB,Outbound,Evening,17,Saturday,1,0,1,1255,1229,316,651,662,14,14,13,52,8,71.8,0.964,4,3.7,0.064,392.96,Clear,0,651,0,1.2,0.82,1.065
2026-09-05,DAL-HUB,Outbound,Evening,18,Saturday,1,0,1,1420,1391,385,763,685,16,17,16,48,8,68.3,0.995,7,3.2,0.059,450.08,Clear,0,763,3,1.2,0.82,1.065
2026-09-05,DAL-HUB,Outbound,Evening,19,Saturday,1,0,1,1283,1257,433,632,682,15,15,14,48,8,76.4,0.941,9,4.0,0.067,437.38,Clear,0,632,1,1.2,0.82,1.065
2026-09-05,DAL-HUB,Outbound,Evening,20,Saturday,1,0,0,1065,1043,322,523,601,12,12,11,50,8,79.8,0.952,2,4.7,0.057,375.98,Storm,0,523,3,1.08,0.82,1.065
2026-09-05,DAL-HUB,Outbound,Evening,21,Saturday,1,0,0,981,961,343,440,591,11,11,10,48,8,92.5,0.917,10,4.7,0.084,376.64,Clear,0,440,0,0.96,0.82,1.065
2026-09-05,DAL-HUB,Outbound,Night,22,Saturday,1,0,0,782,766,167,380,413,8,9,8,49,8,73.9,0.971,14,4.2,0.063,332.76,Clear,0,380,0,0.96,0.82,1.065
2026-09-05,DAL-HUB,Outbound,Night,23,Saturday,1,0,0,716,701,139,319,427,7,8,7,49,8,93.0,0.932,14,4.6,0.073,323.26,Clear,0,319,0,0.82,0.82,1.065
2026-09-06,ATL-HUB,Inbound,Morning,6,Sunday,1,0,0,1310,1156,442,644,653,16,16,15,44,8,75.5,0.976,15,3.4,0.057,458.83,Clear,0,644,2,0.96,0.82,1.08
2026-09-06,ATL-HUB,Inbound,Morning,7,Sunday,1,0,0,1721,1519,360,892,795,21,20,19,49,8,66.0,0.958,7,3.7,0.073,528.71,Rain,0,892,1,1.2,0.82,1.08
2026-09-06,ATL-HUB,Inbound,Morning,8,Sunday,1,0,1,1652,1458,340,739,892,18,19,17,47,8,83.4,0.926,3,3.8,0.088,476.66,Clear,0,739,3,1.2,0.82,1.08
2026-09-06,ATL-HUB,Inbound,Morning,9,Sunday,1,0,1,1618,1428,337,765,859,18,19,17,45,8,80.1,1.0,2,4.4,0.08,489.67,Clear,0,765,1,1.2,0.82,1.08
2026-09-06,ATL-HUB,Inbound,Morning,10,Sunday,1,0,0,1404,1239,402,654,734,14,15,14,49,8,82.5,0.954,4,3.9,0.051,419.79,Clear,0,654,1,1.08,0.82,1.08
2026-09-06,ATL-HUB,Inbound,Morning,11,Sunday,1,0,0,1553,1370,510,755,786,17,17,16,50,8,75.2,0.944,0,4.2,0.072,457.01,Clear,0,755,2,1.08,0.82,1.08
2026-09-06,ATL-HUB,Inbound,Morning,12,Sunday,1,0,0,1255,1107,259,532,705,14,14,13,42,8,91.3,0.974,15,5.3,0.078,472.06,Clear,0,532,4,0.96,0.82,1.08
2026-09-06,ATL-HUB,Inbound,Morning,13,Sunday,1,0,0,1222,1079,351,613,595,14,14,13,48,8,70.2,0.984,0,3.9,0.069,384.28,Clear,0,613,1,0.96,0.82,1.08
2026-09-06,ATL-HUB,Inbound,Evening,14,Sunday,1,0,0,1273,1124,374,650,600,14,14,13,50,8,69.5,1.0,0,3.9,0.066,385.18,Clear,0,650,0,0.96,0.82,1.08
2026-09-06,ATL-HUB,Inbound,Evening,15,Sunday,1,0,0,1343,1185,271,648,684,17,16,15,45,8,72.5,0.961,12,4.3,0.065,475.01,Clear,0,648,1,1.08,0.82,1.08
2026-09-06,ATL-HUB,Inbound,Evening,16,Sunday,1,0,0,1535,1354,476,679,849,17,18,16,44,8,88.3,0.965,6,5.1,0.084,501.09,Clear,0,679,1,1.08,0.82,1.08
2026-09-06,ATL-HUB,Inbound,Evening,17,Sunday,1,0,1,1986,1753,489,945,1009,24,24,22,45,8,76.4,0.955,3,4.1,0.089,588.46,Clear,0,945,1,1.2,0.82,1.08
2026-09-06,ATL-HUB,Inbound,Evening,18,Sunday,1,0,1,1882,1661,476,926,934,20,20,19,51,8,73.9,0.956,1,4.0,0.049,518.93,Clear,0,926,3,1.2,0.82,1.08
2026-09-06,ATL-HUB,Inbound,Evening,19,Sunday,1,0,1,1792,1581,343,1024,738,23,22,21,51,8,58.1,0.956,7,2.7,0.045,539.13,Clear,0,1024,3,1.2,0.82,1.08
2026-09-06,ATL-HUB,Inbound,Evening,20,Sunday,1,0,0,1451,1280,306,671,769,17,16,15,46,8,81.7,0.973,15,4.2,0.051,483.71,Clear,0,671,0,1.08,0.82,1.08
2026-09-06,ATL-HUB,Inbound,Evening,21,Sunday,1,0,0,1477,1304,467,737,742,17,17,16,47,8,74.1,0.98,4,3.9,0.057,461.65,Rain,0,737,2,0.96,0.82,1.08
2026-09-06,ATL-HUB,Inbound,Night,22,Sunday,1,0,0,1342,1184,392,671,659,15,15,14,49,8,70.1,0.978,11,4.4,0.061,455.09,Clear,0,671,2,0.96,0.82,1.08
2026-09-06,ATL-HUB,Inbound,Night,23,Sunday,1,0,0,1181,1042,310,657,513,14,14,13,53,8,63.6,0.955,4,2.8,0.072,369.71,Storm,0,657,1,0.82,0.82,1.08
2026-09-06,ATL-HUB,Sortation,Morning,6,Sunday,1,0,0,1294,1188,317,647,672,17,17,16,44,8,73.5,0.919,8,3.9,0.085,470.58,Clear,0,647,1,0.96,0.82,1.08
2026-09-06,ATL-HUB,Sortation,Morning,7,Sunday,1,0,0,1717,1577,328,871,911,20,22,20,44,8,73.0,0.99,12,4.1,0.079,574.75,Clear,0,871,0,1.2,0.82,1.08
2026-09-06,ATL-HUB,Sortation,Morning,8,Sunday,1,0,1,1867,1715,602,883,1035,25,25,24,44,8,84.7,0.929,10,3.0,0.06,618.31,Clear,0,883,0,1.2,0.82,1.08
2026-09-06,ATL-HUB,Sortation,Morning,9,Sunday,1,0,1,1798,1651,342,701,1143,23,23,22,41,8,114.3,0.865,24,4.6,0.06,667.63,Clear,0,701,0,1.2,0.82,1.08
2026-09-06,ATL-HUB,Sortation,Morning,10,Sunday,1,0,0,1701,1562,342,840,897,23,22,21,42,8,75.9,0.952,15,4.1,0.065,607.3,Heavy Rain,0,840,0,1.08,0.82,1.08
2026-09-06,ATL-HUB,Sortation,Morning,11,Sunday,1,0,0,1464,1344,354,794,707,20,20,19,44,8,66.0,0.951,4,3.4,0.044,508.62,Heavy Rain,0,794,1,1.08,0.82,1.08
2026-09-06,ATL-HUB,Sortation,Morning,12,Sunday,1,0,0,1313,1206,463,626,714,16,16,15,44,8,79.2,0.95,15,4.1,0.055,479.42,Clear,0,626,1,0.96,0.82,1.08
2026-09-06,ATL-HUB,Sortation,Morning,13,Sunday,1,0,0,1374,1262,343,671,742,19,18,17,41,8,80.7,0.963,9,4.7,0.073,517.15,Clear,0,671,2,0.96,0.82,1.08
2026-09-06,ATL-HUB,Sortation,Evening,14,Sunday,1,0,0,1494,1372,475,724,809,20,19,18,44,8,77.1,0.915,9,4.6,0.067,536.05,Clear,0,724,0,0.96,0.82,1.08
2026-09-06,ATL-HUB,Sortation,Evening,15,Sunday,1,0,0,1555,1428,480,729,877,20,21,19,39,8,80.5,0.984,8,4.7,0.085,557.98,Rain,0,729,1,1.08,0.82,1.08
2026-09-06,ATL-HUB,Sortation,Evening,16,Sunday,1,0,0,1784,1638,420,945,892,23,23,21,45,8,69.1,1.0,6,3.9,0.076,570.68,Clear,0,945,3,1.08,0.82,1.08
2026-09-06,ATL-HUB,Sortation,Evening,17,Sunday,1,0,1,1777,1632,383,754,1082,24,25,23,43,8,103.5,0.847,24,3.7,0.089,661.55,Clear,0,754,0,1.2,0.82,1.08
2026-09-06,ATL-HUB,Sortation,Evening,18,Sunday,1,0,1,2055,1887,584,867,1243,26,27,25,44,8,105.1,0.876,21,4.0,0.076,704.45,Clear,0,867,3,1.2,0.82,1.08
2026-09-06,ATL-HUB,Sortation,Evening,19,Sunday,1,0,1,1945,1786,452,844,1165,26,27,25,46,8,98.3,0.816,10,3.2,0.07,651.98,Storm,0,844,1,1.2,0.82,1.08
2026-09-06,ATL-HUB,Sortation,Evening,20,Sunday,1,0,0,1599,1468,539,706,941,22,22,20,38,8,93.5,0.93,7,4.7,0.098,573.38,Clear,0,706,0,1.08,0.82,1.08
2026-09-06,ATL-HUB,Sortation,Evening,21,Sunday,1,0,0,1257,1154,263,719,569,17,17,16,47,8,60.3,0.957,0,3.3,0.078,427.49,Clear,0,719,0,0.96,0.82,1.08
2026-09-06,ATL-HUB,Sortation,Night,22,Sunday,1,0,0,1343,1233,429,652,733,19,18,17,40,8,80.0,0.959,8,4.9,0.061,518.98,Clear,0,652,0,0.96,0.82,1.08
2026-09-06,ATL-HUB,Sortation,Night,23,Sunday,1,0,0,1103,1013,318,590,547,15,15,14,43,8,70.2,0.982,14,3.9,0.078,447.27,Clear,0,590,1,0.82,0.82,1.08
2026-09-06,ATL-HUB,Outbound,Morning,6,Sunday,1,0,0,1210,1185,228,546,701,12,13,12,49,8,87.5,0.93,1,4.4,0.057,382.63,Clear,0,546,1,0.96,0.82,1.08
2026-09-06,ATL-HUB,Outbound,Morning,7,Sunday,1,0,0,1559,1527,478,785,815,19,18,17,49,8,72.3,0.943,14,3.3,0.082,497.34,Clear,0,785,1,1.2,0.82,1.08
2026-09-06,ATL-HUB,Outbound,Morning,8,Sunday,1,0,1,1637,1604,568,866,822,19,19,18,49,8,67.2,0.982,3,3.8,0.076,497.08,Clear,0,866,0,1.2,0.82,1.08
2026-09-06,ATL-HUB,Outbound,Morning,9,Sunday,1,0,1,1779,1743,624,872,946,20,20,18,50,8,80.1,0.97,2,3.3,0.075,482.49,Clear,0,872,1,1.2,0.82,1.08
2026-09-06,ATL-HUB,Outbound,Morning,10,Sunday,1,0,0,1399,1370,361,688,754,16,16,15,50,8,79.6,0.917,2,4.1,0.076,439.4,Clear,0,688,2,1.08,0.82,1.08
2026-09-06,ATL-HUB,Outbound,Morning,11,Sunday,1,0,0,1272,1246,344,700,588,14,15,14,54,8,68.2,0.926,14,3.4,0.073,436.36,Clear,0,700,2,1.08,0.82,1.08
2026-09-06,ATL-HUB,Outbound,Morning,12,Sunday,1,0,0,1283,1257,246,633,683,14,14,13,50,8,76.7,0.974,6,4.7,0.056,430.71,Heavy Rain,0,633,1,0.96,0.82,1.08
2026-09-06,ATL-HUB,Outbound,Morning,13,Sunday,1,0,0,1149,1126,287,650,543,14,14,13,50,8,63.1,1.0,4,3.4,0.065,382.61,Clear,0,650,2,0.96,0.82,1.08
2026-09-06,ATL-HUB,Outbound,Evening,14,Sunday,1,0,0,1235,1210,251,692,582,15,15,14,50,8,65.8,0.99,7,3.3,0.061,410.5,Clear,0,692,1,0.96,0.82,1.08
2026-09-06,ATL-HUB,Outbound,Evening,15,Sunday,1,0,0,1322,1295,435,642,723,15,15,14,48,8,80.6,0.956,9,4.5,0.079,456.94,Storm,0,642,0,1.08,0.82,1.08
2026-09-06,ATL-HUB,Outbound,Evening,16,Sunday,1,0,0,1426,1397,274,716,753,17,17,16,48,8,74.3,0.932,7,3.6,0.085,461.41,Clear,0,716,0,1.08,0.82,1.08
2026-09-06,ATL-HUB,Outbound,Evening,17,Sunday,1,0,1,1729,1694,446,945,828,21,20,19,51,8,64.7,0.975,1,3.6,0.074,506.27,Clear,0,945,0,1.2,0.82,1.08
2026-09-06,ATL-HUB,Outbound,Evening,18,Sunday,1,0,1,1711,1676,516,986,778,21,20,19,53,8,64.6,0.98,12,3.5,0.067,538.33,Clear,0,986,1,1.2,0.82,1.08
2026-09-06,ATL-HUB,Outbound,Evening,19,Sunday,1,0,1,1553,1521,286,786,817,18,17,16,51,8,76.4,0.964,0,4.1,0.069,455.33,Clear,0,786,0,1.2,0.82,1.08
2026-09-06,ATL-HUB,Outbound,Evening,20,Sunday,1,0,0,1181,1157,407,621,587,14,14,13,50,8,68.9,0.957,15,3.6,0.084,428.35,Storm,0,621,1,1.08,0.82,1.08
2026-09-06,ATL-HUB,Outbound,Evening,21,Sunday,1,0,0,1200,1176,355,564,673,13,13,12,47,8,84.5,1.0,4,5.1,0.072,411.65,Clear,0,564,1,0.96,0.82,1.08
2026-09-06,ATL-HUB,Outbound,Night,22,Sunday,1,0,0,1213,1188,386,622,621,14,14,13,48,8,75.1,0.998,8,4.4,0.059,424.58,Clear,0,622,0,0.96,0.82,1.08
2026-09-06,ATL-HUB,Outbound,Night,23,Sunday,1,0,0,1017,996,360,447,608,10,11,10,48,8,91.7,0.933,9,5.0,0.048,382.48,Clear,0,447,0,0.82,0.82,1.08
2026-09-06,CHI-HUB,Inbound,Morning,6,Sunday,1,0,0,1285,1134,293,580,693,15,15,14,44,8,81.7,0.943,0,4.7,0.073,427.28,Clear,0,580,0,0.96,0.82,1.08
2026-09-06,CHI-HUB,Inbound,Morning,7,Sunday,1,0,0,1551,1368,316,785,737,19,18,17,50,8,68.9,0.924,12,3.4,0.064,492.48,Clear,0,785,0,1.2,0.82,1.08
2026-09-06,CHI-HUB,Inbound,Morning,8,Sunday,1,0,1,1690,1491,432,774,885,18,19,17,47,8,77.9,0.97,6,4.8,0.08,514.93,Clear,0,774,0,1.2,0.82,1.08
2026-09-06,CHI-HUB,Inbound,Morning,9,Sunday,1,0,1,1613,1423,353,698,916,19,19,18,42,8,93.2,0.924,8,4.1,0.074,519.88,Clear,0,698,0,1.2,0.82,1.08
2026-09-06,CHI-HUB,Inbound,Morning,10,Sunday,1,0,0,1302,1149,416,571,736,14,14,13,48,8,89.4,0.915,10,4.3,0.055,428.89,Clear,0,571,0,1.08,0.82,1.08
2026-09-06,CHI-HUB,Inbound,Morning,11,Sunday,1,0,0,1349,1190,252,702,630,16,16,15,49,8,68.1,0.955,6,3.3,0.073,427.91,Clear,0,702,1,1.08,0.82,1.08
2026-09-06,CHI-HUB,Inbound,Morning,12,Sunday,1,0,0,1213,1071,369,593,608,13,14,13,48,8,74.7,0.952,10,4.0,0.063,418.92,Clear,0,593,3,0.96,0.82,1.08
2026-09-06,CHI-HUB,Inbound,Morning,13,Sunday,1,0,0,1169,1032,217,570,605,13,13,12,49,8,77.6,0.971,13,3.9,0.066,405.45,Clear,0,570,0,0.96,0.82,1.08
2026-09-06,CHI-HUB,Inbound,Evening,14,Sunday,1,0,0,1275,1125,365,588,673,15,15,14,44,8,80.9,0.955,1,4.1,0.067,413.5,Clear,0,588,1,0.96,0.82,1.08
2026-09-06,CHI-HUB,Inbound,Evening,15,Sunday,1,0,0,1307,1153,311,531,759,14,14,13,44,8,97.5,0.929,11,5.0,0.091,451.78,Clear,0,531,0,1.08,0.82,1.08
2026-09-06,CHI-HUB,Inbound,Evening,16,Sunday,1,0,0,1400,1235,348,667,726,15,15,14,48,8,73.9,0.993,1,4.7,0.057,432.51,Clear,0,667,2,1.08,0.82,1.08
2026-09-06,CHI-HUB,Inbound,Evening,17,Sunday,1,0,1,1672,1476,376,814,838,19,18,17,50,8,79.3,0.959,4,4.1,0.068,488.62,Clear,0,814,3,1.2,0.82,1.08
2026-09-06,CHI-HUB,Inbound,Evening,18,Sunday,1,0,1,1760,1553,340,826,907,21,20,19,46,8,76.3,0.946,7,3.9,0.068,533.17,Clear,0,826,3,1.2,0.82,1.08
2026-09-06,CHI-HUB,Inbound,Evening,19,Sunday,1,0,1,1721,1519,469,808,887,19,19,18,48,8,77.5,0.936,15,4.6,0.076,558.18,Clear,0,808,2,1.2,0.82,1.08
2026-09-06,CHI-HUB,Inbound,Evening,20,Sunday,1,0,0,1346,1188,250,610,720,14,14,13,49,8,81.4,0.958,4,5.2,0.08,440.41,Storm,0,610,1,1.08,0.82,1.08
2026-09-06,CHI-HUB,Inbound,Evening,21,Sunday,1,0,0,1178,1039,393,584,593,13,14,13,47,8,74.3,0.956,12,4.1,0.08,427.49,Clear,0,584,1,0.96,0.82,1.08
2026-09-06,CHI-HUB,Inbound,Night,22,Sunday,1,0,0,1130,997,380,584,542,13,14,13,47,8,69.9,0.957,3,3.7,0.057,386.64,Clear,0,584,1,0.96,0.82,1.08
2026-09-06,CHI-HUB,Inbound,Night,23,Sunday,1,0,0,1057,933,299,446,604,10,11,10,45,8,95.5,0.993,6,5.7,0.086,396.2,Storm,0,446,1,0.82,0.82,1.08
2026-09-06,CHI-HUB,Sortation,Morning,6,Sunday,1,0,0,1256,1153,360,617,678,15,16,15,42,8,79.7,0.98,9,4.6,0.07,473.18,Clear,0,617,1,0.96,0.82,1.08
2026-09-06,CHI-HUB,Sortation,Morning,7,Sunday,1,0,0,1519,1395,401,754,803,20,19,18,44,8,77.7,0.953,2,4.0,0.062,497.3,Clear,0,754,1,1.2,0.82,1.08
2026-09-06,CHI-HUB,Sortation,Morning,8,Sunday,1,0,1,1840,1690,646,640,1253,25,26,24,41,8,132.9,0.723,11,3.9,0.074,646.2,Clear,0,640,0,1.2,0.82,1.08
2026-09-06,CHI-HUB,Sortation,Morning,9,Sunday,1,0,1,1760,1616,431,608,1200,24,24,22,41,8,130.3,0.749,18,4.1,0.087,633.73,Clear,0,608,1,1.2,0.82,1.08
2026-09-06,CHI-HUB,Sortation,Morning,10,Sunday,1,0,0,1347,1237,291,692,693,18,18,17,43,8,72.4,0.947,8,4.1,0.067,496.65,Clear,0,692,1,1.08,0.82,1.08
2026-09-06,CHI-HUB,Sortation,Morning,11,Sunday,1,0,0,1493,1371,276,696,864,20,21,19,39,8,85.8,0.94,12,4.3,0.079,556.73,Clear,0,696,3,1.08,0.82,1.08
2026-09-06,CHI-HUB,Sortation,Morning,12,Sunday,1,0,0,1288,1183,417,723,605,18,17,16,47,8,63.9,0.962,5,3.5,0.062,449.67,Clear,0,723,2,0.96,0.82,1.08
2026-09-06,CHI-HUB,Sortation,Morning,13,Sunday,1,0,0,1218,1118,277,659,597,18,17,16,43,8,69.3,0.958,0,3.3,0.06,426.77,Clear,0,659,2,0.96,0.82,1.08
2026-09-06,CHI-HUB,Sortation,Evening,14,Sunday,1,0,0,1179,1083,327,614,603,17,16,15,42,8,72.8,0.976,2,3.7,0.06,424.17,Clear,0,614,0,0.96,0.82,1.08
2026-09-06,CHI-HUB,Sortation,Evening,15,Sunday,1,0,0,1323,1215,472,625,726,18,17,16,41,8,81.1,0.954,3,4.8,0.06,480.32,Clear,0,625,6,1.08,0.82,1.08
2026-09-06,CHI-HUB,Sortation,Evening,16,Sunday,1,0,0,1392,1278,382,696,728,18,19,17,42,8,75.1,0.975,7,4.2,0.088,497.08,Clear,0,696,0,1.08,0.82,1.08
2026-09-06,CHI-HUB,Sortation,Evening,17,Sunday,1,0,1,1648,1513,453,678,1026,23,22,21,44,8,104.8,0.816,10,3.2,0.062,567.43,Storm,0,678,0,1.2,0.82,1.08
2026-09-06,CHI-HUB,Sortation,Evening,18,Sunday,1,0,1,1821,1673,386,792,1084,26,24,23,44,8,96.5,0.87,22,3.8,0.046,658.76,Clear,0,792,0,1.2,0.82,1.08
2026-09-06,CHI-HUB,Sortation,Evening,19,Sunday,1,0,1,1801,1654,566,649,1189,26,25,24,39,8,125.8,0.771,27,4.1,0.054,702.28,Clear,0,649,0,1.2,0.82,1.08
2026-09-06,CHI-HUB,Sortation,Evening,20,Sunday,1,0,0,1520,1396,414,767,782,21,21,20,40,8,73.7,0.959,10,4.1,0.048,564.74,Clear,0,767,1,1.08,0.82,1.08
2026-09-06,CHI-HUB,Sortation,Evening,21,Sunday,1,0,0,1226,1126,408,672,580,17,17,16,42,8,65.1,1.0,7,3.8,0.078,463.34,Clear,0,672,1,0.96,0.82,1.08
2026-09-06,CHI-HUB,Sortation,Night,22,Sunday,1,0,0,1227,1127,313,682,593,17,17,16,45,8,64.7,0.947,8,2.9,0.057,441.35,Clear,0,682,1,0.96,0.82,1.08
2026-09-06,CHI-HUB,Sortation,Night,23,Sunday,1,0,0,1022,938,328,558,501,13,14,13,43,8,66.6,0.999,12,4.2,0.082,428.27,Clear,0,558,1,0.82,0.82,1.08
2026-09-06,CHI-HUB,Outbound,Morning,6,Sunday,1,0,0,1049,1028,319,539,546,11,12,11,49,8,71.7,1.0,13,4.1,0.084,390.18,Clear,0,539,2,0.96,0.82,1.08
2026-09-06,CHI-HUB,Outbound,Morning,7,Sunday,1,0,0,1388,1360,373,786,654,18,17,16,51,8,63.9,0.964,14,3.4,0.078,477.51,Clear,0,786,1,1.2,0.82,1.08
2026-09-06,CHI-HUB,Outbound,Morning,8,Sunday,1,0,1,1575,1543,522,788,813,19,18,17,49,8,76.6,0.946,14,3.7,0.046,512.32,Heavy Rain,0,788,3,1.2,0.82,1.08
2026-09-06,CHI-HUB,Outbound,Morning,9,Sunday,1,0,1,1610,1577,302,942,693,20,19,18,55,8,58.3,0.952,3,2.9,0.073,471.37,Clear,0,942,0,1.2,0.82,1.08
2026-09-06,CHI-HUB,Outbound,Morning,10,Sunday,1,0,0,1334,1307,350,810,569,16,17,15,54,8,54.3,1.0,9,3.0,0.09,429.82,Clear,0,810,1,1.08,0.82,1.08
2026-09-06,CHI-HUB,Outbound,Morning,11,Sunday,1,0,0,1120,1097,242,541,610,13,13,12,49,8,78.3,0.92,4,4.1,0.062,382.17,Clear,0,541,2,1.08,0.82,1.08
2026-09-06,CHI-HUB,Outbound,Morning,12,Sunday,1,0,0,1055,1033,249,468,639,11,11,10,48,8,94.5,0.976,14,5.2,0.062,404.79,Clear,0,468,1,0.96,0.82,1.08
2026-09-06,CHI-HUB,Outbound,Morning,13,Sunday,1,0,0,1077,1055,263,575,548,12,12,11,53,8,72.9,0.987,6,3.8,0.055,359.88,Clear,0,575,0,0.96,0.82,1.08
2026-09-06,CHI-HUB,Outbound,Evening,14,Sunday,1,0,0,1086,1064,353,488,639,11,11,10,51,8,91.0,0.958,6,5.0,0.064,374.16,Clear,0,488,1,0.96,0.82,1.08
2026-09-06,CHI-HUB,Outbound,Evening,15,Sunday,1,0,0,1241,1216,386,568,721,14,14,13,47,8,85.0,0.93,3,4.4,0.097,409.11,Clear,0,568,0,1.08,0.82,1.08
2026-09-06,CHI-HUB,Outbound,Evening,16,Sunday,1,0,0,1248,1223,257,516,791,13,13,12,44,8,102.0,0.977,1,6.3,0.067,436.53,Clear,0,516,3,1.08,0.82,1.08
2026-09-06,CHI-HUB,Outbound,Evening,17,Sunday,1,0,1,1543,1512,326,782,807,18,17,16,51,8,76.8,0.959,1,4.1,0.057,458.35,Clear,0,782,1,1.2,0.82,1.08
2026-09-06,CHI-HUB,Outbound,Evening,18,Sunday,1,0,1,1517,1486,398,735,843,17,18,16,47,8,81.2,0.978,10,4.6,0.089,500.66,Clear,0,735,1,1.2,0.82,1.08
2026-09-06,CHI-HUB,Outbound,Evening,19,Sunday,1,0,1,1652,1618,527,825,861,20,19,18,48,8,75.8,0.956,10,4.3,0.07,533.75,Clear,0,825,1,1.2,0.82,1.08
2026-09-06,CHI-HUB,Outbound,Evening,20,Sunday,1,0,0,1252,1226,383,594,704,14,14,13,48,8,86.0,0.952,1,4.9,0.079,416.9,Clear,0,594,1,1.08,0.82,1.08
2026-09-06,CHI-HUB,Outbound,Evening,21,Sunday,1,0,0,1116,1093,367,588,557,13,13,12,49,8,68.5,1.0,11,4.5,0.067,415.7,Clear,0,588,0,0.96,0.82,1.08
2026-09-06,CHI-HUB,Outbound,Night,22,Sunday,1,0,0,1073,1051,379,484,635,11,12,11,46,8,89.3,0.958,5,5.1,0.072,393.01,Clear,0,484,0,0.96,0.82,1.08
2026-09-06,CHI-HUB,Outbound,Night,23,Sunday,1,0,0,964,944,260,405,581,10,10,9,46,8,97.8,0.98,4,5.9,0.052,374.75,Storm,0,405,1,0.82,0.82,1.08
2026-09-06,DAL-HUB,Inbound,Morning,6,Sunday,1,0,0,1076,949,299,533,527,13,13,12,49,8,71.0,0.908,15,3.1,0.061,387.79,Clear,0,533,2,0.96,0.82,1.08
2026-09-06,DAL-HUB,Inbound,Morning,7,Sunday,1,0,0,1178,1039,329,597,575,14,14,13,48,8,68.3,0.958,5,3.5,0.059,388.29,Clear,0,597,0,1.2,0.82,1.08
2026-09-06,DAL-HUB,Inbound,Morning,8,Sunday,1,0,1,1542,1360,492,839,694,18,19,17,51,8,66.0,0.968,12,3.4,0.08,497.76,Storm,0,839,3,1.2,0.82,1.08
2026-09-06,DAL-HUB,Inbound,Morning,9,Sunday,1,0,1,1488,1313,414,699,773,17,17,16,48,8,78.5,0.91,9,4.2,0.07,484.66,Clear,0,699,0,1.2,0.82,1.08
2026-09-06,DAL-HUB,Inbound,Morning,10,Sunday,1,0,0,1088,960,201,535,551,12,13,12,48,8,75.1,0.93,12,3.2,0.064,381.21,Clear,0,535,2,1.08,0.82,1.08
2026-09-06,DAL-HUB,Inbound,Morning,11,Sunday,1,0,0,1270,1121,433,662,600,15,15,14,50,8,67.9,0.947,10,3.5,0.073,425.43,Clear,0,662,1,1.08,0.82,1.08
2026-09-06,DAL-HUB,Inbound,Morning,12,Sunday,1,0,0,1081,954,328,502,583,11,11,10,54,8,83.3,0.93,6,3.9,0.074,342.48,Clear,0,502,1,0.96,0.82,1.08
2026-09-06,DAL-HUB,Inbound,Morning,13,Sunday,1,0,0,985,869,296,530,449,11,11,10,53,8,65.9,1.0,3,3.3,0.07,314.39,Clear,0,530,0,0.96,0.82,1.08
2026-09-06,DAL-HUB,Inbound,Evening,14,Sunday,1,0,0,1031,909,220,418,604,11,11,10,42,8,96.3,0.997,13,5.6,0.06,411.6,Clear,0,418,0,0.96,0.82,1.08
2026-09-06,DAL-HUB,Inbound,Evening,15,Sunday,1,0,0,1104,974,210,486,610,12,12,11,47,8,86.3,0.941,2,4.6,0.085,369.19,Clear,0,486,0,1.08,0.82,1.08
2026-09-06,DAL-HUB,Inbound,Evening,16,Sunday,1,0,0,1184,1044,342,516,652,13,13,12,45,8,85.6,0.956,3,4.6,0.063,393.3,Clear,0,516,0,1.08,0.82,1.08
2026-09-06,DAL-HUB,Inbound,Evening,17,Sunday,1,0,1,1374,1213,355,689,681,16,16,15,49,8,73.5,0.939,2,4.0,0.081,435.16,Clear,0,689,0,1.2,0.82,1.08
2026-09-06,DAL-HUB,Inbound,Evening,18,Sunday,1,0,1,1500,1323,482,762,723,19,18,17,48,8,72.2,0.935,11,4.0,0.064,505.18,Clear,0,762,2,1.2,0.82,1.08
2026-09-06,DAL-HUB,Inbound,Evening,19,Sunday,1,0,1,1468,1296,302,717,751,18,17,16,45,8,77.0,0.997,8,4.2,0.066,481.12,Clear,0,717,1,1.2,0.82,1.08
2026-09-06,DAL-HUB,Inbound,Evening,20,Sunday,1,0,0,1143,1008,277,465,660,12,12,11,46,8,96.9,0.921,12,5.3,0.084,425.51,Storm,0,465,3,1.08,0.82,1.08
2026-09-06,DAL-HUB,Inbound,Evening,21,Sunday,1,0,0,1072,945,323,573,502,12,12,11,53,8,69.4,0.984,1,3.5,0.089,334.62,Clear,0,573,1,0.96,0.82,1.08
2026-09-06,DAL-HUB,Inbound,Night,22,Sunday,1,0,0,1046,923,229,506,526,12,12,11,48,8,74.7,0.959,3,4.3,0.058,362.97,Clear,0,506,1,0.96,0.82,1.08
2026-09-06,DAL-HUB,Inbound,Night,23,Sunday,1,0,0,794,701,166,336,462,8,9,8,42,8,94.3,1.0,15,5.6,0.068,374.82,Clear,0,336,2,0.82,0.82,1.08
2026-09-06,DAL-HUB,Sortation,Morning,6,Sunday,1,0,0,1101,1011,230,611,514,17,16,15,42,8,66.8,0.97,10,3.4,0.074,439.93,Clear,0,611,0,0.96,0.82,1.08
2026-09-06,DAL-HUB,Sortation,Morning,7,Sunday,1,0,0,1226,1126,235,541,728,15,15,14,40,8,88.0,0.967,3,5.4,0.061,456.34,Clear,0,541,0,1.2,0.82,1.08
2026-09-06,DAL-HUB,Sortation,Morning,8,Sunday,1,0,1,1507,1384,492,544,992,19,19,17,42,8,125.6,0.847,19,4.6,0.084,548.78,Clear,0,544,2,1.2,0.82,1.08
2026-09-06,DAL-HUB,Sortation,Morning,9,Sunday,1,0,1,1395,1281,271,528,919,18,17,16,44,8,119.7,0.834,13,4.7,0.078,510.83,Clear,0,528,0,1.2,0.82,1.08
2026-09-06,DAL-HUB,Sortation,Morning,10,Sunday,1,0,0,1180,1084,302,696,538,16,16,15,47,8,62.1,0.988,9,3.3,0.052,435.39,Clear,0,696,2,1.08,0.82,1.08
2026-09-06,DAL-HUB,Sortation,Morning,11,Sunday,1,0,0,1222,1122,285,654,610,18,17,16,44,8,70.4,0.929,15,3.1,0.07,469.25,Clear,0,654,0,1.08,0.82,1.08
2026-09-06,DAL-HUB,Sortation,Morning,12,Sunday,1,0,0,1086,998,295,512,605,14,14,13,41,8,83.2,0.962,13,4.9,0.059,454.66,Heavy Rain,0,512,0,0.96,0.82,1.08
2026-09-06,DAL-HUB,Sortation,Morning,13,Sunday,1,0,0,1059,972,284,513,575,14,14,13,41,8,75.2,0.964,11,5.1,0.071,450.96,Clear,0,513,2,0.96,0.82,1.08
2026-09-06,DAL-HUB,Sortation,Evening,14,Sunday,1,0,0,1129,1037,241,565,593,16,16,15,41,8,73.6,0.919,4,4.0,0.083,438.05,Clear,0,565,1,0.96,0.82,1.08
2026-09-06,DAL-HUB,Sortation,Evening,15,Sunday,1,0,0,1167,1071,273,588,599,14,15,14,44,8,77.0,0.955,3,4.2,0.087,421.64,Clear,0,588,0,1.08,0.82,1.08
2026-09-06,DAL-HUB,Sortation,Evening,16,Sunday,1,0,0,1294,1188,383,747,601,18,18,17,46,8,63.8,0.956,8,2.8,0.067,459.28,Clear,0,747,0,1.08,0.82,1.08
2026-09-06,DAL-HUB,Sortation,Evening,17,Sunday,1,0,1,1411,1296,462,534,918,20,20,19,43,8,118.9,0.727,17,3.5,0.069,548.82,Clear,0,534,1,1.2,0.82,1.08
2026-09-06,DAL-HUB,Sortation,Evening,18,Sunday,1,0,1,1476,1356,501,568,937,20,20,18,39,8,111.3,0.9,13,5.1,0.091,562.53,Clear,0,568,3,1.2,0.82,1.08
2026-09-06,DAL-HUB,Sortation,Evening,19,Sunday,1,0,1,1413,1297,392,727,715,22,21,20,43,8,78.6,0.94,28,3.1,0.056,592.36,Clear,0,727,0,1.2,0.82,1.08
2026-09-06,DAL-HUB,Sortation,Evening,20,Sunday,1,0,0,1176,1080,232,542,657,15,15,14,40,8,87.2,0.97,2,4.7,0.087,432.6,Clear,0,542,0,1.08,0.82,1.08
2026-09-06,DAL-HUB,Sortation,Evening,21,Sunday,1,0,0,980,900,320,501,526,13,13,12,44,8,74.2,0.95,1,3.7,0.078,358.82,Clear,0,501,1,0.96,0.82,1.08
2026-09-06,DAL-HUB,Sortation,Night,22,Sunday,1,0,0,1128,1036,361,608,573,15,15,14,45,8,67.5,0.966,9,3.3,0.074,414.94,Clear,0,608,2,0.96,0.82,1.08
2026-09-06,DAL-HUB,Sortation,Night,23,Sunday,1,0,0,949,872,192,486,493,11,12,11,45,8,74.7,0.983,2,4.0,0.065,350.34,Clear,0,486,1,0.82,0.82,1.08
2026-09-06,DAL-HUB,Outbound,Morning,6,Sunday,1,0,0,990,970,203,438,580,11,11,10,47,8,92.0,0.933,2,5.0,0.072,359.6,Clear,0,438,1,0.96,0.82,1.08
2026-09-06,DAL-HUB,Outbound,Morning,7,Sunday,1,0,0,1150,1127,402,621,565,13,13,12,53,8,71.9,0.977,4,3.5,0.076,365.93,Clear,0,621,0,1.2,0.82,1.08
2026-09-06,DAL-HUB,Outbound,Morning,8,Sunday,1,0,1,1339,1312,398,601,782,16,15,14,48,8,91.6,0.895,10,4.2,0.071,447.21,Clear,0,601,0,1.2,0.82,1.08
2026-09-06,DAL-HUB,Outbound,Morning,9,Sunday,1,0,1,1298,1272,451,638,691,15,15,14,49,8,76.9,0.931,1,4.0,0.068,412.05,Clear,0,638,2,1.2,0.82,1.08
2026-09-06,DAL-HUB,Outbound,Morning,10,Sunday,1,0,0,1108,1085,329,552,581,12,12,11,52,8,75.3,0.965,1,3.9,0.06,347.26,Clear,0,552,1,1.08,0.82,1.08
2026-09-06,DAL-HUB,Outbound,Morning,11,Sunday,1,0,0,1104,1081,278,586,560,13,14,13,47,8,67.0,0.959,11,3.7,0.057,412.59,Clear,0,586,1,1.08,0.82,1.08
2026-09-06,DAL-HUB,Outbound,Morning,12,Sunday,1,0,0,1008,987,199,539,494,11,12,11,50,8,70.1,0.98,3,4.3,0.067,365.24,Heavy Rain,0,539,0,0.96,0.82,1.08
2026-09-06,DAL-HUB,Outbound,Morning,13,Sunday,1,0,0,931,912,301,432,528,9,10,9,50,8,84.5,0.961,4,4.9,0.073,342.6,Clear,0,432,0,0.96,0.82,1.08
2026-09-06,DAL-HUB,Outbound,Evening,14,Sunday,1,0,0,950,931,242,539,450,11,12,11,49,8,68.0,1.0,1,4.0,0.075,347.16,Clear,0,539,0,0.96,0.82,1.08
2026-09-06,DAL-HUB,Outbound,Evening,15,Sunday,1,0,0,951,932,225,490,495,11,11,10,51,8,74.3,0.961,15,3.3,0.069,352.88,Clear,0,490,1,1.08,0.82,1.08
2026-09-06,DAL-HUB,Outbound,Evening,16,Sunday,1,0,0,1073,1051,262,578,521,13,13,12,51,8,69.8,0.946,11,3.8,0.061,397.68,Heavy Rain,0,578,1,1.08,0.82,1.08
2026-09-06,DAL-HUB,Outbound,Evening,17,Sunday,1,0,1,1371,1343,303,692,715,16,16,15,49,8,73.8,0.942,15,3.5,0.051,463.68,Clear,0,692,1,1.2,0.82,1.08
2026-09-06,DAL-HUB,Outbound,Evening,18,Sunday,1,0,1,1311,1284,244,650,706,15,15,14,49,8,81.0,0.949,13,3.9,0.048,447.88,Clear,0,650,0,1.2,0.82,1.08
2026-09-06,DAL-HUB,Outbound,Evening,19,Sunday,1,0,1,1444,1415,300,774,705,16,16,15,54,8,68.3,0.956,6,3.4,0.081,433.43,Clear,0,774,1,1.2,0.82,1.08
2026-09-06,DAL-HUB,Outbound,Evening,20,Sunday,1,0,0,991,971,340,537,483,12,12,11,51,8,67.7,0.959,4,3.2,0.076,335.12,Clear,0,537,4,1.08,0.82,1.08
2026-09-06,DAL-HUB,Outbound,Evening,21,Sunday,1,0,0,956,936,282,469,518,11,11,10,49,8,83.4,0.958,12,4.6,0.08,379.77,Clear,0,469,1,0.96,0.82,1.08
2026-09-06,DAL-HUB,Outbound,Night,22,Sunday,1,0,0,863,845,199,451,458,10,10,9,52,8,73.2,0.965,11,3.9,0.104,335.76,Clear,0,451,0,0.96,0.82,1.08
2026-09-06,DAL-HUB,Outbound,Night,23,Sunday,1,0,0,909,890,316,417,512,9,10,9,48,8,84.8,0.967,8,5.1,0.064,361.61,Rain,0,417,3,0.82,0.82,1.08
2026-09-07,ATL-HUB,Inbound,Morning,6,Monday,0,1,0,1548,1366,419,840,713,19,19,18,49,8,65.6,0.953,0,3.1,0.05,470.59,Storm,0,840,1,0.96,1.0,1.095
2026-09-07,ATL-HUB,Inbound,Morning,7,Monday,0,1,0,2156,1902,448,913,1214,22,23,21,45,8,92.6,0.967,5,5.2,0.075,609.15,Clear,0,913,1,1.2,1.0,1.095
2026-09-07,ATL-HUB,Inbound,Morning,8,Monday,0,1,1,2569,2267,543,1286,1250,32,31,29,49,8,72.6,0.905,0,3.5,0.067,708.84,Clear,0,1286,1,1.2,1.0,1.095
2026-09-07,ATL-HUB,Inbound,Morning,9,Monday,0,1,1,2464,2174,838,1327,1100,32,31,29,48,8,61.5,0.954,4,3.1,0.067,708.59,Clear,0,1327,2,1.2,1.0,1.095
2026-09-07,ATL-HUB,Inbound,Morning,10,Monday,0,1,0,1867,1647,523,875,980,21,21,20,44,8,81.1,0.994,12,5.2,0.06,606.96,Clear,0,875,1,1.08,1.0,1.095
2026-09-07,ATL-HUB,Inbound,Morning,11,Monday,0,1,0,1664,1468,490,791,858,19,19,18,46,8,80.0,0.955,13,3.8,0.06,528.38,Clear,0,791,1,1.08,1.0,1.095
2026-09-07,ATL-HUB,Inbound,Morning,12,Monday,0,1,0,1726,1523,512,937,774,21,21,20,48,8,63.3,0.977,6,3.5,0.065,537.67,Clear,0,937,2,0.96,1.0,1.095
2026-09-07,ATL-HUB,Inbound,Morning,13,Monday,0,1,0,1746,1540,323,881,867,19,20,18,49,8,74.5,0.999,11,4.0,0.096,529.02,Clear,0,881,4,0.96,1.0,1.095
2026-09-07,ATL-HUB,Inbound,Evening,14,Monday,0,1,0,1571,1386,411,712,833,17,17,16,46,8,84.7,0.967,6,4.5,0.061,484.94,Clear,0,712,2,0.96,1.0,1.095
2026-09-07,ATL-HUB,Inbound,Evening,15,Monday,0,1,0,1976,1744,513,963,1005,25,23,22,47,8,76.6,0.931,3,3.8,0.06,579.88,Clear,0,963,0,1.08,1.0,1.095
2026-09-07,ATL-HUB,Inbound,Evening,16,Monday,0,1,0,1797,1585,433,932,853,20,20,19,50,8,71.1,0.982,8,3.9,0.06,537.02,Clear,0,932,0,1.08,1.0,1.095
2026-09-07,ATL-HUB,Inbound,Evening,17,Monday,0,1,1,2275,2007,763,1174,1070,28,27,26,47,8,66.8,0.961,14,2.8,0.055,670.36,Clear,0,1174,0,1.2,1.0,1.095
2026-09-07,ATL-HUB,Inbound,Evening,18,Monday,0,1,1,2282,2014,638,1119,1139,28,27,25,47,8,72.2,0.953,14,3.8,0.078,678.98,Clear,0,1119,2,1.2,1.0,1.095
2026-09-07,ATL-HUB,Inbound,Evening,19,Monday,0,1,1,2284,2016,761,1221,1026,29,28,26,50,8,61.7,0.939,5,3.0,0.067,647.32,Clear,0,1221,2,1.2,1.0,1.095
2026-09-07,ATL-HUB,Inbound,Evening,20,Monday,0,1,0,1885,1664,502,851,1009,21,22,20,45,8,85.9,0.946,0,4.3,0.074,543.68,Clear,0,851,0,1.08,1.0,1.095
2026-09-07,ATL-HUB,Inbound,Evening,21,Monday,0,1,0,1618,1428,416,839,755,20,20,18,47,8,69.3,0.992,1,3.8,0.087,489.17,Clear,0,839,0,0.96,1.0,1.095
2026-09-07,ATL-HUB,Inbound,Night,22,Monday,0,1,0,1587,1400,357,876,700,20,19,18,50,8,61.1,0.974,4,3.5,0.076,489.81,Clear,0,876,1,0.96,1.0,1.095
2026-09-07,ATL-HUB,Inbound,Night,23,Monday,0,1,0,1345,1187,382,660,674,15,15,14,48,8,77.3,0.983,15,4.3,0.083,465.14,Clear,0,660,0,0.82,1.0,1.095
2026-09-07,ATL-HUB,Sortation,Morning,6,Monday,0,1,0,1484,1363,345,798,721,21,20,19,42,8,68.1,1.0,8,3.8,0.049,529.77,Clear,0,798,1,0.96,1.0,1.095
2026-09-07,ATL-HUB,Sortation,Morning,7,Monday,0,1,0,2144,1969,729,1169,1032,29,29,27,45,8,67.9,0.963,15,3.0,0.078,697.88,Clear,0,1169,1,1.2,1.0,1.095
2026-09-07,ATL-HUB,Sortation,Morning,8,Monday,0,1,1,2371,2178,772,1065,1386,33,33,30,45,8,98.3,0.877,27,3.5,0.076,812.96,Clear,0,1065,4,1.2,1.0,1.095
2026-09-07,ATL-HUB,Sortation,Morning,9,Monday,0,1,1,2254,2070,737,799,1503,29,29,27,42,8,124.1,0.784,21,4.5,0.076,761.12,Clear,0,799,0,1.2,1.0,1.095
2026-09-07,ATL-HUB,Sortation,Morning,10,Monday,0,1,0,1984,1822,582,967,1076,26,27,24,43,8,78.5,0.938,14,4.0,0.096,661.25,Clear,0,967,0,1.08,1.0,1.095
2026-09-07,ATL-HUB,Sortation,Morning,11,Monday,0,1,0,1990,1827,575,1012,1034,28,28,27,42,8,72.4,0.893,5,3.6,0.05,679.86,Clear,0,1012,0,1.08,1.0,1.095
2026-09-07,ATL-HUB,Sortation,Morning,12,Monday,0,1,0,1639,1505,470,796,884,21,22,20,40,8,82.5,0.996,3,4.5,0.084,557.52,Rain,0,796,1,0.96,1.0,1.095
2026-09-07,ATL-HUB,Sortation,Morning,13,Monday,0,1,0,1617,1485,486,841,824,23,23,21,43,8,69.6,0.932,11,3.9,0.079,583.62,Clear,0,841,1,0.96,1.0,1.095
2026-09-07,ATL-HUB,Sortation,Evening,14,Monday,0,1,0,1921,1764,375,1012,961,24,25,23,46,8,72.0,0.957,14,3.7,0.077,632.2,Clear,0,1012,1,0.96,1.0,1.095
2026-09-07,ATL-HUB,Sortation,Evening,15,Monday,0,1,0,1946,1787,539,887,1107,25,26,24,40,8,86.1,0.925,7,5.0,0.086,666.15,Clear,0,887,2,1.08,1.0,1.095
2026-09-07,ATL-HUB,Sortation,Evening,16,Monday,0,1,0,1958,1798,501,1021,994,29,28,26,41,8,67.1,0.959,4,3.6,0.083,656.56,Clear,0,1021,1,1.08,1.0,1.095
2026-09-07,ATL-HUB,Sortation,Evening,17,Monday,0,1,1,2263,2079,586,780,1552,32,32,29,40,8,134.5,0.747,10,3.6,0.102,739.88,Clear,0,780,3,1.2,1.0,1.095
2026-09-07,ATL-HUB,Sortation,Evening,18,Monday,0,1,1,2215,2034,435,767,1503,31,31,29,40,8,129.8,0.735,16,4.4,0.062,780.6,Clear,0,767,2,1.2,1.0,1.095
2026-09-07,ATL-HUB,Sortation,Evening,19,Monday,0,1,1,2495,2291,799,1050,1515,36,35,33,40,8,99.1,0.884,28,4.0,0.065,890.93,Clear,0,1050,2,1.2,1.0,1.095
2026-09-07,ATL-HUB,Sortation,Evening,20,Monday,0,1,0,1882,1728,386,852,1091,27,27,25,36,8,90.2,0.947,7,4.9,0.062,681.68,Clear,0,852,0,1.08,1.0,1.095
2026-09-07,ATL-HUB,Sortation,Evening,21,Monday,0,1,0,1911,1755,421,973,983,24,24,23,44,8,75.5,0.962,10,4.1,0.054,630.42,Clear,0,973,0,0.96,1.0,1.095
2026-09-07,ATL-HUB,Sortation,Night,22,Monday,0,1,0,1773,1629,413,978,835,23,24,22,45,8,64.5,0.989,2,3.7,0.072,571.58,Clear,0,978,0,0.96,1.0,1.095
2026-09-07,ATL-HUB,Sortation,Night,23,Monday,0,1,0,1418,1302,330,658,789,18,19,17,42,8,83.8,0.922,14,4.0,0.1,519.56,Storm,0,658,2,0.82,1.0,1.095
2026-09-07,ATL-HUB,Outbound,Morning,6,Monday,0,1,0,1511,1480,378,751,806,17,17,16,49,8,77.5,0.959,2,3.7,0.077,449.76,Clear,0,751,2,0.96,1.0,1.095
2026-09-07,ATL-HUB,Outbound,Morning,7,Monday,0,1,0,1808,1771,536,903,951,20,20,19,51,8,74.9,0.932,9,3.8,0.066,538.91,Clear,0,903,2,1.2,1.0,1.095
2026-09-07,ATL-HUB,Outbound,Morning,8,Monday,0,1,1,1954,1914,510,1070,931,23,22,21,53,8,66.2,0.962,14,3.1,0.055,576.99,Clear,0,1070,3,1.2,1.0,1.095
2026-09-07,ATL-HUB,Outbound,Morning,9,Monday,0,1,1,2049,2007,401,1039,1066,23,23,21,50,8,76.4,0.99,1,4.6,0.067,579.14,Clear,0,1039,0,1.2,1.0,1.095
2026-09-07,ATL-HUB,Outbound,Morning,10,Monday,0,1,0,1902,1863,445,975,968,23,22,21,49,8,70.0,0.948,5,4.1,0.049,575.24,Clear,0,975,1,1.08,1.0,1.095
2026-09-07,ATL-HUB,Outbound,Morning,11,Monday,0,1,0,1583,1551,553,784,840,18,18,17,49,8,79.1,0.942,6,4.5,0.082,507.53,Rain,0,784,4,1.08,1.0,1.095
2026-09-07,ATL-HUB,Outbound,Morning,12,Monday,0,1,0,1512,1481,468,698,874,16,16,15,50,8,84.3,0.931,8,4.3,0.072,466.27,Clear,0,698,0,0.96,1.0,1.095
2026-09-07,ATL-HUB,Outbound,Morning,13,Monday,0,1,0,1504,1473,484,792,749,19,18,17,50,8,70.6,0.933,12,3.6,0.07,498.33,Clear,0,792,4,0.96,1.0,1.095
2026-09-07,ATL-HUB,Outbound,Evening,14,Monday,0,1,0,1527,1496,490,680,904,16,16,15,46,8,89.5,0.986,4,5.6,0.065,490.16,Clear,0,680,2,0.96,1.0,1.095
2026-09-07,ATL-HUB,Outbound,Evening,15,Monday,0,1,0,1688,1654,574,895,832,21,21,20,47,8,70.7,0.953,8,3.5,0.07,544.61,Clear,0,895,2,1.08,1.0,1.095
2026-09-07,ATL-HUB,Outbound,Evening,16,Monday,0,1,0,1674,1640,556,858,875,19,19,18,51,8,74.6,0.935,4,3.7,0.076,498.16,Clear,0,858,1,1.08,1.0,1.095
2026-09-07,ATL-HUB,Outbound,Evening,17,Monday,0,1,1,2109,2066,708,1050,1106,23,24,22,50,8,75.2,0.955,7,4.6,0.069,618.95,Clear,0,1050,2,1.2,1.0,1.095
2026-09-07,ATL-HUB,Outbound,Evening,18,Monday,0,1,1,2066,2024,540,1138,986,24,25,23,50,8,66.8,0.99,1,3.7,0.088,593.26,Clear,0,1138,1,1.2,1.0,1.095
2026-09-07,ATL-HUB,Outbound,Evening,19,Monday,0,1,1,2218,2173,753,1129,1148,25,25,24,50,8,71.0,0.941,0,3.9,0.049,617.95,Clear,0,1129,1,1.2,1.0,1.095
2026-09-07,ATL-HUB,Outbound,Evening,20,Monday,0,1,0,1670,1636,381,874,860,20,20,19,46,8,72.0,1.0,6,4.5,0.054,546.39,Clear,0,874,0,1.08,1.0,1.095
2026-09-07,ATL-HUB,Outbound,Evening,21,Monday,0,1,0,1412,1383,343,823,630,17,17,16,53,8,63.4,0.971,10,2.8,0.083,448.34,Clear,0,823,0,0.96,1.0,1.095
2026-09-07,ATL-HUB,Outbound,Night,22,Monday,0,1,0,1573,1541,531,842,766,19,18,17,50,8,68.6,0.991,10,4.1,0.074,507.21,Clear,0,842,0,0.96,1.0,1.095
2026-09-07,ATL-HUB,Outbound,Night,23,Monday,0,1,0,1160,1136,343,576,638,14,14,13,49,8,78.1,0.906,6,3.9,0.084,403.21,Clear,0,576,1,0.82,1.0,1.095
2026-09-07,CHI-HUB,Inbound,Morning,6,Monday,0,1,0,1436,1267,259,741,685,16,16,15,51,8,65.8,0.969,4,3.2,0.09,420.24,Clear,0,741,1,0.96,1.0,1.095
2026-09-07,CHI-HUB,Inbound,Morning,7,Monday,0,1,0,1891,1668,471,894,974,21,21,20,47,8,79.1,0.952,12,4.0,0.058,573.77,Clear,0,894,3,1.2,1.0,1.095
2026-09-07,CHI-HUB,Inbound,Morning,8,Monday,0,1,1,2123,1873,408,923,1172,24,24,22,42,8,89.5,1.0,15,5.2,0.086,660.08,Clear,0,923,1,1.2,1.0,1.095
2026-09-07,CHI-HUB,Inbound,Morning,9,Monday,0,1,1,2104,1856,480,1078,998,26,24,23,48,8,66.7,0.977,2,3.7,0.062,600.09,Heavy Rain,0,1078,3,1.2,1.0,1.095
2026-09-07,CHI-HUB,Inbound,Morning,10,Monday,0,1,0,1318,1163,428,777,522,18,17,16,54,8,54.7,0.9,14,2.2,0.071,441.67,Clear,0,777,0,1.08,1.0,1.095
2026-09-07,CHI-HUB,Inbound,Morning,11,Monday,0,1,0,1648,1454,365,772,865,19,20,18,47,8,79.5,0.914,13,4.0,0.083,533.69,Clear,0,772,3,1.08,1.0,1.095
2026-09-07,CHI-HUB,Inbound,Morning,12,Monday,0,1,0,1483,1308,388,785,690,19,19,18,46,8,67.6,0.949,9,3.6,0.069,506.77,Clear,0,785,1,0.96,1.0,1.095
2026-09-07,CHI-HUB,Inbound,Morning,13,Monday,0,1,0,1626,1435,506,828,777,20,19,18,48,8,71.3,0.959,11,3.7,0.053,518.51,Clear,0,828,1,0.96,1.0,1.095
2026-09-07,CHI-HUB,Inbound,Evening,14,Monday,0,1,0,1394,1230,304,643,716,15,16,15,47,8,79.5,0.913,9,4.2,0.067,463.51,Clear,0,643,1,0.96,1.0,1.095
2026-09-07,CHI-HUB,Inbound,Evening,15,Monday,0,1,0,1774,1566,316,802,957,20,20,18,47,8,84.6,0.948,15,4.9,0.075,567.52,Clear,0,802,2,1.08,1.0,1.095
2026-09-07,CHI-HUB,Inbound,Evening,16,Monday,0,1,0,1734,1530,503,846,871,19,19,18,47,8,69.9,1.0,2,4.9,0.072,525.2,Clear,0,846,0,1.08,1.0,1.095
2026-09-07,CHI-HUB,Inbound,Evening,17,Monday,0,1,1,2016,1779,631,960,1022,22,22,21,48,8,77.5,0.952,0,4.2,0.065,564.82,Rain,0,960,3,1.2,1.0,1.095
2026-09-07,CHI-HUB,Inbound,Evening,18,Monday,0,1,1,2183,1926,666,974,1171,25,24,23,45,8,85.2,0.941,9,5.0,0.049,655.84,Clear,0,974,0,1.2,1.0,1.095
2026-09-07,CHI-HUB,Inbound,Evening,19,Monday,0,1,1,2271,2004,423,980,1274,25,25,23,46,8,89.0,0.927,5,4.6,0.072,635.79,Rain,0,980,2,1.2,1.0,1.095
2026-09-07,CHI-HUB,Inbound,Evening,20,Monday,0,1,0,1750,1544,600,976,750,19,20,18,55,8,58.9,0.987,0,2.6,0.083,454.69,Clear,0,976,1,1.08,1.0,1.095
2026-09-07,CHI-HUB,Inbound,Evening,21,Monday,0,1,0,1618,1428,306,841,751,17,18,17,51,8,67.5,0.97,9,3.8,0.08,495.27,Clear,0,841,1,0.96,1.0,1.095
2026-09-07,CHI-HUB,Inbound,Night,22,Monday,0,1,0,1355,1196,400,640,716,16,16,15,44,8,80.7,0.971,10,4.2,0.088,470.81,Storm,0,640,0,0.96,1.0,1.095
2026-09-07,CHI-HUB,Inbound,Night,23,Monday,0,1,0,1215,1072,286,601,621,13,13,12,51,8,75.4,0.983,0,3.9,0.079,364.66,Clear,0,601,2,0.82,1.0,1.095
2026-09-07,CHI-HUB,Sortation,Morning,6,Monday,0,1,0,1475,1355,328,773,758,20,19,18,44,8,73.4,0.977,8,3.7,0.063,508.93,Rain,0,773,2,0.96,1.0,1.095
2026-09-07,CHI-HUB,Sortation,Morning,7,Monday,0,1,0,1843,1692,606,1095,801,25,26,24,49,8,58.8,0.931,7,2.5,0.074,594.26,Clear,0,1095,0,1.2,1.0,1.095
2026-09-07,CHI-HUB,Sortation,Morning,8,Monday,0,1,1,2123,1950,446,885,1295,29,29,27,45,8,103.6,0.81,19,2.9,0.063,707.51,Clear,0,885,4,1.2,1.0,1.095
2026-09-07,CHI-HUB,Sortation,Morning,9,Monday,0,1,1,2124,1951,739,673,1500,27,28,25,39,8,145.7,0.768,11,5.3,0.092,710.12,Clear,0,673,1,1.2,1.0,1.095
2026-09-07,CHI-HUB,Sortation,Morning,10,Monday,0,1,0,1750,1607,526,938,863,23,24,22,45,8,69.8,0.948,10,3.3,0.073,585.55,Clear,0,938,5,1.08,1.0,1.095
2026-09-07,CHI-HUB,Sortation,Morning,11,Monday,0,1,0,1789,1643,563,836,999,23,24,22,39,8,84.1,0.975,7,4.6,0.075,613.07,Clear,0,836,0,1.08,1.0,1.095
2026-09-07,CHI-HUB,Sortation,Morning,12,Monday,0,1,0,1506,1383,280,930,637,22,22,20,48,8,56.2,0.969,1,3.1,0.07,507.67,Clear,0,930,2,0.96,1.0,1.095
2026-09-07,CHI-HUB,Sortation,Morning,13,Monday,0,1,0,1534,1409,543,795,780,21,21,19,43,8,68.0,0.973,0,3.6,0.078,499.49,Clear,0,795,0,0.96,1.0,1.095
2026-09-07,CHI-HUB,Sortation,Evening,14,Monday,0,1,0,1462,1342,423,645,875,18,19,17,40,8,88.9,0.949,9,4.8,0.08,521.56,Clear,0,645,1,0.96,1.0,1.095
2026-09-07,CHI-HUB,Sortation,Evening,15,Monday,0,1,0,2041,1874,382,985,1113,27,28,26,40,8,81.1,0.948,0,4.4,0.071,672.19,Heavy Rain,0,985,2,1.08,1.0,1.095
2026-09-07,CHI-HUB,Sortation,Evening,16,Monday,0,1,0,1690,1552,573,796,939,20,21,19,45,8,82.8,0.931,6,4.9,0.087,557.95,Clear,0,796,1,1.08,1.0,1.095
2026-09-07,CHI-HUB,Sortation,Evening,17,Monday,0,1,1,2202,2022,763,933,1334,31,30,28,45,8,101.6,0.824,14,3.1,0.062,718.05,Clear,0,933,1,1.2,1.0,1.095
2026-09-07,CHI-HUB,Sortation,Evening,18,Monday,0,1,1,2143,1968,705,939,1270,29,30,28,45,8,98.3,0.829,19,3.3,0.078,738.57,Clear,0,939,0,1.2,1.0,1.095
2026-09-07,CHI-HUB,Sortation,Evening,19,Monday,0,1,1,2056,1888,699,721,1372,25,26,24,40,8,126.8,0.835,16,5.3,0.065,705.36,Clear,0,721,2,1.2,1.0,1.095
2026-09-07,CHI-HUB,Sortation,Evening,20,Monday,0,1,0,1716,1576,363,816,958,23,23,21,40,8,82.6,0.972,9,4.4,0.077,593.04,Clear,0,816,3,1.08,1.0,1.095
2026-09-07,CHI-HUB,Sortation,Evening,21,Monday,0,1,0,1531,1406,360,730,843,21,21,19,39,8,81.6,0.986,7,4.5,0.08,547.03,Clear,0,730,4,0.96,1.0,1.095
2026-09-07,CHI-HUB,Sortation,Night,22,Monday,0,1,0,1667,1531,447,810,893,21,22,20,42,8,78.1,0.965,2,4.3,0.083,547.44,Clear,0,810,2,0.96,1.0,1.095
2026-09-07,CHI-HUB,Sortation,Night,23,Monday,0,1,0,1252,1150,299,678,619,18,18,17,43,8,68.2,0.928,14,3.0,0.078,483.3,Clear,0,678,0,0.82,1.0,1.095
2026-09-07,CHI-HUB,Outbound,Morning,6,Monday,0,1,0,1314,1287,281,700,661,16,15,14,50,8,71.5,1.0,8,3.6,0.066,423.54,Clear,0,700,4,0.96,1.0,1.095
2026-09-07,CHI-HUB,Outbound,Morning,7,Monday,0,1,0,1675,1641,461,830,905,18,19,17,51,8,76.5,0.957,3,4.0,0.079,483.88,Clear,0,830,1,1.2,1.0,1.095
2026-09-07,CHI-HUB,Outbound,Morning,8,Monday,0,1,1,1844,1806,594,889,997,22,22,20,48,8,79.5,0.926,1,4.4,0.079,550.28,Clear,0,889,0,1.2,1.0,1.095
2026-09-07,CHI-HUB,Outbound,Morning,9,Monday,0,1,1,1923,1884,649,1000,989,21,22,20,50,8,70.4,1.0,2,4.2,0.075,549.33,Clear,0,1000,1,1.2,1.0,1.095
2026-09-07,CHI-HUB,Outbound,Morning,10,Monday,0,1,0,1687,1653,389,913,833,19,19,18,52,8,69.3,0.976,8,3.7,0.076,511.2,Clear,0,913,0,1.08,1.0,1.095
2026-09-07,CHI-HUB,Outbound,Morning,11,Monday,0,1,0,1460,1430,465,715,791,16,16,15,48,8,78.1,0.994,2,4.1,0.077,440.52,Clear,0,715,1,1.08,1.0,1.095
2026-09-07,CHI-HUB,Outbound,Morning,12,Monday,0,1,0,1389,1361,461,679,768,15,15,14,51,8,79.9,0.952,15,4.3,0.082,466.92,Clear,0,679,1,0.96,1.0,1.095
2026-09-07,CHI-HUB,Outbound,Morning,13,Monday,0,1,0,1487,1457,353,787,749,17,18,16,50,8,70.5,0.984,13,3.8,0.084,487.32,Clear,0,787,1,0.96,1.0,1.095
2026-09-07,CHI-HUB,Outbound,Evening,14,Monday,0,1,0,1390,1362,433,618,834,17,16,15,43,8,92.2,0.958,11,5.1,0.092,501.15,Storm,0,618,2,0.96,1.0,1.095
2026-09-07,CHI-HUB,Outbound,Evening,15,Monday,0,1,0,1504,1473,324,659,878,16,16,15,46,8,88.8,0.955,1,5.1,0.063,466.13,Clear,0,659,0,1.08,1.0,1.095
2026-09-07,CHI-HUB,Outbound,Evening,16,Monday,0,1,0,1500,1469,437,669,875,17,16,15,49,8,88.0,0.911,4,4.6,0.08,461.66,Clear,0,669,1,1.08,1.0,1.095
2026-09-07,CHI-HUB,Outbound,Evening,17,Monday,0,1,1,1848,1810,616,959,936,20,21,19,52,8,70.7,0.971,7,4.2,0.075,544.45,Clear,0,959,2,1.2,1.0,1.095
2026-09-07,CHI-HUB,Outbound,Evening,18,Monday,0,1,1,1874,1836,472,870,1046,21,21,20,46,8,81.9,0.946,1,4.5,0.059,553.63,Clear,0,870,1,1.2,1.0,1.095
2026-09-07,CHI-HUB,Outbound,Evening,19,Monday,0,1,1,1993,1952,466,1003,1053,24,24,22,49,8,74.7,0.931,7,3.8,0.076,594.41,Clear,0,1003,3,1.2,1.0,1.095
2026-09-07,CHI-HUB,Outbound,Evening,20,Monday,0,1,0,1573,1541,535,838,780,19,18,17,50,8,69.6,0.986,8,4.2,0.076,503.61,Clear,0,838,2,1.08,1.0,1.095
2026-09-07,CHI-HUB,Outbound,Evening,21,Monday,0,1,0,1408,1379,277,672,790,17,16,15,48,8,84.9,0.934,10,4.1,0.077,465.17,Clear,0,672,5,0.96,1.0,1.095
2026-09-07,CHI-HUB,Outbound,Night,22,Monday,0,1,0,1477,1447,361,755,755,18,17,16,48,8,70.6,0.983,3,4.0,0.07,460.74,Clear,0,755,0,0.96,1.0,1.095
2026-09-07,CHI-HUB,Outbound,Night,23,Monday,0,1,0,1112,1089,229,536,617,11,12,11,50,8,78.5,0.976,15,4.6,0.074,411.73,Clear,0,536,0,0.82,1.0,1.095
2026-09-07,DAL-HUB,Inbound,Morning,6,Monday,0,1,0,1324,1169,288,639,688,15,15,14,48,8,80.7,0.952,13,4.1,0.074,452.78,Clear,0,639,1,0.96,1.0,1.095
2026-09-07,DAL-HUB,Inbound,Morning,7,Monday,0,1,0,1557,1374,407,818,719,18,18,17,51,8,65.5,0.944,5,3.8,0.056,481.39,Clear,0,818,0,1.2,1.0,1.095
2026-09-07,DAL-HUB,Inbound,Morning,8,Monday,0,1,1,1679,1482,384,737,914,19,19,18,44,8,86.0,0.931,11,5.0,0.046,559.4,Heavy Rain,0,737,4,1.2,1.0,1.095
2026-09-07,DAL-HUB,Inbound,Morning,9,Monday,0,1,1,1775,1566,504,836,919,20,20,18,47,8,75.8,0.989,1,4.7,0.085,517.14,Clear,0,836,1,1.2,1.0,1.095
2026-09-07,DAL-HUB,Inbound,Morning,10,Monday,0,1,0,1535,1354,402,731,787,17,17,16,48,8,76.8,0.952,3,4.1,0.073,463.49,Clear,0,731,2,1.08,1.0,1.095
2026-09-07,DAL-HUB,Inbound,Morning,11,Monday,0,1,0,1335,1178,295,685,624,17,16,15,49,8,67.5,0.933,9,3.4,0.065,440.06,Clear,0,685,0,1.08,1.0,1.095
2026-09-07,DAL-HUB,Inbound,Morning,12,Monday,0,1,0,1224,1080,304,588,622,14,14,13,47,8,71.6,0.963,10,3.8,0.089,413.5,Clear,0,588,0,0.96,1.0,1.095
2026-09-07,DAL-HUB,Inbound,Morning,13,Monday,0,1,0,1251,1104,290,576,653,14,14,13,48,8,82.2,0.923,2,4.0,0.071,393.99,Clear,0,576,0,0.96,1.0,1.095
2026-09-07,DAL-HUB,Inbound,Evening,14,Monday,0,1,0,1235,1089,234,572,649,14,14,13,46,8,77.2,0.958,15,4.4,0.072,446.5,Clear,0,572,0,0.96,1.0,1.095
2026-09-07,DAL-HUB,Inbound,Evening,15,Monday,0,1,0,1360,1200,257,701,648,17,17,16,46,8,72.4,0.953,13,3.7,0.071,481.21,Clear,0,701,2,1.08,1.0,1.095
2026-09-07,DAL-HUB,Inbound,Evening,16,Monday,0,1,0,1601,1413,483,816,757,19,19,18,47,8,70.1,0.965,7,3.7,0.06,505.26,Clear,0,816,0,1.08,1.0,1.095
2026-09-07,DAL-HUB,Inbound,Evening,17,Monday,0,1,1,1949,1719,640,863,1049,22,22,21,45,8,82.3,0.914,11,5.2,0.049,626.76,Rain,0,863,1,1.2,1.0,1.095
2026-09-07,DAL-HUB,Inbound,Evening,18,Monday,0,1,1,1633,1440,526,846,757,19,19,18,49,8,71.0,0.96,6,3.7,0.068,502.62,Clear,0,846,0,1.2,1.0,1.095
2026-09-07,DAL-HUB,Inbound,Evening,19,Monday,0,1,1,1683,1485,433,893,771,20,20,19,47,8,64.3,1.0,3,3.5,0.068,507.8,Clear,0,893,0,1.2,1.0,1.095
2026-09-07,DAL-HUB,Inbound,Evening,20,Monday,0,1,0,1320,1165,295,675,621,15,16,15,48,8,70.4,0.939,6,3.2,0.089,424.61,Clear,0,675,0,1.08,1.0,1.095
2026-09-07,DAL-HUB,Inbound,Evening,21,Monday,0,1,0,1179,1040,394,598,569,14,14,13,49,8,69.6,0.939,15,3.1,0.072,409.11,Clear,0,598,1,0.96,1.0,1.095
2026-09-07,DAL-HUB,Inbound,Night,22,Monday,0,1,0,1191,1051,309,501,665,13,13,12,44,8,92.2,0.95,9,5.8,0.075,446.22,Clear,0,501,0,0.96,1.0,1.095
2026-09-07,DAL-HUB,Inbound,Night,23,Monday,0,1,0,1080,953,306,593,478,11,12,11,55,8,61.8,0.981,13,3.3,0.078,367.56,Clear,0,593,0,0.82,1.0,1.095
2026-09-07,DAL-HUB,Sortation,Morning,6,Monday,0,1,0,1416,1300,419,659,794,18,18,17,41,8,86.8,0.947,14,4.2,0.069,519.91,Clear,0,659,3,0.96,1.0,1.095
2026-09-07,DAL-HUB,Sortation,Morning,7,Monday,0,1,0,1609,1477,521,924,735,23,22,21,44,8,61.5,1.0,5,3.5,0.06,553.06,Clear,0,924,1,1.2,1.0,1.095
2026-09-07,DAL-HUB,Sortation,Morning,8,Monday,0,1,1,2150,1974,596,898,1301,28,28,26,46,8,105.9,0.835,10,3.3,0.084,670.89,Clear,0,898,0,1.2,1.0,1.095
2026-09-07,DAL-HUB,Sortation,Morning,9,Monday,0,1,1,1880,1727,443,827,1093,26,25,24,45,8,96.8,0.852,25,3.0,0.06,666.54,Clear,0,827,1,1.2,1.0,1.095
2026-09-07,DAL-HUB,Sortation,Morning,10,Monday,0,1,0,1532,1407,500,631,971,19,20,18,36,8,106.2,0.975,8,6.0,0.076,572.75,Clear,0,631,1,1.08,1.0,1.095
2026-09-07,DAL-HUB,Sortation,Morning,11,Monday,0,1,0,1421,1305,368,656,813,18,19,17,41,8,85.6,0.942,2,4.1,0.084,478.8,Clear,0,656,4,1.08,1.0,1.095
2026-09-07,DAL-HUB,Sortation,Morning,12,Monday,0,1,0,1375,1263,352,584,823,17,17,16,40,8,96.9,0.913,1,5.4,0.07,491.67,Clear,0,584,1,0.96,1.0,1.095
2026-09-07,DAL-HUB,Sortation,Morning,13,Monday,0,1,0,1325,1217,454,672,694,17,17,16,44,8,74.0,0.955,2,4.1,0.049,457.55,Clear,0,672,0,0.96,1.0,1.095
2026-09-07,DAL-HUB,Sortation,Evening,14,Monday,0,1,0,1387,1274,470,719,702,17,19,17,43,8,72.6,0.985,13,3.8,0.082,510.09,Storm,0,719,3,0.96,1.0,1.095
2026-09-07,DAL-HUB,Sortation,Evening,15,Monday,0,1,0,1499,1377,509,797,757,20,21,19,44,8,69.6,0.954,4,3.7,0.075,514.44,Clear,0,797,1,1.08,1.0,1.095
2026-09-07,DAL-HUB,Sortation,Evening,16,Monday,0,1,0,1410,1295,344,721,735,18,17,16,46,8,76.6,0.98,13,4.4,0.075,502.7,Clear,0,721,1,1.08,1.0,1.095
2026-09-07,DAL-HUB,Sortation,Evening,17,Monday,0,1,1,1794,1647,634,764,1081,23,23,21,45,8,102.0,0.898,19,4.1,0.075,618.06,Clear,0,764,0,1.2,1.0,1.095
2026-09-07,DAL-HUB,Sortation,Evening,18,Monday,0,1,1,1998,1835,537,880,1177,28,28,26,45,8,97.6,0.836,29,3.1,0.062,723.3,Clear,0,880,1,1.2,1.0,1.095
2026-09-07,DAL-HUB,Sortation,Evening,19,Monday,0,1,1,1788,1642,523,743,1104,23,24,22,43,8,104.7,0.873,12,4.6,0.084,629.05,Clear,0,743,0,1.2,1.0,1.095
2026-09-07,DAL-HUB,Sortation,Evening,20,Monday,0,1,0,1508,1385,423,797,750,20,20,19,45,8,71.4,0.933,2,3.5,0.071,502.6,Clear,0,797,1,1.08,1.0,1.095
2026-09-07,DAL-HUB,Sortation,Evening,21,Monday,0,1,0,1412,1296,434,820,649,21,20,19,45,8,61.4,0.96,2,2.9,0.057,487.15,Heavy Rain,0,820,0,0.96,1.0,1.095
2026-09-07,DAL-HUB,Sortation,Night,22,Monday,0,1,0,1363,1251,370,732,675,19,19,18,43,8,68.1,0.946,6,3.6,0.06,496.04,Clear,0,732,1,0.96,1.0,1.095
2026-09-07,DAL-HUB,Sortation,Night,23,Monday,0,1,0,1094,1005,285,548,587,14,14,13,44,8,75.8,0.96,0,3.7,0.084,377.21,Clear,0,548,1,0.82,1.0,1.095
2026-09-07,DAL-HUB,Outbound,Morning,6,Monday,0,1,0,1143,1120,366,585,596,13,13,12,49,8,75.8,0.995,3,4.4,0.068,387.81,Clear,0,585,0,0.96,1.0,1.095
2026-09-07,DAL-HUB,Outbound,Morning,7,Monday,0,1,0,1504,1473,500,799,750,17,17,16,52,8,71.7,0.961,7,3.9,0.075,472.89,Rain,0,799,2,1.2,1.0,1.095
2026-09-07,DAL-HUB,Outbound,Morning,8,Monday,0,1,1,1651,1617,420,830,875,19,18,17,51,8,74.2,0.958,1,4.0,0.066,477.03,Clear,0,830,1,1.2,1.0,1.095
2026-09-07,DAL-HUB,Outbound,Morning,9,Monday,0,1,1,1580,1548,344,760,875,17,18,17,46,8,81.6,0.972,1,4.4,0.072,486.93,Clear,0,760,1,1.2,1.0,1.095
2026-09-07,DAL-HUB,Outbound,Morning,10,Monday,0,1,0,1241,1216,384,745,531,14,15,14,54,8,58.2,0.986,14,2.6,0.067,413.41,Clear,0,745,2,1.08,1.0,1.095
2026-09-07,DAL-HUB,Outbound,Morning,11,Monday,0,1,0,1323,1296,349,709,673,16,16,15,51,8,66.2,0.927,8,3.3,0.066,434.82,Clear,0,709,2,1.08,1.0,1.095
2026-09-07,DAL-HUB,Outbound,Morning,12,Monday,0,1,0,1152,1128,212,500,696,13,13,12,45,8,93.0,0.928,15,5.2,0.053,451.31,Heavy Rain,0,500,1,0.96,1.0,1.095
2026-09-07,DAL-HUB,Outbound,Morning,13,Monday,0,1,0,1081,1059,290,557,571,13,13,12,48,8,72.2,0.968,10,4.2,0.064,403.47,Clear,0,557,1,0.96,1.0,1.095
2026-09-07,DAL-HUB,Outbound,Evening,14,Monday,0,1,0,1092,1070,207,604,517,13,13,12,51,8,62.2,0.988,1,3.9,0.079,366.47,Clear,0,604,0,0.96,1.0,1.095
2026-09-07,DAL-HUB,Outbound,Evening,15,Monday,0,1,0,1266,1240,298,620,695,13,14,13,50,8,79.4,0.955,1,3.7,0.085,384.95,Rain,0,620,0,1.08,1.0,1.095
2026-09-07,DAL-HUB,Outbound,Evening,16,Monday,0,1,0,1218,1193,367,610,637,14,14,13,50,8,77.3,0.94,0,4.0,0.082,387.87,Clear,0,610,4,1.08,1.0,1.095
2026-09-07,DAL-HUB,Outbound,Evening,17,Monday,0,1,1,1763,1727,352,896,910,21,21,19,51,8,73.7,0.925,2,4.1,0.075,524.08,Clear,0,896,2,1.2,1.0,1.095
2026-09-07,DAL-HUB,Outbound,Evening,18,Monday,0,1,1,1488,1458,336,654,878,16,16,15,47,8,94.5,0.929,5,5.3,0.06,484.24,Clear,0,654,1,1.2,1.0,1.095
2026-09-07,DAL-HUB,Outbound,Evening,19,Monday,0,1,1,1678,1644,429,799,941,19,19,18,47,8,81.4,0.945,9,4.5,0.077,536.63,Clear,0,799,2,1.2,1.0,1.095
2026-09-07,DAL-HUB,Outbound,Evening,20,Monday,0,1,0,1144,1121,278,585,603,12,13,12,49,8,75.0,0.996,14,4.2,0.068,417.42,Clear,0,585,1,1.08,1.0,1.095
2026-09-07,DAL-HUB,Outbound,Evening,21,Monday,0,1,0,1124,1101,344,613,551,12,13,12,53,8,68.4,0.965,15,3.7,0.091,408.72,Heavy Rain,0,613,3,0.96,1.0,1.095
2026-09-07,DAL-HUB,Outbound,Night,22,Monday,0,1,0,1135,1112,258,542,642,12,12,11,50,8,83.3,0.986,10,5.0,0.059,407.36,Clear,0,542,2,0.96,1.0,1.095
2026-09-07,DAL-HUB,Outbound,Night,23,Monday,0,1,0,961,941,282,456,529,10,11,10,48,8,86.6,0.951,9,4.1,0.052,356.26,Clear,0,456,2,0.82,1.0,1.095
2026-09-08,ATL-HUB,Inbound,Morning,6,Tuesday,0,0,0,1503,1326,454,836,657,16,17,16,53,8,60.2,0.986,1,3.3,0.061,434.13,Clear,0,836,1,0.96,1.0,1.05
2026-09-08,ATL-HUB,Inbound,Morning,7,Tuesday,0,0,0,1847,1629,554,914,910,21,20,19,49,8,73.1,0.982,13,4.2,0.067,566.21,Heavy Rain,0,914,1,1.2,1.0,1.05
2026-09-08,ATL-HUB,Inbound,Morning,8,Tuesday,0,0,1,2062,1819,454,1011,1020,26,25,24,46,8,69.4,0.916,10,3.2,0.051,626.0,Clear,0,1011,1,1.2,1.0,1.05
2026-09-08,ATL-HUB,Inbound,Morning,9,Tuesday,0,0,1,2184,1927,624,1155,1007,25,26,24,49,8,61.2,0.983,4,3.7,0.073,622.96,Clear,0,1155,3,1.2,1.0,1.05
2026-09-08,ATL-HUB,Inbound,Morning,10,Tuesday,0,0,0,1704,1503,571,767,919,19,19,18,45,8,83.2,0.948,10,4.6,0.064,541.88,Clear,0,767,4,1.08,1.0,1.05
2026-09-08,ATL-HUB,Inbound,Morning,11,Tuesday,0,0,0,1951,1721,347,983,950,22,22,21,50,8,70.6,0.937,2,3.9,0.061,559.53,Clear,0,983,3,1.08,1.0,1.05
2026-09-08,ATL-HUB,Inbound,Morning,12,Tuesday,0,0,0,1473,1300,425,656,809,16,17,15,48,8,85.4,0.912,5,4.9,0.099,474.83,Heavy Rain,0,656,1,0.96,1.0,1.05
2026-09-08,ATL-HUB,Inbound,Morning,13,Tuesday,0,0,0,1588,1401,464,846,728,20,19,18,51,8,68.6,0.922,1,3.3,0.065,474.63,Clear,0,846,0,0.96,1.0,1.05
2026-09-08,ATL-HUB,Inbound,Evening,14,Tuesday,0,0,0,1670,1474,391,686,961,18,18,16,46,8,95.2,0.933,7,5.6,0.086,520.68,Clear,0,686,2,0.96,1.0,1.05
2026-09-08,ATL-HUB,Inbound,Evening,15,Tuesday,0,0,0,1723,1521,547,755,956,18,19,18,44,8,89.8,0.954,10,5.0,0.069,553.42,Clear,0,755,4,1.08,1.0,1.05
2026-09-08,ATL-HUB,Inbound,Evening,16,Tuesday,0,0,0,1601,1413,422,799,786,19,18,17,49,8,70.7,0.96,11,3.5,0.073,492.96,Clear,0,799,0,1.08,1.0,1.05
2026-09-08,ATL-HUB,Inbound,Evening,17,Tuesday,0,0,1,2144,1891,498,948,1159,24,25,23,43,8,87.3,0.959,15,4.8,0.073,671.01,Rain,0,948,4,1.2,1.0,1.05
2026-09-08,ATL-HUB,Inbound,Evening,18,Tuesday,0,0,1,2217,1956,587,1104,1077,26,24,23,49,8,73.3,0.98,6,3.9,0.062,616.03,Clear,0,1104,2,1.2,1.0,1.05
2026-09-08,ATL-HUB,Inbound,Evening,19,Tuesday,0,0,1,2089,1844,580,977,1094,25,23,22,47,8,82.5,0.946,10,4.0,0.064,609.88,Clear,0,977,1,1.2,1.0,1.05
2026-09-08,ATL-HUB,Inbound,Evening,20,Tuesday,0,0,0,1763,1556,381,806,926,20,19,18,48,8,78.3,0.934,5,3.8,0.075,504.52,Clear,0,806,1,1.08,1.0,1.05
2026-09-08,ATL-HUB,Inbound,Evening,21,Tuesday,0,0,0,1632,1440,445,704,921,18,19,17,44,8,93.4,0.942,14,4.4,0.089,528.3,Clear,0,704,2,0.96,1.0,1.05
2026-09-08,ATL-HUB,Inbound,Night,22,Tuesday,0,0,0,1595,1407,423,770,797,19,18,17,46,8,79.7,0.985,0,4.4,0.08,482.85,Clear,0,770,2,0.96,1.0,1.05
2026-09-08,ATL-HUB,Inbound,Night,23,Tuesday,0,0,0,1252,1105,381,577,664,14,14,13,48,8,80.6,0.925,1,4.2,0.08,396.4,Clear,0,577,1,0.82,1.0,1.05
2026-09-08,ATL-HUB,Sortation,Morning,6,Tuesday,0,0,0,1720,1580,417,823,946,21,22,20,42,8,80.7,0.981,9,4.2,0.07,568.01,Clear,0,823,1,0.96,1.0,1.05
2026-09-08,ATL-HUB,Sortation,Morning,7,Tuesday,0,0,0,1763,1619,355,944,874,23,24,22,44,8,70.6,0.975,1,3.9,0.065,573.78,Clear,0,944,4,1.2,1.0,1.05
2026-09-08,ATL-HUB,Sortation,Morning,8,Tuesday,0,0,1,2448,2248,712,805,1734,31,32,30,40,8,140.6,0.746,18,4.4,0.07,810.76,Clear,0,805,0,1.2,1.0,1.05
2026-09-08,ATL-HUB,Sortation,Morning,9,Tuesday,0,0,1,2261,2077,443,966,1354,30,29,28,43,8,99.1,0.892,22,3.8,0.035,766.84,Rain,0,966,1,1.2,1.0,1.05
2026-09-08,ATL-HUB,Sortation,Morning,10,Tuesday,0,0,0,1835,1685,651,901,971,24,25,23,42,8,77.6,0.933,4,3.7,0.086,598.61,Clear,0,901,0,1.08,1.0,1.05
2026-09-08,ATL-HUB,Sortation,Morning,11,Tuesday,0,0,0,1681,1544,434,905,822,22,23,21,44,8,68.2,0.98,6,3.5,0.079,557.59,Clear,0,905,2,1.08,1.0,1.05
2026-09-08,ATL-HUB,Sortation,Morning,12,Tuesday,0,0,0,1723,1583,437,952,836,23,24,22,44,8,63.8,0.984,5,4.0,0.07,588.66,Clear,0,952,0,0.96,1.0,1.05
2026-09-08,ATL-HUB,Sortation,Morning,13,Tuesday,0,0,0,1579,1450,436,831,805,20,21,19,45,8,71.4,0.972,11,3.8,0.083,541.12,Clear,0,831,6,0.96,1.0,1.05
2026-09-08,ATL-HUB,Sortation,Evening,14,Tuesday,0,0,0,1659,1523,578,924,768,23,23,21,44,8,62.8,1.0,9,4.4,0.076,591.97,Clear,0,924,2,0.96,1.0,1.05
2026-09-08,ATL-HUB,Sortation,Evening,15,Tuesday,0,0,0,2090,1919,662,1099,1051,30,29,27,43,8,71.5,0.947,14,3.4,0.074,709.5,Heavy Rain,0,1099,2,1.08,1.0,1.05
2026-09-08,ATL-HUB,Sortation,Evening,16,Tuesday,0,0,0,1538,1413,360,743,850,20,19,18,43,8,83.2,0.961,2,4.5,0.056,511.66,Clear,0,743,1,1.08,1.0,1.05
2026-09-08,ATL-HUB,Sortation,Evening,17,Tuesday,0,0,1,2291,2104,745,729,1616,30,30,28,36,8,142.8,0.805,11,5.2,0.055,768.88,Clear,0,729,0,1.2,1.0,1.05
2026-09-08,ATL-HUB,Sortation,Evening,18,Tuesday,0,0,1,2197,2017,462,837,1414,32,31,29,46,8,117.3,0.697,19,3.2,0.061,756.26,Clear,0,837,0,1.2,1.0,1.05
2026-09-08,ATL-HUB,Sortation,Evening,19,Tuesday,0,0,1,2186,2007,689,983,1261,32,32,29,44,8,90.2,0.856,28,3.3,0.081,787.66,Clear,0,983,2,1.2,1.0,1.05
2026-09-08,ATL-HUB,Sortation,Evening,20,Tuesday,0,0,0,1852,1701,424,804,1097,22,23,21,40,8,95.4,0.958,8,5.3,0.088,624.32,Storm,0,804,1,1.08,1.0,1.05
2026-09-08,ATL-HUB,Sortation,Evening,21,Tuesday,0,0,0,1507,1384,415,671,884,21,20,19,38,8,92.7,0.931,3,4.8,0.064,542.18,Clear,0,671,0,0.96,1.0,1.05
2026-09-08,ATL-HUB,Sortation,Night,22,Tuesday,0,0,0,1437,1320,325,744,733,20,20,19,40,8,71.5,0.98,9,3.6,0.072,526.51,Clear,0,744,1,0.96,1.0,1.05
2026-09-08,ATL-HUB,Sortation,Night,23,Tuesday,0,0,0,1307,1200,278,669,682,18,18,17,41,8,75.5,0.96,11,3.7,0.072,494.31,Clear,0,669,1,0.82,1.0,1.05
2026-09-08,ATL-HUB,Outbound,Morning,6,Tuesday,0,0,0,1500,1469,444,749,790,16,16,15,52,8,75.3,0.961,3,4.2,0.083,447.26,Clear,0,749,2,0.96,1.0,1.05
2026-09-08,ATL-HUB,Outbound,Morning,7,Tuesday,0,0,0,1778,1742,479,877,963,19,19,18,52,8,79.1,0.938,14,4.3,0.071,548.87,Clear,0,877,2,1.2,1.0,1.05
2026-09-08,ATL-HUB,Outbound,Morning,8,Tuesday,0,0,1,1796,1759,342,927,942,20,20,19,53,8,72.4,0.921,4,3.5,0.06,518.25,Heavy Rain,0,927,1,1.2,1.0,1.05
2026-09-08,ATL-HUB,Outbound,Morning,9,Tuesday,0,0,1,1828,1791,565,902,971,20,21,19,48,8,77.3,0.99,1,4.1,0.075,522.09,Clear,0,902,1,1.2,1.0,1.05
2026-09-08,ATL-HUB,Outbound,Morning,10,Tuesday,0,0,0,1592,1560,454,738,884,18,18,17,46,8,85.6,0.945,7,4.6,0.069,511.95,Clear,0,738,2,1.08,1.0,1.05
2026-09-08,ATL-HUB,Outbound,Morning,11,Tuesday,0,0,0,1633,1600,374,899,794,19,19,17,53,8,66.7,0.999,2,3.0,0.081,451.91,Clear,0,899,2,1.08,1.0,1.05
2026-09-08,ATL-HUB,Outbound,Morning,12,Tuesday,0,0,0,1392,1364,385,784,660,17,17,16,49,8,63.0,1.0,1,3.6,0.07,441.58,Clear,0,784,0,0.96,1.0,1.05
2026-09-08,ATL-HUB,Outbound,Morning,13,Tuesday,0,0,0,1411,1382,495,613,831,16,15,14,46,8,94.7,0.953,12,5.5,0.051,491.32,Clear,0,613,0,0.96,1.0,1.05
2026-09-08,ATL-HUB,Outbound,Evening,14,Tuesday,0,0,0,1510,1479,296,817,729,18,18,17,50,8,68.8,0.961,14,3.9,0.065,513.24,Clear,0,817,2,0.96,1.0,1.05
2026-09-08,ATL-HUB,Outbound,Evening,15,Tuesday,0,0,0,1614,1581,411,820,845,18,18,17,50,8,76.6,0.965,10,4.2,0.073,510.75,Clear,0,820,4,1.08,1.0,1.05
2026-09-08,ATL-HUB,Outbound,Evening,16,Tuesday,0,0,0,1650,1616,586,833,868,19,19,18,50,8,73.8,0.927,13,3.9,0.077,532.11,Clear,0,833,1,1.08,1.0,1.05
2026-09-08,ATL-HUB,Outbound,Evening,17,Tuesday,0,0,1,2119,2076,725,1176,983,25,26,24,51,8,64.8,0.961,12,3.7,0.073,648.93,Clear,0,1176,5,1.2,1.0,1.05
2026-09-08,ATL-HUB,Outbound,Evening,18,Tuesday,0,0,1,1933,1894,535,1095,888,23,23,22,51,8,62.8,0.976,4,3.1,0.057,564.11,Clear,0,1095,4,1.2,1.0,1.05
2026-09-08,ATL-HUB,Outbound,Evening,19,Tuesday,0,0,1,1749,1713,553,887,917,21,20,19,50,8,74.2,0.934,2,3.9,0.063,518.23,Clear,0,887,0,1.2,1.0,1.05
2026-09-08,ATL-HUB,Outbound,Evening,20,Tuesday,0,0,0,1664,1630,398,866,860,20,21,19,50,8,73.5,0.913,3,3.1,0.074,497.46,Clear,0,866,1,1.08,1.0,1.05
2026-09-08,ATL-HUB,Outbound,Evening,21,Tuesday,0,0,0,1446,1416,380,677,816,16,16,15,48,8,83.0,0.941,12,4.2,0.073,475.07,Clear,0,677,2,0.96,1.0,1.05
2026-09-08,ATL-HUB,Outbound,Night,22,Tuesday,0,0,0,1456,1426,309,720,787,17,17,16,48,8,76.6,0.938,1,3.9,0.073,451.15,Clear,0,720,0,0.96,1.0,1.05
2026-09-08,ATL-HUB,Outbound,Night,23,Tuesday,0,0,0,1265,1239,399,570,745,12,13,12,50,8,89.5,0.951,5,4.9,0.074,410.44,Clear,0,570,1,0.82,1.0,1.05
2026-09-08,CHI-HUB,Inbound,Morning,6,Tuesday,0,0,0,1501,1324,415,659,830,17,17,16,44,8,84.2,0.937,7,4.5,0.072,486.9,Clear,0,659,1,0.96,1.0,1.05
2026-09-08,CHI-HUB,Inbound,Morning,7,Tuesday,0,0,0,1591,1404,402,710,865,17,17,16,45,8,86.7,0.987,7,4.4,0.073,485.68,Clear,0,710,1,1.2,1.0,1.05
2026-09-08,CHI-HUB,Inbound,Morning,8,Tuesday,0,0,1,2063,1820,476,1027,1008,25,25,23,46,8,72.2,0.971,6,3.9,0.08,613.31,Clear,0,1027,0,1.2,1.0,1.05
2026-09-08,CHI-HUB,Inbound,Morning,9,Tuesday,0,0,1,2047,1806,608,955,1062,23,23,21,48,8,80.3,0.948,14,4.7,0.07,622.03,Clear,0,955,0,1.2,1.0,1.05
2026-09-08,CHI-HUB,Inbound,Morning,10,Tuesday,0,0,0,1595,1407,529,698,871,18,17,16,45,8,83.9,0.97,5,4.9,0.064,493.35,Clear,0,698,1,1.08,1.0,1.05
2026-09-08,CHI-HUB,Inbound,Morning,11,Tuesday,0,0,0,1696,1496,481,738,917,19,20,18,43,8,82.6,0.954,4,4.9,0.075,530.93,Clear,0,738,1,1.08,1.0,1.05
2026-09-08,CHI-HUB,Inbound,Morning,12,Tuesday,0,0,0,1596,1408,523,792,788,19,18,17,48,8,73.9,0.971,1,3.8,0.052,469.27,Clear,0,792,2,0.96,1.0,1.05
2026-09-08,CHI-HUB,Inbound,Morning,13,Tuesday,0,0,0,1617,1427,335,876,721,18,19,18,51,8,62.0,0.955,14,3.3,0.07,516.75,Clear,0,876,0,0.96,1.0,1.05
2026-09-08,CHI-HUB,Inbound,Evening,14,Tuesday,0,0,0,1307,1153,446,596,703,14,14,13,47,8,83.9,0.976,3,4.4,0.068,409.38,Clear,0,596,0,0.96,1.0,1.05
2026-09-08,CHI-HUB,Inbound,Evening,15,Tuesday,0,0,0,1719,1517,357,853,841,21,20,19,46,8,75.2,0.976,4,4.5,0.069,539.65,Clear,0,853,0,1.08,1.0,1.05
2026-09-08,CHI-HUB,Inbound,Evening,16,Tuesday,0,0,0,1685,1486,345,774,881,18,18,17,48,8,83.5,0.949,14,4.6,0.064,538.4,Heavy Rain,0,774,0,1.08,1.0,1.05
2026-09-08,CHI-HUB,Inbound,Evening,17,Tuesday,0,0,1,2052,1810,673,843,1172,21,22,20,46,8,92.5,0.917,7,4.9,0.092,585.82,Clear,0,843,0,1.2,1.0,1.05
2026-09-08,CHI-HUB,Inbound,Evening,18,Tuesday,0,0,1,1985,1752,605,1125,836,23,24,22,53,8,60.7,0.965,11,3.1,0.069,586.05,Clear,0,1125,1,1.2,1.0,1.05
2026-09-08,CHI-HUB,Inbound,Evening,19,Tuesday,0,0,1,1999,1764,659,988,986,25,23,22,47,8,73.3,0.956,0,4.0,0.05,576.28,Clear,0,988,2,1.2,1.0,1.05
2026-09-08,CHI-HUB,Inbound,Evening,20,Tuesday,0,0,0,1517,1339,493,772,730,18,18,17,49,8,68.0,0.927,12,3.4,0.073,491.88,Clear,0,772,1,1.08,1.0,1.05
2026-09-08,CHI-HUB,Inbound,Evening,21,Tuesday,0,0,0,1420,1253,411,743,655,15,16,15,52,8,63.3,0.954,14,3.9,0.07,471.57,Clear,0,743,0,0.96,1.0,1.05
2026-09-08,CHI-HUB,Inbound,Night,22,Tuesday,0,0,0,1468,1296,326,811,652,16,17,16,51,8,58.9,0.994,2,3.3,0.056,436.72,Clear,0,811,1,0.96,1.0,1.05
2026-09-08,CHI-HUB,Inbound,Night,23,Tuesday,0,0,0,1114,983,321,533,577,13,13,12,48,8,76.4,0.926,2,4.2,0.092,378.85,Rain,0,533,0,0.82,1.0,1.05
2026-09-08,CHI-HUB,Sortation,Morning,6,Tuesday,0,0,0,1539,1413,480,663,919,19,20,18,40,8,93.6,0.922,4,4.7,0.086,523.68,Clear,0,663,0,0.96,1.0,1.05
2026-09-08,CHI-HUB,Sortation,Morning,7,Tuesday,0,0,0,1862,1710,463,958,971,23,24,22,45,8,76.5,0.968,1,4.2,0.071,584.02,Clear,0,958,0,1.2,1.0,1.05
2026-09-08,CHI-HUB,Sortation,Morning,8,Tuesday,0,0,1,2195,2016,564,738,1548,29,30,28,41,8,136.4,0.715,16,3.9,0.052,746.72,Clear,0,738,2,1.2,1.0,1.05
2026-09-08,CHI-HUB,Sortation,Morning,9,Tuesday,0,0,1,2336,2145,557,892,1528,33,32,30,40,8,117.0,0.826,14,4.1,0.049,787.51,Clear,0,892,4,1.2,1.0,1.05
2026-09-08,CHI-HUB,Sortation,Morning,10,Tuesday,0,0,0,1877,1724,363,866,1063,26,26,24,39,8,85.1,0.926,12,5.3,0.077,689.29,Clear,0,866,2,1.08,1.0,1.05
2026-09-08,CHI-HUB,Sortation,Morning,11,Tuesday,0,0,0,1634,1501,366,838,855,23,23,21,42,8,72.2,0.95,4,4.2,0.067,569.92,Clear,0,838,2,1.08,1.0,1.05
2026-09-08,CHI-HUB,Sortation,Morning,12,Tuesday,0,0,0,1665,1529,526,810,900,22,23,21,40,8,77.3,0.965,3,4.1,0.079,564.48,Clear,0,810,2,0.96,1.0,1.05
2026-09-08,CHI-HUB,Sortation,Morning,13,Tuesday,0,0,0,1526,1402,492,966,583,22,22,21,46,8,52.3,1.0,11,2.7,0.062,548.34,Clear,0,966,2,0.96,1.0,1.05
2026-09-08,CHI-HUB,Sortation,Evening,14,Tuesday,0,0,0,1378,1266,450,712,706,19,18,17,44,8,67.2,0.953,5,3.7,0.072,476.43,Clear,0,712,2,0.96,1.0,1.05
2026-09-08,CHI-HUB,Sortation,Evening,15,Tuesday,0,0,0,1568,1440,525,774,849,19,20,19,42,8,81.5,0.97,2,4.4,0.034,528.9,Clear,0,774,1,1.08,1.0,1.05
2026-09-08,CHI-HUB,Sortation,Evening,16,Tuesday,0,0,0,1823,1674,612,946,937,24,24,22,46,8,72.3,0.935,1,3.9,0.067,578.92,Heavy Rain,0,946,2,1.08,1.0,1.05
2026-09-08,CHI-HUB,Sortation,Evening,17,Tuesday,0,0,1,2114,1942,574,824,1374,28,29,27,43,8,112.6,0.789,26,3.5,0.059,746.54,Clear,0,824,3,1.2,1.0,1.05
2026-09-08,CHI-HUB,Sortation,Evening,18,Tuesday,0,0,1,2012,1848,614,834,1231,27,27,25,45,8,103.1,0.824,29,3.3,0.063,709.67,Clear,0,834,2,1.2,1.0,1.05
2026-09-08,CHI-HUB,Sortation,Evening,19,Tuesday,0,0,1,2039,1872,451,773,1316,29,28,26,42,8,115.3,0.787,30,3.7,0.067,744.06,Clear,0,773,1,1.2,1.0,1.05
2026-09-08,CHI-HUB,Sortation,Evening,20,Tuesday,0,0,0,1603,1472,348,777,904,21,21,20,41,8,80.4,0.948,11,4.3,0.07,575.05,Clear,0,777,1,1.08,1.0,1.05
2026-09-08,CHI-HUB,Sortation,Evening,21,Tuesday,0,0,0,1383,1270,260,774,647,19,19,18,43,8,62.5,1.0,14,3.9,0.068,530.42,Clear,0,774,0,0.96,1.0,1.05
2026-09-08,CHI-HUB,Sortation,Night,22,Tuesday,0,0,0,1388,1275,263,622,816,18,18,17,39,8,88.4,0.939,6,4.3,0.067,496.61,Clear,0,622,0,0.96,1.0,1.05
2026-09-08,CHI-HUB,Sortation,Night,23,Tuesday,0,0,0,1233,1133,328,686,606,16,17,16,44,8,67.9,0.976,5,3.4,0.047,445.86,Clear,0,686,4,0.82,1.0,1.05
2026-09-08,CHI-HUB,Outbound,Morning,6,Tuesday,0,0,0,1135,1112,378,598,592,13,14,12,53,8,72.2,0.942,3,4.1,0.111,379.26,Clear,0,598,0,0.96,1.0,1.05
2026-09-08,CHI-HUB,Outbound,Morning,7,Tuesday,0,0,0,1522,1491,348,783,801,18,18,17,49,8,74.0,0.941,7,4.3,0.08,502.27,Clear,0,783,0,1.2,1.0,1.05
2026-09-08,CHI-HUB,Outbound,Morning,8,Tuesday,0,0,1,1819,1782,355,897,977,20,20,19,48,8,76.9,0.984,10,4.8,0.065,577.01,Storm,0,897,1,1.2,1.0,1.05
2026-09-08,CHI-HUB,Outbound,Morning,9,Tuesday,0,0,1,1892,1853,612,911,1039,20,21,19,48,8,82.1,1.0,0,4.5,0.081,531.26,Clear,0,911,3,1.2,1.0,1.05
2026-09-08,CHI-HUB,Outbound,Morning,10,Tuesday,0,0,0,1411,1382,325,739,708,15,16,15,50,8,72.3,0.985,5,3.9,0.059,443.62,Clear,0,739,0,1.08,1.0,1.05
2026-09-08,CHI-HUB,Outbound,Morning,11,Tuesday,0,0,0,1490,1460,458,747,793,17,17,16,48,8,75.8,0.973,11,4.0,0.066,486.58,Clear,0,747,0,1.08,1.0,1.05
2026-09-08,CHI-HUB,Outbound,Morning,12,Tuesday,0,0,0,1237,1212,366,588,687,15,14,13,48,8,81.4,0.943,7,5.1,0.07,441.43,Clear,0,588,1,0.96,1.0,1.05
2026-09-08,CHI-HUB,Outbound,Morning,13,Tuesday,0,0,0,1251,1225,367,591,710,14,14,13,47,8,83.3,0.968,2,4.4,0.067,406.09,Clear,0,591,0,0.96,1.0,1.05
2026-09-08,CHI-HUB,Outbound,Evening,14,Tuesday,0,0,0,1395,1367,384,685,751,16,16,15,49,8,77.6,0.933,8,3.7,0.077,447.33,Clear,0,685,2,0.96,1.0,1.05
2026-09-08,CHI-HUB,Outbound,Evening,15,Tuesday,0,0,0,1345,1318,400,832,580,18,17,16,52,8,56.2,1.0,13,2.6,0.069,451.11,Clear,0,832,0,1.08,1.0,1.05
2026-09-08,CHI-HUB,Outbound,Evening,16,Tuesday,0,0,0,1589,1557,316,814,833,18,18,17,49,8,73.9,0.978,0,4.1,0.081,475.5,Clear,0,814,3,1.08,1.0,1.05
2026-09-08,CHI-HUB,Outbound,Evening,17,Tuesday,0,0,1,1788,1752,493,789,1050,20,20,18,45,8,92.0,0.974,5,5.3,0.077,552.19,Heavy Rain,0,789,2,1.2,1.0,1.05
2026-09-08,CHI-HUB,Outbound,Evening,18,Tuesday,0,0,1,1797,1760,632,956,883,21,22,20,51,8,69.2,0.937,6,3.9,0.089,551.41,Clear,0,956,0,1.2,1.0,1.05
2026-09-08,CHI-HUB,Outbound,Evening,19,Tuesday,0,0,1,1969,1929,594,1081,953,22,23,21,54,8,68.7,0.953,4,3.4,0.066,553.68,Clear,0,1081,0,1.2,1.0,1.05
2026-09-08,CHI-HUB,Outbound,Evening,20,Tuesday,0,0,0,1540,1509,318,772,817,18,18,17,47,8,73.5,0.967,7,3.9,0.047,497.06,Storm,0,772,0,1.08,1.0,1.05
2026-09-08,CHI-HUB,Outbound,Evening,21,Tuesday,0,0,0,1322,1295,367,735,611,16,16,15,49,8,63.1,1.0,7,3.4,0.059,434.38,Clear,0,735,1,0.96,1.0,1.05
2026-09-08,CHI-HUB,Outbound,Night,22,Tuesday,0,0,0,1234,1209,275,578,696,12,13,12,50,8,86.3,0.964,7,4.9,0.082,416.28,Clear,0,578,0,0.96,1.0,1.05
2026-09-08,CHI-HUB,Outbound,Night,23,Tuesday,0,0,0,1147,1124,318,609,573,13,13,12,53,8,68.0,0.959,13,4.0,0.086,408.68,Clear,0,609,2,0.82,1.0,1.05
2026-09-08,DAL-HUB,Inbound,Morning,6,Tuesday,0,0,0,1321,1166,368,510,796,15,15,14,39,8,104.3,0.936,6,5.1,0.073,458.33,Clear,0,510,0,0.96,1.0,1.05
2026-09-08,DAL-HUB,Inbound,Morning,7,Tuesday,0,0,0,1438,1269,315,637,782,14,15,14,48,8,86.1,0.949,14,4.3,0.063,463.58,Clear,0,637,1,1.2,1.0,1.05
2026-09-08,DAL-HUB,Inbound,Morning,8,Tuesday,0,0,1,1611,1422,287,793,793,18,18,17,48,8,68.4,0.972,4,4.1,0.066,487.54,Clear,0,793,1,1.2,1.0,1.05
2026-09-08,DAL-HUB,Inbound,Morning,9,Tuesday,0,0,1,1688,1489,561,903,785,19,19,18,52,8,65.7,0.965,14,3.5,0.061,523.59,Clear,0,903,0,1.2,1.0,1.05
2026-09-08,DAL-HUB,Inbound,Morning,10,Tuesday,0,0,0,1378,1215,286,637,725,15,15,14,47,8,80.4,0.968,14,4.9,0.051,479.32,Clear,0,637,2,1.08,1.0,1.05
2026-09-08,DAL-HUB,Inbound,Morning,11,Tuesday,0,0,0,1390,1226,341,668,712,16,16,15,49,8,78.7,0.909,2,4.2,0.072,441.03,Clear,0,668,2,1.08,1.0,1.05
2026-09-08,DAL-HUB,Inbound,Morning,12,Tuesday,0,0,0,1283,1132,259,632,632,15,15,14,46,8,72.0,0.983,5,4.0,0.047,423.64,Clear,0,632,0,0.96,1.0,1.05
2026-09-08,DAL-HUB,Inbound,Morning,13,Tuesday,0,0,0,1245,1098,262,529,719,12,13,12,47,8,93.3,0.938,13,5.5,0.06,451.58,Clear,0,529,2,0.96,1.0,1.05
2026-09-08,DAL-HUB,Inbound,Evening,14,Tuesday,0,0,0,1192,1052,232,553,632,13,13,12,48,8,83.8,0.961,4,4.5,0.076,393.84,Clear,0,553,1,0.96,1.0,1.05
2026-09-08,DAL-HUB,Inbound,Evening,15,Tuesday,0,0,0,1276,1125,272,682,574,15,15,14,49,8,63.8,0.994,14,3.7,0.082,443.92,Clear,0,682,0,1.08,1.0,1.05
2026-09-08,DAL-HUB,Inbound,Evening,16,Tuesday,0,0,0,1377,1215,445,697,659,15,15,14,51,8,68.8,0.976,15,3.8,0.061,454.62,Heavy Rain,0,697,1,1.08,1.0,1.05
2026-09-08,DAL-HUB,Inbound,Evening,17,Tuesday,0,0,1,1716,1514,502,835,849,19,19,18,48,8,75.2,0.967,8,3.9,0.074,516.09,Clear,0,835,3,1.2,1.0,1.05
2026-09-08,DAL-HUB,Inbound,Evening,18,Tuesday,0,0,1,1706,1505,548,882,791,19,19,18,49,8,68.8,1.0,2,3.9,0.069,496.71,Clear,0,882,0,1.2,1.0,1.05
2026-09-08,DAL-HUB,Inbound,Evening,19,Tuesday,0,0,1,1725,1522,568,975,731,19,19,18,55,8,64.7,0.985,2,2.8,0.051,466.26,Clear,0,975,2,1.2,1.0,1.05
2026-09-08,DAL-HUB,Inbound,Evening,20,Tuesday,0,0,0,1338,1180,443,659,652,16,16,15,48,8,69.8,0.916,6,3.5,0.049,433.32,Clear,0,659,1,1.08,1.0,1.05
2026-09-08,DAL-HUB,Inbound,Evening,21,Tuesday,0,0,0,1180,1041,401,579,600,13,13,12,51,8,75.5,0.946,8,3.9,0.083,389.63,Clear,0,579,0,0.96,1.0,1.05
2026-09-08,DAL-HUB,Inbound,Night,22,Tuesday,0,0,0,1153,1017,285,624,518,14,14,13,49,8,62.0,0.981,9,3.5,0.066,400.66,Clear,0,624,0,0.96,1.0,1.05
2026-09-08,DAL-HUB,Inbound,Night,23,Tuesday,0,0,0,1020,900,264,435,574,11,11,10,45,8,91.1,0.968,4,4.9,0.062,363.0,Clear,0,435,1,0.82,1.0,1.05
2026-09-08,DAL-HUB,Sortation,Morning,6,Tuesday,0,0,0,1250,1148,274,605,697,15,16,15,44,8,80.7,0.918,11,3.5,0.062,448.67,Clear,0,605,1,0.96,1.0,1.05
2026-09-08,DAL-HUB,Sortation,Morning,7,Tuesday,0,0,0,1520,1396,487,785,790,21,21,20,41,8,75.1,0.958,3,4.0,0.049,539.54,Clear,0,785,1,1.2,1.0,1.05
2026-09-08,DAL-HUB,Sortation,Morning,8,Tuesday,0,0,1,1755,1611,374,734,1060,24,25,23,42,8,103.1,0.845,22,4.1,0.067,665.94,Clear,0,734,0,1.2,1.0,1.05
2026-09-08,DAL-HUB,Sortation,Morning,9,Tuesday,0,0,1,1677,1540,476,746,976,23,23,21,42,8,93.4,0.94,30,4.0,0.076,648.32,Clear,0,746,3,1.2,1.0,1.05
2026-09-08,DAL-HUB,Sortation,Morning,10,Tuesday,0,0,0,1466,1346,395,708,806,21,20,19,40,8,77.8,0.932,15,3.9,0.058,554.63,Clear,0,708,0,1.08,1.0,1.05
2026-09-08,DAL-HUB,Sortation,Morning,11,Tuesday,0,0,0,1564,1436,299,871,737,22,22,21,44,8,68.6,0.943,4,2.8,0.039,529.43,Clear,0,871,2,1.08,1.0,1.05
2026-09-08,DAL-HUB,Sortation,Morning,12,Tuesday,0,0,0,1383,1270,406,830,596,19,19,18,48,8,58.4,0.962,3,2.8,0.067,464.42,Clear,0,830,3,0.96,1.0,1.05
2026-09-08,DAL-HUB,Sortation,Morning,13,Tuesday,0,0,0,1247,1145,307,716,579,17,17,16,46,8,60.4,0.973,10,2.8,0.058,445.31,Clear,0,716,1,0.96,1.0,1.05
2026-09-08,DAL-HUB,Sortation,Evening,14,Tuesday,0,0,0,1265,1161,444,653,657,16,18,16,43,8,76.3,0.95,0,3.6,0.088,436.04,Clear,0,653,1,0.96,1.0,1.05
2026-09-08,DAL-HUB,Sortation,Evening,15,Tuesday,0,0,0,1426,1310,462,798,671,20,20,18,45,8,63.2,0.986,11,3.6,0.087,513.21,Clear,0,798,1,1.08,1.0,1.05
2026-09-08,DAL-HUB,Sortation,Evening,16,Tuesday,0,0,0,1439,1322,323,630,845,20,19,18,37,8,96.1,0.947,8,5.8,0.079,565.44,Clear,0,630,0,1.08,1.0,1.05
2026-09-08,DAL-HUB,Sortation,Evening,17,Tuesday,0,0,1,1737,1595,524,575,1216,23,22,21,42,8,141.7,0.725,11,4.4,0.065,599.81,Clear,0,575,1,1.2,1.0,1.05
2026-09-08,DAL-HUB,Sortation,Evening,18,Tuesday,0,0,1,1900,1745,497,642,1312,24,25,23,41,8,135.8,0.757,28,4.5,0.075,699.0,Clear,0,642,0,1.2,1.0,1.05
2026-09-08,DAL-HUB,Sortation,Evening,19,Tuesday,0,0,1,1798,1651,535,614,1247,22,23,21,43,8,133.8,0.756,11,3.9,0.098,586.93,Clear,0,614,1,1.2,1.0,1.05
2026-09-08,DAL-HUB,Sortation,Evening,20,Tuesday,0,0,0,1384,1271,264,687,731,20,20,19,38,8,74.9,0.952,3,4.1,0.07,520.33,Clear,0,687,0,1.08,1.0,1.05
2026-09-08,DAL-HUB,Sortation,Evening,21,Tuesday,0,0,0,1327,1219,437,594,775,18,17,16,41,8,88.7,0.906,2,4.6,0.071,471.59,Clear,0,594,1,0.96,1.0,1.05
2026-09-08,DAL-HUB,Sortation,Night,22,Tuesday,0,0,0,1270,1166,244,663,661,17,17,16,44,8,75.6,0.943,3,3.2,0.06,439.19,Storm,0,663,1,0.96,1.0,1.05
2026-09-08,DAL-HUB,Sortation,Night,23,Tuesday,0,0,0,1044,959,331,502,592,13,14,13,40,8,79.7,0.966,5,4.3,0.055,409.09,Clear,0,502,1,0.82,1.0,1.05
2026-09-08,DAL-HUB,Outbound,Morning,6,Tuesday,0,0,0,1179,1155,388,528,685,12,12,11,50,8,88.6,0.961,14,5.4,0.064,432.17,Clear,0,528,0,0.96,1.0,1.05
2026-09-08,DAL-HUB,Outbound,Morning,7,Tuesday,0,0,0,1548,1516,432,766,825,18,18,17,48,8,74.5,0.939,5,3.8,0.072,482.34,Clear,0,766,2,1.2,1.0,1.05
2026-09-08,DAL-HUB,Outbound,Morning,8,Tuesday,0,0,1,1510,1479,301,813,728,17,17,16,53,8,67.8,0.959,15,3.5,0.073,485.74,Clear,0,813,2,1.2,1.0,1.05
2026-09-08,DAL-HUB,Outbound,Morning,9,Tuesday,0,0,1,1599,1566,319,846,806,19,19,18,47,8,67.4,1.0,0,3.8,0.069,486.78,Clear,0,846,2,1.2,1.0,1.05
2026-09-08,DAL-HUB,Outbound,Morning,10,Tuesday,0,0,0,1295,1269,315,579,748,14,14,13,48,8,88.2,0.929,2,4.5,0.069,409.7,Clear,0,579,2,1.08,1.0,1.05
2026-09-08,DAL-HUB,Outbound,Morning,11,Tuesday,0,0,0,1279,1253,307,634,690,15,15,14,49,8,77.9,0.925,5,4.4,0.069,435.71,Clear,0,634,0,1.08,1.0,1.05
2026-09-08,DAL-HUB,Outbound,Morning,12,Tuesday,0,0,0,1205,1180,409,681,553,15,15,14,51,8,65.5,0.955,14,3.2,0.068,429.54,Clear,0,681,2,0.96,1.0,1.05
2026-09-08,DAL-HUB,Outbound,Morning,13,Tuesday,0,0,0,1039,1018,239,477,575,11,11,10,50,8,84.8,0.956,7,4.6,0.067,365.3,Clear,0,477,1,0.96,1.0,1.05
2026-09-08,DAL-HUB,Outbound,Evening,14,Tuesday,0,0,0,1106,1083,328,500,646,12,12,11,49,8,88.5,0.929,5,5.4,0.054,402.02,Clear,0,500,0,0.96,1.0,1.05
2026-09-08,DAL-HUB,Outbound,Evening,15,Tuesday,0,0,0,1173,1149,411,578,648,12,12,11,56,8,80.1,0.939,9,3.7,0.089,368.45,Clear,0,578,1,1.08,1.0,1.05
2026-09-08,DAL-HUB,Outbound,Evening,16,Tuesday,0,0,0,1221,1196,303,548,726,13,13,12,47,8,94.2,0.973,5,5.3,0.071,420.83,Clear,0,548,0,1.08,1.0,1.05
2026-09-08,DAL-HUB,Outbound,Evening,17,Tuesday,0,0,1,1443,1414,404,689,804,16,16,15,49,8,82.2,0.938,0,4.4,0.053,442.21,Clear,0,689,1,1.2,1.0,1.05
2026-09-08,DAL-HUB,Outbound,Evening,18,Tuesday,0,0,1,1490,1460,294,755,773,18,18,17,47,8,75.9,0.946,6,4.1,0.064,492.88,Clear,0,755,1,1.2,1.0,1.05
2026-09-08,DAL-HUB,Outbound,Evening,19,Tuesday,0,0,1,1668,1634,536,870,847,19,19,18,50,8,70.2,0.967,6,4.3,0.063,521.25,Clear,0,870,2,1.2,1.0,1.05
2026-09-08,DAL-HUB,Outbound,Evening,20,Tuesday,0,0,0,1267,1241,401,585,726,14,15,14,45,8,84.5,0.929,12,4.4,0.09,457.87,Clear,0,585,0,1.08,1.0,1.05
2026-09-08,DAL-HUB,Outbound,Evening,21,Tuesday,0,0,0,1195,1171,342,622,619,13,13,12,53,8,72.9,0.979,13,4.0,0.085,409.56,Clear,0,622,1,0.96,1.0,1.05
2026-09-08,DAL-HUB,Outbound,Night,22,Tuesday,0,0,0,1153,1129,300,602,593,14,14,13,48,8,72.7,0.966,0,4.5,0.076,400.69,Clear,0,602,0,0.96,1.0,1.05
2026-09-08,DAL-HUB,Outbound,Night,23,Tuesday,0,0,0,956,936,300,444,538,10,11,10,48,8,82.7,0.925,6,4.8,0.06,366.17,Clear,0,444,0,0.82,1.0,1.05
2026-09-09,ATL-HUB,Inbound,Morning,6,Wednesday,0,0,0,1553,1370,516,763,759,18,18,17,46,8,73.9,0.976,0,4.4,0.075,482.11,Clear,0,763,1,0.96,1.0,1.065
2026-09-09,ATL-HUB,Inbound,Morning,7,Wednesday,0,0,0,1813,1600,473,837,956,21,20,19,47,8,81.6,0.938,0,4.1,0.065,517.3,Clear,0,837,0,1.2,1.0,1.065
2026-09-09,ATL-HUB,Inbound,Morning,8,Wednesday,0,0,1,2189,1932,711,1230,927,25,26,24,53,8,56.9,0.967,2,3.0,0.059,597.05,Clear,0,1230,5,1.2,1.0,1.065
2026-09-09,ATL-HUB,Inbound,Morning,9,Wednesday,0,0,1,2225,1963,510,1192,1018,27,27,25,50,8,62.6,0.954,14,3.2,0.061,661.18,Clear,0,1192,4,1.2,1.0,1.065
2026-09-09,ATL-HUB,Inbound,Morning,10,Wednesday,0,0,0,1723,1521,542,805,884,20,20,19,45,8,81.6,0.942,5,4.0,0.072,528.92,Clear,0,805,1,1.08,1.0,1.065
2026-09-09,ATL-HUB,Inbound,Morning,11,Wednesday,0,0,0,1789,1578,498,920,835,20,21,19,49,8,69.3,0.989,1,3.5,0.089,503.27,Clear,0,920,1,1.08,1.0,1.065
2026-09-09,ATL-HUB,Inbound,Morning,12,Wednesday,0,0,0,1454,1283,444,740,698,17,17,16,47,8,69.7,0.984,6,3.4,0.082,452.07,Clear,0,740,2,0.96,1.0,1.065
2026-09-09,ATL-HUB,Inbound,Morning,13,Wednesday,0,0,0,1667,1471,437,779,881,17,18,16,51,8,80.3,0.955,12,3.8,0.085,486.23,Clear,0,779,0,0.96,1.0,1.065
2026-09-09,ATL-HUB,Inbound,Evening,14,Wednesday,0,0,0,1597,1409,419,845,734,19,19,18,48,8,66.7,0.978,15,3.9,0.073,536.39,Clear,0,845,0,0.96,1.0,1.065
2026-09-09,ATL-HUB,Inbound,Evening,15,Wednesday,0,0,0,1826,1611,483,1086,726,22,23,21,54,8,53.0,0.958,12,2.8,0.084,558.54,Clear,0,1086,1,1.08,1.0,1.065
2026-09-09,ATL-HUB,Inbound,Evening,16,Wednesday,0,0,0,1960,1729,346,1002,934,22,23,21,50,8,69.3,0.954,13,4.4,0.094,608.9,Clear,0,1002,2,1.08,1.0,1.065
2026-09-09,ATL-HUB,Inbound,Evening,17,Wednesday,0,0,1,2327,2053,592,1128,1176,29,27,26,45,8,76.5,0.965,4,4.3,0.054,681.28,Clear,0,1128,3,1.2,1.0,1.065
2026-09-09,ATL-HUB,Inbound,Evening,18,Wednesday,0,0,1,2211,1951,676,1090,1081,26,26,24,47,8,71.2,0.966,15,4.4,0.093,678.22,Clear,0,1090,2,1.2,1.0,1.065
2026-09-09,ATL-HUB,Inbound,Evening,19,Wednesday,0,0,1,2115,1866,721,1082,1019,25,25,23,50,8,72.3,0.941,14,3.3,0.067,623.03,Clear,0,1082,1,1.2,1.0,1.065
2026-09-09,ATL-HUB,Inbound,Evening,20,Wednesday,0,0,0,1776,1567,390,913,860,21,21,20,48,8,69.1,0.951,4,3.8,0.063,540.56,Clear,0,913,1,1.08,1.0,1.065
2026-09-09,ATL-HUB,Inbound,Evening,21,Wednesday,0,0,0,1497,1321,379,690,773,16,16,15,49,8,79.9,0.939,12,4.2,0.062,474.92,Clear,0,690,1,0.96,1.0,1.065
2026-09-09,ATL-HUB,Inbound,Night,22,Wednesday,0,0,0,1401,1236,352,590,805,14,15,14,45,8,92.3,0.938,7,5.1,0.068,462.93,Clear,0,590,0,0.96,1.0,1.065
2026-09-09,ATL-HUB,Inbound,Night,23,Wednesday,0,0,0,1281,1130,364,639,629,16,16,15,44,8,69.8,0.969,1,3.8,0.077,424.71,Clear,0,639,3,0.82,1.0,1.065
2026-09-09,ATL-HUB,Sortation,Morning,6,Wednesday,0,0,0,1628,1495,377,857,830,22,22,20,45,8,74.4,0.953,10,3.8,0.092,564.3,Storm,0,857,2,0.96,1.0,1.065
2026-09-09,ATL-HUB,Sortation,Morning,7,Wednesday,0,0,0,1970,1809,526,968,1058,27,29,26,39,8,78.6,0.955,0,4.6,0.088,676.34,Heavy Rain,0,968,2,1.2,1.0,1.065
2026-09-09,ATL-HUB,Sortation,Morning,8,Wednesday,0,0,1,2413,2216,471,1125,1340,36,36,34,42,8,88.5,0.876,21,3.4,0.067,869.73,Clear,0,1125,3,1.2,1.0,1.065
2026-09-09,ATL-HUB,Sortation,Morning,9,Wednesday,0,0,1,2526,2320,708,947,1638,33,35,32,42,8,116.8,0.784,21,4.4,0.085,860.8,Clear,0,947,2,1.2,1.0,1.065
2026-09-09,ATL-HUB,Sortation,Morning,10,Wednesday,0,0,0,1863,1711,402,912,1009,25,26,24,41,8,77.1,0.927,4,3.8,0.065,621.44,Clear,0,912,3,1.08,1.0,1.065
2026-09-09,ATL-HUB,Sortation,Morning,11,Wednesday,0,0,0,1839,1689,477,1010,883,26,25,23,46,8,65.6,0.955,13,2.9,0.093,605.09,Clear,0,1010,2,1.08,1.0,1.065
2026-09-09,ATL-HUB,Sortation,Morning,12,Wednesday,0,0,0,1583,1454,528,830,788,23,22,21,42,8,75.1,0.942,7,3.7,0.067,564.59,Clear,0,830,0,0.96,1.0,1.065
2026-09-09,ATL-HUB,Sortation,Morning,13,Wednesday,0,0,0,1614,1482,390,750,902,22,21,20,41,8,83.3,0.915,11,4.3,0.064,581.18,Storm,0,750,1,0.96,1.0,1.065
2026-09-09,ATL-HUB,Sortation,Evening,14,Wednesday,0,0,0,1655,1520,423,924,771,23,22,21,44,8,63.7,1.0,2,3.5,0.049,544.3,Clear,0,924,1,0.96,1.0,1.065
2026-09-09,ATL-HUB,Sortation,Evening,15,Wednesday,0,0,0,1759,1615,567,846,962,23,23,21,45,8,82.8,0.895,7,3.7,0.082,567.81,Clear,0,846,1,1.08,1.0,1.065
2026-09-09,ATL-HUB,Sortation,Evening,16,Wednesday,0,0,0,2000,1836,707,932,1122,28,28,26,38,8,83.8,0.944,11,4.8,0.069,713.34,Clear,0,932,2,1.08,1.0,1.065
2026-09-09,ATL-HUB,Sortation,Evening,17,Wednesday,0,0,1,2111,1939,648,977,1199,30,31,29,43,8,87.1,0.871,22,3.5,0.08,772.69,Clear,0,977,2,1.2,1.0,1.065
2026-09-09,ATL-HUB,Sortation,Evening,18,Wednesday,0,0,1,2252,2068,746,874,1428,29,30,28,42,8,113.9,0.826,23,4.6,0.07,789.76,Clear,0,874,2,1.2,1.0,1.065
2026-09-09,ATL-HUB,Sortation,Evening,19,Wednesday,0,0,1,2369,2176,815,869,1558,31,31,28,40,8,123.1,0.862,14,5.1,0.085,777.12,Clear,0,869,2,1.2,1.0,1.065
2026-09-09,ATL-HUB,Sortation,Evening,20,Wednesday,0,0,0,1806,1658,505,885,988,26,26,24,37,8,78.8,0.997,15,4.9,0.09,686.37,Clear,0,885,1,1.08,1.0,1.065
2026-09-09,ATL-HUB,Sortation,Evening,21,Wednesday,0,0,0,1627,1494,332,906,766,21,21,19,49,8,62.7,0.974,9,3.2,0.079,518.8,Clear,0,906,3,0.96,1.0,1.065
2026-09-09,ATL-HUB,Sortation,Night,22,Wednesday,0,0,0,1558,1431,473,930,663,20,21,20,47,8,56.0,0.99,2,3.4,0.048,520.22,Clear,0,930,0,0.96,1.0,1.065
2026-09-09,ATL-HUB,Sortation,Night,23,Wednesday,0,0,0,1397,1283,497,810,619,20,19,18,45,8,62.7,1.0,5,2.9,0.061,473.87,Clear,0,810,0,0.82,1.0,1.065
2026-09-09,ATL-HUB,Outbound,Morning,6,Wednesday,0,0,0,1425,1396,499,695,784,16,16,15,50,8,80.5,0.928,9,4.1,0.085,462.29,Clear,0,695,2,0.96,1.0,1.065
2026-09-09,ATL-HUB,Outbound,Morning,7,Wednesday,0,0,0,2009,1968,410,1075,981,24,24,22,50,8,68.0,0.978,6,4.2,0.098,602.72,Clear,0,1075,2,1.2,1.0,1.065
2026-09-09,ATL-HUB,Outbound,Morning,8,Wednesday,0,0,1,1999,1958,410,1143,913,23,24,22,53,8,62.1,0.981,13,3.6,0.085,608.12,Clear,0,1143,3,1.2,1.0,1.065
2026-09-09,ATL-HUB,Outbound,Morning,9,Wednesday,0,0,1,2070,2028,575,998,1122,21,22,20,50,8,75.9,0.998,10,4.5,0.081,586.03,Clear,0,998,2,1.2,1.0,1.065
2026-09-09,ATL-HUB,Outbound,Morning,10,Wednesday,0,0,0,1601,1568,532,827,825,18,19,17,50,8,70.2,0.974,2,3.9,0.093,476.51,Clear,0,827,1,1.08,1.0,1.065
2026-09-09,ATL-HUB,Outbound,Morning,11,Wednesday,0,0,0,1666,1632,583,770,942,19,20,19,42,8,85.7,0.966,11,4.9,0.038,573.52,Clear,0,770,3,1.08,1.0,1.065
2026-09-09,ATL-HUB,Outbound,Morning,12,Wednesday,0,0,0,1260,1234,324,570,728,13,14,13,48,8,84.3,0.914,3,4.5,0.068,412.25,Clear,0,570,0,0.96,1.0,1.065
2026-09-09,ATL-HUB,Outbound,Morning,13,Wednesday,0,0,0,1533,1502,414,873,706,18,18,17,52,8,60.0,0.988,7,3.3,0.06,477.85,Heavy Rain,0,873,1,0.96,1.0,1.065
2026-09-09,ATL-HUB,Outbound,Evening,14,Wednesday,0,0,0,1327,1300,324,697,675,15,15,14,51,8,70.4,0.977,10,3.5,0.058,427.39,Clear,0,697,0,0.96,1.0,1.065
2026-09-09,ATL-HUB,Outbound,Evening,15,Wednesday,0,0,0,1825,1788,503,905,986,21,22,20,50,8,75.9,0.906,0,3.7,0.099,527.13,Clear,0,905,1,1.08,1.0,1.065
2026-09-09,ATL-HUB,Outbound,Evening,16,Wednesday,0,0,0,1547,1515,376,847,728,19,19,18,50,8,65.8,0.942,9,3.5,0.053,506.22,Clear,0,847,1,1.08,1.0,1.065
2026-09-09,ATL-HUB,Outbound,Evening,17,Wednesday,0,0,1,2217,2172,498,1267,1008,27,26,25,54,8,60.6,0.939,9,2.6,0.057,629.83,Clear,0,1267,6,1.2,1.0,1.065
2026-09-09,ATL-HUB,Outbound,Evening,18,Wednesday,0,0,1,1872,1834,594,915,1012,21,21,20,47,8,80.1,0.974,0,4.5,0.06,554.53,Heavy Rain,0,915,4,1.2,1.0,1.065
2026-09-09,ATL-HUB,Outbound,Evening,19,Wednesday,0,0,1,1966,1926,419,974,1040,22,22,20,52,8,76.3,0.937,1,3.7,0.069,532.93,Clear,0,974,3,1.2,1.0,1.065
2026-09-09,ATL-HUB,Outbound,Evening,20,Wednesday,0,0,0,1935,1896,455,945,1035,20,22,20,50,8,78.9,0.945,14,4.5,0.072,600.62,Heavy Rain,0,945,0,1.08,1.0,1.065
2026-09-09,ATL-HUB,Outbound,Evening,21,Wednesday,0,0,0,1519,1488,458,845,720,17,18,17,52,8,65.2,0.957,2,3.2,0.038,455.42,Clear,0,845,1,0.96,1.0,1.065
2026-09-09,ATL-HUB,Outbound,Night,22,Wednesday,0,0,0,1349,1321,355,705,694,16,16,15,48,8,70.6,0.98,8,3.8,0.064,449.29,Clear,0,705,1,0.96,1.0,1.065
2026-09-09,ATL-HUB,Outbound,Night,23,Wednesday,0,0,0,1180,1156,338,586,626,13,13,12,50,8,78.4,0.978,13,4.4,0.068,420.49,Clear,0,586,1,0.82,1.0,1.065
2026-09-09,CHI-HUB,Inbound,Morning,6,Wednesday,0,0,0,1577,1392,324,725,856,19,18,17,46,8,80.8,0.928,10,4.7,0.072,524.62,Rain,0,725,0,0.96,1.0,1.065
2026-09-09,CHI-HUB,Inbound,Morning,7,Wednesday,0,0,0,1881,1660,472,782,1079,21,21,20,43,8,93.7,0.91,1,5.1,0.065,569.21,Clear,0,782,1,1.2,1.0,1.065
2026-09-09,CHI-HUB,Inbound,Morning,8,Wednesday,0,0,1,1882,1661,428,1004,858,25,23,22,49,8,66.7,0.932,4,3.2,0.049,564.63,Clear,0,1004,5,1.2,1.0,1.065
2026-09-09,CHI-HUB,Inbound,Morning,9,Wednesday,0,0,1,1839,1622,506,1030,798,22,22,21,50,8,59.5,0.981,14,3.4,0.06,581.95,Clear,0,1030,0,1.2,1.0,1.065
2026-09-09,CHI-HUB,Inbound,Morning,10,Wednesday,0,0,0,1683,1485,434,833,831,19,19,18,49,8,71.3,0.944,1,3.8,0.063,490.3,Clear,0,833,4,1.08,1.0,1.065
2026-09-09,CHI-HUB,Inbound,Morning,11,Wednesday,0,0,0,1520,1341,380,825,673,18,18,17,50,8,61.9,0.971,0,3.6,0.072,459.14,Clear,0,825,0,1.08,1.0,1.065
2026-09-09,CHI-HUB,Inbound,Morning,12,Wednesday,0,0,0,1466,1294,441,721,722,17,17,16,46,8,75.0,0.98,2,4.3,0.045,464.68,Clear,0,721,1,0.96,1.0,1.065
2026-09-09,CHI-HUB,Inbound,Morning,13,Wednesday,0,0,0,1421,1254,389,699,697,16,16,15,49,8,69.7,0.952,1,3.7,0.068,424.39,Clear,0,699,1,0.96,1.0,1.065
2026-09-09,CHI-HUB,Inbound,Evening,14,Wednesday,0,0,0,1346,1188,427,748,572,16,16,15,50,8,56.6,0.998,2,3.7,0.066,426.26,Clear,0,748,2,0.96,1.0,1.065
2026-09-09,CHI-HUB,Inbound,Evening,15,Wednesday,0,0,0,1692,1493,574,828,839,19,20,18,49,8,72.1,0.939,4,3.3,0.081,486.06,Clear,0,828,0,1.08,1.0,1.065
2026-09-09,CHI-HUB,Inbound,Evening,16,Wednesday,0,0,0,1723,1521,489,888,814,19,19,18,51,8,70.6,0.968,15,3.9,0.063,544.7,Storm,0,888,3,1.08,1.0,1.065
2026-09-09,CHI-HUB,Inbound,Evening,17,Wednesday,0,0,1,1894,1671,565,970,913,22,22,20,49,8,70.0,0.991,0,3.7,0.076,527.03,Clear,0,970,1,1.2,1.0,1.065
2026-09-09,CHI-HUB,Inbound,Evening,18,Wednesday,0,0,1,1955,1725,547,914,1017,23,22,21,47,8,79.8,0.926,1,3.6,0.062,548.01,Clear,0,914,1,1.2,1.0,1.065
2026-09-09,CHI-HUB,Inbound,Evening,19,Wednesday,0,0,1,2043,1802,397,1042,970,25,25,23,49,8,68.4,0.925,15,3.5,0.071,632.72,Rain,0,1042,2,1.2,1.0,1.065
2026-09-09,CHI-HUB,Inbound,Evening,20,Wednesday,0,0,0,1612,1422,483,728,858,18,18,17,45,8,85.3,0.952,3,4.1,0.061,484.36,Clear,0,728,0,1.08,1.0,1.065
2026-09-09,CHI-HUB,Inbound,Evening,21,Wednesday,0,0,0,1374,1213,464,683,689,16,16,15,47,8,71.2,0.97,5,3.8,0.073,439.16,Clear,0,683,1,0.96,1.0,1.065
2026-09-09,CHI-HUB,Inbound,Night,22,Wednesday,0,0,0,1443,1273,364,657,778,16,17,15,46,8,81.2,0.953,2,4.1,0.095,439.17,Clear,0,657,1,0.96,1.0,1.065
2026-09-09,CHI-HUB,Inbound,Night,23,Wednesday,0,0,0,1140,1006,351,650,484,14,14,13,50,8,56.5,1.0,6,2.6,0.076,368.04,Heavy Rain,0,650,0,0.82,1.0,1.065
2026-09-09,CHI-HUB,Sortation,Morning,6,Wednesday,0,0,0,1455,1336,267,691,816,20,20,19,39,8,84.9,0.933,0,4.0,0.06,509.23,Clear,0,691,2,0.96,1.0,1.065
2026-09-09,CHI-HUB,Sortation,Morning,7,Wednesday,0,0,0,1917,1761,364,999,983,28,26,25,42,8,72.2,0.952,9,4.2,0.044,669.13,Clear,0,999,0,1.2,1.0,1.065
2026-09-09,CHI-HUB,Sortation,Morning,8,Wednesday,0,0,1,2072,1903,728,768,1336,28,28,26,42,8,120.3,0.782,28,4.3,0.083,755.07,Clear,0,768,0,1.2,1.0,1.065
2026-09-09,CHI-HUB,Sortation,Morning,9,Wednesday,0,0,1,2066,1898,726,888,1229,28,27,26,43,8,100.8,0.883,30,3.4,0.047,736.16,Clear,0,888,0,1.2,1.0,1.065
2026-09-09,CHI-HUB,Sortation,Morning,10,Wednesday,0,0,0,1745,1602,569,808,963,23,22,21,40,8,86.0,0.962,4,4.5,0.059,580.36,Clear,0,808,1,1.08,1.0,1.065
2026-09-09,CHI-HUB,Sortation,Morning,11,Wednesday,0,0,0,1840,1690,381,858,1059,20,22,20,44,8,89.3,0.975,13,5.3,0.083,613.8,Clear,0,858,1,1.08,1.0,1.065
2026-09-09,CHI-HUB,Sortation,Morning,12,Wednesday,0,0,0,1514,1390,395,855,717,20,20,19,45,8,66.1,1.0,12,3.7,0.074,540.31,Clear,0,855,2,0.96,1.0,1.065
2026-09-09,CHI-HUB,Sortation,Morning,13,Wednesday,0,0,0,1427,1311,303,731,739,18,19,17,46,8,72.7,0.936,15,3.4,0.079,500.93,Clear,0,731,2,0.96,1.0,1.065
2026-09-09,CHI-HUB,Sortation,Evening,14,Wednesday,0,0,0,1483,1362,337,830,723,20,19,18,47,8,66.1,0.982,3,3.3,0.066,485.7,Storm,0,830,2,0.96,1.0,1.065
2026-09-09,CHI-HUB,Sortation,Evening,15,Wednesday,0,0,0,1716,1576,556,840,926,22,23,21,40,8,79.4,1.0,3,4.3,0.075,571.04,Clear,0,840,3,1.08,1.0,1.065
2026-09-09,CHI-HUB,Sortation,Evening,16,Wednesday,0,0,0,1572,1444,443,730,876,21,22,20,38,8,81.7,0.961,2,5.0,0.088,565.29,Clear,0,730,3,1.08,1.0,1.065
2026-09-09,CHI-HUB,Sortation,Evening,17,Wednesday,0,0,1,1922,1765,528,747,1229,25,26,24,42,8,114.0,0.824,12,3.8,0.084,648.12,Clear,0,747,0,1.2,1.0,1.065
2026-09-09,CHI-HUB,Sortation,Evening,18,Wednesday,0,0,1,2352,2160,751,875,1532,31,30,28,43,8,116.0,0.808,16,4.5,0.069,766.4,Clear,0,875,4,1.2,1.0,1.065
2026-09-09,CHI-HUB,Sortation,Evening,19,Wednesday,0,0,1,2238,2055,643,1085,1210,34,33,31,43,8,82.5,0.905,16,3.0,0.074,780.81,Clear,0,1085,1,1.2,1.0,1.065
2026-09-09,CHI-HUB,Sortation,Evening,20,Wednesday,0,0,0,1770,1626,397,791,1046,22,23,21,40,8,91.0,0.943,8,4.8,0.091,602.03,Clear,0,791,0,1.08,1.0,1.065
2026-09-09,CHI-HUB,Sortation,Evening,21,Wednesday,0,0,0,1606,1475,497,779,874,20,21,19,43,8,78.1,0.954,8,4.0,0.076,537.6,Clear,0,779,2,0.96,1.0,1.065
2026-09-09,CHI-HUB,Sortation,Night,22,Wednesday,0,0,0,1383,1270,371,718,708,20,19,18,41,8,72.7,0.973,4,3.8,0.063,495.62,Clear,0,718,2,0.96,1.0,1.065
2026-09-09,CHI-HUB,Sortation,Night,23,Wednesday,0,0,0,1363,1251,477,704,687,17,18,16,45,8,72.2,0.979,12,4.0,0.099,487.44,Clear,0,704,1,0.82,1.0,1.065
2026-09-09,CHI-HUB,Outbound,Morning,6,Wednesday,0,0,0,1286,1260,288,633,686,15,15,14,49,8,80.1,0.924,12,4.1,0.081,449.83,Clear,0,633,2,0.96,1.0,1.065
2026-09-09,CHI-HUB,Outbound,Morning,7,Wednesday,0,0,0,1637,1604,575,754,920,17,17,16,48,8,89.3,0.983,1,5.5,0.073,499.28,Clear,0,754,0,1.2,1.0,1.065
2026-09-09,CHI-HUB,Outbound,Morning,8,Wednesday,0,0,1,1941,1901,400,1030,961,22,22,21,51,8,66.9,0.962,15,4.2,0.057,610.76,Clear,0,1030,3,1.2,1.0,1.065
2026-09-09,CHI-HUB,Outbound,Morning,9,Wednesday,0,0,1,1720,1685,380,832,936,19,19,18,49,8,82.2,0.944,13,4.1,0.07,539.01,Clear,0,832,0,1.2,1.0,1.065
2026-09-09,CHI-HUB,Outbound,Morning,10,Wednesday,0,0,0,1471,1441,313,687,832,17,16,15,50,8,85.1,0.917,3,4.5,0.067,455.14,Clear,0,687,1,1.08,1.0,1.065
2026-09-09,CHI-HUB,Outbound,Morning,11,Wednesday,0,0,0,1493,1463,362,783,762,16,17,16,51,8,72.1,0.96,13,3.8,0.072,487.43,Clear,0,783,1,1.08,1.0,1.065
2026-09-09,CHI-HUB,Outbound,Morning,12,Wednesday,0,0,0,1453,1423,473,810,690,18,18,17,49,8,63.1,0.973,4,3.7,0.072,474.59,Clear,0,810,1,0.96,1.0,1.065
2026-09-09,CHI-HUB,Outbound,Morning,13,Wednesday,0,0,0,1409,1380,411,735,712,15,16,15,49,8,72.8,1.0,15,3.9,0.054,477.14,Rain,0,735,0,0.96,1.0,1.065
2026-09-09,CHI-HUB,Outbound,Evening,14,Wednesday,0,0,0,1323,1296,450,726,634,15,15,14,53,8,67.4,0.979,3,3.5,0.065,404.92,Clear,0,726,1,0.96,1.0,1.065
2026-09-09,CHI-HUB,Outbound,Evening,15,Wednesday,0,0,0,1596,1563,407,816,830,20,19,18,48,8,76.8,0.945,15,4.1,0.074,543.12,Clear,0,816,1,1.08,1.0,1.065
2026-09-09,CHI-HUB,Outbound,Evening,16,Wednesday,0,0,0,1470,1440,386,710,808,18,17,16,47,8,83.9,0.945,0,4.2,0.077,456.62,Clear,0,710,1,1.08,1.0,1.065
2026-09-09,CHI-HUB,Outbound,Evening,17,Wednesday,0,0,1,1800,1763,509,841,989,21,20,19,48,8,81.9,0.922,8,4.6,0.054,557.97,Clear,0,841,2,1.2,1.0,1.065
2026-09-09,CHI-HUB,Outbound,Evening,18,Wednesday,0,0,1,1813,1776,618,956,914,21,21,20,51,8,70.1,0.937,13,3.9,0.058,574.12,Clear,0,956,1,1.2,1.0,1.065
2026-09-09,CHI-HUB,Outbound,Evening,19,Wednesday,0,0,1,1733,1698,379,746,1031,20,20,18,44,8,91.4,0.943,7,5.0,0.081,545.24,Clear,0,746,1,1.2,1.0,1.065
2026-09-09,CHI-HUB,Outbound,Evening,20,Wednesday,0,0,0,1545,1513,353,752,847,17,17,16,47,8,81.5,1.0,2,4.4,0.06,469.99,Clear,0,752,1,1.08,1.0,1.065
2026-09-09,CHI-HUB,Outbound,Evening,21,Wednesday,0,0,0,1403,1374,321,655,799,16,17,15,47,8,86.3,0.93,2,4.5,0.091,450.68,Clear,0,655,1,0.96,1.0,1.065
2026-09-09,CHI-HUB,Outbound,Night,22,Wednesday,0,0,0,1289,1263,432,781,528,15,16,15,53,8,53.3,0.983,0,2.9,0.056,397.39,Clear,0,781,1,0.96,1.0,1.065
2026-09-09,CHI-HUB,Outbound,Night,23,Wednesday,0,0,0,1202,1177,339,615,610,14,14,13,49,8,73.4,0.967,7,4.5,0.044,423.99,Clear,0,615,1,0.82,1.0,1.065
2026-09-09,DAL-HUB,Inbound,Morning,6,Wednesday,0,0,0,1154,1018,344,573,562,12,13,12,49,8,71.7,0.975,12,3.9,0.072,404.42,Heavy Rain,0,573,0,0.96,1.0,1.065
2026-09-09,DAL-HUB,Inbound,Morning,7,Wednesday,0,0,0,1534,1353,314,784,739,18,17,16,49,8,74.0,1.0,4,3.7,0.065,455.47,Clear,0,784,0,1.2,1.0,1.065
2026-09-09,DAL-HUB,Inbound,Morning,8,Wednesday,0,0,1,1791,1580,457,824,929,20,20,19,44,8,78.9,0.986,3,5.0,0.073,551.71,Clear,0,824,0,1.2,1.0,1.065
2026-09-09,DAL-HUB,Inbound,Morning,9,Wednesday,0,0,1,1728,1525,404,892,807,21,20,19,48,8,68.4,0.979,9,3.6,0.068,530.61,Clear,0,892,0,1.2,1.0,1.065
2026-09-09,DAL-HUB,Inbound,Morning,10,Wednesday,0,0,0,1344,1186,388,629,708,14,14,13,50,8,78.2,0.969,1,4.6,0.059,412.07,Heavy Rain,0,629,1,1.08,1.0,1.065
2026-09-09,DAL-HUB,Inbound,Morning,11,Wednesday,0,0,0,1329,1172,453,708,615,15,15,14,51,8,63.7,0.993,15,3.4,0.051,439.65,Clear,0,708,3,1.08,1.0,1.065
2026-09-09,DAL-HUB,Inbound,Morning,12,Wednesday,0,0,0,1174,1035,240,554,595,13,13,12,49,8,79.4,0.943,5,4.3,0.069,391.12,Clear,0,554,0,0.96,1.0,1.065
2026-09-09,DAL-HUB,Inbound,Morning,13,Wednesday,0,0,0,1250,1103,353,555,693,14,14,13,48,8,85.4,0.89,12,4.5,0.069,439.97,Clear,0,555,0,0.96,1.0,1.065
2026-09-09,DAL-HUB,Inbound,Evening,14,Wednesday,0,0,0,1137,1003,221,548,585,13,13,12,47,8,77.6,0.973,6,4.1,0.076,388.07,Clear,0,548,2,0.96,1.0,1.065
2026-09-09,DAL-HUB,Inbound,Evening,15,Wednesday,0,0,0,1407,1242,399,594,798,16,16,15,42,8,93.8,0.943,7,4.9,0.089,476.94,Clear,0,594,1,1.08,1.0,1.065
2026-09-09,DAL-HUB,Inbound,Evening,16,Wednesday,0,0,0,1387,1224,337,848,540,18,17,16,56,8,54.6,0.947,1,2.1,0.051,398.48,Clear,0,848,1,1.08,1.0,1.065
2026-09-09,DAL-HUB,Inbound,Evening,17,Wednesday,0,0,1,1604,1415,292,765,811,19,18,17,45,8,72.9,1.0,4,4.4,0.082,495.81,Clear,0,765,1,1.2,1.0,1.065
2026-09-09,DAL-HUB,Inbound,Evening,18,Wednesday,0,0,1,1594,1406,355,716,837,17,17,16,48,8,83.7,0.933,6,4.0,0.043,471.33,Clear,0,716,0,1.2,1.0,1.065
2026-09-09,DAL-HUB,Inbound,Evening,19,Wednesday,0,0,1,1522,1343,363,653,852,15,16,15,47,8,91.3,0.926,5,4.4,0.086,463.95,Storm,0,653,0,1.2,1.0,1.065
2026-09-09,DAL-HUB,Inbound,Evening,20,Wednesday,0,0,0,1330,1173,380,625,684,15,15,14,48,8,79.4,0.93,3,3.5,0.053,404.07,Clear,0,625,1,1.08,1.0,1.065
2026-09-09,DAL-HUB,Inbound,Evening,21,Wednesday,0,0,0,1237,1091,344,568,659,14,14,13,45,8,80.5,0.973,8,4.8,0.068,435.33,Clear,0,568,2,0.96,1.0,1.065
2026-09-09,DAL-HUB,Inbound,Night,22,Wednesday,0,0,0,1083,955,301,490,566,12,12,11,46,8,79.4,0.969,2,4.8,0.059,374.42,Clear,0,490,0,0.96,1.0,1.065
2026-09-09,DAL-HUB,Inbound,Night,23,Wednesday,0,0,0,1108,978,321,589,531,13,13,12,51,8,68.1,0.963,12,2.8,0.054,370.37,Clear,0,589,3,0.82,1.0,1.065
2026-09-09,DAL-HUB,Sortation,Morning,6,Wednesday,0,0,0,1235,1134,396,535,754,17,16,15,39,8,94.6,0.915,1,5.2,0.062,464.0,Clear,0,535,2,0.96,1.0,1.065
2026-09-09,DAL-HUB,Sortation,Morning,7,Wednesday,0,0,0,1524,1400,286,945,625,23,22,21,45,8,53.9,1.0,0,2.9,0.052,524.31,Storm,0,945,0,1.2,1.0,1.065
2026-09-09,DAL-HUB,Sortation,Morning,8,Wednesday,0,0,1,1824,1675,612,697,1175,25,26,24,43,8,114.8,0.751,29,3.5,0.059,696.34,Heavy Rain,0,697,1,1.2,1.0,1.065
2026-09-09,DAL-HUB,Sortation,Morning,9,Wednesday,0,0,1,1742,1600,609,731,1053,24,25,23,42,8,102.4,0.841,24,3.9,0.088,666.5,Clear,0,731,0,1.2,1.0,1.065
2026-09-09,DAL-HUB,Sortation,Morning,10,Wednesday,0,0,0,1573,1445,541,957,660,23,22,21,46,8,54.2,0.991,13,3.0,0.061,564.01,Clear,0,957,0,1.08,1.0,1.065
2026-09-09,DAL-HUB,Sortation,Morning,11,Wednesday,0,0,0,1355,1244,471,723,663,19,19,18,42,8,69.2,0.958,7,3.4,0.062,493.49,Clear,0,723,2,1.08,1.0,1.065
2026-09-09,DAL-HUB,Sortation,Morning,12,Wednesday,0,0,0,1195,1098,305,585,632,14,16,14,44,8,78.2,0.95,1,3.6,0.097,398.96,Clear,0,585,1,0.96,1.0,1.065
2026-09-09,DAL-HUB,Sortation,Morning,13,Wednesday,0,0,0,1337,1228,280,630,755,17,18,16,43,8,86.6,0.917,10,3.8,0.085,474.97,Clear,0,630,2,0.96,1.0,1.065
2026-09-09,DAL-HUB,Sortation,Evening,14,Wednesday,0,0,0,1332,1224,410,702,687,18,18,17,43,8,73.6,0.961,6,4.1,0.069,489.98,Clear,0,702,2,0.96,1.0,1.065
2026-09-09,DAL-HUB,Sortation,Evening,15,Wednesday,0,0,0,1394,1280,277,840,617,20,19,18,47,8,62.5,0.993,12,3.1,0.066,501.81,Clear,0,840,1,1.08,1.0,1.065
2026-09-09,DAL-HUB,Sortation,Evening,16,Wednesday,0,0,0,1497,1375,422,761,788,20,19,18,44,8,73.9,0.962,10,4.0,0.065,522.5,Clear,0,761,0,1.08,1.0,1.065
2026-09-09,DAL-HUB,Sortation,Evening,17,Wednesday,0,0,1,1813,1665,527,642,1220,26,26,24,39,8,128.4,0.762,26,3.9,0.064,697.72,Heavy Rain,0,642,0,1.2,1.0,1.065
2026-09-09,DAL-HUB,Sortation,Evening,18,Wednesday,0,0,1,1705,1566,377,739,1033,24,23,22,44,8,100.2,0.848,25,3.2,0.06,629.92,Clear,0,739,2,1.2,1.0,1.065
2026-09-09,DAL-HUB,Sortation,Evening,19,Wednesday,0,0,1,1764,1620,355,663,1168,23,24,22,44,8,118.4,0.762,24,3.7,0.084,641.82,Clear,0,663,1,1.2,1.0,1.065
2026-09-09,DAL-HUB,Sortation,Evening,20,Wednesday,0,0,0,1453,1334,508,664,844,18,19,18,40,8,91.0,0.923,2,5.0,0.074,527.3,Heavy Rain,0,664,0,1.08,1.0,1.065
2026-09-09,DAL-HUB,Sortation,Evening,21,Wednesday,0,0,0,1225,1125,424,623,633,17,17,16,42,8,74.5,0.927,15,3.7,0.08,486.12,Clear,0,623,2,0.96,1.0,1.065
2026-09-09,DAL-HUB,Sortation,Night,22,Wednesday,0,0,0,1321,1213,427,653,712,18,17,16,42,8,80.3,0.973,15,4.9,0.065,521.46,Clear,0,653,0,0.96,1.0,1.065
2026-09-09,DAL-HUB,Sortation,Night,23,Wednesday,0,0,0,1113,1022,287,494,664,14,15,14,39,8,89.3,0.906,6,4.6,0.072,441.45,Clear,0,494,1,0.82,1.0,1.065
2026-09-09,DAL-HUB,Outbound,Morning,6,Wednesday,0,0,0,1148,1125,386,670,505,13,13,12,58,8,60.8,0.964,8,3.6,0.058,381.5,Clear,0,670,1,0.96,1.0,1.065
2026-09-09,DAL-HUB,Outbound,Morning,7,Wednesday,0,0,0,1436,1407,432,739,732,16,16,15,50,8,68.8,0.986,7,4.3,0.056,461.69,Clear,0,739,2,1.2,1.0,1.065
2026-09-09,DAL-HUB,Outbound,Morning,8,Wednesday,0,0,1,1624,1591,331,833,839,20,20,18,48,8,72.9,0.965,8,4.2,0.075,524.04,Clear,0,833,1,1.2,1.0,1.065
2026-09-09,DAL-HUB,Outbound,Morning,9,Wednesday,0,0,1,1665,1631,435,821,922,20,20,18,49,8,79.7,0.931,7,4.8,0.083,538.38,Clear,0,821,0,1.2,1.0,1.065
2026-09-09,DAL-HUB,Outbound,Morning,10,Wednesday,0,0,0,1197,1173,225,624,613,13,14,13,52,8,74.2,0.924,2,3.8,0.08,388.3,Clear,0,624,1,1.08,1.0,1.065
2026-09-09,DAL-HUB,Outbound,Morning,11,Wednesday,0,0,0,1335,1308,474,777,606,16,16,15,53,8,59.7,0.978,8,3.5,0.051,440.63,Clear,0,777,3,1.08,1.0,1.065
2026-09-09,DAL-HUB,Outbound,Morning,12,Wednesday,0,0,0,1147,1124,220,482,716,11,11,10,49,8,100.2,0.985,6,5.7,0.09,396.14,Rain,0,482,0,0.96,1.0,1.065
2026-09-09,DAL-HUB,Outbound,Morning,13,Wednesday,0,0,0,1057,1035,200,576,520,13,13,12,50,8,67.6,0.961,13,3.3,0.076,387.42,Clear,0,576,1,0.96,1.0,1.065
2026-09-09,DAL-HUB,Outbound,Evening,14,Wednesday,0,0,0,1022,1001,260,480,577,11,11,10,52,8,83.5,0.925,3,4.4,0.068,346.57,Clear,0,480,1,0.96,1.0,1.065
2026-09-09,DAL-HUB,Outbound,Evening,15,Wednesday,0,0,0,1192,1168,343,660,570,15,15,14,49,8,65.7,0.963,8,3.3,0.072,412.91,Clear,0,660,0,1.08,1.0,1.065
2026-09-09,DAL-HUB,Outbound,Evening,16,Wednesday,0,0,0,1207,1182,226,714,532,14,15,14,52,8,56.1,0.981,12,3.2,0.077,423.18,Clear,0,714,1,1.08,1.0,1.065
2026-09-09,DAL-HUB,Outbound,Evening,17,Wednesday,0,0,1,1568,1536,500,799,815,19,19,17,49,8,75.6,0.96,4,4.1,0.096,487.9,Clear,0,799,1,1.2,1.0,1.065
2026-09-09,DAL-HUB,Outbound,Evening,18,Wednesday,0,0,1,1589,1557,526,709,938,17,18,16,46,8,90.5,0.964,4,4.9,0.087,491.2,Clear,0,709,2,1.2,1.0,1.065
2026-09-09,DAL-HUB,Outbound,Evening,19,Wednesday,0,0,1,1661,1627,574,878,811,18,19,17,54,8,67.9,0.956,8,4.1,0.095,504.24,Rain,0,878,5,1.2,1.0,1.065
2026-09-09,DAL-HUB,Outbound,Evening,20,Wednesday,0,0,0,1260,1234,262,661,651,15,15,14,48,8,73.1,0.985,1,3.7,0.062,402.95,Clear,0,661,0,1.08,1.0,1.065
2026-09-09,DAL-HUB,Outbound,Evening,21,Wednesday,0,0,0,1140,1117,364,526,643,13,13,12,47,8,81.9,0.934,5,4.6,0.068,401.01,Rain,0,526,4,0.96,1.0,1.065
2026-09-09,DAL-HUB,Outbound,Night,22,Wednesday,0,0,0,1063,1041,237,511,580,11,11,10,52,8,80.4,0.983,8,4.8,0.07,374.53,Clear,0,511,0,0.96,1.0,1.065
2026-09-09,DAL-HUB,Outbound,Night,23,Wednesday,0,0,0,988,968,224,468,580,11,11,10,49,8,85.7,0.956,10,4.8,0.077,379.56,Clear,0,468,0,0.82,1.0,1.065
2026-09-10,ATL-HUB,Inbound,Morning,6,Thursday,0,0,0,1874,1654,519,942,905,23,22,21,47,8,72.3,0.955,14,3.2,0.06,576.98,Clear,0,942,3,0.96,1.15,1.08
2026-09-10,ATL-HUB,Inbound,Morning,7,Thursday,0,0,1,2428,2142,500,1286,1110,28,27,25,52,8,69.5,0.989,5,3.4,0.069,641.56,Clear,0,1286,2,1.2,1.15,1.08
2026-09-10,ATL-HUB,Inbound,Morning,8,Thursday,0,0,1,3077,2715,564,1536,1498,34,35,32,48,8,72.2,1.0,14,4.9,0.083,860.31,Clear,1,1536,4,1.2,1.15,1.08
2026-09-10,ATL-HUB,Inbound,Morning,9,Thursday,0,0,1,3198,2822,623,1378,1782,36,36,34,42,8,90.0,0.965,7,5.1,0.052,884.65,Clear,1,1378,3,1.2,1.15,1.08
2026-09-10,ATL-HUB,Inbound,Morning,10,Thursday,0,0,0,2032,1793,578,1003,994,23,23,22,47,8,71.7,0.971,14,4.1,0.061,624.47,Clear,0,1003,2,1.08,1.15,1.08
2026-09-10,ATL-HUB,Inbound,Morning,11,Thursday,0,0,0,2109,1861,455,982,1095,23,23,22,47,8,79.3,0.951,13,4.0,0.059,619.82,Clear,0,982,2,1.08,1.15,1.08
2026-09-10,ATL-HUB,Inbound,Morning,12,Thursday,0,0,0,1882,1661,449,868,1003,22,22,20,46,8,82.7,0.944,7,4.1,0.075,567.07,Storm,0,868,3,0.96,1.15,1.08
2026-09-10,ATL-HUB,Inbound,Morning,13,Thursday,0,0,0,1951,1721,487,993,942,22,23,21,50,8,71.0,0.947,5,3.6,0.081,560.73,Clear,0,993,0,0.96,1.15,1.08
2026-09-10,ATL-HUB,Inbound,Evening,14,Thursday,0,0,0,1885,1664,459,1043,821,23,23,21,52,8,63.6,0.956,3,3.4,0.09,547.58,Clear,0,1043,1,0.96,1.15,1.08
2026-09-10,ATL-HUB,Inbound,Evening,15,Thursday,0,0,0,1875,1655,482,861,992,22,22,21,44,8,80.2,0.932,7,4.2,0.047,582.6,Clear,0,861,0,1.08,1.15,1.08
2026-09-10,ATL-HUB,Inbound,Evening,16,Thursday,0,0,0,2153,1899,515,1115,1022,24,25,23,50,8,68.7,0.97,14,3.9,0.076,640.5,Clear,0,1115,0,1.08,1.15,1.08
2026-09-10,ATL-HUB,Inbound,Evening,17,Thursday,0,0,1,3247,2865,708,1540,1659,39,39,36,45,8,75.1,0.951,4,4.2,0.071,889.71,Clear,1,1540,1,1.2,1.15,1.08
2026-09-10,ATL-HUB,Inbound,Evening,18,Thursday,0,0,1,3126,2758,736,1317,1764,34,35,32,44,8,92.2,0.936,0,5.2,0.074,824.77,Clear,1,1317,2,1.2,1.15,1.08
2026-09-10,ATL-HUB,Inbound,Evening,19,Thursday,0,0,1,2794,2466,838,1465,1306,34,34,31,48,8,66.4,0.985,9,3.4,0.076,777.82,Clear,0,1465,1,1.2,1.15,1.08
2026-09-10,ATL-HUB,Inbound,Evening,20,Thursday,0,0,0,1986,1753,356,810,1171,23,23,21,41,8,97.5,0.941,12,5.4,0.066,634.16,Clear,0,810,2,1.08,1.15,1.08
2026-09-10,ATL-HUB,Inbound,Evening,21,Thursday,0,0,0,1817,1603,434,913,887,22,21,20,49,8,70.8,0.932,4,3.4,0.05,530.08,Clear,0,913,2,0.96,1.15,1.08
2026-09-10,ATL-HUB,Inbound,Night,22,Thursday,0,0,0,1964,1733,387,909,1023,22,23,21,46,8,82.6,0.942,6,4.4,0.099,586.57,Clear,0,909,0,0.96,1.15,1.08
2026-09-10,ATL-HUB,Inbound,Night,23,Thursday,0,0,0,1367,1206,317,735,612,17,16,15,50,8,64.5,0.98,3,3.5,0.064,424.24,Clear,0,735,3,0.82,1.15,1.08
2026-09-10,ATL-HUB,Sortation,Morning,6,Thursday,0,0,0,1932,1774,381,1003,972,24,25,23,44,8,73.0,0.992,1,4.5,0.094,613.2,Clear,0,1003,2,0.96,1.15,1.08
2026-09-10,ATL-HUB,Sortation,Morning,7,Thursday,0,0,1,2465,2264,798,1048,1506,34,34,31,41,8,100.5,0.917,28,4.2,0.089,856.99,Clear,0,1048,1,1.2,1.15,1.08
2026-09-10,ATL-HUB,Sortation,Morning,8,Thursday,0,0,1,2953,2712,738,1265,1763,42,42,39,44,8,98.8,0.819,22,3.4,0.065,980.35,Clear,1,1265,1,1.2,1.15,1.08
2026-09-10,ATL-HUB,Sortation,Morning,9,Thursday,0,0,1,3334,3062,731,1203,2208,44,46,43,40,8,125.2,0.778,24,4.2,0.073,1094.15,Clear,1,1203,4,1.2,1.15,1.08
2026-09-10,ATL-HUB,Sortation,Morning,10,Thursday,0,0,0,2237,2054,655,1046,1234,32,31,29,38,8,80.1,0.949,2,4.5,0.072,738.99,Clear,0,1046,4,1.08,1.15,1.08
2026-09-10,ATL-HUB,Sortation,Morning,11,Thursday,0,0,0,2137,1962,454,1235,951,31,31,30,44,8,61.9,0.936,1,3.0,0.045,711.46,Clear,0,1235,2,1.08,1.15,1.08
2026-09-10,ATL-HUB,Sortation,Morning,12,Thursday,0,0,0,2008,1844,535,965,1094,26,26,25,41,8,80.4,0.942,7,4.5,0.051,672.78,Clear,0,965,1,0.96,1.15,1.08
2026-09-10,ATL-HUB,Sortation,Morning,13,Thursday,0,0,0,1839,1689,479,984,909,25,24,23,43,8,67.8,0.995,1,3.7,0.053,589.09,Clear,0,984,1,0.96,1.15,1.08
2026-09-10,ATL-HUB,Sortation,Evening,14,Thursday,0,0,0,2053,1885,588,768,1337,25,26,24,35,8,114.5,0.915,4,6.5,0.084,700.51,Clear,0,768,2,0.96,1.15,1.08
2026-09-10,ATL-HUB,Sortation,Evening,15,Thursday,0,0,0,2110,1938,418,1113,1065,30,30,28,41,8,71.8,0.97,0,4.1,0.069,699.57,Clear,0,1113,1,1.08,1.15,1.08
2026-09-10,ATL-HUB,Sortation,Evening,16,Thursday,0,0,0,1920,1764,368,957,1023,27,27,25,39,8,76.4,0.982,0,4.0,0.063,634.78,Clear,0,957,1,1.08,1.15,1.08
2026-09-10,ATL-HUB,Sortation,Evening,17,Thursday,0,0,1,3161,2903,805,1330,1908,44,44,40,44,8,101.7,0.84,15,3.7,0.082,989.67,Clear,1,1330,0,1.2,1.15,1.08
2026-09-10,ATL-HUB,Sortation,Evening,18,Thursday,0,0,1,3209,2947,620,1215,2073,42,43,40,38,8,119.3,0.889,25,5.0,0.072,1058.95,Clear,1,1215,2,1.2,1.15,1.08
2026-09-10,ATL-HUB,Sortation,Evening,19,Thursday,0,0,1,2932,2692,797,1148,1846,39,38,35,43,8,110.0,0.848,23,4.2,0.079,927.56,Clear,0,1148,1,1.2,1.15,1.08
2026-09-10,ATL-HUB,Sortation,Evening,20,Thursday,0,0,0,2154,1978,736,1061,1170,29,29,27,41,8,75.6,0.959,11,4.2,0.06,718.86,Clear,0,1061,3,1.08,1.15,1.08
2026-09-10,ATL-HUB,Sortation,Evening,21,Thursday,0,0,0,2055,1887,380,978,1127,25,26,24,42,8,83.6,0.971,2,4.5,0.072,638.15,Clear,0,978,2,0.96,1.15,1.08
2026-09-10,ATL-HUB,Sortation,Night,22,Thursday,0,0,0,1939,1781,608,1168,822,26,27,25,47,8,57.5,0.994,4,3.1,0.069,622.72,Clear,0,1168,4,0.96,1.15,1.08
2026-09-10,ATL-HUB,Sortation,Night,23,Thursday,0,0,0,1596,1466,362,762,887,20,21,19,44,8,82.3,0.912,14,4.6,0.084,573.42,Clear,0,762,0,0.82,1.15,1.08
2026-09-10,ATL-HUB,Outbound,Morning,6,Thursday,0,0,0,1806,1769,613,837,1011,21,21,20,45,8,84.0,0.93,14,4.9,0.046,605.17,Clear,0,837,1,0.96,1.15,1.08
2026-09-10,ATL-HUB,Outbound,Morning,7,Thursday,0,0,1,2149,2105,625,1204,990,27,27,25,50,8,65.9,0.963,0,3.2,0.059,616.57,Clear,0,1204,1,1.2,1.15,1.08
2026-09-10,ATL-HUB,Outbound,Morning,8,Thursday,0,0,1,2788,2731,646,1406,1435,33,33,30,49,8,75.8,0.957,10,3.9,0.083,777.41,Clear,1,1406,2,1.2,1.15,1.08
2026-09-10,ATL-HUB,Outbound,Morning,9,Thursday,0,0,1,3057,2995,611,1613,1521,35,35,33,49,8,67.7,0.998,8,4.0,0.057,837.26,Clear,1,1613,4,1.2,1.15,1.08
2026-09-10,ATL-HUB,Outbound,Morning,10,Thursday,0,0,0,1911,1872,355,960,1023,23,22,21,49,8,75.4,0.934,13,4.2,0.068,603.82,Clear,0,960,1,1.08,1.15,1.08
2026-09-10,ATL-HUB,Outbound,Morning,11,Thursday,0,0,0,1862,1824,409,833,1078,21,21,19,46,8,90.1,0.954,10,4.9,0.076,573.9,Clear,0,833,0,1.08,1.15,1.08
2026-09-10,ATL-HUB,Outbound,Morning,12,Thursday,0,0,0,1544,1512,503,762,811,17,17,16,50,8,79.0,0.954,15,4.1,0.06,503.17,Clear,0,762,0,0.96,1.15,1.08
2026-09-10,ATL-HUB,Outbound,Morning,13,Thursday,0,0,0,1722,1687,533,780,988,19,19,18,49,8,87.3,0.885,0,4.0,0.076,494.64,Clear,0,780,0,0.96,1.15,1.08
2026-09-10,ATL-HUB,Outbound,Evening,14,Thursday,0,0,0,1700,1665,476,875,873,19,20,18,50,8,73.8,0.973,10,4.7,0.079,545.83,Clear,0,875,1,0.96,1.15,1.08
2026-09-10,ATL-HUB,Outbound,Evening,15,Thursday,0,0,0,1906,1867,379,890,1062,21,22,20,47,8,81.6,0.947,11,4.1,0.079,575.01,Clear,0,890,0,1.08,1.15,1.08
2026-09-10,ATL-HUB,Outbound,Evening,16,Thursday,0,0,0,1850,1812,434,1008,890,23,22,21,49,8,66.3,0.98,3,3.4,0.06,548.28,Clear,0,1008,2,1.08,1.15,1.08
2026-09-10,ATL-HUB,Outbound,Evening,17,Thursday,0,0,1,2626,2572,911,1323,1374,30,29,27,49,8,73.1,1.0,9,4.9,0.067,740.74,Clear,1,1323,3,1.2,1.15,1.08
2026-09-10,ATL-HUB,Outbound,Evening,18,Thursday,0,0,1,2842,2784,696,1393,1523,30,31,29,50,8,77.0,0.961,5,4.3,0.076,754.12,Clear,1,1393,8,1.2,1.15,1.08
2026-09-10,ATL-HUB,Outbound,Evening,19,Thursday,0,0,1,2286,2239,420,1115,1254,27,28,26,45,8,77.4,0.954,2,4.6,0.059,684.19,Clear,0,1115,1,1.2,1.15,1.08
2026-09-10,ATL-HUB,Outbound,Evening,20,Thursday,0,0,0,1932,1893,683,841,1164,20,21,19,45,8,93.9,0.984,8,5.4,0.077,582.8,Clear,0,841,0,1.08,1.15,1.08
2026-09-10,ATL-HUB,Outbound,Evening,21,Thursday,0,0,0,1609,1576,469,771,884,16,17,16,49,8,79.7,0.984,1,4.6,0.073,473.56,Clear,0,771,3,0.96,1.15,1.08
2026-09-10,ATL-HUB,Outbound,Night,22,Thursday,0,0,0,1655,1621,351,967,718,21,22,20,50,8,61.8,0.968,1,3.4,0.07,518.8,Clear,0,967,7,0.96,1.15,1.08
2026-09-10,ATL-HUB,Outbound,Night,23,Thursday,0,0,0,1429,1400,396,691,784,16,16,15,48,8,78.7,0.96,9,4.3,0.07,467.96,Clear,0,691,2,0.82,1.15,1.08
2026-09-10,CHI-HUB,Inbound,Morning,6,Thursday,0,0,0,1541,1359,386,826,705,18,18,17,50,8,63.9,0.972,3,3.4,0.072,463.5,Clear,0,826,1,0.96,1.15,1.08
2026-09-10,CHI-HUB,Inbound,Morning,7,Thursday,0,0,1,2411,2127,641,1189,1185,29,29,27,47,8,71.3,0.938,0,3.6,0.053,669.85,Clear,0,1189,0,1.2,1.15,1.08
2026-09-10,CHI-HUB,Inbound,Morning,8,Thursday,0,0,1,2869,2531,587,1488,1339,33,32,31,48,8,67.0,1.0,1,3.5,0.046,756.33,Clear,1,1488,2,1.2,1.15,1.08
2026-09-10,CHI-HUB,Inbound,Morning,9,Thursday,0,0,1,2912,2569,997,1543,1332,34,34,32,50,8,67.2,0.965,6,3.1,0.061,781.39,Clear,1,1543,3,1.2,1.15,1.08
2026-09-10,CHI-HUB,Inbound,Morning,10,Thursday,0,0,0,1960,1729,355,976,943,24,23,22,45,8,70.8,0.986,9,4.1,0.055,607.2,Clear,0,976,1,1.08,1.15,1.08
2026-09-10,CHI-HUB,Inbound,Morning,11,Thursday,0,0,0,1829,1614,337,859,941,20,21,19,47,8,79.9,0.963,3,4.1,0.098,527.19,Clear,0,859,0,1.08,1.15,1.08
2026-09-10,CHI-HUB,Inbound,Morning,12,Thursday,0,0,0,1673,1476,380,833,821,18,18,17,51,8,67.7,0.961,4,4.0,0.066,485.84,Clear,0,833,3,0.96,1.15,1.08
2026-09-10,CHI-HUB,Inbound,Morning,13,Thursday,0,0,0,1638,1445,525,756,857,19,19,18,42,8,79.2,1.0,10,4.6,0.065,540.71,Clear,0,756,2,0.96,1.15,1.08
2026-09-10,CHI-HUB,Inbound,Evening,14,Thursday,0,0,0,1666,1470,392,856,784,19,19,18,51,8,69.0,0.933,4,3.4,0.066,488.41,Clear,0,856,5,0.96,1.15,1.08
2026-09-10,CHI-HUB,Inbound,Evening,15,Thursday,0,0,0,1878,1657,413,1001,879,24,22,21,48,8,69.4,0.993,2,3.3,0.039,541.46,Clear,0,1001,3,1.08,1.15,1.08
2026-09-10,CHI-HUB,Inbound,Evening,16,Thursday,0,0,0,1910,1685,575,924,968,22,22,21,44,8,75.8,1.0,9,4.6,0.06,600.81,Clear,0,924,0,1.08,1.15,1.08
2026-09-10,CHI-HUB,Inbound,Evening,17,Thursday,0,0,1,3002,2649,775,1555,1410,36,36,34,47,8,68.0,0.973,1,3.7,0.053,822.79,Clear,1,1555,0,1.2,1.15,1.08
2026-09-10,CHI-HUB,Inbound,Evening,18,Thursday,0,0,1,2973,2623,996,1470,1467,37,37,35,42,8,75.9,1.0,8,4.2,0.067,878.17,Clear,1,1470,2,1.2,1.15,1.08
2026-09-10,CHI-HUB,Inbound,Evening,19,Thursday,0,0,1,2222,1961,667,1066,1138,24,25,23,48,8,77.8,0.966,6,4.6,0.079,635.72,Clear,0,1066,1,1.2,1.15,1.08
2026-09-10,CHI-HUB,Inbound,Evening,20,Thursday,0,0,0,1802,1590,358,973,811,22,21,20,50,8,64.8,0.974,2,3.1,0.066,515.01,Clear,0,973,2,1.08,1.15,1.08
2026-09-10,CHI-HUB,Inbound,Evening,21,Thursday,0,0,0,1775,1566,581,843,915,21,20,19,47,8,78.7,0.945,11,4.4,0.075,560.24,Clear,0,843,2,0.96,1.15,1.08
2026-09-10,CHI-HUB,Inbound,Night,22,Thursday,0,0,0,1644,1450,393,804,806,19,19,18,46,8,72.0,0.972,13,3.8,0.077,528.02,Clear,0,804,1,0.96,1.15,1.08
2026-09-10,CHI-HUB,Inbound,Night,23,Thursday,0,0,0,1496,1320,265,726,755,17,17,16,46,8,75.3,0.987,4,4.3,0.052,471.61,Clear,0,726,1,0.82,1.15,1.08
2026-09-10,CHI-HUB,Sortation,Morning,6,Thursday,0,0,0,1580,1451,375,854,780,23,22,21,42,8,69.2,0.969,2,3.4,0.06,540.13,Clear,0,854,0,0.96,1.15,1.08
2026-09-10,CHI-HUB,Sortation,Morning,7,Thursday,0,0,1,2529,2322,548,1001,1592,35,35,33,43,8,111.9,0.785,23,3.4,0.067,858.76,Clear,0,1001,3,1.2,1.15,1.08
2026-09-10,CHI-HUB,Sortation,Morning,8,Thursday,0,0,1,3242,2978,691,1269,2062,44,43,40,43,8,111.7,0.82,11,4.0,0.065,986.76,Clear,1,1269,1,1.2,1.15,1.08
2026-09-10,CHI-HUB,Sortation,Morning,9,Thursday,0,0,1,3023,2776,821,1288,1801,40,39,36,44,8,97.1,0.904,13,4.2,0.066,923.39,Heavy Rain,1,1288,0,1.2,1.15,1.08
2026-09-10,CHI-HUB,Sortation,Morning,10,Thursday,0,0,0,2122,1949,608,1092,1090,29,30,27,41,8,69.5,0.987,12,3.9,0.093,713.09,Clear,0,1092,0,1.08,1.15,1.08
2026-09-10,CHI-HUB,Sortation,Morning,11,Thursday,0,0,0,2115,1943,526,1118,1066,27,28,26,43,8,68.6,1.0,10,4.6,0.061,706.66,Clear,0,1118,0,1.08,1.15,1.08
2026-09-10,CHI-HUB,Sortation,Morning,12,Thursday,0,0,0,1745,1602,381,951,818,24,24,22,48,8,64.9,0.901,5,3.0,0.079,561.06,Clear,0,951,0,0.96,1.15,1.08
2026-09-10,CHI-HUB,Sortation,Morning,13,Thursday,0,0,0,1725,1584,409,876,900,21,23,21,44,8,74.5,0.949,4,3.5,0.068,552.0,Clear,0,876,1,0.96,1.15,1.08
2026-09-10,CHI-HUB,Sortation,Evening,14,Thursday,0,0,0,1645,1511,369,959,742,24,25,23,42,8,60.1,0.993,2,3.3,0.071,577.52,Clear,0,959,4,0.96,1.15,1.08
2026-09-10,CHI-HUB,Sortation,Evening,15,Thursday,0,0,0,2093,1922,481,1137,1012,31,29,28,42,8,64.7,0.967,7,3.9,0.037,716.05,Clear,0,1137,2,1.08,1.15,1.08
2026-09-10,CHI-HUB,Sortation,Evening,16,Thursday,0,0,0,2140,1965,597,1068,1111,27,28,26,43,8,76.6,0.956,10,4.4,0.069,701.51,Clear,0,1068,3,1.08,1.15,1.08
2026-09-10,CHI-HUB,Sortation,Evening,17,Thursday,0,0,1,3343,3070,1065,1164,2274,45,44,43,44,8,125.9,0.684,19,3.5,0.034,1058.72,Clear,1,1164,0,1.2,1.15,1.08
2026-09-10,CHI-HUB,Sortation,Evening,18,Thursday,0,0,1,2965,2723,625,1317,1737,41,41,38,43,8,96.6,0.896,24,3.8,0.069,978.67,Clear,1,1317,2,1.2,1.15,1.08
2026-09-10,CHI-HUB,Sortation,Evening,19,Thursday,0,0,1,2651,2435,598,1049,1667,37,36,34,43,8,108.2,0.798,23,3.5,0.052,883.31,Clear,0,1049,0,1.2,1.15,1.08
2026-09-10,CHI-HUB,Sortation,Evening,20,Thursday,0,0,0,2101,1929,675,1083,1091,28,27,25,45,8,74.5,0.963,9,3.9,0.063,664.09,Clear,0,1083,4,1.08,1.15,1.08
2026-09-10,CHI-HUB,Sortation,Evening,21,Thursday,0,0,0,1877,1724,439,817,1114,24,24,22,38,8,92.8,0.978,9,5.6,0.075,649.09,Clear,0,817,2,0.96,1.15,1.08
2026-09-10,CHI-HUB,Sortation,Night,22,Thursday,0,0,0,1651,1516,366,951,747,24,23,22,45,8,63.3,0.962,9,2.6,0.055,560.93,Clear,0,951,4,0.96,1.15,1.08
2026-09-10,CHI-HUB,Sortation,Night,23,Thursday,0,0,0,1531,1406,390,721,863,20,20,19,40,8,82.5,0.949,3,4.6,0.072,542.66,Storm,0,721,0,0.82,1.15,1.08
2026-09-10,CHI-HUB,Outbound,Morning,6,Thursday,0,0,0,1448,1418,434,706,789,16,16,15,49,8,79.1,0.962,6,4.1,0.083,453.1,Clear,0,706,0,0.96,1.15,1.08
2026-09-10,CHI-HUB,Outbound,Morning,7,Thursday,0,0,1,2219,2174,670,1121,1146,25,26,24,47,8,79.6,0.994,12,4.6,0.063,675.97,Clear,0,1121,1,1.2,1.15,1.08
2026-09-10,CHI-HUB,Outbound,Morning,8,Thursday,0,0,1,2782,2725,825,1616,1231,35,35,32,53,8,62.4,0.953,12,3.0,0.082,797.5,Clear,1,1616,1,1.2,1.15,1.08
2026-09-10,CHI-HUB,Outbound,Morning,9,Thursday,0,0,1,2760,2704,611,1650,1192,35,36,33,50,8,57.6,1.0,8,3.3,0.079,812.21,Clear,1,1650,2,1.2,1.15,1.08
2026-09-10,CHI-HUB,Outbound,Morning,10,Thursday,0,0,0,1675,1641,375,826,902,18,18,17,50,8,76.8,0.972,6,4.0,0.044,499.64,Storm,0,826,2,1.08,1.15,1.08
2026-09-10,CHI-HUB,Outbound,Morning,11,Thursday,0,0,0,1865,1827,662,782,1127,19,19,17,46,8,96.3,1.0,13,6.1,0.091,578.17,Clear,0,782,1,1.08,1.15,1.08
2026-09-10,CHI-HUB,Outbound,Morning,12,Thursday,0,0,0,1492,1462,450,790,756,16,17,16,50,8,70.2,0.989,14,3.7,0.061,487.81,Clear,0,790,1,0.96,1.15,1.08
2026-09-10,CHI-HUB,Outbound,Morning,13,Thursday,0,0,0,1467,1437,517,749,759,17,16,15,51,8,75.4,0.979,2,3.9,0.064,435.05,Clear,0,749,0,0.96,1.15,1.08
2026-09-10,CHI-HUB,Outbound,Evening,14,Thursday,0,0,0,1475,1445,470,784,734,17,17,16,49,8,71.3,1.0,2,3.8,0.044,455.16,Heavy Rain,0,784,2,0.96,1.15,1.08
2026-09-10,CHI-HUB,Outbound,Evening,15,Thursday,0,0,0,1879,1841,414,983,929,22,22,20,50,8,68.2,0.983,12,4.2,0.077,580.52,Clear,0,983,1,1.08,1.15,1.08
2026-09-10,CHI-HUB,Outbound,Evening,16,Thursday,0,0,0,1827,1790,567,945,932,20,21,19,51,8,75.5,0.976,0,3.9,0.073,513.27,Clear,0,945,1,1.08,1.15,1.08
2026-09-10,CHI-HUB,Outbound,Evening,17,Thursday,0,0,1,2783,2726,653,1463,1384,35,35,33,48,8,70.8,0.924,6,3.7,0.07,817.42,Clear,1,1463,2,1.2,1.15,1.08
2026-09-10,CHI-HUB,Outbound,Evening,18,Thursday,0,0,1,2544,2492,564,1366,1236,28,29,27,53,8,68.6,0.955,5,3.6,0.082,690.03,Clear,1,1366,4,1.2,1.15,1.08
2026-09-10,CHI-HUB,Outbound,Evening,19,Thursday,0,0,1,2194,2149,605,1034,1214,26,25,24,45,8,87.1,0.958,9,4.7,0.052,668.7,Clear,0,1034,1,1.2,1.15,1.08
2026-09-10,CHI-HUB,Outbound,Evening,20,Thursday,0,0,0,1915,1876,577,1050,906,22,23,21,51,8,66.1,0.98,9,3.3,0.081,565.89,Clear,0,1050,2,1.08,1.15,1.08
2026-09-10,CHI-HUB,Outbound,Evening,21,Thursday,0,0,0,1659,1625,386,769,946,19,19,18,44,8,81.9,0.972,4,4.7,0.074,525.87,Clear,0,769,0,0.96,1.15,1.08
2026-09-10,CHI-HUB,Outbound,Night,22,Thursday,0,0,0,1567,1535,332,855,758,19,19,18,48,8,64.3,0.991,10,3.8,0.079,518.18,Clear,0,855,0,0.96,1.15,1.08
2026-09-10,CHI-HUB,Outbound,Night,23,Thursday,0,0,0,1278,1252,394,642,671,14,14,13,52,8,76.6,0.951,10,4.6,0.072,437.79,Clear,0,642,1,0.82,1.15,1.08
2026-09-10,DAL-HUB,Inbound,Morning,6,Thursday,0,0,0,1421,1254,369,737,664,16,16,15,51,8,71.0,0.964,2,3.5,0.069,421.99,Clear,0,737,0,0.96,1.15,1.08
2026-09-10,DAL-HUB,Inbound,Morning,7,Thursday,0,0,1,1950,1720,412,932,1005,22,23,21,47,8,77.8,0.945,10,4.4,0.077,599.12,Clear,0,932,1,1.2,1.15,1.08
2026-09-10,DAL-HUB,Inbound,Morning,8,Thursday,0,0,1,2402,2119,477,1352,997,30,29,28,50,8,56.2,0.966,5,2.6,0.049,677.19,Clear,1,1352,6,1.2,1.15,1.08
2026-09-10,DAL-HUB,Inbound,Morning,9,Thursday,0,0,1,2654,2341,534,1404,1225,29,29,27,52,8,64.0,1.0,2,3.9,0.072,688.94,Clear,1,1404,3,1.2,1.15,1.08
2026-09-10,DAL-HUB,Inbound,Morning,10,Thursday,0,0,0,1540,1359,281,778,756,18,18,17,48,8,71.8,0.954,0,3.5,0.041,456.68,Clear,0,778,1,1.08,1.15,1.08
2026-09-10,DAL-HUB,Inbound,Morning,11,Thursday,0,0,0,1713,1512,303,874,812,21,20,19,46,8,69.1,1.0,12,3.7,0.047,544.55,Rain,0,874,2,1.08,1.15,1.08
2026-09-10,DAL-HUB,Inbound,Morning,12,Thursday,0,0,0,1483,1308,388,769,709,16,16,15,52,8,70.5,0.986,8,3.3,0.061,436.67,Clear,0,769,0,0.96,1.15,1.08
2026-09-10,DAL-HUB,Inbound,Morning,13,Thursday,0,0,0,1444,1274,256,656,773,17,16,15,46,8,85.0,0.951,12,4.4,0.053,479.59,Clear,0,656,0,0.96,1.15,1.08
2026-09-10,DAL-HUB,Inbound,Evening,14,Thursday,0,0,0,1387,1224,466,788,577,16,16,15,53,8,55.4,0.992,4,2.9,0.075,410.98,Clear,0,788,1,0.96,1.15,1.08
2026-09-10,DAL-HUB,Inbound,Evening,15,Thursday,0,0,0,1603,1414,531,718,871,18,18,17,46,8,86.4,0.919,10,3.8,0.046,498.2,Clear,0,718,0,1.08,1.15,1.08
2026-09-10,DAL-HUB,Inbound,Evening,16,Thursday,0,0,0,1610,1421,364,718,892,20,19,18,42,8,87.3,0.95,10,4.8,0.064,545.82,Clear,0,718,2,1.08,1.15,1.08
2026-09-10,DAL-HUB,Inbound,Evening,17,Thursday,0,0,1,2188,1931,528,1119,1058,25,26,24,48,8,68.8,0.972,0,3.8,0.06,613.03,Clear,1,1119,1,1.2,1.15,1.08
2026-09-10,DAL-HUB,Inbound,Evening,18,Thursday,0,0,1,2451,2162,460,1234,1184,32,31,29,45,8,73.5,0.946,6,3.6,0.055,728.75,Clear,1,1234,1,1.2,1.15,1.08
2026-09-10,DAL-HUB,Inbound,Evening,19,Thursday,0,0,1,2022,1784,427,1056,936,23,24,22,48,8,68.1,1.0,1,4.1,0.067,582.69,Clear,0,1056,2,1.2,1.15,1.08
2026-09-10,DAL-HUB,Inbound,Evening,20,Thursday,0,0,0,1587,1400,444,792,778,17,17,16,50,8,74.7,0.991,8,4.4,0.066,488.81,Clear,0,792,1,1.08,1.15,1.08
2026-09-10,DAL-HUB,Inbound,Evening,21,Thursday,0,0,0,1454,1283,400,696,744,18,18,17,43,8,78.5,0.952,2,4.4,0.049,486.77,Clear,0,696,4,0.96,1.15,1.08
2026-09-10,DAL-HUB,Inbound,Night,22,Thursday,0,0,0,1319,1164,390,612,709,15,15,14,45,8,80.7,0.972,4,4.4,0.066,432.29,Clear,0,612,1,0.96,1.15,1.08
2026-09-10,DAL-HUB,Inbound,Night,23,Thursday,0,0,0,1243,1097,327,493,750,12,13,12,43,8,103.6,0.956,2,5.7,0.081,421.94,Clear,0,493,2,0.82,1.15,1.08
2026-09-10,DAL-HUB,Sortation,Morning,6,Thursday,0,0,0,1608,1476,389,827,835,23,23,21,41,8,73.4,0.961,3,3.8,0.066,555.04,Clear,0,827,2,0.96,1.15,1.08
2026-09-10,DAL-HUB,Sortation,Morning,7,Thursday,0,0,1,2063,1895,394,793,1322,27,28,26,42,8,112.7,0.808,29,4.3,0.059,758.11,Clear,0,793,0,1.2,1.15,1.08
2026-09-10,DAL-HUB,Sortation,Morning,8,Thursday,0,0,1,2576,2366,532,1242,1407,35,34,32,48,8,87.5,0.899,13,2.9,0.066,794.12,Clear,1,1242,3,1.2,1.15,1.08
2026-09-10,DAL-HUB,Sortation,Morning,9,Thursday,0,0,1,2426,2228,470,891,1603,31,32,30,41,8,119.8,0.806,10,4.5,0.055,787.57,Clear,1,891,1,1.2,1.15,1.08
2026-09-10,DAL-HUB,Sortation,Morning,10,Thursday,0,0,0,1686,1548,496,838,895,22,23,21,40,8,79.8,0.998,4,4.8,0.069,587.68,Clear,0,838,2,1.08,1.15,1.08
2026-09-10,DAL-HUB,Sortation,Morning,11,Thursday,0,0,0,1700,1561,511,909,831,22,23,21,46,8,69.8,0.941,8,3.6,0.094,567.13,Clear,0,909,1,1.08,1.15,1.08
2026-09-10,DAL-HUB,Sortation,Morning,12,Thursday,0,0,0,1584,1455,445,751,881,20,20,19,41,8,82.2,0.965,12,4.4,0.057,567.03,Storm,0,751,1,0.96,1.15,1.08
2026-09-10,DAL-HUB,Sortation,Morning,13,Thursday,0,0,0,1275,1171,408,610,698,18,18,17,40,8,80.7,0.897,9,4.1,0.063,498.54,Clear,0,610,1,0.96,1.15,1.08
2026-09-10,DAL-HUB,Sortation,Evening,14,Thursday,0,0,0,1497,1375,333,774,755,20,20,18,43,8,73.6,1.0,8,4.5,0.076,530.1,Clear,0,774,0,0.96,1.15,1.08
2026-09-10,DAL-HUB,Sortation,Evening,15,Thursday,0,0,0,1764,1620,334,970,852,23,25,23,46,8,63.7,0.918,3,3.6,0.07,591.32,Clear,0,970,2,1.08,1.15,1.08
2026-09-10,DAL-HUB,Sortation,Evening,16,Thursday,0,0,0,1666,1530,569,866,857,23,23,21,44,8,73.3,0.938,0,3.5,0.08,538.12,Clear,0,866,3,1.08,1.15,1.08
2026-09-10,DAL-HUB,Sortation,Evening,17,Thursday,0,0,1,2793,2565,966,1340,1530,37,39,36,44,8,85.1,0.94,21,3.5,0.069,918.52,Clear,1,1340,2,1.2,1.15,1.08
2026-09-10,DAL-HUB,Sortation,Evening,18,Thursday,0,0,1,2558,2349,592,862,1761,33,32,30,37,8,134.5,0.863,17,5.1,0.073,829.2,Clear,1,862,2,1.2,1.15,1.08
2026-09-10,DAL-HUB,Sortation,Evening,19,Thursday,0,0,1,1821,1673,431,625,1239,23,24,22,38,8,130.9,0.832,17,5.0,0.081,656.86,Clear,0,625,2,1.2,1.15,1.08
2026-09-10,DAL-HUB,Sortation,Evening,20,Thursday,0,0,0,1673,1537,514,837,890,21,22,20,43,8,74.5,0.974,1,4.2,0.071,541.54,Clear,0,837,2,1.08,1.15,1.08
2026-09-10,DAL-HUB,Sortation,Evening,21,Thursday,0,0,0,1481,1360,524,743,793,20,20,18,43,8,77.5,0.96,11,4.3,0.093,533.82,Clear,0,743,0,0.96,1.15,1.08
2026-09-10,DAL-HUB,Sortation,Night,22,Thursday,0,0,0,1542,1416,431,696,905,21,21,20,38,8,88.3,0.916,6,4.5,0.069,563.53,Clear,0,696,2,0.96,1.15,1.08
2026-09-10,DAL-HUB,Sortation,Night,23,Thursday,0,0,0,1247,1145,399,699,589,16,17,16,46,8,62.8,0.951,9,3.5,0.053,461.71,Clear,0,699,0,0.82,1.15,1.08
2026-09-10,DAL-HUB,Outbound,Morning,6,Thursday,0,0,0,1341,1314,367,625,756,15,15,14,47,8,84.9,0.951,10,4.3,0.085,450.04,Clear,0,625,0,0.96,1.15,1.08
2026-09-10,DAL-HUB,Outbound,Morning,7,Thursday,0,0,1,1871,1833,432,885,1031,21,22,20,47,8,78.7,0.942,13,4.3,0.073,586.38,Clear,0,885,2,1.2,1.15,1.08
2026-09-10,DAL-HUB,Outbound,Morning,8,Thursday,0,0,1,2172,2128,738,979,1268,23,24,22,48,8,89.7,0.928,4,4.6,0.067,610.51,Clear,1,979,3,1.2,1.15,1.08
2026-09-10,DAL-HUB,Outbound,Morning,9,Thursday,0,0,1,2106,2063,647,1089,1071,26,25,24,48,8,74.0,0.946,13,3.9,0.045,657.48,Clear,1,1089,0,1.2,1.15,1.08
2026-09-10,DAL-HUB,Outbound,Morning,10,Thursday,0,0,0,1437,1408,426,721,753,16,16,15,49,8,79.0,0.982,11,4.5,0.064,480.11,Clear,0,721,1,1.08,1.15,1.08
2026-09-10,DAL-HUB,Outbound,Morning,11,Thursday,0,0,0,1575,1543,418,800,827,19,18,17,49,8,79.7,0.962,12,4.0,0.069,510.84,Clear,0,800,1,1.08,1.15,1.08
2026-09-10,DAL-HUB,Outbound,Morning,12,Thursday,0,0,0,1289,1263,261,668,663,15,14,13,52,8,73.7,0.989,14,4.9,0.086,459.19,Clear,0,668,3,0.96,1.15,1.08
2026-09-10,DAL-HUB,Outbound,Morning,13,Thursday,0,0,0,1252,1226,437,567,735,14,14,13,46,8,89.2,0.949,11,4.6,0.058,441.88,Rain,0,567,1,0.96,1.15,1.08
2026-09-10,DAL-HUB,Outbound,Evening,14,Thursday,0,0,0,1358,1330,315,665,744,15,15,14,50,8,80.4,0.951,15,4.2,0.073,463.55,Clear,0,665,0,0.96,1.15,1.08
2026-09-10,DAL-HUB,Outbound,Evening,15,Thursday,0,0,0,1532,1501,432,817,778,20,19,18,48,8,71.2,0.946,1,3.1,0.071,469.15,Clear,0,817,1,1.08,1.15,1.08
2026-09-10,DAL-HUB,Outbound,Evening,16,Thursday,0,0,0,1611,1578,513,724,937,18,18,17,48,8,87.2,0.887,2,4.3,0.054,487.89,Clear,0,724,0,1.08,1.15,1.08
2026-09-10,DAL-HUB,Outbound,Evening,17,Thursday,0,0,1,2400,2351,534,1296,1158,29,27,26,53,8,66.9,0.941,2,3.5,0.053,658.13,Rain,1,1296,1,1.2,1.15,1.08
2026-09-10,DAL-HUB,Outbound,Evening,18,Thursday,0,0,1,2126,2083,630,1171,1017,26,25,24,50,8,63.8,0.976,10,3.9,0.058,648.26,Clear,1,1171,2,1.2,1.15,1.08
2026-09-10,DAL-HUB,Outbound,Evening,19,Thursday,0,0,1,1973,1933,401,913,1110,22,22,20,48,8,86.2,0.951,6,4.7,0.088,577.05,Clear,0,913,0,1.2,1.15,1.08
2026-09-10,DAL-HUB,Outbound,Evening,20,Thursday,0,0,0,1398,1369,446,666,771,16,16,15,47,8,81.5,0.946,10,4.6,0.075,478.99,Clear,0,666,0,1.08,1.15,1.08
2026-09-10,DAL-HUB,Outbound,Evening,21,Thursday,0,0,0,1362,1334,258,718,663,15,16,15,50,8,71.3,0.958,12,4.1,0.076,470.72,Clear,0,718,0,0.96,1.15,1.08
2026-09-10,DAL-HUB,Outbound,Night,22,Thursday,0,0,0,1332,1305,469,670,703,15,15,14,51,8,73.5,0.939,12,3.8,0.086,442.28,Clear,0,670,1,0.96,1.15,1.08
2026-09-10,DAL-HUB,Outbound,Night,23,Thursday,0,0,0,1252,1226,288,630,667,14,14,13,50,8,75.5,0.969,7,4.0,0.08,410.9,Clear,0,630,0,0.82,1.15,1.08
2026-09-11,ATL-HUB,Inbound,Morning,6,Friday,0,0,0,1671,1475,358,773,890,18,19,17,48,8,80.5,0.948,12,4.1,0.081,514.2,Clear,0,773,1,0.96,1.15,1.095
2026-09-11,ATL-HUB,Inbound,Morning,7,Friday,0,0,1,2455,2166,466,1047,1380,27,27,25,43,8,91.6,0.974,12,5.3,0.057,717.63,Clear,0,1047,1,1.2,1.15,1.095
2026-09-11,ATL-HUB,Inbound,Morning,8,Friday,0,0,1,2584,2280,542,1186,1369,27,28,26,48,8,79.6,0.951,12,4.1,0.076,705.81,Clear,0,1186,2,1.2,1.15,1.095
2026-09-11,ATL-HUB,Inbound,Morning,9,Friday,0,0,1,2576,2273,875,1271,1267,28,29,27,48,8,74.3,0.981,13,4.1,0.084,728.37,Clear,0,1271,5,1.2,1.15,1.095
2026-09-11,ATL-HUB,Inbound,Morning,10,Friday,0,0,0,2157,1903,398,1139,998,25,25,23,51,8,67.8,0.971,9,3.6,0.073,616.17,Clear,0,1139,1,1.08,1.15,1.095
2026-09-11,ATL-HUB,Inbound,Morning,11,Friday,0,0,0,1966,1735,553,942,991,25,24,23,42,8,77.2,0.975,4,4.7,0.054,627.6,Clear,0,942,0,1.08,1.15,1.095
2026-09-11,ATL-HUB,Inbound,Morning,12,Friday,0,0,0,1977,1745,405,1007,943,25,24,22,47,8,72.0,0.975,1,3.9,0.083,576.3,Clear,0,1007,1,0.96,1.15,1.095
2026-09-11,ATL-HUB,Inbound,Morning,13,Friday,0,0,0,2015,1778,438,980,1022,23,22,21,49,8,74.9,0.952,3,4.2,0.055,572.27,Clear,0,980,2,0.96,1.15,1.095
2026-09-11,ATL-HUB,Inbound,Evening,14,Friday,0,0,0,1962,1731,357,1026,912,23,24,22,48,8,65.4,0.972,15,3.3,0.097,604.03,Clear,0,1026,0,0.96,1.15,1.095
2026-09-11,ATL-HUB,Inbound,Evening,15,Friday,0,0,0,1969,1737,435,874,1075,23,22,21,44,8,86.5,0.947,4,5.2,0.066,602.66,Clear,0,874,1,1.08,1.15,1.095
2026-09-11,ATL-HUB,Inbound,Evening,16,Friday,0,0,0,2169,1914,633,1091,1045,23,24,22,50,8,71.8,0.992,5,4.0,0.067,595.29,Clear,0,1091,2,1.08,1.15,1.095
2026-09-11,ATL-HUB,Inbound,Evening,17,Friday,0,0,1,2671,2357,657,1280,1351,31,31,29,45,8,71.5,0.982,12,4.1,0.068,765.84,Clear,0,1280,0,1.2,1.15,1.095
2026-09-11,ATL-HUB,Inbound,Evening,18,Friday,0,0,1,2593,2288,718,1304,1267,30,30,28,49,8,69.7,0.951,5,3.9,0.061,716.97,Clear,0,1304,3,1.2,1.15,1.095
2026-09-11,ATL-HUB,Inbound,Evening,19,Friday,0,0,1,2585,2281,810,1170,1385,31,29,28,42,8,85.8,0.995,7,4.7,0.05,745.63,Clear,0,1170,2,1.2,1.15,1.095
2026-09-11,ATL-HUB,Inbound,Evening,20,Friday,0,0,0,2315,2043,541,1124,1161,26,26,24,48,8,72.6,0.976,9,4.0,0.08,652.11,Rain,0,1124,3,1.08,1.15,1.095
2026-09-11,ATL-HUB,Inbound,Evening,21,Friday,0,0,0,1913,1688,516,995,913,22,23,21,48,8,68.7,0.988,13,3.9,0.09,594.07,Clear,0,995,1,0.96,1.15,1.095
2026-09-11,ATL-HUB,Inbound,Night,22,Friday,0,0,0,1903,1679,596,939,927,22,22,20,48,8,73.2,0.979,2,4.1,0.079,544.79,Clear,0,939,2,0.96,1.15,1.095
2026-09-11,ATL-HUB,Inbound,Night,23,Friday,0,0,0,1566,1382,343,745,819,18,17,16,50,8,80.0,0.931,11,4.6,0.054,503.65,Clear,0,745,1,0.82,1.15,1.095
2026-09-11,ATL-HUB,Sortation,Morning,6,Friday,0,0,0,1914,1758,597,1095,873,26,26,24,46,8,62.5,0.992,13,3.6,0.061,645.57,Clear,0,1095,1,0.96,1.15,1.095
2026-09-11,ATL-HUB,Sortation,Morning,7,Friday,0,0,1,2516,2311,564,894,1698,34,33,31,40,8,127.0,0.801,11,4.0,0.074,797.92,Clear,0,894,0,1.2,1.15,1.095
2026-09-11,ATL-HUB,Sortation,Morning,8,Friday,0,0,1,2688,2468,785,1063,1704,37,36,34,45,8,111.9,0.773,29,3.2,0.062,894.77,Clear,0,1063,0,1.2,1.15,1.095
2026-09-11,ATL-HUB,Sortation,Morning,9,Friday,0,0,1,2736,2512,676,923,1873,32,33,30,39,8,133.3,0.877,19,5.9,0.076,871.31,Storm,0,923,0,1.2,1.15,1.095
2026-09-11,ATL-HUB,Sortation,Morning,10,Friday,0,0,0,2242,2059,607,1320,993,33,32,30,44,8,59.0,1.0,14,3.1,0.074,757.78,Clear,0,1320,1,1.08,1.15,1.095
2026-09-11,ATL-HUB,Sortation,Morning,11,Friday,0,0,0,2291,2104,592,1247,1112,32,31,29,46,8,68.6,0.935,0,3.7,0.07,711.18,Clear,0,1247,0,1.08,1.15,1.095
2026-09-11,ATL-HUB,Sortation,Morning,12,Friday,0,0,0,1799,1652,516,987,886,25,24,23,45,8,67.7,0.954,5,3.5,0.062,595.55,Clear,0,987,3,0.96,1.15,1.095
2026-09-11,ATL-HUB,Sortation,Morning,13,Friday,0,0,0,1833,1683,545,983,884,25,25,23,45,8,66.5,0.95,4,3.6,0.089,595.78,Clear,0,983,2,0.96,1.15,1.095
2026-09-11,ATL-HUB,Sortation,Evening,14,Friday,0,0,0,2026,1861,507,987,1099,26,27,25,42,8,79.8,0.94,0,4.3,0.07,645.12,Clear,0,987,0,0.96,1.15,1.095
2026-09-11,ATL-HUB,Sortation,Evening,15,Friday,0,0,0,2244,2061,670,1188,1110,32,32,30,42,8,68.9,0.943,7,3.5,0.065,746.62,Clear,0,1188,2,1.08,1.15,1.095
2026-09-11,ATL-HUB,Sortation,Evening,16,Friday,0,0,0,2140,1965,654,1083,1109,31,29,28,40,8,76.7,0.968,11,3.8,0.048,726.91,Clear,0,1083,0,1.08,1.15,1.095
2026-09-11,ATL-HUB,Sortation,Evening,17,Friday,0,0,1,2678,2459,583,1114,1632,37,37,34,42,8,102.2,0.867,28,3.7,0.082,905.39,Clear,0,1114,0,1.2,1.15,1.095
2026-09-11,ATL-HUB,Sortation,Evening,18,Friday,0,0,1,2526,2320,646,1056,1550,32,34,31,46,8,104.7,0.824,18,3.4,0.077,803.7,Clear,0,1056,0,1.2,1.15,1.095
2026-09-11,ATL-HUB,Sortation,Evening,19,Friday,0,0,1,2593,2381,834,978,1684,36,37,33,38,8,118.9,0.867,27,4.5,0.098,903.53,Clear,0,978,1,1.2,1.15,1.095
2026-09-11,ATL-HUB,Sortation,Evening,20,Friday,0,0,0,2224,2043,739,1215,1082,29,31,28,45,8,66.6,0.965,15,3.6,0.081,743.83,Storm,0,1215,0,1.08,1.15,1.095
2026-09-11,ATL-HUB,Sortation,Evening,21,Friday,0,0,0,1949,1790,524,1100,903,25,26,24,48,8,62.4,0.955,15,3.2,0.074,641.4,Clear,0,1100,2,0.96,1.15,1.095
2026-09-11,ATL-HUB,Sortation,Night,22,Friday,0,0,0,1941,1782,541,822,1182,24,25,23,41,8,94.4,0.872,5,4.6,0.064,628.96,Clear,0,822,1,0.96,1.15,1.095
2026-09-11,ATL-HUB,Sortation,Night,23,Friday,0,0,0,1563,1435,408,838,777,22,21,20,44,8,68.5,0.952,11,3.5,0.055,553.63,Rain,0,838,3,0.82,1.15,1.095
2026-09-11,ATL-HUB,Outbound,Morning,6,Friday,0,0,0,1797,1760,458,879,952,20,21,19,49,8,80.2,0.945,12,4.0,0.075,553.91,Clear,0,879,5,0.96,1.15,1.095
2026-09-11,ATL-HUB,Outbound,Morning,7,Friday,0,0,1,2416,2367,468,1176,1302,26,26,24,49,8,77.2,1.0,3,4.7,0.061,653.59,Clear,0,1176,3,1.2,1.15,1.095
2026-09-11,ATL-HUB,Outbound,Morning,8,Friday,0,0,1,2440,2390,562,1259,1227,27,28,26,50,8,71.0,0.969,1,4.0,0.073,667.02,Clear,0,1259,1,1.2,1.15,1.095
2026-09-11,ATL-HUB,Outbound,Morning,9,Friday,0,0,1,2486,2435,462,1129,1411,27,28,26,46,8,86.9,0.944,15,5.4,0.075,757.35,Heavy Rain,0,1129,2,1.2,1.15,1.095
2026-09-11,ATL-HUB,Outbound,Morning,10,Friday,0,0,0,1879,1841,565,958,965,23,23,21,49,8,74.9,0.931,2,4.4,0.085,580.53,Storm,0,958,1,1.08,1.15,1.095
2026-09-11,ATL-HUB,Outbound,Morning,11,Friday,0,0,0,1928,1889,544,957,1033,22,21,20,51,8,75.8,0.939,4,4.3,0.062,558.62,Clear,0,957,1,1.08,1.15,1.095
2026-09-11,ATL-HUB,Outbound,Morning,12,Friday,0,0,0,1741,1705,507,836,947,18,19,17,51,8,83.2,0.964,14,4.6,0.099,543.48,Storm,0,836,1,0.96,1.15,1.095
2026-09-11,ATL-HUB,Outbound,Morning,13,Friday,0,0,0,1650,1616,356,849,839,20,19,18,50,8,73.1,0.944,15,3.4,0.075,524.51,Clear,0,849,1,0.96,1.15,1.095
2026-09-11,ATL-HUB,Outbound,Evening,14,Friday,0,0,0,1947,1907,362,1042,970,22,22,21,52,8,69.6,0.955,0,3.5,0.064,543.27,Clear,0,1042,2,0.96,1.15,1.095
2026-09-11,ATL-HUB,Outbound,Evening,15,Friday,0,0,0,1940,1900,514,1020,979,22,22,20,51,8,68.6,1.0,10,4.1,0.089,572.44,Clear,0,1020,0,1.08,1.15,1.095
2026-09-11,ATL-HUB,Outbound,Evening,16,Friday,0,0,0,1881,1843,467,971,953,22,22,21,49,8,73.3,0.944,4,3.3,0.063,549.26,Clear,0,971,2,1.08,1.15,1.095
2026-09-11,ATL-HUB,Outbound,Evening,17,Friday,0,0,1,2454,2404,652,1294,1227,27,28,26,53,8,70.2,0.939,7,3.5,0.064,672.49,Clear,0,1294,2,1.2,1.15,1.095
2026-09-11,ATL-HUB,Outbound,Evening,18,Friday,0,0,1,2077,2035,592,958,1173,24,24,22,45,8,86.5,0.968,14,4.6,0.072,640.76,Clear,0,958,1,1.2,1.15,1.095
2026-09-11,ATL-HUB,Outbound,Evening,19,Friday,0,0,1,2710,2655,525,1449,1339,32,30,29,52,8,70.3,0.961,3,3.3,0.033,717.29,Clear,0,1449,1,1.2,1.15,1.095
2026-09-11,ATL-HUB,Outbound,Evening,20,Friday,0,0,0,2046,2004,556,925,1185,23,23,21,47,8,89.2,0.938,0,5.0,0.073,587.08,Clear,0,925,5,1.08,1.15,1.095
2026-09-11,ATL-HUB,Outbound,Evening,21,Friday,0,0,0,1775,1739,567,960,862,22,21,20,49,8,63.9,0.98,14,3.5,0.062,565.42,Clear,0,960,3,0.96,1.15,1.095
2026-09-11,ATL-HUB,Outbound,Night,22,Friday,0,0,0,1729,1694,470,992,784,23,22,21,48,8,61.9,0.984,3,3.1,0.055,537.67,Clear,0,992,2,0.96,1.15,1.095
2026-09-11,ATL-HUB,Outbound,Night,23,Friday,0,0,0,1442,1413,482,714,780,16,17,15,49,8,76.8,0.973,11,4.2,0.093,471.8,Clear,0,714,1,0.82,1.15,1.095
2026-09-11,CHI-HUB,Inbound,Morning,6,Friday,0,0,0,1755,1548,487,791,960,20,20,18,47,8,87.0,0.936,15,4.5,0.08,555.98,Clear,0,791,3,0.96,1.15,1.095
2026-09-11,CHI-HUB,Inbound,Morning,7,Friday,0,0,1,2442,2155,809,1099,1294,27,27,26,47,8,85.0,0.9,4,3.8,0.045,669.31,Clear,0,1099,1,1.2,1.15,1.095
2026-09-11,CHI-HUB,Inbound,Morning,8,Friday,0,0,1,2386,2106,424,1113,1232,27,27,25,47,8,81.9,0.948,6,4.4,0.061,672.02,Clear,0,1113,3,1.2,1.15,1.095
2026-09-11,CHI-HUB,Inbound,Morning,9,Friday,0,0,1,2250,1985,515,1111,1135,25,26,24,48,8,75.0,0.965,1,4.1,0.072,625.71,Clear,0,1111,0,1.2,1.15,1.095
2026-09-11,CHI-HUB,Inbound,Morning,10,Friday,0,0,0,1905,1681,453,962,921,21,21,20,50,8,71.7,0.962,6,4.2,0.052,560.42,Clear,0,962,1,1.08,1.15,1.095
2026-09-11,CHI-HUB,Inbound,Morning,11,Friday,0,0,0,1930,1703,610,934,965,22,23,21,46,8,76.1,0.967,6,4.1,0.066,577.57,Clear,0,934,3,1.08,1.15,1.095
2026-09-11,CHI-HUB,Inbound,Morning,12,Friday,0,0,0,1659,1464,540,928,721,21,20,19,51,8,60.1,0.958,5,2.5,0.072,485.79,Clear,0,928,0,0.96,1.15,1.095
2026-09-11,CHI-HUB,Inbound,Morning,13,Friday,0,0,0,1754,1548,392,884,844,21,22,20,45,8,70.3,0.983,5,3.4,0.07,532.16,Clear,0,884,1,0.96,1.15,1.095
2026-09-11,CHI-HUB,Inbound,Evening,14,Friday,0,0,0,1625,1434,518,788,827,18,19,17,49,8,72.8,0.946,11,3.8,0.095,501.79,Clear,0,788,0,0.96,1.15,1.095
2026-09-11,CHI-HUB,Inbound,Evening,15,Friday,0,0,0,2195,1936,442,1066,1096,24,25,23,48,8,75.3,0.966,11,3.9,0.089,636.28,Heavy Rain,0,1066,3,1.08,1.15,1.095
2026-09-11,CHI-HUB,Inbound,Evening,16,Friday,0,0,0,1876,1656,364,873,972,20,21,19,48,8,77.7,0.958,5,4.2,0.073,543.84,Storm,0,873,1,1.08,1.15,1.095
2026-09-11,CHI-HUB,Inbound,Evening,17,Friday,0,0,1,2389,2108,537,1282,1083,28,29,27,50,8,64.1,0.95,14,3.3,0.07,705.87,Clear,0,1282,1,1.2,1.15,1.095
2026-09-11,CHI-HUB,Inbound,Evening,18,Friday,0,0,1,2353,2076,617,1116,1206,27,27,25,49,8,81.4,0.911,8,3.8,0.073,661.03,Clear,0,1116,2,1.2,1.15,1.095
2026-09-11,CHI-HUB,Inbound,Evening,19,Friday,0,0,1,2455,2166,473,1277,1149,29,28,26,51,8,67.2,0.963,3,3.6,0.082,660.73,Clear,0,1277,2,1.2,1.15,1.095
2026-09-11,CHI-HUB,Inbound,Evening,20,Friday,0,0,0,1985,1752,583,921,1034,23,23,21,46,8,80.4,0.954,6,4.6,0.078,599.56,Storm,0,921,2,1.08,1.15,1.095
2026-09-11,CHI-HUB,Inbound,Evening,21,Friday,0,0,0,1802,1590,529,873,922,21,20,19,48,8,77.6,0.958,13,4.4,0.071,567.11,Clear,0,873,3,0.96,1.15,1.095
2026-09-11,CHI-HUB,Inbound,Night,22,Friday,0,0,0,1622,1431,345,718,879,17,18,16,48,8,85.6,0.935,5,4.4,0.091,479.84,Clear,0,718,0,0.96,1.15,1.095
2026-09-11,CHI-HUB,Inbound,Night,23,Friday,0,0,0,1504,1327,344,769,734,16,16,15,52,8,69.1,0.986,14,3.2,0.057,453.45,Clear,0,769,1,0.82,1.15,1.095
2026-09-11,CHI-HUB,Sortation,Morning,6,Friday,0,0,0,1669,1533,307,933,777,24,24,22,44,8,64.5,0.965,11,3.6,0.067,595.67,Clear,0,933,0,0.96,1.15,1.095
2026-09-11,CHI-HUB,Sortation,Morning,7,Friday,0,0,1,2370,2177,682,1104,1316,33,33,31,45,8,85.8,0.88,21,3.9,0.06,824.44,Clear,0,1104,1,1.2,1.15,1.095
2026-09-11,CHI-HUB,Sortation,Morning,8,Friday,0,0,1,2354,2162,840,983,1421,32,34,31,44,8,101.8,0.801,19,3.7,0.086,812.15,Clear,0,983,0,1.2,1.15,1.095
2026-09-11,CHI-HUB,Sortation,Morning,9,Friday,0,0,1,2438,2239,521,827,1670,29,30,28,44,8,134.5,0.746,13,4.4,0.062,760.96,Heavy Rain,0,827,1,1.2,1.15,1.095
2026-09-11,CHI-HUB,Sortation,Morning,10,Friday,0,0,0,1962,1802,545,873,1144,24,25,23,40,8,93.5,0.949,3,4.7,0.079,625.75,Clear,0,873,0,1.08,1.15,1.095
2026-09-11,CHI-HUB,Sortation,Morning,11,Friday,0,0,0,2054,1886,490,959,1156,27,28,26,38,8,81.9,0.971,3,5.4,0.074,710.06,Heavy Rain,0,959,1,1.08,1.15,1.095
2026-09-11,CHI-HUB,Sortation,Morning,12,Friday,0,0,0,1870,1718,403,847,1089,25,25,23,40,8,84.0,0.922,13,4.4,0.069,654.53,Storm,0,847,3,0.96,1.15,1.095
2026-09-11,CHI-HUB,Sortation,Morning,13,Friday,0,0,0,1650,1515,406,923,766,23,24,22,44,8,64.9,0.954,14,4.1,0.088,618.91,Clear,0,923,0,0.96,1.15,1.095
2026-09-11,CHI-HUB,Sortation,Evening,14,Friday,0,0,0,1679,1542,378,899,833,23,22,21,43,8,65.4,0.996,1,4.4,0.066,566.75,Clear,0,899,2,0.96,1.15,1.095
2026-09-11,CHI-HUB,Sortation,Evening,15,Friday,0,0,0,2051,1883,398,1036,1094,29,28,27,41,8,77.3,0.936,12,3.9,0.053,711.77,Clear,0,1036,0,1.08,1.15,1.095
2026-09-11,CHI-HUB,Sortation,Evening,16,Friday,0,0,0,1857,1705,464,1125,761,26,26,25,45,8,52.9,1.0,8,3.2,0.051,636.81,Clear,0,1125,0,1.08,1.15,1.095
2026-09-11,CHI-HUB,Sortation,Evening,17,Friday,0,0,1,2486,2283,709,1091,1460,35,34,32,47,8,95.3,0.806,21,2.5,0.069,806.87,Clear,0,1091,0,1.2,1.15,1.095
2026-09-11,CHI-HUB,Sortation,Evening,18,Friday,0,0,1,2507,2303,883,1144,1441,35,36,34,45,8,94.0,0.831,15,3.3,0.066,849.46,Clear,0,1144,1,1.2,1.15,1.095
2026-09-11,CHI-HUB,Sortation,Evening,19,Friday,0,0,1,2618,2404,854,930,1756,34,35,33,41,8,125.0,0.764,14,4.1,0.06,851.2,Clear,0,930,2,1.2,1.15,1.095
2026-09-11,CHI-HUB,Sortation,Evening,20,Friday,0,0,0,2012,1848,439,975,1110,28,27,25,39,8,80.9,1.0,13,4.5,0.075,692.07,Clear,0,975,3,1.08,1.15,1.095
2026-09-11,CHI-HUB,Sortation,Evening,21,Friday,0,0,0,1697,1558,548,826,906,23,23,21,43,8,78.4,0.915,2,4.0,0.083,559.08,Clear,0,826,0,0.96,1.15,1.095
2026-09-11,CHI-HUB,Sortation,Night,22,Friday,0,0,0,1834,1684,611,893,994,25,25,23,40,8,77.7,0.971,8,4.2,0.082,625.4,Clear,0,893,1,0.96,1.15,1.095
2026-09-11,CHI-HUB,Sortation,Night,23,Friday,0,0,0,1511,1387,500,784,763,19,20,19,42,8,74.2,0.983,11,4.3,0.057,553.86,Clear,0,784,3,0.82,1.15,1.095
2026-09-11,CHI-HUB,Outbound,Morning,6,Friday,0,0,0,1531,1500,411,712,841,17,17,16,49,8,81.0,0.909,14,4.4,0.062,508.13,Clear,0,712,2,0.96,1.15,1.095
2026-09-11,CHI-HUB,Outbound,Morning,7,Friday,0,0,1,2357,2309,769,1196,1226,26,27,25,49,8,71.8,0.976,14,3.9,0.065,684.81,Clear,0,1196,0,1.2,1.15,1.095
2026-09-11,CHI-HUB,Outbound,Morning,8,Friday,0,0,1,2247,2201,660,1215,1093,27,26,24,54,8,67.5,0.938,4,3.5,0.059,620.07,Clear,0,1215,2,1.2,1.15,1.095
2026-09-11,CHI-HUB,Outbound,Morning,9,Friday,0,0,1,2271,2225,566,1193,1134,29,28,26,50,8,69.6,0.918,14,3.4,0.085,688.72,Clear,0,1193,6,1.2,1.15,1.095
2026-09-11,CHI-HUB,Outbound,Morning,10,Friday,0,0,0,1727,1692,320,873,920,20,19,18,49,8,75.3,0.991,9,4.2,0.052,529.13,Clear,0,873,5,1.08,1.15,1.095
2026-09-11,CHI-HUB,Outbound,Morning,11,Friday,0,0,0,1798,1761,594,900,964,19,20,18,50,8,76.7,1.0,2,4.6,0.079,525.84,Storm,0,900,2,1.08,1.15,1.095
2026-09-11,CHI-HUB,Outbound,Morning,12,Friday,0,0,0,1623,1590,423,805,844,18,18,17,52,8,72.6,0.912,0,3.2,0.082,450.93,Clear,0,805,1,0.96,1.15,1.095
2026-09-11,CHI-HUB,Outbound,Morning,13,Friday,0,0,0,1518,1487,385,761,814,17,17,16,49,8,79.5,0.971,5,4.1,0.076,470.68,Clear,0,761,3,0.96,1.15,1.095
2026-09-11,CHI-HUB,Outbound,Evening,14,Friday,0,0,0,1470,1440,444,736,773,17,17,16,48,8,74.8,0.959,13,4.2,0.073,498.2,Clear,0,736,0,0.96,1.15,1.095
2026-09-11,CHI-HUB,Outbound,Evening,15,Friday,0,0,0,1825,1788,380,866,1006,19,20,18,49,8,80.5,0.982,10,5.0,0.087,556.53,Clear,0,866,2,1.08,1.15,1.095
2026-09-11,CHI-HUB,Outbound,Evening,16,Friday,0,0,0,1623,1590,533,756,926,18,19,17,48,8,84.1,0.927,8,4.8,0.092,521.33,Clear,0,756,0,1.08,1.15,1.095
2026-09-11,CHI-HUB,Outbound,Evening,17,Friday,0,0,1,2183,2138,578,1143,1106,25,24,23,51,8,70.5,0.975,3,3.8,0.06,604.6,Clear,0,1143,1,1.2,1.15,1.095
2026-09-11,CHI-HUB,Outbound,Evening,18,Friday,0,0,1,2175,2131,642,1161,1066,26,26,24,50,8,68.9,0.968,8,3.9,0.082,642.76,Clear,0,1161,3,1.2,1.15,1.095
2026-09-11,CHI-HUB,Outbound,Evening,19,Friday,0,0,1,2296,2249,510,1071,1268,25,25,23,50,8,83.4,0.932,0,4.4,0.06,613.87,Clear,0,1071,0,1.2,1.15,1.095
2026-09-11,CHI-HUB,Outbound,Evening,20,Friday,0,0,0,1746,1710,361,867,926,19,19,18,54,8,77.0,0.893,12,3.8,0.068,527.88,Clear,0,867,0,1.08,1.15,1.095
2026-09-11,CHI-HUB,Outbound,Evening,21,Friday,0,0,0,1504,1473,504,787,765,17,17,16,52,8,72.3,0.947,15,3.8,0.08,494.03,Clear,0,787,1,0.96,1.15,1.095
2026-09-11,CHI-HUB,Outbound,Night,22,Friday,0,0,0,1668,1634,340,843,881,19,19,18,50,8,75.5,0.937,15,4.2,0.069,547.25,Clear,0,843,2,0.96,1.15,1.095
2026-09-11,CHI-HUB,Outbound,Night,23,Friday,0,0,0,1394,1366,391,726,721,15,15,14,53,8,69.6,0.979,11,4.0,0.079,445.81,Clear,0,726,2,0.82,1.15,1.095
2026-09-11,DAL-HUB,Inbound,Morning,6,Friday,0,0,0,1527,1348,353,743,766,18,17,16,48,8,74.4,0.968,2,3.8,0.067,451.76,Clear,0,743,1,0.96,1.15,1.095
2026-09-11,DAL-HUB,Inbound,Morning,7,Friday,0,0,1,2122,1872,518,1064,1036,24,24,22,50,8,72.3,0.968,3,4.1,0.069,590.86,Clear,0,1064,3,1.2,1.15,1.095
2026-09-11,DAL-HUB,Inbound,Morning,8,Friday,0,0,1,1952,1722,578,960,961,21,22,20,48,8,74.6,1.0,3,4.6,0.081,562.85,Clear,0,960,1,1.2,1.15,1.095
2026-09-11,DAL-HUB,Inbound,Morning,9,Friday,0,0,1,2177,1921,497,1106,1049,26,25,24,49,8,68.1,0.941,10,3.9,0.06,647.63,Clear,0,1106,2,1.2,1.15,1.095
2026-09-11,DAL-HUB,Inbound,Morning,10,Friday,0,0,0,1638,1445,330,860,737,20,20,19,47,8,65.7,0.964,4,3.2,0.067,501.81,Clear,0,860,2,1.08,1.15,1.095
2026-09-11,DAL-HUB,Inbound,Morning,11,Friday,0,0,0,1497,1321,273,789,685,16,16,15,54,8,64.1,0.974,2,3.7,0.054,428.92,Clear,0,789,2,1.08,1.15,1.095
2026-09-11,DAL-HUB,Inbound,Morning,12,Friday,0,0,0,1520,1341,278,769,735,17,17,16,50,8,71.5,0.962,8,4.1,0.075,479.24,Clear,0,769,0,0.96,1.15,1.095
2026-09-11,DAL-HUB,Inbound,Morning,13,Friday,0,0,0,1506,1329,283,679,834,17,17,16,44,8,84.4,0.965,0,4.3,0.076,464.3,Storm,0,679,1,0.96,1.15,1.095
2026-09-11,DAL-HUB,Inbound,Evening,14,Friday,0,0,0,1459,1287,478,588,869,16,16,15,40,8,102.5,0.98,11,6.1,0.063,524.26,Clear,0,588,1,0.96,1.15,1.095
2026-09-11,DAL-HUB,Inbound,Evening,15,Friday,0,0,0,1674,1477,440,799,849,19,19,18,46,8,75.0,0.966,8,4.1,0.065,520.96,Clear,0,799,1,1.08,1.15,1.095
2026-09-11,DAL-HUB,Inbound,Evening,16,Friday,0,0,0,1485,1310,283,698,773,17,16,15,48,8,76.5,0.969,11,4.3,0.079,474.31,Clear,0,698,0,1.08,1.15,1.095
2026-09-11,DAL-HUB,Inbound,Evening,17,Friday,0,0,1,2254,1989,666,1107,1113,26,27,25,47,8,73.9,0.942,1,3.5,0.069,628.48,Clear,0,1107,1,1.2,1.15,1.095
2026-09-11,DAL-HUB,Inbound,Evening,18,Friday,0,0,1,2055,1813,607,1013,1017,23,24,23,45,8,76.3,0.979,0,3.9,0.057,593.97,Clear,0,1013,2,1.2,1.15,1.095
2026-09-11,DAL-HUB,Inbound,Evening,19,Friday,0,0,1,2175,1919,472,988,1160,23,24,22,46,8,80.0,0.977,12,5.1,0.087,648.59,Clear,0,988,2,1.2,1.15,1.095
2026-09-11,DAL-HUB,Inbound,Evening,20,Friday,0,0,0,1681,1484,457,861,793,19,20,18,50,8,68.6,0.957,9,3.5,0.094,507.48,Clear,0,861,2,1.08,1.15,1.095
2026-09-11,DAL-HUB,Inbound,Evening,21,Friday,0,0,0,1463,1291,486,782,677,17,17,16,52,8,64.2,0.94,3,2.9,0.065,428.63,Clear,0,782,0,0.96,1.15,1.095
2026-09-11,DAL-HUB,Inbound,Night,22,Friday,0,0,0,1355,1196,397,731,611,16,16,15,51,8,65.3,0.956,14,2.4,0.081,433.21,Storm,0,731,0,0.96,1.15,1.095
2026-09-11,DAL-HUB,Inbound,Night,23,Friday,0,0,0,1256,1108,411,548,695,13,13,12,47,8,89.7,0.973,1,5.5,0.093,413.38,Clear,0,548,0,0.82,1.15,1.095
2026-09-11,DAL-HUB,Sortation,Morning,6,Friday,0,0,0,1594,1464,448,809,825,22,23,21,41,8,70.7,0.94,5,4.6,0.067,583.59,Clear,0,809,0,0.96,1.15,1.095
2026-09-11,DAL-HUB,Sortation,Morning,7,Friday,0,0,1,2082,1912,435,809,1353,27,27,25,42,8,115.4,0.856,28,4.5,0.06,741.35,Clear,0,809,0,1.2,1.15,1.095
2026-09-11,DAL-HUB,Sortation,Morning,8,Friday,0,0,1,2032,1866,496,726,1374,30,29,27,39,8,121.6,0.767,23,4.4,0.081,762.87,Rain,0,726,1,1.2,1.15,1.095
2026-09-11,DAL-HUB,Sortation,Morning,9,Friday,0,0,1,2086,1916,741,856,1281,29,29,28,43,8,106.5,0.791,22,3.5,0.048,752.72,Clear,0,856,1,1.2,1.15,1.095
2026-09-11,DAL-HUB,Sortation,Morning,10,Friday,0,0,0,1807,1659,375,996,862,26,25,23,47,8,65.3,0.922,3,3.0,0.067,577.28,Rain,0,996,1,1.08,1.15,1.095
2026-09-11,DAL-HUB,Sortation,Morning,11,Friday,0,0,0,1626,1494,552,830,839,22,23,21,43,8,76.7,0.92,8,4.3,0.071,585.38,Clear,0,830,0,1.08,1.15,1.095
2026-09-11,DAL-HUB,Sortation,Morning,12,Friday,0,0,0,1400,1286,460,664,787,18,20,18,39,8,81.4,0.947,11,4.7,0.083,543.52,Clear,0,664,0,0.96,1.15,1.095
2026-09-11,DAL-HUB,Sortation,Morning,13,Friday,0,0,0,1328,1220,418,603,773,19,18,17,39,8,86.9,0.91,6,4.4,0.065,498.31,Clear,0,603,1,0.96,1.15,1.095
2026-09-11,DAL-HUB,Sortation,Evening,14,Friday,0,0,0,1460,1341,306,748,764,19,19,17,44,8,70.3,1.0,10,3.9,0.079,499.52,Clear,0,748,0,0.96,1.15,1.095
2026-09-11,DAL-HUB,Sortation,Evening,15,Friday,0,0,0,1696,1557,366,865,880,23,22,21,43,8,73.5,0.958,0,4.6,0.065,573.2,Heavy Rain,0,865,1,1.08,1.15,1.095
2026-09-11,DAL-HUB,Sortation,Evening,16,Friday,0,0,0,1748,1605,511,1035,749,25,25,23,45,8,56.9,1.0,1,3.2,0.073,577.27,Heavy Rain,0,1035,1,1.08,1.15,1.095
2026-09-11,DAL-HUB,Sortation,Evening,17,Friday,0,0,1,2141,1966,425,869,1327,28,29,27,47,8,103.7,0.761,13,3.5,0.062,705.43,Clear,0,869,0,1.2,1.15,1.095
2026-09-11,DAL-HUB,Sortation,Evening,18,Friday,0,0,1,2019,1854,567,694,1391,26,27,25,42,8,133.4,0.734,23,4.5,0.077,724.2,Clear,0,694,0,1.2,1.15,1.095
2026-09-11,DAL-HUB,Sortation,Evening,19,Friday,0,0,1,2220,2039,698,787,1492,32,31,29,44,8,128.9,0.686,15,3.5,0.078,752.29,Clear,0,787,0,1.2,1.15,1.095
2026-09-11,DAL-HUB,Sortation,Evening,20,Friday,0,0,0,1757,1613,565,954,848,24,24,23,43,8,66.9,0.965,6,3.7,0.042,603.57,Clear,0,954,0,1.08,1.15,1.095
2026-09-11,DAL-HUB,Sortation,Evening,21,Friday,0,0,0,1567,1439,310,757,847,20,20,19,40,8,81.3,0.997,3,4.4,0.061,532.08,Clear,0,757,3,0.96,1.15,1.095
2026-09-11,DAL-HUB,Sortation,Night,22,Friday,0,0,0,1434,1317,504,779,691,19,20,18,44,8,66.8,0.984,11,3.8,0.104,520.53,Rain,0,779,1,0.96,1.15,1.095
2026-09-11,DAL-HUB,Sortation,Night,23,Friday,0,0,0,1270,1166,282,604,717,17,16,15,42,8,83.7,0.96,3,4.3,0.076,445.83,Clear,0,604,1,0.82,1.15,1.095
2026-09-11,DAL-HUB,Outbound,Morning,6,Friday,0,0,0,1449,1419,269,669,819,15,15,14,50,8,83.8,0.956,0,4.8,0.064,434.02,Clear,0,669,1,0.96,1.15,1.095
2026-09-11,DAL-HUB,Outbound,Morning,7,Friday,0,0,1,1872,1834,648,954,981,21,21,20,48,8,77.3,0.995,14,4.0,0.065,581.2,Clear,0,954,1,1.2,1.15,1.095
2026-09-11,DAL-HUB,Outbound,Morning,8,Friday,0,0,1,1767,1731,622,865,950,19,18,17,52,8,75.6,0.979,3,3.8,0.075,486.47,Storm,0,865,1,1.2,1.15,1.095
2026-09-11,DAL-HUB,Outbound,Morning,9,Friday,0,0,1,1932,1893,560,977,988,24,23,22,47,8,74.9,0.946,11,3.9,0.048,608.9,Clear,0,977,0,1.2,1.15,1.095
2026-09-11,DAL-HUB,Outbound,Morning,10,Friday,0,0,0,1456,1426,321,733,763,17,17,16,47,8,75.2,0.975,10,4.1,0.069,485.55,Clear,0,733,0,1.08,1.15,1.095
2026-09-11,DAL-HUB,Outbound,Morning,11,Friday,0,0,0,1473,1443,492,726,781,16,16,15,50,8,76.3,0.969,9,4.1,0.087,463.17,Clear,0,726,1,1.08,1.15,1.095
2026-09-11,DAL-HUB,Outbound,Morning,12,Friday,0,0,0,1476,1446,455,777,739,18,17,16,53,8,71.0,0.917,7,4.0,0.047,473.53,Clear,0,777,1,0.96,1.15,1.095
2026-09-11,DAL-HUB,Outbound,Morning,13,Friday,0,0,0,1338,1311,356,719,648,15,16,15,51,8,68.9,0.94,0,3.5,0.075,415.09,Clear,0,719,1,0.96,1.15,1.095
2026-09-11,DAL-HUB,Outbound,Evening,14,Friday,0,0,0,1337,1310,320,686,710,14,14,13,55,8,75.5,0.96,2,4.2,0.077,402.07,Clear,0,686,3,0.96,1.15,1.095
2026-09-11,DAL-HUB,Outbound,Evening,15,Friday,0,0,0,1619,1586,312,757,908,18,17,16,50,8,84.2,0.947,5,4.8,0.08,492.15,Clear,0,757,0,1.08,1.15,1.095
2026-09-11,DAL-HUB,Outbound,Evening,16,Friday,0,0,0,1557,1525,507,885,717,20,19,18,50,8,64.6,0.984,10,3.5,0.073,509.6,Clear,0,885,1,1.08,1.15,1.095
2026-09-11,DAL-HUB,Outbound,Evening,17,Friday,0,0,1,1837,1800,449,896,990,22,21,20,47,8,82.0,0.953,3,4.2,0.041,550.95,Clear,0,896,1,1.2,1.15,1.095
2026-09-11,DAL-HUB,Outbound,Evening,18,Friday,0,0,1,1933,1894,468,989,989,21,22,20,54,8,74.4,0.916,2,3.6,0.091,532.71,Clear,0,989,1,1.2,1.15,1.095
2026-09-11,DAL-HUB,Outbound,Evening,19,Friday,0,0,1,1827,1790,407,929,962,20,20,19,52,8,74.6,0.941,2,3.5,0.059,508.47,Clear,0,929,1,1.2,1.15,1.095
2026-09-11,DAL-HUB,Outbound,Evening,20,Friday,0,0,0,1306,1279,256,644,683,15,15,14,46,8,77.0,1.0,14,5.1,0.062,487.47,Heavy Rain,0,644,1,1.08,1.15,1.095
2026-09-11,DAL-HUB,Outbound,Evening,21,Friday,0,0,0,1274,1248,426,713,583,14,15,14,53,8,59.9,0.962,11,3.5,0.079,432.41,Heavy Rain,0,713,1,0.96,1.15,1.095
2026-09-11,DAL-HUB,Outbound,Night,22,Friday,0,0,0,1393,1365,360,629,822,14,15,14,47,8,91.0,0.957,10,4.6,0.086,459.4,Clear,0,629,1,0.96,1.15,1.095
2026-09-11,DAL-HUB,Outbound,Night,23,Friday,0,0,0,1064,1042,257,498,614,12,12,11,46,8,85.6,0.985,2,4.4,0.066,363.65,Clear,0,498,3,0.82,1.15,1.095
2026-09-12,ATL-HUB,Inbound,Morning,6,Saturday,1,0,0,1328,1171,295,605,716,15,15,14,45,8,81.7,0.96,1,4.7,0.065,431.24,Clear,0,605,0,0.96,0.82,1.05
2026-09-12,ATL-HUB,Inbound,Morning,7,Saturday,1,0,0,1546,1364,394,790,747,18,19,17,47,8,70.3,0.989,15,4.1,0.086,521.59,Clear,0,790,4,1.2,0.82,1.05
2026-09-12,ATL-HUB,Inbound,Morning,8,Saturday,1,0,1,1817,1603,544,955,845,21,21,20,49,8,67.0,0.975,14,3.6,0.053,567.68,Clear,0,955,1,1.2,0.82,1.05
2026-09-12,ATL-HUB,Inbound,Morning,9,Saturday,1,0,1,1535,1354,410,784,726,17,17,16,49,8,67.3,1.0,11,3.8,0.077,482.32,Rain,0,784,2,1.2,0.82,1.05
2026-09-12,ATL-HUB,Inbound,Morning,10,Saturday,1,0,0,1381,1218,304,718,641,15,16,15,49,8,68.3,0.978,1,3.9,0.086,429.27,Clear,0,718,3,1.08,0.82,1.05
2026-09-12,ATL-HUB,Inbound,Morning,11,Saturday,1,0,0,1382,1219,460,705,643,15,16,15,47,8,66.2,1.0,12,4.4,0.083,478.49,Clear,0,705,2,1.08,0.82,1.05
2026-09-12,ATL-HUB,Inbound,Morning,12,Saturday,1,0,0,1238,1092,259,610,610,15,14,13,49,8,75.3,0.959,8,3.9,0.07,412.77,Heavy Rain,0,610,1,0.96,0.82,1.05
2026-09-12,ATL-HUB,Inbound,Morning,13,Saturday,1,0,0,1351,1192,245,638,694,15,15,14,48,8,78.0,0.95,11,4.3,0.083,452.45,Clear,0,638,1,0.96,0.82,1.05
2026-09-12,ATL-HUB,Inbound,Evening,14,Saturday,1,0,0,1252,1105,340,546,694,13,13,12,47,8,88.6,0.969,13,4.6,0.069,430.92,Storm,0,546,1,0.96,0.82,1.05
2026-09-12,ATL-HUB,Inbound,Evening,15,Saturday,1,0,0,1381,1218,417,714,668,17,16,15,49,8,63.9,0.972,12,3.4,0.067,450.47,Clear,0,714,0,1.08,0.82,1.05
2026-09-12,ATL-HUB,Inbound,Evening,16,Saturday,1,0,0,1426,1259,372,612,798,15,15,14,45,8,90.2,0.973,3,5.6,0.056,466.09,Rain,0,612,0,1.08,0.82,1.05
2026-09-12,ATL-HUB,Inbound,Evening,17,Saturday,1,0,1,1707,1506,444,911,775,20,21,19,50,8,63.5,0.96,15,3.4,0.085,543.83,Clear,0,911,1,1.2,0.82,1.05
2026-09-12,ATL-HUB,Inbound,Evening,18,Saturday,1,0,1,1656,1461,505,800,825,19,19,18,47,8,75.1,0.946,8,3.9,0.061,515.03,Clear,0,800,2,1.2,0.82,1.05
2026-09-12,ATL-HUB,Inbound,Evening,19,Saturday,1,0,1,1813,1600,424,846,945,19,20,18,48,8,83.3,0.98,6,4.9,0.087,539.4,Clear,0,846,2,1.2,0.82,1.05
2026-09-12,ATL-HUB,Inbound,Evening,20,Saturday,1,0,0,1377,1215,339,625,738,16,16,15,44,8,84.1,0.948,11,4.5,0.083,478.0,Clear,0,625,1,1.08,0.82,1.05
2026-09-12,ATL-HUB,Inbound,Evening,21,Saturday,1,0,0,1360,1200,291,727,626,16,16,15,49,8,61.6,0.989,2,3.8,0.06,429.31,Clear,0,727,1,0.96,0.82,1.05
2026-09-12,ATL-HUB,Inbound,Night,22,Saturday,1,0,0,1343,1185,447,669,681,16,15,14,50,8,74.8,0.957,1,4.2,0.085,417.51,Clear,0,669,2,0.96,0.82,1.05
2026-09-12,ATL-HUB,Inbound,Night,23,Saturday,1,0,0,1044,921,247,500,535,11,12,11,48,8,76.4,0.948,9,4.0,0.086,373.73,Clear,0,500,0,0.82,0.82,1.05
2026-09-12,ATL-HUB,Sortation,Morning,6,Saturday,1,0,0,1403,1288,464,724,712,17,19,17,44,8,71.5,0.968,4,4.3,0.085,490.48,Clear,0,724,1,0.96,0.82,1.05
2026-09-12,ATL-HUB,Sortation,Morning,7,Saturday,1,0,0,1565,1437,442,653,962,21,20,19,35,8,99.8,0.983,1,6.0,0.055,570.45,Clear,0,653,1,1.2,0.82,1.05
2026-09-12,ATL-HUB,Sortation,Morning,8,Saturday,1,0,1,1759,1615,367,593,1206,26,25,24,39,8,135.4,0.704,26,4.1,0.057,698.31,Clear,0,593,1,1.2,0.82,1.05
2026-09-12,ATL-HUB,Sortation,Morning,9,Saturday,1,0,1,1863,1711,399,708,1221,23,23,21,47,8,116.7,0.798,23,3.8,0.071,623.74,Clear,0,708,0,1.2,0.82,1.05
2026-09-12,ATL-HUB,Sortation,Morning,10,Saturday,1,0,0,1488,1367,282,772,753,21,20,19,42,8,70.3,0.969,10,3.9,0.071,539.04,Clear,0,772,0,1.08,0.82,1.05
2026-09-12,ATL-HUB,Sortation,Morning,11,Saturday,1,0,0,1474,1354,427,647,862,19,20,18,37,8,91.1,0.972,8,5.0,0.077,543.69,Clear,0,647,1,1.08,0.82,1.05
2026-09-12,ATL-HUB,Sortation,Morning,12,Saturday,1,0,0,1405,1290,347,799,653,18,19,17,47,8,61.8,1.0,10,3.1,0.085,476.11,Clear,0,799,2,0.96,0.82,1.05
2026-09-12,ATL-HUB,Sortation,Morning,13,Saturday,1,0,0,1383,1270,302,700,721,18,19,17,43,8,75.0,0.959,7,3.8,0.082,485.72,Clear,0,700,1,0.96,0.82,1.05
2026-09-12,ATL-HUB,Sortation,Evening,14,Saturday,1,0,0,1314,1206,346,638,718,17,17,16,42,8,82.6,0.949,6,4.3,0.083,480.57,Storm,0,638,1,0.96,0.82,1.05
2026-09-12,ATL-HUB,Sortation,Evening,15,Saturday,1,0,0,1587,1458,493,766,874,21,21,19,42,8,81.7,0.961,11,4.2,0.081,552.46,Clear,0,766,2,1.08,0.82,1.05
2026-09-12,ATL-HUB,Sortation,Evening,16,Saturday,1,0,0,1488,1367,429,629,910,19,20,18,37,8,100.1,0.946,15,6.0,0.079,595.98,Rain,0,629,2,1.08,0.82,1.05
2026-09-12,ATL-HUB,Sortation,Evening,17,Saturday,1,0,1,1946,1787,379,749,1261,26,26,25,44,8,115.4,0.758,21,3.6,0.057,691.25,Clear,0,749,1,1.2,0.82,1.05
2026-09-12,ATL-HUB,Sortation,Evening,18,Saturday,1,0,1,1742,1600,426,681,1098,25,24,22,43,8,110.5,0.801,10,3.9,0.081,602.2,Clear,0,681,1,1.2,0.82,1.05
2026-09-12,ATL-HUB,Sortation,Evening,19,Saturday,1,0,1,1791,1645,599,778,1044,26,26,24,44,8,94.5,0.819,14,3.5,0.084,643.7,Clear,0,778,2,1.2,0.82,1.05
2026-09-12,ATL-HUB,Sortation,Evening,20,Saturday,1,0,0,1572,1444,523,885,726,21,22,20,47,8,64.5,0.942,6,2.7,0.081,513.69,Clear,0,885,0,1.08,0.82,1.05
2026-09-12,ATL-HUB,Sortation,Evening,21,Saturday,1,0,0,1327,1219,303,621,750,18,18,17,38,8,84.3,0.962,10,4.5,0.065,513.89,Clear,0,621,0,0.96,0.82,1.05
2026-09-12,ATL-HUB,Sortation,Night,22,Saturday,1,0,0,1293,1188,242,555,781,16,16,15,41,8,97.7,0.904,3,5.2,0.088,471.46,Clear,0,555,1,0.96,0.82,1.05
2026-09-12,ATL-HUB,Sortation,Night,23,Saturday,1,0,0,1107,1017,254,592,560,15,15,14,43,8,69.5,0.984,4,4.2,0.085,423.74,Clear,0,592,0,0.82,0.82,1.05
2026-09-12,ATL-HUB,Outbound,Morning,6,Saturday,1,0,0,1166,1142,409,593,617,13,13,12,51,8,73.6,0.969,7,3.6,0.068,378.62,Clear,0,593,0,0.96,0.82,1.05
2026-09-12,ATL-HUB,Outbound,Morning,7,Saturday,1,0,0,1467,1437,311,831,687,17,17,16,52,8,63.0,0.999,4,3.2,0.076,441.35,Clear,0,831,0,1.2,0.82,1.05
2026-09-12,ATL-HUB,Outbound,Morning,8,Saturday,1,0,1,1625,1592,302,840,831,19,19,18,48,8,74.2,0.972,15,3.8,0.057,535.26,Clear,0,840,1,1.2,0.82,1.05
2026-09-12,ATL-HUB,Outbound,Morning,9,Saturday,1,0,1,1576,1544,369,791,824,18,19,17,48,8,77.7,0.97,10,4.2,0.085,510.06,Clear,0,791,1,1.2,0.82,1.05
2026-09-12,ATL-HUB,Outbound,Morning,10,Saturday,1,0,0,1357,1329,383,707,703,15,15,14,53,8,73.1,0.954,8,3.7,0.074,427.13,Clear,0,707,2,1.08,0.82,1.05
2026-09-12,ATL-HUB,Outbound,Morning,11,Saturday,1,0,0,1360,1332,398,690,710,17,16,15,48,8,75.0,0.96,7,4.2,0.082,457.48,Clear,0,690,0,1.08,0.82,1.05
2026-09-12,ATL-HUB,Outbound,Morning,12,Saturday,1,0,0,1063,1041,340,530,565,11,12,11,50,8,74.3,0.965,12,4.3,0.05,392.83,Clear,0,530,0,0.96,0.82,1.05
2026-09-12,ATL-HUB,Outbound,Morning,13,Saturday,1,0,0,1097,1075,223,516,617,13,13,12,46,8,80.2,0.936,14,3.8,0.055,405.36,Clear,0,516,0,0.96,0.82,1.05
2026-09-12,ATL-HUB,Outbound,Evening,14,Saturday,1,0,0,1180,1156,275,600,611,13,13,12,50,8,74.9,1.0,11,4.5,0.069,416.89,Clear,0,600,2,0.96,0.82,1.05
2026-09-12,ATL-HUB,Outbound,Evening,15,Saturday,1,0,0,1154,1130,221,556,643,13,13,12,47,8,83.0,0.986,1,4.7,0.067,390.0,Clear,0,556,0,1.08,0.82,1.05
2026-09-12,ATL-HUB,Outbound,Evening,16,Saturday,1,0,0,1518,1487,480,703,878,16,16,15,51,8,89.3,0.92,1,4.2,0.071,441.18,Clear,0,703,1,1.08,0.82,1.05
2026-09-12,ATL-HUB,Outbound,Evening,17,Saturday,1,0,1,1668,1634,309,907,811,18,19,17,54,8,67.5,0.988,5,3.9,0.082,487.35,Clear,0,907,2,1.2,0.82,1.05
2026-09-12,ATL-HUB,Outbound,Evening,18,Saturday,1,0,1,1557,1525,554,833,771,18,19,17,50,8,70.2,0.981,0,3.9,0.08,469.3,Clear,0,833,0,1.2,0.82,1.05
2026-09-12,ATL-HUB,Outbound,Evening,19,Saturday,1,0,1,1728,1693,612,894,874,20,19,18,51,8,71.5,0.974,9,3.7,0.053,515.15,Clear,0,894,3,1.2,0.82,1.05
2026-09-12,ATL-HUB,Outbound,Evening,20,Saturday,1,0,0,1420,1391,394,752,708,18,17,16,49,8,69.2,0.96,4,3.4,0.066,446.08,Clear,0,752,1,1.08,0.82,1.05
2026-09-12,ATL-HUB,Outbound,Evening,21,Saturday,1,0,0,1180,1156,229,586,637,14,14,13,48,8,77.9,0.94,11,4.3,0.071,430.79,Clear,0,586,0,0.96,0.82,1.05
2026-09-12,ATL-HUB,Outbound,Night,22,Saturday,1,0,0,1107,1084,245,524,631,12,12,11,52,8,83.9,0.917,4,4.3,0.069,368.04,Clear,0,524,2,0.96,0.82,1.05
2026-09-12,ATL-HUB,Outbound,Night,23,Saturday,1,0,0,1032,1011,292,520,558,12,12,11,50,8,75.8,0.946,1,3.8,0.06,343.07,Clear,0,520,2,0.82,0.82,1.05
2026-09-12,CHI-HUB,Inbound,Morning,6,Saturday,1,0,0,1214,1071,410,623,578,15,15,14,46,8,71.0,0.967,3,4.0,0.057,416.04,Clear,0,623,0,0.96,0.82,1.05
2026-09-12,CHI-HUB,Inbound,Morning,7,Saturday,1,0,0,1474,1301,290,693,762,17,17,15,48,8,78.0,0.963,2,4.4,0.092,448.13,Clear,0,693,0,1.2,0.82,1.05
2026-09-12,CHI-HUB,Inbound,Morning,8,Saturday,1,0,1,1572,1387,521,739,815,18,17,16,49,8,79.4,0.944,11,4.3,0.073,495.36,Clear,0,739,1,1.2,0.82,1.05
2026-09-12,CHI-HUB,Inbound,Morning,9,Saturday,1,0,1,1732,1529,350,867,842,20,22,20,46,8,71.8,0.942,1,3.3,0.079,516.18,Clear,0,867,2,1.2,0.82,1.05
2026-09-12,CHI-HUB,Inbound,Morning,10,Saturday,1,0,0,1359,1199,286,677,670,17,16,15,46,8,75.3,0.981,4,3.7,0.081,432.89,Clear,0,677,3,1.08,0.82,1.05
2026-09-12,CHI-HUB,Inbound,Morning,11,Saturday,1,0,0,1414,1248,424,615,764,17,16,15,41,8,81.2,1.0,5,5.2,0.082,479.07,Clear,0,615,0,1.08,0.82,1.05
2026-09-12,CHI-HUB,Inbound,Morning,12,Saturday,1,0,0,1235,1089,324,604,624,14,14,13,49,8,74.5,0.949,10,4.3,0.06,427.7,Clear,0,604,2,0.96,0.82,1.05
2026-09-12,CHI-HUB,Inbound,Morning,13,Saturday,1,0,0,1163,1026,306,555,609,13,13,12,48,8,77.7,0.965,13,4.1,0.101,410.94,Clear,0,555,1,0.96,0.82,1.05
2026-09-12,CHI-HUB,Inbound,Evening,14,Saturday,1,0,0,1242,1096,230,563,675,13,13,12,49,8,84.4,0.958,13,4.9,0.081,434.72,Clear,0,563,0,0.96,0.82,1.05
2026-09-12,CHI-HUB,Inbound,Evening,15,Saturday,1,0,0,1396,1232,307,676,724,17,16,15,47,8,73.4,0.959,10,4.8,0.068,483.54,Clear,0,676,0,1.08,0.82,1.05
2026-09-12,CHI-HUB,Inbound,Evening,16,Saturday,1,0,0,1332,1175,436,683,640,16,16,15,50,8,69.0,0.912,1,3.3,0.072,411.61,Clear,0,683,0,1.08,0.82,1.05
2026-09-12,CHI-HUB,Inbound,Evening,17,Saturday,1,0,1,1641,1448,372,727,884,18,18,17,44,8,85.9,0.973,0,5.6,0.067,517.26,Clear,0,727,2,1.2,0.82,1.05
2026-09-12,CHI-HUB,Inbound,Evening,18,Saturday,1,0,1,1748,1542,594,751,979,18,19,17,48,8,89.5,0.921,7,4.4,0.098,507.95,Clear,0,751,0,1.2,0.82,1.05
2026-09-12,CHI-HUB,Inbound,Evening,19,Saturday,1,0,1,1659,1464,320,815,844,19,20,19,48,8,73.9,0.894,6,3.6,0.075,519.79,Clear,0,815,1,1.2,0.82,1.05
2026-09-12,CHI-HUB,Inbound,Evening,20,Saturday,1,0,0,1337,1179,324,719,603,16,16,15,50,8,63.8,0.959,15,3.5,0.065,462.1,Clear,0,719,0,1.08,0.82,1.05
2026-09-12,CHI-HUB,Inbound,Evening,21,Saturday,1,0,0,1238,1092,400,662,570,15,15,14,48,8,64.0,0.986,4,3.8,0.09,414.05,Clear,0,662,1,0.96,0.82,1.05
2026-09-12,CHI-HUB,Inbound,Night,22,Saturday,1,0,0,1157,1021,280,554,591,13,13,12,48,8,76.5,0.963,2,3.7,0.066,364.43,Clear,0,554,1,0.96,0.82,1.05
2026-09-12,CHI-HUB,Inbound,Night,23,Saturday,1,0,0,1027,906,203,418,588,10,11,10,44,8,95.7,0.95,9,5.0,0.058,381.93,Clear,0,418,0,0.82,0.82,1.05
2026-09-12,CHI-HUB,Sortation,Morning,6,Saturday,1,0,0,1162,1067,376,549,657,17,16,15,38,8,88.0,0.964,15,4.9,0.082,499.05,Clear,0,549,2,0.96,0.82,1.05
2026-09-12,CHI-HUB,Sortation,Morning,7,Saturday,1,0,0,1447,1329,372,743,736,19,19,18,43,8,69.7,0.961,4,4.1,0.065,505.19,Clear,0,743,3,1.2,0.82,1.05
2026-09-12,CHI-HUB,Sortation,Morning,8,Saturday,1,0,1,1805,1657,518,779,1075,26,26,24,45,8,98.9,0.802,16,2.8,0.089,630.76,Clear,0,779,3,1.2,0.82,1.05
2026-09-12,CHI-HUB,Sortation,Morning,9,Saturday,1,0,1,1740,1598,428,723,1080,23,24,22,41,8,103.0,0.891,17,4.0,0.064,627.37,Clear,0,723,2,1.2,0.82,1.05
2026-09-12,CHI-HUB,Sortation,Morning,10,Saturday,1,0,0,1363,1251,430,722,681,17,19,17,43,8,71.6,0.988,13,4.1,0.081,512.94,Clear,0,722,0,1.08,0.82,1.05
2026-09-12,CHI-HUB,Sortation,Morning,11,Saturday,1,0,0,1375,1263,467,783,640,20,20,18,44,8,62.7,0.989,2,3.7,0.083,486.27,Clear,0,783,1,1.08,0.82,1.05
2026-09-12,CHI-HUB,Sortation,Morning,12,Saturday,1,0,0,1171,1075,324,592,633,17,17,16,37,8,74.9,1.0,9,4.6,0.062,491.11,Clear,0,592,0,0.96,0.82,1.05
2026-09-12,CHI-HUB,Sortation,Morning,13,Saturday,1,0,0,1166,1071,266,680,532,16,17,15,48,8,59.3,0.945,7,2.9,0.092,417.52,Clear,0,680,2,0.96,0.82,1.05
2026-09-12,CHI-HUB,Sortation,Evening,14,Saturday,1,0,0,1336,1227,301,690,688,17,17,16,44,8,71.5,0.981,8,3.9,0.062,471.35,Clear,0,690,4,0.96,0.82,1.05
2026-09-12,CHI-HUB,Sortation,Evening,15,Saturday,1,0,0,1365,1253,406,534,874,17,18,16,35,8,110.4,0.954,6,6.1,0.092,528.58,Rain,0,534,0,1.08,0.82,1.05
2026-09-12,CHI-HUB,Sortation,Evening,16,Saturday,1,0,0,1345,1235,433,674,724,19,19,18,41,8,75.6,0.913,13,3.8,0.056,528.66,Storm,0,674,1,1.08,0.82,1.05
2026-09-12,CHI-HUB,Sortation,Evening,17,Saturday,1,0,1,1576,1448,395,560,1061,22,21,20,41,8,128.4,0.759,29,4.0,0.046,623.76,Clear,0,560,1,1.2,0.82,1.05
2026-09-12,CHI-HUB,Sortation,Evening,18,Saturday,1,0,1,1686,1548,482,645,1089,23,24,22,38,8,116.8,0.858,29,4.7,0.08,684.38,Clear,0,645,1,1.2,0.82,1.05
2026-09-12,CHI-HUB,Sortation,Evening,19,Saturday,1,0,1,1686,1548,432,602,1124,22,22,20,39,8,126.0,0.859,23,5.2,0.071,640.18,Clear,0,602,1,1.2,0.82,1.05
2026-09-12,CHI-HUB,Sortation,Evening,20,Saturday,1,0,0,1377,1265,351,783,617,19,18,17,47,8,63.1,0.981,0,3.4,0.08,452.01,Clear,0,783,3,1.08,0.82,1.05
2026-09-12,CHI-HUB,Sortation,Evening,21,Saturday,1,0,0,1229,1129,424,643,628,16,16,15,43,8,73.2,0.998,9,4.5,0.085,469.89,Clear,0,643,2,0.96,0.82,1.05
2026-09-12,CHI-HUB,Sortation,Night,22,Saturday,1,0,0,1236,1135,428,570,700,16,16,15,40,8,84.5,0.951,10,4.6,0.084,476.02,Clear,0,570,0,0.96,0.82,1.05
2026-09-12,CHI-HUB,Sortation,Night,23,Saturday,1,0,0,975,895,206,387,621,12,12,11,38,8,105.5,0.927,2,6.3,0.068,417.36,Heavy Rain,0,387,0,0.82,0.82,1.05
2026-09-12,CHI-HUB,Outbound,Morning,6,Saturday,1,0,0,1099,1077,241,494,659,12,12,11,48,8,89.3,0.937,1,4.7,0.058,369.5,Clear,0,494,0,0.96,0.82,1.05
2026-09-12,CHI-HUB,Outbound,Morning,7,Saturday,1,0,0,1286,1260,449,672,652,15,15,14,48,8,71.7,1.0,15,4.2,0.099,462.23,Clear,0,672,0,1.2,0.82,1.05
2026-09-12,CHI-HUB,Outbound,Morning,8,Saturday,1,0,1,1494,1464,465,834,709,19,18,17,51,8,65.5,0.962,10,3.0,0.042,474.95,Clear,0,834,1,1.2,0.82,1.05
2026-09-12,CHI-HUB,Outbound,Morning,9,Saturday,1,0,1,1503,1472,483,834,708,16,18,16,56,8,67.6,0.932,5,2.8,0.094,434.01,Clear,0,834,0,1.2,0.82,1.05
2026-09-12,CHI-HUB,Outbound,Morning,10,Saturday,1,0,0,1129,1106,303,564,632,13,13,12,49,8,79.5,0.96,7,3.8,0.082,383.55,Clear,0,564,1,1.08,0.82,1.05
2026-09-12,CHI-HUB,Outbound,Morning,11,Saturday,1,0,0,1161,1137,313,563,632,13,13,12,49,8,78.6,0.958,15,4.6,0.061,432.13,Clear,0,563,0,1.08,0.82,1.05
2026-09-12,CHI-HUB,Outbound,Morning,12,Saturday,1,0,0,1213,1188,361,643,608,15,15,14,49,8,67.4,0.938,1,3.8,0.062,404.88,Clear,0,643,2,0.96,0.82,1.05
2026-09-12,CHI-HUB,Outbound,Morning,13,Saturday,1,0,0,1079,1057,285,538,574,12,12,11,52,8,76.0,0.941,6,3.6,0.069,354.34,Clear,0,538,1,0.96,0.82,1.05
2026-09-12,CHI-HUB,Outbound,Evening,14,Saturday,1,0,0,945,926,273,396,580,10,10,9,46,8,98.8,0.958,0,5.4,0.064,344.07,Clear,0,396,1,0.96,0.82,1.05
2026-09-12,CHI-HUB,Outbound,Evening,15,Saturday,1,0,0,1063,1041,377,518,581,12,12,11,50,8,81.2,0.943,2,4.1,0.063,355.23,Clear,0,518,1,1.08,0.82,1.05
2026-09-12,CHI-HUB,Outbound,Evening,16,Saturday,1,0,0,1257,1231,371,650,655,13,14,13,51,8,71.6,0.981,10,3.6,0.082,409.39,Clear,0,650,0,1.08,0.82,1.05
2026-09-12,CHI-HUB,Outbound,Evening,17,Saturday,1,0,1,1612,1579,505,791,858,18,18,17,48,8,79.6,0.97,0,4.1,0.06,475.91,Clear,0,791,0,1.2,0.82,1.05
2026-09-12,CHI-HUB,Outbound,Evening,18,Saturday,1,0,1,1362,1334,430,690,723,15,16,15,48,8,74.9,0.96,2,4.0,0.041,440.92,Storm,0,690,0,1.2,0.82,1.05
2026-09-12,CHI-HUB,Outbound,Evening,19,Saturday,1,0,1,1549,1517,445,824,777,20,21,19,45,8,71.9,0.964,5,4.2,0.085,532.56,Clear,0,824,2,1.2,0.82,1.05
2026-09-12,CHI-HUB,Outbound,Evening,20,Saturday,1,0,0,1225,1200,257,581,675,14,14,13,48,8,80.6,0.932,0,4.8,0.079,411.75,Rain,0,581,0,1.08,0.82,1.05
2026-09-12,CHI-HUB,Outbound,Evening,21,Saturday,1,0,0,1058,1036,338,564,528,12,12,11,53,8,68.9,0.968,3,3.9,0.061,352.74,Clear,0,564,0,0.96,0.82,1.05
2026-09-12,CHI-HUB,Outbound,Night,22,Saturday,1,0,0,974,954,283,488,522,11,11,10,50,8,80.0,0.976,10,4.4,0.063,368.09,Clear,0,488,1,0.96,0.82,1.05
2026-09-12,CHI-HUB,Outbound,Night,23,Saturday,1,0,0,906,888,182,424,510,10,10,9,49,8,84.8,0.964,7,4.6,0.079,343.35,Clear,0,424,0,0.82,0.82,1.05
2026-09-12,DAL-HUB,Inbound,Morning,6,Saturday,1,0,0,914,807,267,423,484,10,10,9,48,8,78.2,0.981,2,4.6,0.059,326.85,Clear,0,423,0,0.96,0.82,1.05
2026-09-12,DAL-HUB,Inbound,Morning,7,Saturday,1,0,0,1216,1073,358,586,618,14,14,13,48,8,74.1,0.94,8,3.9,0.056,412.35,Heavy Rain,0,586,0,1.2,0.82,1.05
2026-09-12,DAL-HUB,Inbound,Morning,8,Saturday,1,0,1,1484,1309,330,777,676,17,17,16,50,8,65.9,0.972,15,3.4,0.087,481.39,Clear,0,777,0,1.2,0.82,1.05
2026-09-12,DAL-HUB,Inbound,Morning,9,Saturday,1,0,1,1375,1214,276,740,622,17,17,16,47,8,64.8,0.985,10,3.2,0.071,457.88,Clear,0,740,1,1.2,0.82,1.05
2026-09-12,DAL-HUB,Inbound,Morning,10,Saturday,1,0,0,1125,992,299,537,587,12,12,11,49,8,79.5,0.998,4,4.2,0.082,364.75,Clear,0,537,1,1.08,0.82,1.05
2026-09-12,DAL-HUB,Inbound,Morning,11,Saturday,1,0,0,1033,911,186,437,572,10,11,10,45,8,90.5,0.973,12,5.0,0.061,391.63,Clear,0,437,2,1.08,0.82,1.05
2026-09-12,DAL-HUB,Inbound,Morning,12,Saturday,1,0,0,1037,915,305,454,573,12,12,11,44,8,87.1,0.938,12,4.6,0.052,401.1,Rain,0,454,2,0.96,0.82,1.05
2026-09-12,DAL-HUB,Inbound,Morning,13,Saturday,1,0,0,973,858,212,453,529,10,11,10,48,8,83.3,0.945,5,4.3,0.068,348.57,Clear,0,453,1,0.96,0.82,1.05
2026-09-12,DAL-HUB,Inbound,Evening,14,Saturday,1,0,0,1077,950,266,572,500,13,13,12,49,8,66.8,0.973,1,3.2,0.088,345.81,Clear,0,572,2,0.96,0.82,1.05
2026-09-12,DAL-HUB,Inbound,Evening,15,Saturday,1,0,0,1210,1068,405,583,620,14,14,13,47,8,73.5,0.955,13,3.7,0.059,420.07,Clear,0,583,1,1.08,0.82,1.05
2026-09-12,DAL-HUB,Inbound,Evening,16,Saturday,1,0,0,1230,1085,271,597,648,15,15,14,45,8,78.6,0.948,5,4.4,0.078,433.91,Clear,0,597,1,1.08,0.82,1.05
2026-09-12,DAL-HUB,Inbound,Evening,17,Saturday,1,0,1,1373,1212,406,668,696,15,15,14,48,8,73.1,0.995,8,4.5,0.067,448.85,Clear,0,668,1,1.2,0.82,1.05
2026-09-12,DAL-HUB,Inbound,Evening,18,Saturday,1,0,1,1361,1201,353,786,561,15,16,15,54,8,56.6,0.971,8,2.4,0.052,409.33,Clear,0,786,3,1.2,0.82,1.05
2026-09-12,DAL-HUB,Inbound,Evening,19,Saturday,1,0,1,1466,1294,309,731,730,17,17,16,48,8,74.7,0.952,13,3.1,0.066,467.84,Rain,0,731,1,1.2,0.82,1.05
2026-09-12,DAL-HUB,Inbound,Evening,20,Saturday,1,0,0,1112,981,358,458,658,11,12,11,44,8,96.4,0.948,10,5.5,0.056,420.14,Clear,0,458,1,1.08,0.82,1.05
2026-09-12,DAL-HUB,Inbound,Evening,21,Saturday,1,0,0,1015,896,222,489,530,12,12,11,47,8,76.2,0.947,15,4.3,0.075,400.83,Clear,0,489,0,0.96,0.82,1.05
2026-09-12,DAL-HUB,Inbound,Night,22,Saturday,1,0,0,1015,896,347,473,541,12,11,11,46,8,79.3,0.935,0,4.1,0.044,347.23,Clear,0,473,3,0.96,0.82,1.05
2026-09-12,DAL-HUB,Inbound,Night,23,Saturday,1,0,0,877,774,194,443,427,10,10,9,51,8,71.5,0.966,8,3.8,0.08,322.98,Clear,0,443,1,0.82,0.82,1.05
2026-09-12,DAL-HUB,Sortation,Morning,6,Saturday,1,0,0,1033,949,314,539,521,14,14,13,43,8,73.9,0.966,10,3.7,0.082,408.09,Clear,0,539,0,0.96,0.82,1.05
2026-09-12,DAL-HUB,Sortation,Morning,7,Saturday,1,0,0,1255,1152,300,623,662,16,16,15,44,8,74.7,0.944,14,3.7,0.072,463.96,Clear,0,623,3,1.2,0.82,1.05
2026-09-12,DAL-HUB,Sortation,Morning,8,Saturday,1,0,1,1390,1277,373,564,872,19,19,18,42,8,108.4,0.829,20,3.9,0.057,549.74,Clear,0,564,2,1.2,0.82,1.05
2026-09-12,DAL-HUB,Sortation,Morning,9,Saturday,1,0,1,1515,1391,385,629,927,21,20,19,42,8,106.3,0.877,23,4.1,0.06,586.73,Clear,0,629,4,1.2,0.82,1.05
2026-09-12,DAL-HUB,Sortation,Morning,10,Saturday,1,0,0,1251,1149,388,640,661,17,17,16,44,8,75.1,0.91,0,3.2,0.044,424.59,Clear,0,640,0,1.08,0.82,1.05
2026-09-12,DAL-HUB,Sortation,Morning,11,Saturday,1,0,0,1039,954,363,467,610,12,12,11,43,8,89.7,0.988,13,5.9,0.095,440.4,Clear,0,467,0,1.08,0.82,1.05
2026-09-12,DAL-HUB,Sortation,Morning,12,Saturday,1,0,0,969,890,275,431,563,12,12,11,41,8,90.9,0.956,1,4.4,0.068,359.77,Rain,0,431,1,0.96,0.82,1.05
2026-09-12,DAL-HUB,Sortation,Morning,13,Saturday,1,0,0,1107,1017,256,588,566,14,14,13,48,8,71.4,0.943,7,3.6,0.056,397.04,Clear,0,588,1,0.96,0.82,1.05
2026-09-12,DAL-HUB,Sortation,Evening,14,Saturday,1,0,0,959,881,179,564,429,13,13,12,47,8,59.9,1.0,8,3.4,0.082,372.42,Clear,0,564,0,0.96,0.82,1.05
2026-09-12,DAL-HUB,Sortation,Evening,15,Saturday,1,0,0,1101,1011,377,542,572,14,15,14,41,8,81.5,0.946,13,4.3,0.075,455.23,Clear,0,542,1,1.08,0.82,1.05
2026-09-12,DAL-HUB,Sortation,Evening,16,Saturday,1,0,0,1129,1037,239,571,616,15,15,14,43,8,79.3,0.949,9,4.2,0.078,440.15,Clear,0,571,3,1.08,0.82,1.05
2026-09-12,DAL-HUB,Sortation,Evening,17,Saturday,1,0,1,1438,1321,442,659,818,21,21,20,39,8,93.9,0.94,30,3.5,0.059,610.42,Clear,0,659,2,1.2,0.82,1.05
2026-09-12,DAL-HUB,Sortation,Evening,18,Saturday,1,0,1,1533,1408,467,621,963,23,22,21,42,8,108.1,0.783,29,3.0,0.057,614.47,Clear,0,621,1,1.2,0.82,1.05
2026-09-12,DAL-HUB,Sortation,Evening,19,Saturday,1,0,1,1434,1317,434,543,943,18,18,17,44,8,115.7,0.807,15,4.5,0.07,531.85,Clear,0,543,0,1.2,0.82,1.05
2026-09-12,DAL-HUB,Sortation,Evening,20,Saturday,1,0,0,1214,1115,429,672,600,16,16,15,45,8,66.7,0.997,12,3.4,0.057,448.4,Clear,0,672,2,1.08,0.82,1.05
2026-09-12,DAL-HUB,Sortation,Evening,21,Saturday,1,0,0,982,902,319,491,518,13,13,12,43,8,76.0,0.953,3,3.9,0.077,370.85,Clear,0,491,2,0.96,0.82,1.05
2026-09-12,DAL-HUB,Sortation,Night,22,Saturday,1,0,0,928,852,299,439,517,12,12,11,41,8,84.4,0.975,5,4.7,0.087,379.15,Clear,0,439,1,0.96,0.82,1.05
2026-09-12,DAL-HUB,Sortation,Night,23,Saturday,1,0,0,885,813,208,422,519,11,11,10,43,8,84.1,0.983,1,5.0,0.086,354.47,Clear,0,422,0,0.82,0.82,1.05
2026-09-12,DAL-HUB,Outbound,Morning,6,Saturday,1,0,0,976,956,217,460,532,10,11,10,50,8,86.4,0.921,7,3.6,0.075,336.13,Clear,0,460,2,0.96,0.82,1.05
2026-09-12,DAL-HUB,Outbound,Morning,7,Saturday,1,0,0,1096,1074,346,507,606,12,13,12,45,8,84.6,0.94,13,4.4,0.094,418.94,Clear,0,507,1,1.2,0.82,1.05
2026-09-12,DAL-HUB,Outbound,Morning,8,Saturday,1,0,1,1399,1370,487,705,742,17,16,15,47,8,75.4,1.0,9,5.0,0.069,487.0,Clear,0,705,0,1.2,0.82,1.05
2026-09-12,DAL-HUB,Outbound,Morning,9,Saturday,1,0,1,1218,1193,286,596,653,16,15,14,45,8,76.7,0.947,15,4.1,0.075,458.17,Clear,0,596,0,1.2,0.82,1.05
2026-09-12,DAL-HUB,Outbound,Morning,10,Saturday,1,0,0,1063,1041,367,534,562,12,12,11,50,8,75.4,0.972,2,4.4,0.07,363.63,Clear,0,534,1,1.08,0.82,1.05
2026-09-12,DAL-HUB,Outbound,Morning,11,Saturday,1,0,0,968,948,336,454,559,11,11,10,46,8,87.9,0.989,9,5.2,0.049,387.18,Clear,0,454,3,1.08,0.82,1.05
2026-09-12,DAL-HUB,Outbound,Morning,12,Saturday,1,0,0,980,960,212,449,578,10,11,10,46,8,92.3,0.978,1,4.8,0.07,350.6,Clear,0,449,1,0.96,0.82,1.05
2026-09-12,DAL-HUB,Outbound,Morning,13,Saturday,1,0,0,933,914,228,432,537,10,10,9,48,8,82.4,1.0,8,4.8,0.088,352.65,Clear,0,432,2,0.96,0.82,1.05
2026-09-12,DAL-HUB,Outbound,Evening,14,Saturday,1,0,0,981,961,257,485,536,10,11,10,54,8,78.4,0.898,3,4.1,0.06,337.44,Clear,0,485,1,0.96,0.82,1.05
2026-09-12,DAL-HUB,Outbound,Evening,15,Saturday,1,0,0,945,926,331,444,543,9,10,9,50,8,84.6,0.987,11,4.7,0.062,359.67,Clear,0,444,2,1.08,0.82,1.05
2026-09-12,DAL-HUB,Outbound,Evening,16,Saturday,1,0,0,1096,1074,324,489,658,12,12,11,47,8,92.3,0.946,6,5.5,0.067,407.84,Clear,0,489,1,1.08,0.82,1.05
2026-09-12,DAL-HUB,Outbound,Evening,17,Saturday,1,0,1,1356,1328,461,741,658,17,17,16,48,8,65.8,0.966,5,2.7,0.065,428.51,Clear,0,741,1,1.2,0.82,1.05
2026-09-12,DAL-HUB,Outbound,Evening,18,Saturday,1,0,1,1237,1212,284,570,695,12,13,12,51,8,84.7,0.932,7,4.6,0.077,407.93,Clear,0,570,0,1.2,0.82,1.05
2026-09-12,DAL-HUB,Outbound,Evening,19,Saturday,1,0,1,1107,1084,248,553,588,11,12,11,53,8,77.3,0.949,9,4.5,0.068,389.64,Clear,0,553,1,1.2,0.82,1.05
2026-09-12,DAL-HUB,Outbound,Evening,20,Saturday,1,0,0,1094,1072,251,538,593,12,12,11,52,8,76.2,0.941,10,3.9,0.087,375.81,Clear,0,538,0,1.08,0.82,1.05
2026-09-12,DAL-HUB,Outbound,Evening,21,Saturday,1,0,0,917,898,206,429,513,10,10,9,50,8,84.5,0.954,7,4.9,0.055,351.95,Clear,0,429,3,0.96,0.82,1.05
2026-09-12,DAL-HUB,Outbound,Night,22,Saturday,1,0,0,909,890,286,431,507,9,10,9,50,8,82.9,0.959,8,4.6,0.077,346.6,Clear,0,431,1,0.96,0.82,1.05
2026-09-12,DAL-HUB,Outbound,Night,23,Saturday,1,0,0,824,807,229,409,444,9,9,8,54,8,76.0,0.948,12,4.3,0.067,329.94,Clear,0,409,0,0.82,0.82,1.05
2026-09-13,ATL-HUB,Inbound,Morning,6,Sunday,1,0,0,1264,1116,346,554,718,14,14,13,46,8,89.6,0.927,6,4.4,0.079,422.68,Storm,0,554,0,0.96,0.82,1.065
2026-09-13,ATL-HUB,Inbound,Morning,7,Sunday,1,0,0,1576,1391,383,938,632,19,19,18,53,8,55.3,0.984,3,2.9,0.073,469.63,Clear,0,938,0,1.2,0.82,1.065
2026-09-13,ATL-HUB,Inbound,Morning,8,Sunday,1,0,1,1878,1657,609,979,879,22,22,21,48,8,67.9,0.971,0,3.6,0.066,543.46,Clear,0,979,2,1.2,0.82,1.065
2026-09-13,ATL-HUB,Inbound,Morning,9,Sunday,1,0,1,1764,1557,313,853,905,18,20,18,49,8,78.7,0.968,1,4.0,0.076,497.34,Clear,0,853,3,1.2,0.82,1.065
2026-09-13,ATL-HUB,Inbound,Morning,10,Sunday,1,0,0,1429,1260,336,629,797,17,16,15,46,8,88.8,0.913,3,4.6,0.058,456.12,Clear,0,629,1,1.08,0.82,1.065
2026-09-13,ATL-HUB,Inbound,Morning,11,Sunday,1,0,0,1455,1284,383,722,726,17,17,16,46,8,72.9,0.982,0,3.4,0.076,435.97,Heavy Rain,0,722,0,1.08,0.82,1.065
2026-09-13,ATL-HUB,Inbound,Morning,12,Sunday,1,0,0,1356,1197,452,581,754,15,16,15,41,8,90.3,0.946,10,5.1,0.046,491.24,Clear,0,581,0,0.96,0.82,1.065
2026-09-13,ATL-HUB,Inbound,Morning,13,Sunday,1,0,0,1122,990,282,556,555,13,13,12,48,8,74.2,0.967,13,3.8,0.078,401.8,Clear,0,556,1,0.96,0.82,1.065
2026-09-13,ATL-HUB,Inbound,Evening,14,Sunday,1,0,0,1242,1096,412,611,625,15,15,14,45,8,74.2,0.971,2,4.2,0.094,418.92,Clear,0,611,0,0.96,0.82,1.065
2026-09-13,ATL-HUB,Inbound,Evening,15,Sunday,1,0,0,1304,1151,356,633,659,13,14,13,50,8,79.3,0.975,13,4.1,0.059,434.3,Rain,0,633,0,1.08,0.82,1.065
2026-09-13,ATL-HUB,Inbound,Evening,16,Sunday,1,0,0,1430,1261,455,672,730,15,15,14,48,8,75.7,1.0,14,4.2,0.066,460.64,Clear,0,672,1,1.08,0.82,1.065
2026-09-13,ATL-HUB,Inbound,Evening,17,Sunday,1,0,1,1958,1728,658,933,999,22,23,21,45,8,80.2,0.988,11,4.1,0.084,598.21,Heavy Rain,0,933,1,1.2,0.82,1.065
2026-09-13,ATL-HUB,Inbound,Evening,18,Sunday,1,0,1,1818,1604,486,835,993,21,21,20,46,8,83.9,0.908,7,3.7,0.062,548.09,Clear,0,835,2,1.2,0.82,1.065
2026-09-13,ATL-HUB,Inbound,Evening,19,Sunday,1,0,1,1722,1520,509,806,891,20,19,18,47,8,79.3,0.953,2,4.6,0.064,516.6,Clear,0,806,4,1.2,0.82,1.065
2026-09-13,ATL-HUB,Inbound,Evening,20,Sunday,1,0,0,1348,1189,447,732,606,16,16,15,50,8,66.0,0.977,14,3.4,0.075,456.3,Clear,0,732,2,1.08,0.82,1.065
2026-09-13,ATL-HUB,Inbound,Evening,21,Sunday,1,0,0,1252,1105,316,558,695,13,14,13,45,8,88.6,0.955,11,4.3,0.063,431.2,Clear,0,558,0,0.96,0.82,1.065
2026-09-13,ATL-HUB,Inbound,Night,22,Sunday,1,0,0,1268,1119,366,668,577,15,15,14,50,8,65.8,0.955,10,3.7,0.081,430.99,Clear,0,668,0,0.96,0.82,1.065
2026-09-13,ATL-HUB,Inbound,Night,23,Sunday,1,0,0,1056,932,229,546,500,12,12,11,51,8,69.1,0.974,5,3.7,0.066,352.75,Clear,0,546,0,0.82,0.82,1.065
2026-09-13,ATL-HUB,Sortation,Morning,6,Sunday,1,0,0,1300,1194,300,703,618,18,18,17,43,8,68.1,0.962,15,3.5,0.041,501.39,Clear,0,703,0,0.96,0.82,1.065
2026-09-13,ATL-HUB,Sortation,Morning,7,Sunday,1,0,0,1745,1602,580,922,887,22,24,22,45,8,70.2,0.931,8,3.5,0.077,591.07,Storm,0,922,1,1.2,0.82,1.065
2026-09-13,ATL-HUB,Sortation,Morning,8,Sunday,1,0,1,1812,1664,607,687,1173,27,26,24,43,8,113.6,0.741,20,3.7,0.063,668.88,Clear,0,687,4,1.2,0.82,1.065
2026-09-13,ATL-HUB,Sortation,Morning,9,Sunday,1,0,1,1858,1706,554,801,1115,27,25,24,43,8,95.5,0.863,11,3.4,0.056,632.53,Clear,0,801,1,1.2,0.82,1.065
2026-09-13,ATL-HUB,Sortation,Morning,10,Sunday,1,0,0,1542,1416,533,854,735,21,21,20,44,8,62.3,0.971,7,3.8,0.049,547.13,Clear,0,854,0,1.08,0.82,1.065
2026-09-13,ATL-HUB,Sortation,Morning,11,Sunday,1,0,0,1535,1410,292,708,880,20,20,19,39,8,86.3,0.956,3,4.7,0.074,539.91,Clear,0,708,1,1.08,0.82,1.065
2026-09-13,ATL-HUB,Sortation,Morning,12,Sunday,1,0,0,1326,1218,440,632,720,18,19,17,38,8,79.2,0.979,9,5.1,0.081,530.4,Heavy Rain,0,632,1,0.96,0.82,1.065
2026-09-13,ATL-HUB,Sortation,Morning,13,Sunday,1,0,0,1183,1087,238,573,643,15,15,14,42,8,79.5,0.975,15,4.4,0.061,465.94,Clear,0,573,1,0.96,0.82,1.065
2026-09-13,ATL-HUB,Sortation,Evening,14,Sunday,1,0,0,1279,1175,306,662,665,17,17,16,42,8,73.2,0.985,4,3.6,0.079,449.11,Clear,0,662,0,0.96,0.82,1.065
2026-09-13,ATL-HUB,Sortation,Evening,15,Sunday,1,0,0,1421,1305,337,800,674,20,20,19,44,8,67.1,0.958,4,3.1,0.066,496.22,Clear,0,800,0,1.08,0.82,1.065
2026-09-13,ATL-HUB,Sortation,Evening,16,Sunday,1,0,0,1513,1389,356,845,724,21,20,19,45,8,65.6,0.988,14,3.6,0.064,543.89,Clear,0,845,3,1.08,0.82,1.065
2026-09-13,ATL-HUB,Sortation,Evening,17,Sunday,1,0,1,1975,1814,561,776,1262,28,26,25,43,8,113.3,0.803,11,3.4,0.054,654.19,Clear,0,776,2,1.2,0.82,1.065
2026-09-13,ATL-HUB,Sortation,Evening,18,Sunday,1,0,1,1756,1612,383,580,1232,22,23,21,42,8,138.3,0.731,25,4.2,0.086,639.36,Clear,0,580,1,1.2,0.82,1.065
2026-09-13,ATL-HUB,Sortation,Evening,19,Sunday,1,0,1,1902,1746,504,750,1199,24,25,23,42,8,110.9,0.863,26,4.4,0.072,689.84,Clear,0,750,1,1.2,0.82,1.065
2026-09-13,ATL-HUB,Sortation,Evening,20,Sunday,1,0,0,1449,1331,299,768,723,19,19,18,44,8,71.4,0.97,11,3.6,0.059,513.62,Clear,0,768,4,1.08,0.82,1.065
2026-09-13,ATL-HUB,Sortation,Evening,21,Sunday,1,0,0,1323,1215,405,726,644,18,18,17,43,8,68.6,0.993,2,3.6,0.072,463.02,Clear,0,726,2,0.96,0.82,1.065
2026-09-13,ATL-HUB,Sortation,Night,22,Sunday,1,0,0,1325,1217,288,698,659,20,19,18,40,8,69.6,0.97,1,3.6,0.068,482.28,Heavy Rain,0,698,2,0.96,0.82,1.065
2026-09-13,ATL-HUB,Sortation,Night,23,Sunday,1,0,0,1111,1020,290,687,465,17,16,15,46,8,53.6,0.996,7,2.9,0.087,416.51,Clear,0,687,0,0.82,0.82,1.065
2026-09-13,ATL-HUB,Outbound,Morning,6,Sunday,1,0,0,1234,1209,293,585,700,13,13,12,51,8,87.1,0.956,11,4.5,0.075,417.88,Clear,0,585,0,0.96,0.82,1.065
2026-09-13,ATL-HUB,Outbound,Morning,7,Sunday,1,0,0,1560,1528,355,800,808,19,18,17,49,8,69.6,0.961,5,4.0,0.06,488.16,Clear,0,800,2,1.2,0.82,1.065
2026-09-13,ATL-HUB,Outbound,Morning,8,Sunday,1,0,1,1632,1599,385,897,782,20,19,18,50,8,68.1,0.998,14,3.8,0.068,532.19,Clear,0,897,1,1.2,0.82,1.065
2026-09-13,ATL-HUB,Outbound,Morning,9,Sunday,1,0,1,1776,1740,523,914,904,21,20,19,50,8,74.1,0.962,9,3.8,0.068,538.33,Clear,0,914,2,1.2,0.82,1.065
2026-09-13,ATL-HUB,Outbound,Morning,10,Sunday,1,0,0,1323,1296,421,709,672,15,15,14,52,8,69.6,0.974,2,3.3,0.075,396.1,Clear,0,709,0,1.08,0.82,1.065
2026-09-13,ATL-HUB,Outbound,Morning,11,Sunday,1,0,0,1285,1259,318,593,752,14,14,13,48,8,88.1,0.952,2,5.0,0.066,423.52,Clear,0,593,0,1.08,0.82,1.065
2026-09-13,ATL-HUB,Outbound,Morning,12,Sunday,1,0,0,1141,1118,341,572,608,13,13,12,49,8,73.1,0.974,13,3.8,0.064,402.97,Clear,0,572,0,0.96,0.82,1.065
2026-09-13,ATL-HUB,Outbound,Morning,13,Sunday,1,0,0,1156,1132,241,515,673,12,12,11,47,8,91.8,0.997,9,5.1,0.084,407.34,Clear,0,515,2,0.96,0.82,1.065
2026-09-13,ATL-HUB,Outbound,Evening,14,Sunday,1,0,0,1062,1040,292,542,545,12,12,11,53,8,75.6,0.931,14,3.4,0.069,374.01,Clear,0,542,1,0.96,0.82,1.065
2026-09-13,ATL-HUB,Outbound,Evening,15,Sunday,1,0,0,1405,1376,399,685,755,15,15,14,51,8,78.2,0.96,14,4.3,0.056,464.01,Clear,0,685,0,1.08,0.82,1.065
2026-09-13,ATL-HUB,Outbound,Evening,16,Sunday,1,0,0,1297,1271,357,700,656,14,15,14,52,8,70.1,0.962,4,3.5,0.074,407.63,Clear,0,700,1,1.08,0.82,1.065
2026-09-13,ATL-HUB,Outbound,Evening,17,Sunday,1,0,1,1663,1629,540,826,882,18,18,17,50,8,76.8,0.972,13,4.5,0.068,533.31,Heavy Rain,0,826,1,1.2,0.82,1.065
2026-09-13,ATL-HUB,Outbound,Evening,18,Sunday,1,0,1,1693,1658,326,806,935,18,18,17,51,8,83.8,0.93,12,4.8,0.052,535.4,Clear,0,806,1,1.2,0.82,1.065
2026-09-13,ATL-HUB,Outbound,Evening,19,Sunday,1,0,1,1638,1605,482,876,791,20,19,18,50,8,67.2,0.974,0,4.1,0.074,495.9,Clear,0,876,2,1.2,0.82,1.065
2026-09-13,ATL-HUB,Outbound,Evening,20,Sunday,1,0,0,1352,1324,354,691,703,16,16,15,47,8,73.7,0.981,10,4.8,0.051,483.74,Clear,0,691,0,1.08,0.82,1.065
2026-09-13,ATL-HUB,Outbound,Evening,21,Sunday,1,0,0,1146,1123,306,561,627,12,12,11,51,8,78.9,1.0,14,4.8,0.081,414.76,Clear,0,561,1,0.96,0.82,1.065
2026-09-13,ATL-HUB,Outbound,Night,22,Sunday,1,0,0,1292,1266,386,641,696,15,15,14,48,8,79.7,0.955,12,4.4,0.089,458.34,Clear,0,641,2,0.96,0.82,1.065
2026-09-13,ATL-HUB,Outbound,Night,23,Sunday,1,0,0,1004,984,308,532,512,12,11,11,52,8,70.0,0.93,10,3.7,0.036,368.55,Clear,0,532,0,0.82,0.82,1.065
2026-09-13,CHI-HUB,Inbound,Morning,6,Sunday,1,0,0,1171,1034,369,624,532,14,14,13,51,8,67.8,0.941,10,3.2,0.049,395.78,Clear,0,624,3,0.96,0.82,1.065
2026-09-13,CHI-HUB,Inbound,Morning,7,Sunday,1,0,0,1489,1314,318,801,684,19,18,17,49,8,66.5,0.963,0,3.8,0.071,469.44,Storm,0,801,1,1.2,0.82,1.065
2026-09-13,CHI-HUB,Inbound,Morning,8,Sunday,1,0,1,1701,1501,484,816,880,20,19,18,48,8,77.6,0.946,13,3.8,0.07,530.83,Rain,0,816,0,1.2,0.82,1.065
2026-09-13,CHI-HUB,Inbound,Morning,9,Sunday,1,0,1,1616,1426,440,779,824,18,18,17,47,8,75.0,0.975,13,4.6,0.077,530.43,Clear,0,779,0,1.2,0.82,1.065
2026-09-13,CHI-HUB,Inbound,Morning,10,Sunday,1,0,0,1271,1122,255,675,584,15,15,14,51,8,67.3,0.947,10,3.1,0.045,414.25,Clear,0,675,1,1.08,0.82,1.065
2026-09-13,CHI-HUB,Inbound,Morning,11,Sunday,1,0,0,1135,1001,237,487,610,11,12,11,47,8,89.2,0.942,9,5.0,0.069,403.33,Clear,0,487,2,1.08,0.82,1.065
2026-09-13,CHI-HUB,Inbound,Morning,12,Sunday,1,0,0,1183,1044,319,568,594,14,14,13,47,8,72.5,0.931,4,3.5,0.077,385.18,Clear,0,568,1,0.96,0.82,1.065
2026-09-13,CHI-HUB,Inbound,Morning,13,Sunday,1,0,0,1200,1059,386,558,647,14,14,13,47,8,82.1,0.915,2,4.0,0.086,393.09,Clear,0,558,1,0.96,0.82,1.065
2026-09-13,CHI-HUB,Inbound,Evening,14,Sunday,1,0,0,1130,997,272,605,524,14,14,13,47,8,68.0,0.991,7,4.3,0.06,416.24,Clear,0,605,2,0.96,0.82,1.065
2026-09-13,CHI-HUB,Inbound,Evening,15,Sunday,1,0,0,1487,1312,448,778,664,19,19,18,47,8,65.1,0.921,13,3.1,0.062,505.64,Clear,0,778,1,1.08,0.82,1.065
2026-09-13,CHI-HUB,Inbound,Evening,16,Sunday,1,0,0,1234,1089,261,558,663,14,14,13,46,8,79.4,0.933,10,4.6,0.069,440.44,Storm,0,558,0,1.08,0.82,1.065
2026-09-13,CHI-HUB,Inbound,Evening,17,Sunday,1,0,1,1601,1413,422,769,819,18,18,17,46,8,78.1,0.984,4,4.5,0.062,504.21,Storm,0,769,2,1.2,0.82,1.065
2026-09-13,CHI-HUB,Inbound,Evening,18,Sunday,1,0,1,1791,1580,551,912,849,22,21,20,48,8,68.1,0.951,3,3.8,0.058,537.61,Clear,0,912,2,1.2,0.82,1.065
2026-09-13,CHI-HUB,Inbound,Evening,19,Sunday,1,0,1,1551,1368,331,841,691,19,19,18,47,8,64.0,0.995,13,3.4,0.078,515.18,Clear,0,841,1,1.2,0.82,1.065
2026-09-13,CHI-HUB,Inbound,Evening,20,Sunday,1,0,0,1293,1141,409,623,651,15,15,14,47,8,76.5,0.947,4,4.1,0.072,423.42,Clear,0,623,1,1.08,0.82,1.065
2026-09-13,CHI-HUB,Inbound,Evening,21,Sunday,1,0,0,1238,1092,364,576,653,13,14,13,47,8,78.7,0.943,11,4.4,0.055,433.75,Clear,0,576,0,0.96,0.82,1.065
2026-09-13,CHI-HUB,Inbound,Night,22,Sunday,1,0,0,1137,1003,279,576,544,13,13,12,48,8,70.1,1.0,14,4.2,0.066,418.88,Heavy Rain,0,576,0,0.96,0.82,1.065
2026-09-13,CHI-HUB,Inbound,Night,23,Sunday,1,0,0,995,878,227,506,473,12,12,11,46,8,70.3,1.0,0,4.2,0.064,349.67,Clear,0,506,0,0.82,0.82,1.065
2026-09-13,CHI-HUB,Sortation,Morning,6,Sunday,1,0,0,1321,1213,439,670,698,18,18,17,42,8,75.9,0.94,15,4.2,0.074,521.36,Clear,0,670,0,0.96,0.82,1.065
2026-09-13,CHI-HUB,Sortation,Morning,7,Sunday,1,0,0,1404,1289,364,797,644,20,20,19,42,8,62.6,1.0,14,3.9,0.07,550.29,Clear,0,797,1,1.2,0.82,1.065
2026-09-13,CHI-HUB,Sortation,Morning,8,Sunday,1,0,1,1688,1550,348,597,1145,23,23,21,40,8,128.8,0.791,12,4.7,0.077,610.51,Clear,0,597,1,1.2,0.82,1.065
2026-09-13,CHI-HUB,Sortation,Morning,9,Sunday,1,0,1,1754,1611,467,760,1036,23,23,22,45,8,96.8,0.854,20,3.5,0.059,625.15,Rain,0,760,1,1.2,0.82,1.065
2026-09-13,CHI-HUB,Sortation,Morning,10,Sunday,1,0,0,1411,1296,266,808,640,19,19,18,45,8,60.8,0.998,9,2.9,0.06,486.92,Clear,0,808,0,1.08,0.82,1.065
2026-09-13,CHI-HUB,Sortation,Morning,11,Sunday,1,0,0,1360,1249,445,765,625,17,18,17,45,8,65.8,1.0,0,3.8,0.074,462.88,Clear,0,765,0,1.08,0.82,1.065
2026-09-13,CHI-HUB,Sortation,Morning,12,Sunday,1,0,0,1292,1187,439,614,725,16,16,15,41,8,82.6,0.999,13,4.5,0.087,483.84,Clear,0,614,1,0.96,0.82,1.065
2026-09-13,CHI-HUB,Sortation,Morning,13,Sunday,1,0,0,1333,1224,472,642,745,18,18,17,40,8,83.0,0.945,5,4.4,0.056,495.2,Clear,0,642,0,0.96,0.82,1.065
2026-09-13,CHI-HUB,Sortation,Evening,14,Sunday,1,0,0,1276,1172,320,752,557,18,17,16,47,8,59.3,1.0,4,3.0,0.08,436.94,Storm,0,752,2,0.96,0.82,1.065
2026-09-13,CHI-HUB,Sortation,Evening,15,Sunday,1,0,0,1271,1167,234,687,621,17,18,17,41,8,70.3,0.986,15,3.5,0.057,500.85,Clear,0,687,0,1.08,0.82,1.065
2026-09-13,CHI-HUB,Sortation,Evening,16,Sunday,1,0,0,1444,1326,287,795,683,19,20,19,44,8,67.1,0.951,15,3.4,0.067,540.23,Clear,0,795,1,1.08,0.82,1.065
2026-09-13,CHI-HUB,Sortation,Evening,17,Sunday,1,0,1,1729,1588,411,682,1089,25,23,22,42,8,112.6,0.82,30,4.0,0.063,668.77,Clear,0,682,0,1.2,0.82,1.065
2026-09-13,CHI-HUB,Sortation,Evening,18,Sunday,1,0,1,1814,1666,597,634,1233,24,24,22,42,8,128.1,0.763,25,4.8,0.064,676.74,Clear,0,634,2,1.2,0.82,1.065
2026-09-13,CHI-HUB,Sortation,Evening,19,Sunday,1,0,1,1828,1679,454,750,1132,25,26,24,40,8,107.2,0.869,27,4.3,0.092,710.4,Rain,0,750,0,1.2,0.82,1.065
2026-09-13,CHI-HUB,Sortation,Evening,20,Sunday,1,0,0,1250,1148,248,660,618,18,18,17,40,8,70.2,0.971,5,3.7,0.049,474.07,Clear,0,660,0,1.08,0.82,1.065
2026-09-13,CHI-HUB,Sortation,Evening,21,Sunday,1,0,0,1275,1171,335,628,688,16,17,16,41,8,78.2,0.959,10,4.1,0.051,482.24,Clear,0,628,3,0.96,0.82,1.065
2026-09-13,CHI-HUB,Sortation,Night,22,Sunday,1,0,0,1347,1237,407,717,677,20,19,18,40,8,68.1,0.997,14,3.7,0.059,524.15,Clear,0,717,0,0.96,0.82,1.065
2026-09-13,CHI-HUB,Sortation,Night,23,Sunday,1,0,0,1018,935,195,468,590,14,14,13,38,8,86.7,0.948,4,5.0,0.074,425.0,Clear,0,468,1,0.82,0.82,1.065
2026-09-13,CHI-HUB,Outbound,Morning,6,Sunday,1,0,0,1218,1193,395,601,661,13,13,12,51,8,78.9,0.982,3,4.4,0.078,389.17,Clear,0,601,0,0.96,0.82,1.065
2026-09-13,CHI-HUB,Outbound,Morning,7,Sunday,1,0,0,1387,1359,319,800,625,17,17,16,50,8,61.0,1.0,6,3.6,0.056,457.49,Clear,0,800,0,1.2,0.82,1.065
2026-09-13,CHI-HUB,Outbound,Morning,8,Sunday,1,0,1,1517,1486,354,746,796,19,19,18,45,8,79.6,0.921,4,4.1,0.065,506.46,Clear,0,746,0,1.2,0.82,1.065
2026-09-13,CHI-HUB,Outbound,Morning,9,Sunday,1,0,1,1586,1554,523,840,793,18,18,17,51,8,72.8,0.969,5,4.0,0.062,494.47,Storm,0,840,1,1.2,0.82,1.065
2026-09-13,CHI-HUB,Outbound,Morning,10,Sunday,1,0,0,1134,1111,263,588,573,13,13,12,49,8,69.9,1.0,15,4.2,0.071,422.95,Heavy Rain,0,588,0,1.08,0.82,1.065
2026-09-13,CHI-HUB,Outbound,Morning,11,Sunday,1,0,0,1133,1110,396,578,596,13,13,12,52,8,74.8,0.927,15,3.7,0.074,406.43,Clear,0,578,1,1.08,0.82,1.065
2026-09-13,CHI-HUB,Outbound,Morning,12,Sunday,1,0,0,1185,1161,243,600,635,13,13,12,50,8,77.0,1.0,6,3.8,0.051,381.38,Clear,0,600,1,0.96,0.82,1.065
2026-09-13,CHI-HUB,Outbound,Morning,13,Sunday,1,0,0,1090,1068,284,548,564,12,12,11,53,8,73.5,0.94,12,4.2,0.044,394.54,Storm,0,548,1,0.96,0.82,1.065
2026-09-13,CHI-HUB,Outbound,Evening,14,Sunday,1,0,0,997,977,290,561,479,12,12,11,53,8,64.2,0.962,1,3.2,0.065,325.62,Clear,0,561,0,0.96,0.82,1.065
2026-09-13,CHI-HUB,Outbound,Evening,15,Sunday,1,0,0,1191,1167,231,578,660,12,13,12,50,8,82.6,0.964,2,4.1,0.065,377.09,Clear,0,578,0,1.08,0.82,1.065
2026-09-13,CHI-HUB,Outbound,Evening,16,Sunday,1,0,0,1259,1233,289,553,762,14,14,13,46,8,95.9,0.925,1,4.3,0.057,400.23,Clear,0,553,0,1.08,0.82,1.065
2026-09-13,CHI-HUB,Outbound,Evening,17,Sunday,1,0,1,1684,1650,381,774,964,18,19,17,48,8,85.3,0.95,8,4.7,0.08,519.64,Clear,0,774,0,1.2,0.82,1.065
2026-09-13,CHI-HUB,Outbound,Evening,18,Sunday,1,0,1,1560,1528,370,775,825,17,18,16,50,8,74.4,0.97,11,4.3,0.085,496.26,Clear,0,775,2,1.2,0.82,1.065
2026-09-13,CHI-HUB,Outbound,Evening,19,Sunday,1,0,1,1602,1569,383,853,800,19,18,17,51,8,68.7,0.984,1,3.4,0.064,459.33,Clear,0,853,0,1.2,0.82,1.065
2026-09-13,CHI-HUB,Outbound,Evening,20,Sunday,1,0,0,1259,1233,432,731,568,16,16,15,50,8,62.1,0.975,0,3.2,0.069,405.23,Clear,0,731,1,1.08,0.82,1.065
2026-09-13,CHI-HUB,Outbound,Evening,21,Sunday,1,0,0,1157,1133,250,572,621,13,14,13,46,8,78.2,0.958,12,3.8,0.074,419.56,Clear,0,572,2,0.96,0.82,1.065
2026-09-13,CHI-HUB,Outbound,Night,22,Sunday,1,0,0,1146,1123,255,487,691,12,12,11,46,8,97.9,0.963,11,5.3,0.07,419.16,Clear,0,487,1,0.96,0.82,1.065
2026-09-13,CHI-HUB,Outbound,Night,23,Sunday,1,0,0,870,852,257,423,478,10,10,9,50,8,82.9,0.941,3,4.3,0.074,321.48,Clear,0,423,0,0.82,0.82,1.065
2026-09-13,DAL-HUB,Inbound,Morning,6,Sunday,1,0,0,995,878,223,455,527,11,11,10,46,8,83.6,0.991,10,4.8,0.082,378.97,Clear,0,455,3,0.96,0.82,1.065
2026-09-13,DAL-HUB,Inbound,Morning,7,Sunday,1,0,0,1237,1091,224,545,685,14,14,13,43,8,89.8,0.975,11,4.6,0.064,439.33,Clear,0,545,2,1.2,0.82,1.065
2026-09-13,DAL-HUB,Inbound,Morning,8,Sunday,1,0,1,1530,1350,523,724,797,18,18,17,45,8,79.8,0.947,4,4.1,0.069,486.1,Clear,0,724,0,1.2,0.82,1.065
2026-09-13,DAL-HUB,Inbound,Morning,9,Sunday,1,0,1,1452,1281,328,722,721,15,16,15,49,8,71.7,0.982,5,3.8,0.05,440.53,Clear,0,722,1,1.2,0.82,1.065
2026-09-13,DAL-HUB,Inbound,Morning,10,Sunday,1,0,0,1260,1112,272,580,680,16,15,14,46,8,82.5,0.902,9,3.9,0.065,433.25,Clear,0,580,3,1.08,0.82,1.065
2026-09-13,DAL-HUB,Inbound,Morning,11,Sunday,1,0,0,1097,968,229,568,506,13,13,12,49,8,68.3,0.966,14,3.7,0.066,401.77,Clear,0,568,2,1.08,0.82,1.065
2026-09-13,DAL-HUB,Inbound,Morning,12,Sunday,1,0,0,928,819,181,418,504,11,11,10,43,8,84.5,0.973,5,4.9,0.057,365.56,Rain,0,418,0,0.96,0.82,1.065
2026-09-13,DAL-HUB,Inbound,Morning,13,Sunday,1,0,0,985,869,302,475,510,11,11,10,50,8,79.3,0.951,0,3.9,0.064,321.59,Clear,0,475,0,0.96,0.82,1.065
2026-09-13,DAL-HUB,Inbound,Evening,14,Sunday,1,0,0,1024,903,325,462,545,11,11,10,50,8,83.5,0.925,3,4.3,0.071,343.07,Clear,0,462,0,0.96,0.82,1.065
2026-09-13,DAL-HUB,Inbound,Evening,15,Sunday,1,0,0,1136,1002,279,483,655,12,12,11,45,8,90.6,0.977,14,5.1,0.054,422.15,Clear,0,483,2,1.08,0.82,1.065
2026-09-13,DAL-HUB,Inbound,Evening,16,Sunday,1,0,0,1074,947,280,503,570,12,12,11,48,8,78.6,0.953,4,4.1,0.065,361.05,Clear,0,503,1,1.08,0.82,1.065
2026-09-13,DAL-HUB,Inbound,Evening,17,Sunday,1,0,1,1369,1208,293,733,617,16,16,15,49,8,62.8,0.998,0,4.5,0.052,442.67,Clear,0,733,2,1.2,0.82,1.065
2026-09-13,DAL-HUB,Inbound,Evening,18,Sunday,1,0,1,1402,1237,429,646,737,15,16,14,48,8,81.4,0.962,13,4.1,0.099,459.1,Storm,0,646,1,1.2,0.82,1.065
2026-09-13,DAL-HUB,Inbound,Evening,19,Sunday,1,0,1,1345,1187,252,640,699,16,15,14,47,8,77.1,0.974,0,4.4,0.068,419.94,Clear,0,640,1,1.2,0.82,1.065
2026-09-13,DAL-HUB,Inbound,Evening,20,Sunday,1,0,0,1197,1056,251,568,613,14,14,13,44,8,77.9,0.993,13,4.6,0.048,445.03,Clear,0,568,0,1.08,0.82,1.065
2026-09-13,DAL-HUB,Inbound,Evening,21,Sunday,1,0,0,988,872,338,433,543,9,10,9,49,8,83.1,0.983,8,5.1,0.065,361.34,Clear,0,433,0,0.96,0.82,1.065
2026-09-13,DAL-HUB,Inbound,Night,22,Sunday,1,0,0,1020,900,239,444,571,11,11,10,47,8,91.1,0.945,13,5.0,0.085,394.6,Clear,0,444,1,0.96,0.82,1.065
2026-09-13,DAL-HUB,Inbound,Night,23,Sunday,1,0,0,829,731,190,327,504,9,9,8,43,8,105.4,0.953,10,5.5,0.07,356.63,Clear,0,327,1,0.82,0.82,1.065
2026-09-13,DAL-HUB,Sortation,Morning,6,Sunday,1,0,0,1078,990,381,570,552,15,15,14,44,8,71.5,0.926,15,3.9,0.087,450.0,Clear,0,570,1,0.96,0.82,1.065
2026-09-13,DAL-HUB,Sortation,Morning,7,Sunday,1,0,0,1336,1227,455,670,711,18,18,17,40,8,75.0,0.986,14,4.6,0.076,529.65,Clear,0,670,4,1.2,0.82,1.065
2026-09-13,DAL-HUB,Sortation,Morning,8,Sunday,1,0,1,1452,1333,291,593,904,19,19,17,43,8,109.0,0.902,13,4.2,0.087,522.71,Storm,0,593,4,1.2,0.82,1.065
2026-09-13,DAL-HUB,Sortation,Morning,9,Sunday,1,0,1,1500,1377,379,558,995,20,20,19,41,8,117.7,0.797,29,4.4,0.064,614.06,Clear,0,558,1,1.2,0.82,1.065
2026-09-13,DAL-HUB,Sortation,Morning,10,Sunday,1,0,0,1136,1044,211,574,601,16,16,15,40,8,73.3,0.958,13,3.8,0.055,461.38,Clear,0,574,2,1.08,0.82,1.065
2026-09-13,DAL-HUB,Sortation,Morning,11,Sunday,1,0,0,1133,1041,296,519,671,14,15,14,40,8,90.7,0.928,11,4.7,0.051,460.63,Clear,0,519,1,1.08,0.82,1.065
2026-09-13,DAL-HUB,Sortation,Morning,12,Sunday,1,0,0,977,897,239,432,592,13,13,12,39,8,94.9,0.924,5,4.8,0.069,402.35,Clear,0,432,2,0.96,0.82,1.065
2026-09-13,DAL-HUB,Sortation,Morning,13,Sunday,1,0,0,1117,1026,274,537,640,13,14,13,44,8,85.7,0.939,10,4.5,0.086,432.02,Clear,0,537,1,0.96,0.82,1.065
2026-09-13,DAL-HUB,Sortation,Evening,14,Sunday,1,0,0,1027,943,227,558,510,14,14,13,43,8,66.3,0.999,9,3.9,0.076,410.36,Clear,0,558,2,0.96,0.82,1.065
2026-09-13,DAL-HUB,Sortation,Evening,15,Sunday,1,0,0,1300,1194,386,709,631,19,18,17,43,8,64.5,0.97,8,3.6,0.068,481.79,Clear,0,709,2,1.08,0.82,1.065
2026-09-13,DAL-HUB,Sortation,Evening,16,Sunday,1,0,0,1199,1101,332,580,672,15,15,14,42,8,83.8,0.988,5,4.3,0.072,431.43,Clear,0,580,1,1.08,0.82,1.065
2026-09-13,DAL-HUB,Sortation,Evening,17,Sunday,1,0,1,1460,1341,343,536,978,19,19,18,41,8,119.9,0.808,20,4.6,0.07,570.62,Clear,0,536,0,1.2,0.82,1.065
2026-09-13,DAL-HUB,Sortation,Evening,18,Sunday,1,0,1,1414,1298,494,489,959,19,19,18,40,8,129.1,0.756,26,4.5,0.061,586.17,Clear,0,489,1,1.2,0.82,1.065
2026-09-13,DAL-HUB,Sortation,Evening,19,Sunday,1,0,1,1391,1278,281,489,937,17,17,16,44,8,126.7,0.772,29,4.4,0.083,553.56,Clear,0,489,3,1.2,0.82,1.065
2026-09-13,DAL-HUB,Sortation,Evening,20,Sunday,1,0,0,1226,1126,401,613,662,16,16,15,42,8,76.6,0.974,9,4.5,0.072,469.84,Clear,0,613,2,1.08,0.82,1.065
2026-09-13,DAL-HUB,Sortation,Evening,21,Sunday,1,0,0,1033,949,359,552,508,13,13,12,46,8,68.3,1.0,0,4.3,0.087,373.39,Clear,0,552,0,0.96,0.82,1.065
2026-09-13,DAL-HUB,Sortation,Night,22,Sunday,1,0,0,1000,918,298,440,591,13,13,12,39,8,91.2,0.941,4,5.0,0.073,405.18,Clear,0,440,2,0.96,0.82,1.065
2026-09-13,DAL-HUB,Sortation,Night,23,Sunday,1,0,0,884,812,239,444,471,11,12,11,42,8,75.4,0.961,11,4.0,0.073,377.95,Clear,0,444,0,0.82,0.82,1.065
2026-09-13,DAL-HUB,Outbound,Morning,6,Sunday,1,0,0,910,891,320,399,566,10,10,9,48,8,97.0,0.925,10,4.9,0.077,361.42,Clear,0,399,1,0.96,0.82,1.065
2026-09-13,DAL-HUB,Outbound,Morning,7,Sunday,1,0,0,1225,1200,403,673,577,14,14,13,53,8,65.3,0.978,0,3.4,0.081,373.9,Heavy Rain,0,673,0,1.2,0.82,1.065
2026-09-13,DAL-HUB,Outbound,Morning,8,Sunday,1,0,1,1418,1389,352,643,820,16,16,15,46,8,87.6,0.933,4,5.1,0.064,474.15,Clear,0,643,2,1.2,0.82,1.065
2026-09-13,DAL-HUB,Outbound,Morning,9,Sunday,1,0,1,1329,1302,429,719,655,16,16,15,51,8,68.9,0.94,0,3.7,0.056,420.53,Clear,0,719,1,1.2,0.82,1.065
2026-09-13,DAL-HUB,Outbound,Morning,10,Sunday,1,0,0,1036,1015,219,466,606,10,11,10,49,8,90.2,0.952,1,4.4,0.073,340.44,Clear,0,466,0,1.08,0.82,1.065
2026-09-13,DAL-HUB,Outbound,Morning,11,Sunday,1,0,0,1062,1040,303,511,587,12,12,11,48,8,78.2,0.969,1,4.5,0.097,363.21,Clear,0,511,0,1.08,0.82,1.065
2026-09-13,DAL-HUB,Outbound,Morning,12,Sunday,1,0,0,880,862,199,455,458,10,10,9,52,8,71.5,0.974,10,3.8,0.074,330.06,Clear,0,455,0,0.96,0.82,1.065
2026-09-13,DAL-HUB,Outbound,Morning,13,Sunday,1,0,0,859,841,176,378,502,8,9,8,49,8,90.0,0.967,5,5.4,0.07,338.99,Clear,0,378,0,0.96,0.82,1.065
2026-09-13,DAL-HUB,Outbound,Evening,14,Sunday,1,0,0,961,941,196,397,608,11,11,10,42,8,100.0,0.946,3,5.7,0.077,382.92,Rain,0,397,3,0.96,0.82,1.065
2026-09-13,DAL-HUB,Outbound,Evening,15,Sunday,1,0,0,998,978,315,506,522,12,12,11,49,8,76.0,0.939,7,3.5,0.073,353.24,Clear,0,506,1,1.08,0.82,1.065
2026-09-13,DAL-HUB,Outbound,Evening,16,Sunday,1,0,0,1078,1056,335,527,589,12,12,11,50,8,79.2,0.958,9,4.3,0.076,383.5,Clear,0,527,1,1.08,0.82,1.065
2026-09-13,DAL-HUB,Outbound,Evening,17,Sunday,1,0,1,1408,1379,434,684,772,15,15,14,51,8,78.4,0.959,12,4.2,0.077,454.87,Clear,0,684,0,1.2,0.82,1.065
2026-09-13,DAL-HUB,Outbound,Evening,18,Sunday,1,0,1,1264,1238,264,546,766,14,14,13,42,8,95.8,1.0,14,5.2,0.085,467.12,Clear,0,546,2,1.2,0.82,1.065
2026-09-13,DAL-HUB,Outbound,Evening,19,Sunday,1,0,1,1289,1263,253,683,647,15,15,14,49,8,70.1,0.997,3,3.9,0.088,415.49,Clear,0,683,0,1.2,0.82,1.065
2026-09-13,DAL-HUB,Outbound,Evening,20,Sunday,1,0,0,1027,1006,326,517,547,12,12,11,47,8,75.6,1.0,0,4.2,0.075,350.96,Clear,0,517,0,1.08,0.82,1.065
2026-09-13,DAL-HUB,Outbound,Evening,21,Sunday,1,0,0,948,929,233,426,543,10,11,10,44,8,89.0,0.969,14,4.9,0.058,394.42,Clear,0,426,1,0.96,0.82,1.065
2026-09-13,DAL-HUB,Outbound,Night,22,Sunday,1,0,0,981,961,189,470,547,11,11,10,51,8,84.5,0.922,12,4.6,0.071,382.4,Heavy Rain,0,470,0,0.96,0.82,1.065
2026-09-13,DAL-HUB,Outbound,Night,23,Sunday,1,0,0,836,819,284,349,528,9,9,8,46,8,102.1,0.949,10,5.8,0.064,365.77,Clear,0,349,5,0.82,0.82,1.065
2026-09-14,ATL-HUB,Inbound,Morning,6,Monday,0,0,0,1513,1335,436,669,827,16,17,16,44,8,89.3,0.95,15,4.9,0.078,523.91,Clear,0,669,0,0.96,1.0,1.08
2026-09-14,ATL-HUB,Inbound,Morning,7,Monday,0,0,0,2182,1926,740,982,1182,25,25,23,44,8,83.2,0.971,10,4.9,0.071,656.22,Clear,0,982,2,1.2,1.0,1.08
2026-09-14,ATL-HUB,Inbound,Morning,8,Monday,0,0,1,2306,2034,646,1104,1168,25,25,23,48,8,72.9,1.0,1,4.4,0.063,615.6,Clear,0,1104,0,1.2,1.0,1.08
2026-09-14,ATL-HUB,Inbound,Morning,9,Monday,0,0,1,2348,2071,771,1271,1049,27,27,25,52,8,62.4,0.978,13,2.8,0.058,648.94,Clear,0,1271,1,1.2,1.0,1.08
2026-09-14,ATL-HUB,Inbound,Morning,10,Monday,0,0,0,1786,1575,441,963,796,22,22,21,48,8,61.7,0.955,7,3.7,0.061,567.02,Clear,0,963,1,1.08,1.0,1.08
2026-09-14,ATL-HUB,Inbound,Morning,11,Monday,0,0,0,1594,1406,290,847,731,18,18,17,51,8,65.7,0.978,14,3.4,0.057,499.63,Clear,0,847,0,1.08,1.0,1.08
2026-09-14,ATL-HUB,Inbound,Morning,12,Monday,0,0,0,1577,1392,426,786,768,20,19,18,45,8,69.5,0.971,1,3.9,0.077,491.25,Clear,0,786,2,0.96,1.0,1.08
2026-09-14,ATL-HUB,Inbound,Morning,13,Monday,0,0,0,1524,1345,517,768,750,18,17,16,48,8,74.1,1.0,7,3.3,0.068,453.71,Clear,0,768,1,0.96,1.0,1.08
2026-09-14,ATL-HUB,Inbound,Evening,14,Monday,0,0,0,1569,1385,388,850,685,19,19,18,49,8,62.9,0.965,9,2.9,0.054,488.7,Clear,0,850,1,0.96,1.0,1.08
2026-09-14,ATL-HUB,Inbound,Evening,15,Monday,0,0,0,1764,1557,521,840,903,21,21,19,46,8,75.1,0.962,14,4.0,0.078,558.44,Clear,0,840,1,1.08,1.0,1.08
2026-09-14,ATL-HUB,Inbound,Evening,16,Monday,0,0,0,1760,1553,366,788,953,21,20,19,43,8,85.1,0.965,11,4.1,0.058,551.57,Clear,0,788,0,1.08,1.0,1.08
2026-09-14,ATL-HUB,Inbound,Evening,17,Monday,0,0,1,2289,2020,605,1140,1106,26,26,25,49,8,70.5,0.931,4,4.0,0.056,652.71,Clear,0,1140,1,1.2,1.0,1.08
2026-09-14,ATL-HUB,Inbound,Evening,18,Monday,0,0,1,2128,1878,641,1124,984,26,25,23,50,8,63.5,0.978,9,3.9,0.078,624.07,Clear,0,1124,1,1.2,1.0,1.08
2026-09-14,ATL-HUB,Inbound,Evening,19,Monday,0,0,1,2279,2011,767,1135,1124,26,26,24,49,8,71.9,0.966,0,4.1,0.061,623.03,Clear,0,1135,2,1.2,1.0,1.08
2026-09-14,ATL-HUB,Inbound,Evening,20,Monday,0,0,0,1841,1624,385,796,1027,21,22,20,42,8,83.8,0.948,14,5.1,0.076,610.09,Clear,0,796,0,1.08,1.0,1.08
2026-09-14,ATL-HUB,Inbound,Evening,21,Monday,0,0,0,1489,1314,458,648,830,16,16,15,45,8,88.8,0.961,8,5.0,0.066,484.38,Clear,0,648,0,0.96,1.0,1.08
2026-09-14,ATL-HUB,Inbound,Night,22,Monday,0,0,0,1625,1434,349,773,831,18,18,16,49,8,79.0,0.986,0,4.6,0.091,469.49,Clear,0,773,0,0.96,1.0,1.08
2026-09-14,ATL-HUB,Inbound,Night,23,Monday,0,0,0,1395,1231,380,679,704,15,15,14,50,8,72.2,0.97,14,4.0,0.067,457.38,Heavy Rain,0,679,0,0.82,1.0,1.08
2026-09-14,ATL-HUB,Sortation,Morning,6,Monday,0,0,0,1431,1314,353,819,656,21,20,19,44,8,62.6,0.981,8,2.5,0.055,492.4,Clear,0,819,0,0.96,1.0,1.08
2026-09-14,ATL-HUB,Sortation,Morning,7,Monday,0,0,0,2029,1863,612,818,1257,27,28,26,34,8,102.1,0.926,11,5.9,0.058,744.68,Clear,0,818,0,1.2,1.0,1.08
2026-09-14,ATL-HUB,Sortation,Morning,8,Monday,0,0,1,2131,1957,738,938,1254,29,30,28,44,8,94.9,0.846,11,3.2,0.074,709.95,Clear,0,938,2,1.2,1.0,1.08
2026-09-14,ATL-HUB,Sortation,Morning,9,Monday,0,0,1,2220,2039,612,770,1516,29,30,28,39,8,128.1,0.784,24,4.9,0.063,800.79,Clear,0,770,0,1.2,1.0,1.08
2026-09-14,ATL-HUB,Sortation,Morning,10,Monday,0,0,0,1773,1629,553,971,859,24,25,23,43,8,69.5,0.982,3,3.8,0.086,597.08,Clear,0,971,2,1.08,1.0,1.08
2026-09-14,ATL-HUB,Sortation,Morning,11,Monday,0,0,0,1780,1635,352,889,930,25,25,24,40,8,76.9,0.927,13,3.9,0.052,651.51,Clear,0,889,1,1.08,1.0,1.08
2026-09-14,ATL-HUB,Sortation,Morning,12,Monday,0,0,0,1761,1617,602,971,849,28,26,25,41,8,64.1,0.947,0,3.3,0.057,612.25,Clear,0,971,2,0.96,1.0,1.08
2026-09-14,ATL-HUB,Sortation,Morning,13,Monday,0,0,0,1622,1490,323,782,882,22,23,21,39,8,78.6,0.955,13,3.8,0.084,587.31,Clear,0,782,2,0.96,1.0,1.08
2026-09-14,ATL-HUB,Sortation,Evening,14,Monday,0,0,0,1723,1583,475,839,951,23,23,22,40,8,79.1,0.954,7,4.1,0.063,597.86,Clear,0,839,0,0.96,1.0,1.08
2026-09-14,ATL-HUB,Sortation,Evening,15,Monday,0,0,0,1738,1596,429,837,950,24,23,22,41,8,82.4,0.928,10,4.4,0.059,616.13,Clear,0,837,3,1.08,1.0,1.08
2026-09-14,ATL-HUB,Sortation,Evening,16,Monday,0,0,0,1892,1737,551,1102,852,26,26,25,45,8,59.7,0.98,8,3.1,0.056,634.66,Clear,0,1102,0,1.08,1.0,1.08
2026-09-14,ATL-HUB,Sortation,Evening,17,Monday,0,0,1,2256,2072,745,899,1421,32,31,29,44,8,110.2,0.783,24,3.3,0.052,778.64,Rain,0,899,2,1.2,1.0,1.08
2026-09-14,ATL-HUB,Sortation,Evening,18,Monday,0,0,1,2313,2124,760,899,1466,32,33,31,43,8,115.0,0.75,17,3.5,0.062,807.9,Storm,0,899,1,1.2,1.0,1.08
2026-09-14,ATL-HUB,Sortation,Evening,19,Monday,0,0,1,2407,2211,702,1026,1447,32,33,31,44,8,97.9,0.836,14,3.5,0.062,791.53,Clear,0,1026,3,1.2,1.0,1.08
2026-09-14,ATL-HUB,Sortation,Evening,20,Monday,0,0,0,1726,1585,376,813,965,24,24,22,39,8,82.4,0.948,10,4.3,0.064,613.12,Clear,0,813,2,1.08,1.0,1.08
2026-09-14,ATL-HUB,Sortation,Evening,21,Monday,0,0,0,1620,1488,344,714,949,21,21,19,41,8,92.7,0.917,3,4.9,0.077,550.64,Heavy Rain,0,714,0,0.96,1.0,1.08
2026-09-14,ATL-HUB,Sortation,Night,22,Monday,0,0,0,1677,1540,392,889,849,24,24,22,42,8,71.3,0.963,9,3.7,0.078,592.22,Clear,0,889,1,0.96,1.0,1.08
2026-09-14,ATL-HUB,Sortation,Night,23,Monday,0,0,0,1459,1340,449,793,710,19,20,18,45,8,66.2,0.98,10,3.6,0.079,510.6,Clear,0,793,2,0.82,1.0,1.08
2026-09-14,ATL-HUB,Outbound,Morning,6,Monday,0,0,0,1449,1419,339,648,836,17,16,15,44,8,89.1,0.983,0,5.1,0.077,461.92,Clear,0,648,0,0.96,1.0,1.08
2026-09-14,ATL-HUB,Outbound,Morning,7,Monday,0,0,0,1749,1713,432,868,933,21,20,19,50,8,77.6,0.914,3,4.0,0.072,524.23,Clear,0,868,2,1.2,1.0,1.08
2026-09-14,ATL-HUB,Outbound,Morning,8,Monday,0,0,1,2012,1971,526,1035,1020,23,23,22,48,8,69.0,0.981,6,3.6,0.062,585.97,Clear,0,1035,1,1.2,1.0,1.08
2026-09-14,ATL-HUB,Outbound,Morning,9,Monday,0,0,1,2107,2064,742,1044,1128,23,24,22,50,8,78.5,0.95,5,4.4,0.088,606.9,Clear,0,1044,1,1.2,1.0,1.08
2026-09-14,ATL-HUB,Outbound,Morning,10,Monday,0,0,0,1687,1653,404,837,883,20,20,18,49,8,78.4,0.95,5,4.2,0.08,515.6,Clear,0,837,1,1.08,1.0,1.08
2026-09-14,ATL-HUB,Outbound,Morning,11,Monday,0,0,0,1611,1578,486,738,923,18,18,17,47,8,86.8,0.924,9,4.6,0.07,520.47,Rain,0,738,2,1.08,1.0,1.08
2026-09-14,ATL-HUB,Outbound,Morning,12,Monday,0,0,0,1518,1487,418,833,728,17,18,17,49,8,63.9,1.0,15,3.7,0.052,510.98,Clear,0,833,4,0.96,1.0,1.08
2026-09-14,ATL-HUB,Outbound,Morning,13,Monday,0,0,0,1589,1557,504,905,727,20,19,18,51,8,64.1,0.986,7,3.5,0.052,500.6,Clear,0,905,1,0.96,1.0,1.08
2026-09-14,ATL-HUB,Outbound,Evening,14,Monday,0,0,0,1559,1527,308,752,853,17,17,16,47,8,81.3,1.0,15,5.2,0.064,534.24,Clear,0,752,0,0.96,1.0,1.08
2026-09-14,ATL-HUB,Outbound,Evening,15,Monday,0,0,0,1616,1583,342,734,924,18,18,17,47,8,89.5,0.92,14,4.3,0.071,526.38,Clear,0,734,2,1.08,1.0,1.08
2026-09-14,ATL-HUB,Outbound,Evening,16,Monday,0,0,0,1568,1536,544,801,815,19,18,17,50,8,72.0,0.943,13,4.1,0.06,516.7,Clear,0,801,0,1.08,1.0,1.08
2026-09-14,ATL-HUB,Outbound,Evening,17,Monday,0,0,1,1945,1905,562,1031,976,23,24,22,48,8,72.4,0.977,14,4.0,0.077,621.53,Clear,0,1031,1,1.2,1.0,1.08
2026-09-14,ATL-HUB,Outbound,Evening,18,Monday,0,0,1,2003,1962,587,1036,1014,23,23,21,52,8,68.6,0.949,5,3.6,0.073,563.09,Clear,0,1036,3,1.2,1.0,1.08
2026-09-14,ATL-HUB,Outbound,Evening,19,Monday,0,0,1,1926,1887,381,980,995,22,23,21,50,8,73.4,0.933,5,3.9,0.065,570.09,Clear,0,980,1,1.2,1.0,1.08
2026-09-14,ATL-HUB,Outbound,Evening,20,Monday,0,0,0,1552,1520,359,746,845,16,17,15,50,8,79.3,0.996,6,4.2,0.093,463.51,Storm,0,746,1,1.08,1.0,1.08
2026-09-14,ATL-HUB,Outbound,Evening,21,Monday,0,0,0,1457,1427,406,771,718,16,16,15,54,8,71.4,0.952,14,4.1,0.087,478.87,Clear,0,771,1,0.96,1.0,1.08
2026-09-14,ATL-HUB,Outbound,Night,22,Monday,0,0,0,1590,1558,560,840,794,19,19,18,50,8,73.4,0.934,5,3.6,0.077,497.01,Clear,0,840,2,0.96,1.0,1.08
2026-09-14,ATL-HUB,Outbound,Night,23,Monday,0,0,0,1253,1227,398,742,540,14,15,14,53,8,54.7,1.0,4,3.8,0.059,415.22,Clear,0,742,0,0.82,1.0,1.08
2026-09-14,CHI-HUB,Inbound,Morning,6,Monday,0,0,0,1493,1317,359,814,658,19,19,18,47,8,64.2,0.963,14,3.8,0.072,528.55,Clear,0,814,2,0.96,1.0,1.08
2026-09-14,CHI-HUB,Inbound,Morning,7,Monday,0,0,0,1865,1646,406,929,910,23,22,21,46,8,73.5,0.963,13,4.0,0.059,596.02,Clear,0,929,1,1.2,1.0,1.08
2026-09-14,CHI-HUB,Inbound,Morning,8,Monday,0,0,1,2095,1848,586,943,1111,24,24,22,43,8,83.4,0.997,1,5.2,0.075,619.21,Heavy Rain,0,943,1,1.2,1.0,1.08
2026-09-14,CHI-HUB,Inbound,Morning,9,Monday,0,0,1,2217,1956,537,1070,1115,26,26,24,48,8,75.6,0.93,8,4.2,0.074,650.33,Clear,0,1070,1,1.2,1.0,1.08
2026-09-14,CHI-HUB,Inbound,Morning,10,Monday,0,0,0,1617,1427,358,816,783,20,19,18,47,8,67.7,0.966,14,3.6,0.072,525.15,Clear,0,816,1,1.08,1.0,1.08
2026-09-14,CHI-HUB,Inbound,Morning,11,Monday,0,0,0,1666,1470,421,821,825,19,20,18,46,8,71.7,0.992,6,4.4,0.095,522.81,Clear,0,821,2,1.08,1.0,1.08
2026-09-14,CHI-HUB,Inbound,Morning,12,Monday,0,0,0,1494,1318,484,802,689,19,18,17,48,8,69.0,0.984,0,3.4,0.083,453.07,Clear,0,802,0,0.96,1.0,1.08
2026-09-14,CHI-HUB,Inbound,Morning,13,Monday,0,0,0,1569,1385,428,750,815,17,17,16,50,8,78.9,0.938,7,4.9,0.084,499.3,Clear,0,750,1,0.96,1.0,1.08
2026-09-14,CHI-HUB,Inbound,Evening,14,Monday,0,0,0,1400,1235,397,841,541,18,18,17,53,8,51.4,0.934,14,2.5,0.08,471.01,Clear,0,841,1,0.96,1.0,1.08
2026-09-14,CHI-HUB,Inbound,Evening,15,Monday,0,0,0,1635,1442,396,784,837,17,19,17,47,8,76.5,0.982,11,4.2,0.093,513.15,Clear,0,784,0,1.08,1.0,1.08
2026-09-14,CHI-HUB,Inbound,Evening,16,Monday,0,0,0,1673,1476,479,818,828,18,19,18,47,8,75.0,0.968,14,4.4,0.067,548.54,Clear,0,818,3,1.08,1.0,1.08
2026-09-14,CHI-HUB,Inbound,Evening,17,Monday,0,0,1,1839,1622,362,818,1016,21,21,19,45,8,86.4,0.957,14,4.9,0.085,584.95,Clear,0,818,0,1.2,1.0,1.08
2026-09-14,CHI-HUB,Inbound,Evening,18,Monday,0,0,1,2148,1895,537,1114,996,26,27,25,48,8,66.8,0.929,6,3.2,0.056,634.21,Clear,0,1114,0,1.2,1.0,1.08
2026-09-14,CHI-HUB,Inbound,Evening,19,Monday,0,0,1,1999,1764,545,936,1029,23,23,21,46,8,82.0,0.97,8,4.7,0.074,601.98,Clear,0,936,1,1.2,1.0,1.08
2026-09-14,CHI-HUB,Inbound,Evening,20,Monday,0,0,0,1532,1351,502,769,735,19,19,18,46,8,69.0,0.929,10,3.5,0.054,508.04,Clear,0,769,4,1.08,1.0,1.08
2026-09-14,CHI-HUB,Inbound,Evening,21,Monday,0,0,0,1449,1278,358,673,763,16,16,15,46,8,80.9,0.977,14,4.4,0.068,486.08,Clear,0,673,0,0.96,1.0,1.08
2026-09-14,CHI-HUB,Inbound,Night,22,Monday,0,0,0,1469,1296,328,804,665,18,18,17,51,8,62.8,0.927,13,3.2,0.075,488.64,Clear,0,804,0,0.96,1.0,1.08
2026-09-14,CHI-HUB,Inbound,Night,23,Monday,0,0,0,1314,1160,315,641,645,15,15,14,49,8,72.9,0.936,13,3.9,0.065,448.39,Rain,0,641,1,0.82,1.0,1.08
2026-09-14,CHI-HUB,Sortation,Morning,6,Monday,0,0,0,1537,1412,307,840,737,22,21,20,42,8,67.5,1.0,0,4.1,0.07,533.04,Clear,0,840,2,0.96,1.0,1.08
2026-09-14,CHI-HUB,Sortation,Morning,7,Monday,0,0,0,2016,1852,507,975,1101,28,27,25,41,8,79.8,0.951,2,5.0,0.072,670.94,Clear,0,975,1,1.2,1.0,1.08
2026-09-14,CHI-HUB,Sortation,Morning,8,Monday,0,0,1,1909,1753,452,782,1176,26,26,25,46,8,106.0,0.757,12,2.6,0.057,633.76,Clear,0,782,2,1.2,1.0,1.08
2026-09-14,CHI-HUB,Sortation,Morning,9,Monday,0,0,1,2021,1856,381,906,1165,28,29,27,44,8,93.4,0.848,16,3.3,0.069,707.23,Clear,0,906,1,1.2,1.0,1.08
2026-09-14,CHI-HUB,Sortation,Morning,10,Monday,0,0,0,1651,1516,510,896,805,23,22,21,43,8,62.0,0.993,8,3.5,0.068,563.43,Clear,0,896,2,1.08,1.0,1.08
2026-09-14,CHI-HUB,Sortation,Morning,11,Monday,0,0,0,1612,1480,499,744,931,20,21,19,42,8,86.3,0.934,3,4.4,0.08,532.91,Clear,0,744,2,1.08,1.0,1.08
2026-09-14,CHI-HUB,Sortation,Morning,12,Monday,0,0,0,1453,1334,366,701,803,19,19,18,40,8,81.3,0.975,3,4.4,0.06,510.49,Clear,0,701,0,0.96,1.0,1.08
2026-09-14,CHI-HUB,Sortation,Morning,13,Monday,0,0,0,1478,1358,373,828,676,21,21,19,45,8,62.1,0.969,12,3.2,0.094,525.66,Clear,0,828,3,0.96,1.0,1.08
2026-09-14,CHI-HUB,Sortation,Evening,14,Monday,0,0,0,1372,1260,333,663,770,19,19,17,39,8,80.5,1.0,13,4.5,0.08,525.81,Rain,0,663,0,0.96,1.0,1.08
2026-09-14,CHI-HUB,Sortation,Evening,15,Monday,0,0,0,1672,1536,379,827,892,23,23,21,41,8,78.9,0.961,15,4.7,0.066,619.83,Clear,0,827,2,1.08,1.0,1.08
2026-09-14,CHI-HUB,Sortation,Evening,16,Monday,0,0,0,1693,1555,357,828,925,23,23,21,41,8,78.9,0.962,12,4.1,0.065,593.8,Clear,0,828,2,1.08,1.0,1.08
2026-09-14,CHI-HUB,Sortation,Evening,17,Monday,0,0,1,2023,1858,624,670,1414,26,27,25,41,8,136.3,0.726,10,4.7,0.078,688.27,Clear,0,670,1,1.2,1.0,1.08
2026-09-14,CHI-HUB,Sortation,Evening,18,Monday,0,0,1,2190,2011,481,739,1509,27,28,26,39,8,135.8,0.81,28,4.9,0.072,774.03,Clear,0,739,0,1.2,1.0,1.08
2026-09-14,CHI-HUB,Sortation,Evening,19,Monday,0,0,1,2225,2043,671,796,1461,30,29,28,42,8,122.9,0.753,26,4.0,0.05,784.53,Rain,0,796,1,1.2,1.0,1.08
2026-09-14,CHI-HUB,Sortation,Evening,20,Monday,0,0,0,1665,1529,396,819,895,22,23,21,41,8,78.1,0.952,9,4.2,0.093,586.48,Clear,0,819,1,1.08,1.0,1.08
2026-09-14,CHI-HUB,Sortation,Evening,21,Monday,0,0,0,1508,1385,394,860,706,22,21,20,45,8,65.1,0.957,15,2.9,0.042,548.56,Rain,0,860,1,0.96,1.0,1.08
2026-09-14,CHI-HUB,Sortation,Night,22,Monday,0,0,0,1419,1303,483,722,733,19,20,18,41,8,72.7,0.979,5,3.9,0.076,502.26,Clear,0,722,0,0.96,1.0,1.08
2026-09-14,CHI-HUB,Sortation,Night,23,Monday,0,0,0,1263,1160,254,621,680,16,16,15,44,8,78.7,0.942,7,4.8,0.07,472.5,Clear,0,621,1,0.82,1.0,1.08
2026-09-14,CHI-HUB,Outbound,Morning,6,Monday,0,0,0,1472,1442,488,861,648,18,18,17,52,8,59.9,0.974,4,3.3,0.059,463.75,Clear,0,861,1,0.96,1.0,1.08
2026-09-14,CHI-HUB,Outbound,Morning,7,Monday,0,0,0,1869,1831,633,1034,888,22,22,21,51,8,68.2,0.966,14,3.3,0.065,581.04,Clear,0,1034,5,1.2,1.0,1.08
2026-09-14,CHI-HUB,Outbound,Morning,8,Monday,0,0,1,1760,1724,340,862,928,20,20,19,48,8,78.4,0.945,14,4.5,0.056,573.63,Clear,0,862,1,1.2,1.0,1.08
2026-09-14,CHI-HUB,Outbound,Morning,9,Monday,0,0,1,1904,1865,627,1057,899,21,22,20,56,8,64.1,0.944,10,3.8,0.08,563.37,Clear,0,1057,1,1.2,1.0,1.08
2026-09-14,CHI-HUB,Outbound,Morning,10,Monday,0,0,0,1576,1544,474,789,842,18,18,17,47,8,77.0,0.988,7,3.8,0.058,489.26,Clear,0,789,2,1.08,1.0,1.08
2026-09-14,CHI-HUB,Outbound,Morning,11,Monday,0,0,0,1421,1392,460,742,740,16,16,15,52,8,73.8,0.952,2,3.3,0.073,418.97,Rain,0,742,1,1.08,1.0,1.08
2026-09-14,CHI-HUB,Outbound,Morning,12,Monday,0,0,0,1474,1444,359,661,846,16,16,15,47,8,93.0,0.939,15,4.9,0.076,504.79,Clear,0,661,2,0.96,1.0,1.08
2026-09-14,CHI-HUB,Outbound,Morning,13,Monday,0,0,0,1255,1229,238,574,711,14,14,13,47,8,85.5,0.94,11,5.0,0.059,451.76,Clear,0,574,1,0.96,1.0,1.08
2026-09-14,CHI-HUB,Outbound,Evening,14,Monday,0,0,0,1344,1317,383,762,631,16,16,15,52,8,62.2,0.977,5,2.9,0.079,414.4,Clear,0,762,1,0.96,1.0,1.08
2026-09-14,CHI-HUB,Outbound,Evening,15,Monday,0,0,0,1437,1408,431,714,777,17,17,16,47,8,80.5,0.95,10,4.7,0.078,502.01,Clear,0,714,0,1.08,1.0,1.08
2026-09-14,CHI-HUB,Outbound,Evening,16,Monday,0,0,0,1533,1502,383,794,795,19,18,17,49,8,73.1,0.953,8,3.7,0.052,488.87,Clear,0,794,1,1.08,1.0,1.08
2026-09-14,CHI-HUB,Outbound,Evening,17,Monday,0,0,1,1935,1896,519,917,1075,22,21,20,49,8,81.6,0.936,0,4.0,0.054,537.55,Clear,0,917,2,1.2,1.0,1.08
2026-09-14,CHI-HUB,Outbound,Evening,18,Monday,0,0,1,1923,1884,502,1225,751,24,24,22,56,8,54.9,0.995,3,2.4,0.078,541.13,Clear,0,1225,2,1.2,1.0,1.08
2026-09-14,CHI-HUB,Outbound,Evening,19,Monday,0,0,1,1866,1828,382,926,980,20,21,19,50,8,77.7,0.975,13,5.0,0.078,586.39,Clear,0,926,0,1.2,1.0,1.08
2026-09-14,CHI-HUB,Outbound,Evening,20,Monday,0,0,0,1633,1600,500,867,822,20,20,19,49,8,68.6,0.932,6,3.5,0.072,523.71,Storm,0,867,0,1.08,1.0,1.08
2026-09-14,CHI-HUB,Outbound,Evening,21,Monday,0,0,0,1311,1284,459,695,660,15,15,14,52,8,68.3,0.956,2,3.4,0.081,398.68,Clear,0,695,0,0.96,1.0,1.08
2026-09-14,CHI-HUB,Outbound,Night,22,Monday,0,0,0,1347,1320,461,635,757,16,15,14,48,8,83.2,0.945,10,4.3,0.068,450.15,Clear,0,635,0,0.96,1.0,1.08
2026-09-14,CHI-HUB,Outbound,Night,23,Monday,0,0,0,1194,1170,353,600,639,14,15,14,45,8,75.4,0.954,14,3.7,0.057,443.34,Clear,0,600,1,0.82,1.0,1.08
2026-09-14,DAL-HUB,Inbound,Morning,6,Monday,0,0,0,1231,1086,234,537,687,14,14,13,44,8,86.3,0.94,3,4.5,0.067,412.13,Rain,0,537,1,0.96,1.0,1.08
2026-09-14,DAL-HUB,Inbound,Morning,7,Monday,0,0,0,1616,1426,381,906,688,20,19,18,54,8,59.2,0.933,1,3.1,0.065,475.24,Storm,0,906,3,1.2,1.0,1.08
2026-09-14,DAL-HUB,Inbound,Morning,8,Monday,0,0,1,1772,1564,363,821,942,20,20,19,45,8,82.3,0.961,10,4.4,0.069,556.98,Clear,0,821,0,1.2,1.0,1.08
2026-09-14,DAL-HUB,Inbound,Morning,9,Monday,0,0,1,1807,1594,562,988,785,23,22,21,50,8,61.0,0.942,12,2.6,0.057,552.6,Clear,0,988,1,1.2,1.0,1.08
2026-09-14,DAL-HUB,Inbound,Morning,10,Monday,0,0,0,1364,1204,465,674,678,15,15,14,49,8,72.2,0.984,2,3.7,0.079,407.08,Clear,0,674,0,1.08,1.0,1.08
2026-09-14,DAL-HUB,Inbound,Morning,11,Monday,0,0,0,1330,1173,261,705,615,17,17,16,46,8,63.7,0.958,6,3.1,0.068,441.47,Clear,0,705,1,1.08,1.0,1.08
2026-09-14,DAL-HUB,Inbound,Morning,12,Monday,0,0,0,1312,1158,239,618,690,14,14,13,49,8,79.0,0.972,1,4.9,0.09,417.07,Clear,0,618,5,0.96,1.0,1.08
2026-09-14,DAL-HUB,Inbound,Morning,13,Monday,0,0,0,1216,1073,314,583,628,12,13,12,49,8,80.3,0.992,10,4.1,0.065,402.27,Clear,0,583,0,0.96,1.0,1.08
2026-09-14,DAL-HUB,Inbound,Evening,14,Monday,0,0,0,1242,1096,282,628,595,13,14,13,52,8,69.6,0.93,9,3.7,0.063,407.82,Clear,0,628,6,0.96,1.0,1.08
2026-09-14,DAL-HUB,Inbound,Evening,15,Monday,0,0,0,1480,1305,496,690,759,15,16,15,46,8,80.3,1.0,7,4.3,0.083,461.42,Clear,0,690,1,1.08,1.0,1.08
2026-09-14,DAL-HUB,Inbound,Evening,16,Monday,0,0,0,1264,1116,292,659,585,15,15,14,50,8,68.2,0.942,12,3.3,0.066,426.12,Clear,0,659,0,1.08,1.0,1.08
2026-09-14,DAL-HUB,Inbound,Evening,17,Monday,0,0,1,1691,1492,479,845,818,19,19,18,49,8,69.6,0.958,7,3.8,0.051,509.64,Clear,0,845,0,1.2,1.0,1.08
2026-09-14,DAL-HUB,Inbound,Evening,18,Monday,0,0,1,1762,1555,432,764,965,19,20,18,45,8,84.3,0.944,12,5.1,0.085,563.3,Clear,0,764,0,1.2,1.0,1.08
2026-09-14,DAL-HUB,Inbound,Evening,19,Monday,0,0,1,1684,1485,442,810,878,18,19,18,50,8,73.6,0.901,11,3.6,0.067,516.72,Clear,0,810,1,1.2,1.0,1.08
2026-09-14,DAL-HUB,Inbound,Evening,20,Monday,0,0,0,1459,1287,481,717,736,16,17,15,50,8,73.3,0.956,0,3.5,0.089,416.26,Clear,0,717,0,1.08,1.0,1.08
2026-09-14,DAL-HUB,Inbound,Evening,21,Monday,0,0,0,1269,1120,240,683,579,15,15,14,50,8,63.3,0.977,8,3.4,0.082,416.21,Clear,0,683,0,0.96,1.0,1.08
2026-09-14,DAL-HUB,Inbound,Night,22,Monday,0,0,0,1212,1070,283,520,691,12,12,11,48,8,92.4,0.986,7,5.4,0.086,409.5,Clear,0,520,1,0.96,1.0,1.08
2026-09-14,DAL-HUB,Inbound,Night,23,Monday,0,0,0,941,830,196,407,537,9,10,9,47,8,90.9,0.964,8,5.7,0.078,378.31,Rain,0,407,1,0.82,1.0,1.08
2026-09-14,DAL-HUB,Sortation,Morning,6,Monday,0,0,0,1295,1189,312,620,722,17,17,16,40,8,83.3,0.97,10,4.7,0.078,499.4,Clear,0,620,1,0.96,1.0,1.08
2026-09-14,DAL-HUB,Sortation,Morning,7,Monday,0,0,0,1607,1476,418,879,776,21,21,20,48,8,63.3,0.916,8,2.8,0.068,523.52,Clear,0,879,1,1.2,1.0,1.08
2026-09-14,DAL-HUB,Sortation,Morning,8,Monday,0,0,1,1830,1681,438,668,1206,23,24,22,44,8,121.9,0.767,16,3.9,0.084,623.02,Clear,0,668,4,1.2,1.0,1.08
2026-09-14,DAL-HUB,Sortation,Morning,9,Monday,0,0,1,1730,1589,556,778,1005,24,25,23,40,8,94.9,0.94,14,3.3,0.068,617.49,Clear,0,778,0,1.2,1.0,1.08
2026-09-14,DAL-HUB,Sortation,Morning,10,Monday,0,0,0,1404,1289,489,734,704,17,19,17,44,8,71.5,0.982,5,4.0,0.08,485.29,Clear,0,734,0,1.08,1.0,1.08
2026-09-14,DAL-HUB,Sortation,Morning,11,Monday,0,0,0,1440,1323,345,619,853,18,19,17,39,8,93.6,0.934,13,5.1,0.082,542.36,Clear,0,619,2,1.08,1.0,1.08
2026-09-14,DAL-HUB,Sortation,Morning,12,Monday,0,0,0,1287,1182,313,690,623,16,16,15,46,8,66.8,1.0,3,3.6,0.071,426.55,Clear,0,690,1,0.96,1.0,1.08
2026-09-14,DAL-HUB,Sortation,Morning,13,Monday,0,0,0,1198,1100,414,664,576,17,17,16,43,8,66.4,0.965,14,3.1,0.062,465.61,Clear,0,664,0,0.96,1.0,1.08
2026-09-14,DAL-HUB,Sortation,Evening,14,Monday,0,0,0,1239,1138,350,696,576,18,17,16,46,8,65.2,0.947,6,3.2,0.065,443.57,Clear,0,696,0,0.96,1.0,1.08
2026-09-14,DAL-HUB,Sortation,Evening,15,Monday,0,0,0,1523,1399,308,774,789,21,21,19,43,8,73.9,0.948,2,3.8,0.091,511.29,Clear,0,774,1,1.08,1.0,1.08
2026-09-14,DAL-HUB,Sortation,Evening,16,Monday,0,0,0,1407,1292,332,721,722,19,18,17,44,8,75.0,0.965,14,4.4,0.072,525.35,Clear,0,721,1,1.08,1.0,1.08
2026-09-14,DAL-HUB,Sortation,Evening,17,Monday,0,0,1,1926,1769,679,645,1349,25,26,24,40,8,140.7,0.747,11,4.3,0.091,658.99,Clear,0,645,0,1.2,1.0,1.08
2026-09-14,DAL-HUB,Sortation,Evening,18,Monday,0,0,1,1783,1638,524,864,972,24,24,23,47,8,84.9,0.889,11,3.0,0.045,600.46,Clear,0,864,0,1.2,1.0,1.08
2026-09-14,DAL-HUB,Sortation,Evening,19,Monday,0,0,1,1610,1478,417,598,1064,19,21,19,43,8,121.5,0.814,23,3.9,0.075,582.87,Clear,0,598,1,1.2,1.0,1.08
2026-09-14,DAL-HUB,Sortation,Evening,20,Monday,0,0,0,1519,1395,439,723,838,20,21,20,39,8,81.1,0.928,9,4.1,0.064,561.52,Clear,0,723,3,1.08,1.0,1.08
2026-09-14,DAL-HUB,Sortation,Evening,21,Monday,0,0,0,1378,1266,366,671,752,18,18,17,41,8,79.7,0.963,12,4.4,0.07,518.43,Clear,0,671,1,0.96,1.0,1.08
2026-09-14,DAL-HUB,Sortation,Night,22,Monday,0,0,0,1209,1110,229,609,633,16,16,15,41,8,78.1,0.992,4,4.2,0.076,445.11,Clear,0,609,0,0.96,1.0,1.08
2026-09-14,DAL-HUB,Sortation,Night,23,Monday,0,0,0,1222,1122,385,734,542,18,18,17,45,8,59.0,0.961,3,3.1,0.066,450.35,Clear,0,734,2,0.82,1.0,1.08
2026-09-14,DAL-HUB,Outbound,Morning,6,Monday,0,0,0,1121,1098,359,553,593,12,13,12,50,8,75.2,0.922,8,3.5,0.076,378.19,Clear,0,553,2,0.96,1.0,1.08
2026-09-14,DAL-HUB,Outbound,Morning,7,Monday,0,0,0,1400,1371,500,757,691,17,17,16,51,8,66.8,0.928,2,3.6,0.081,444.92,Clear,0,757,0,1.2,1.0,1.08
2026-09-14,DAL-HUB,Outbound,Morning,8,Monday,0,0,1,1580,1548,405,716,917,17,18,16,46,8,92.4,0.974,12,5.2,0.099,525.03,Clear,0,716,2,1.2,1.0,1.08
2026-09-14,DAL-HUB,Outbound,Morning,9,Monday,0,0,1,1757,1721,579,970,827,20,22,20,49,8,63.7,0.991,3,3.1,0.093,518.67,Clear,0,970,1,1.2,1.0,1.08
2026-09-14,DAL-HUB,Outbound,Morning,10,Monday,0,0,0,1352,1324,280,608,790,16,15,14,46,8,89.4,0.945,6,4.7,0.073,448.64,Clear,0,608,2,1.08,1.0,1.08
2026-09-14,DAL-HUB,Outbound,Morning,11,Monday,0,0,0,1285,1259,399,564,769,13,14,13,46,8,91.2,0.944,4,5.1,0.086,432.72,Clear,0,564,1,1.08,1.0,1.08
2026-09-14,DAL-HUB,Outbound,Morning,12,Monday,0,0,0,1202,1177,228,596,641,13,14,13,48,8,78.7,0.955,6,4.7,0.078,430.8,Storm,0,596,0,0.96,1.0,1.08
2026-09-14,DAL-HUB,Outbound,Morning,13,Monday,0,0,0,1184,1160,290,564,667,13,13,12,50,8,84.0,0.94,13,4.1,0.055,412.16,Clear,0,564,2,0.96,1.0,1.08
2026-09-14,DAL-HUB,Outbound,Evening,14,Monday,0,0,0,1059,1037,267,484,611,12,12,11,47,8,84.3,0.937,15,4.9,0.058,419.16,Clear,0,484,1,0.96,1.0,1.08
2026-09-14,DAL-HUB,Outbound,Evening,15,Monday,0,0,0,1199,1175,255,609,637,14,14,13,48,8,72.4,0.976,1,4.4,0.055,401.93,Clear,0,609,1,1.08,1.0,1.08
2026-09-14,DAL-HUB,Outbound,Evening,16,Monday,0,0,0,1280,1254,397,616,718,14,15,14,46,8,81.4,0.957,9,4.4,0.081,453.23,Storm,0,616,0,1.08,1.0,1.08
2026-09-14,DAL-HUB,Outbound,Evening,17,Monday,0,0,1,1537,1506,500,802,779,19,18,17,50,8,70.3,0.944,2,3.8,0.065,472.54,Clear,0,802,1,1.2,1.0,1.08
2026-09-14,DAL-HUB,Outbound,Evening,18,Monday,0,0,1,1650,1616,305,826,864,19,19,18,49,8,74.0,0.937,13,3.6,0.074,523.71,Clear,0,826,1,1.2,1.0,1.08
2026-09-14,DAL-HUB,Outbound,Evening,19,Monday,0,0,1,1631,1598,469,954,716,18,19,18,53,8,55.4,1.0,9,2.9,0.047,494.57,Heavy Rain,0,954,2,1.2,1.0,1.08
2026-09-14,DAL-HUB,Outbound,Evening,20,Monday,0,0,0,1243,1218,363,708,579,15,15,14,53,8,61.0,0.955,10,3.2,0.075,417.44,Clear,0,708,2,1.08,1.0,1.08
2026-09-14,DAL-HUB,Outbound,Evening,21,Monday,0,0,0,1154,1130,251,680,502,14,14,13,54,8,57.2,0.969,8,3.6,0.075,401.1,Clear,0,680,1,0.96,1.0,1.08
2026-09-14,DAL-HUB,Outbound,Night,22,Monday,0,0,0,1223,1198,251,659,591,14,14,13,52,8,68.2,0.976,7,3.5,0.066,396.36,Clear,0,659,2,0.96,1.0,1.08
2026-09-14,DAL-HUB,Outbound,Night,23,Monday,0,0,0,1025,1004,343,586,477,13,13,12,50,8,60.9,0.977,6,3.3,0.076,364.43,Clear,0,586,1,0.82,1.0,1.08
